t,s1,s2,s3,c_diag,rhs_seed,a0,a1,a2,a3,chosen_strong_threshold,chosen_coarsen_type,chosen_interp_type,wu,runtime_sec,loss_used,pred_mean,pred_uncert
1,1.8461586234546854,1.9324879868230211,1.5054949354079377,0.7999424986483411,3886773555917185394,31.49797326601712,-7.384634493818742,-0.2898731980234532,-0.018818686692599222,0.25,10,6,31.090771367251612,0.005353375,nan,nan,nan
2,0.5060091646347322,0.8421800651717898,0.5400775149806676,3.3226127534008993,5255780923719543677,11.92406742665969,-2.024036658538929,-0.12632700977576847,-0.006750968937258345,0.25,10,6,23.693725539704584,0.003989041,nan,nan,nan
3,0.776261076441333,1.921296115112434,1.5930422827325992,4.29730323821992,201855428075195731,17.87025813034871,-3.105044305765332,-0.28819441726686507,-0.019913028534157492,0.25,10,6,23.68665572528721,0.00413875,nan,nan,nan
4,1.7494434857833903,0.6499753881857991,0.5909231620457627,4.044713198208486,8802067391120482639,32.425794203654206,-6.997773943133561,-0.09749630822786987,-0.007386539525572034,0.25,10,6,27.707865168539325,0.004761959,nan,nan,nan
5,0.5709646776402874,0.5605845075621392,1.2069179527609228,3.0340691370346096,2652997052628517777,12.50585468381649,-2.2838587105611494,-0.08408767613432087,-0.015086474409511537,0.25,10,6,23.68716071203131,0.003984,nan,nan,nan
6,0.5267177493740276,0.5555425076659914,1.8961904263944047,0.6615406296020337,718985791987409392,9.42235012418607,-2.1068709974961104,-0.08333137614989872,-0.02370238032993006,0.25,10,6,30.741699280393888,0.005067,nan,nan,nan
7,1.501613339043082,1.2622585366472352,1.175131939857821,4.457532258392095,6429427524466873242,29.240700805069746,-6.006453356172328,-0.18933878049708527,-0.014689149248222764,0.25,10,6,27.793649791692967,0.004702291,nan,nan,nan
8,1.4165166435828274,1.102796802036133,1.3164628621817676,0.7872417322312991,1255357281900681309,24.113186110778216,-5.6660665743313094,-0.16541952030541993,-0.016455785777272094,0.25,10,6,31.181668981189247,0.005352583,nan,nan,nan
9,1.6599002305315695,0.8903313834288131,0.6773601715666207,3.3412753849534953,6296373741356724532,30.433877903515896,-6.639600922126278,-0.13354970751432196,-0.008467002144582758,0.25,10,6,27.881706855195052,0.004818916,nan,nan,nan
10,1.4488650713838376,1.1138349650574586,0.9290322355138316,2.152280352598863,7129824408984143975,26.002422473774743,-5.79546028553535,-0.1670752447586188,-0.011612902943922896,0.25,10,6,31.02606994066406,0.005214167,nan,nan,nan
11,1.7254495918616108,0.6111265357416558,1.3024989046392712,0.5324032280953972,4227472382297824874,28.506272619326165,-6.901798367446443,-0.09166898036124836,-0.01628123630799089,0.25,10,6,31.232798889029162,0.005538792,nan,nan,nan
12,1.639398527796664,1.661589416573845,1.3852411630319543,2.5001276241189645,3262378695890712876,29.727457718809895,-6.557594111186656,-0.24923841248607673,-0.01731551453789943,0.25,10,6,27.677187223835375,0.004789833,nan,nan,nan
13,1.464453955697702,1.8821035138915938,1.986965740467803,2.282901832316067,1096713663323691098,26.843427231814257,-5.857815822790808,-0.2823155270837391,-0.02483707175584754,0.25,10,6,31.038694609266507,0.00556575,nan,nan,nan
14,0.6868506021728629,1.3503804047221415,1.6750833924660316,4.7820997173416915,5967832850542815356,16.581937594940783,-2.7474024086914515,-0.20255706070832122,-0.020938542405825395,0.25,10,6,23.68665572528721,0.004250125,nan,nan,nan
15,1.9875105801384827,1.7151003138840248,1.722420285435501,2.84511409118108,8769778309307399055,35.67434356172722,-7.950042320553931,-0.2572650470826037,-0.021530253567943764,0.25,10,6,31.0273324075243,0.005395042,nan,nan,nan
16,1.5005862864296968,0.6339123658164167,1.7580536519361807,2.179592384428635,8989884534847031427,26.569320386793635,-6.002345145718787,-0.0950868548724625,-0.02197567064920226,0.25,10,6,30.82186592601944,0.0051715,nan,nan,nan
17,1.8060732740438799,1.5851482152626988,0.5931044031395477,0.41151706736491045,9196872936152683188,30.25977838122461,-7.224293096175519,-0.2377722322894048,-0.007413805039244346,0.25,10,6,31.257732609519003,0.005425,nan,nan,nan
18,1.9167388584138316,1.9532168415020699,1.640274090276981,4.828175266513867,3800200902917734386,36.667927106036416,-7.6669554336553265,-0.29298252622531046,-0.020503426128462263,0.25,10,6,27.75416614063881,0.004898,nan,nan,nan
19,1.2264153390415256,1.964036916822817,1.4329167951628639,2.5930476139233387,7349091607867453287,23.39411518868144,-4.905661356166102,-0.2946055375234225,-0.017911459939535797,0.25,10,6,27.627193536169678,0.00484325,nan,nan,nan
20,1.1057159670340602,1.120622817364173,0.9450723632441861,2.9133212444028356,6496074532292698479,21.2771504073663,-4.422863868136241,-0.16809342260462595,-0.011813404540552326,0.25,10,6,27.514139628834744,0.005029792,nan,nan,nan
21,1.0631624331444516,0.8820954412688949,1.8985193859367173,3.228450946204897,5656152247481798633,20.76830714127746,-4.252649732577806,-0.13231431619033424,-0.02373149232420897,0.25,10,6,27.4587488953415,0.006018375,nan,nan,nan
22,0.5231398809042128,1.3523997765090745,0.6175997479794049,2.3397127512613958,6066650354046280670,11.521390711634247,-2.0925595236168513,-0.20285996647636118,-0.007719996849742561,0.25,10,6,23.543239489963387,0.005065375,nan,nan,nan
23,1.0595156840946323,1.8057632954130363,0.8487389375722645,3.1490759301601563,3680141255312567604,21.184784852922093,-4.238062736378529,-0.2708644943119554,-0.010609236719653307,0.25,10,6,27.394552455498044,0.004898542,nan,nan,nan
24,1.958617835917644,1.6490186252934111,1.1410760841505356,2.191240110239781,7663433248202297274,34.518536660098135,-7.834471343670576,-0.24735279379401165,-0.014263451051881697,0.25,10,6,31.022598156798384,0.00521625,nan,nan,nan
25,1.1855923558233292,0.76119867249247,0.7035832667624327,3.92805442111144,4929084581548182600,23.35425131778019,-4.742369423293317,-0.11417980087387049,-0.008794790834530409,0.25,10,6,27.59509531624795,0.004952,nan,nan,nan
26,0.8102827289168897,1.2969484888320435,0.5744298770391421,1.3484314723556878,2318118576596556253,15.09112422832515,-3.2411309156675587,-0.19454227332480653,-0.007180373462989276,0.25,10,6,27.926871607120315,0.004785292,nan,nan,nan
27,1.000975642184116,1.8531410299950506,1.3910928100011515,0.6787782247261542,8929354835364727097,17.806273117669043,-4.003902568736464,-0.2779711544992576,-0.017388660125014395,0.25,10,6,27.92857593738164,0.005611292,nan,nan,nan
28,1.0465504147787383,0.846813284709729,1.2452856054859003,1.2487724922848114,5427702760769622506,18.50166709957046,-4.186201659114953,-0.12702199270645936,-0.015566070068573754,0.25,10,6,30.75179901527585,0.005852667,nan,nan,nan
29,1.4230664118671699,1.5399408224781994,1.5056062454778785,3.4175834767514623,3417100270555675515,27.110610560113102,-5.6922656474686795,-0.2309911233717299,-0.01882007806847348,0.25,10,6,27.52436561040273,0.00505475,nan,nan,nan
30,1.294140753615709,1.1089341014570218,0.6890673773383171,2.2153348186384143,6953876827851936815,23.58694733736397,-5.176563014462836,-0.16634011521855327,-0.008613342216728964,0.25,10,6,30.84427471278879,0.005388208,nan,nan,nan
31,1.672839899352748,1.1329714961355488,1.8413721531201945,4.090175548746197,2138421948973191266,31.53539683607149,-6.691359597410992,-0.16994572442033232,-0.023017151914002432,0.25,10,6,27.70701300340866,0.004841875,nan,nan,nan
32,1.7715759114920178,1.642094061471187,0.8624986688960481,4.9007102668522275,8633049240512469745,34.23118128760722,-7.086303645968071,-0.24631410922067803,-0.010781233361200602,0.25,10,6,27.75700669107436,0.00482375,nan,nan,nan
33,1.7180758565744534,1.1676050092763726,1.2155231800764474,3.3169476382022376,2483125817087682680,31.506724348959313,-6.8723034262978135,-0.17514075139145588,-0.015194039750955594,0.25,10,6,30.991352102007323,0.005085125,nan,nan,nan
34,0.7190253924762515,1.7924073755180219,0.8914221548463577,3.161757286983629,6257180089411661159,15.741607991914467,-2.876101569905006,-0.26886110632770327,-0.011142776935579472,0.25,10,6,23.68716071203131,0.003973667,nan,nan,nan
35,1.892198529067466,0.5758066599187918,0.5141025215629662,0.4279345186806449,6255335600030459431,31.04859497971138,-7.568794116269864,-0.08637099898781876,-0.006426281519537078,0.25,10,6,31.057000378740057,0.0053005,nan,nan,nan
36,1.8953723729062382,0.8844571144208961,0.8868013217193569,2.3081502734484545,881432210759806351,33.1647825086008,-7.581489491624953,-0.1326685671631344,-0.011085016521491962,0.25,10,6,31.01092033834112,0.005084459,nan,nan,nan
37,0.5598225666652483,1.4845867889395443,1.5606117468516696,4.618283077035937,1731336932046744492,14.466196217043636,-2.2392902666609933,-0.22268801834093163,-0.019507646835645872,0.25,10,6,23.68716071203131,0.004007625,nan,nan,nan
38,0.5758151043896622,1.9889338916463255,1.4453143827794408,2.411843002698551,1490064689382130756,12.818245007920943,-2.303260417558649,-0.2983400837469488,-0.018066429784743012,0.25,10,6,24.21790178007827,0.004357042,nan,nan,nan
39,1.8274190821238636,1.3786629123778515,1.1654664325536064,1.4343219635428643,3704330898605407883,31.500225024951394,-7.3096763284954545,-0.20679943685667773,-0.01456833040692008,0.25,10,6,31.1901906324959,0.005391667,nan,nan,nan
40,1.185510894730673,0.6274722778696473,1.437261703127958,0.3295824195155256,1206683563839837185,19.67424010192808,-4.742043578922692,-0.0941208416804471,-0.017965771289099475,0.25,10,6,31.105605352859488,0.005533875,nan,nan,nan
41,0.774807321827152,1.069485243741242,1.9530946056727534,3.1622451256019346,3297752813757807701,16.200853421081113,-3.099229287308608,-0.1604227865611863,-0.02441368257090942,0.25,10,6,26.488700921600806,0.004595875,nan,nan,nan
42,0.9129388389230866,1.5720335203862144,1.5669184580895195,0.3946110928884583,6177848698463882623,15.944852627889572,-3.6517553556923463,-0.23580502805793213,-0.019586480726118995,0.25,10,6,31.02102007322308,0.005445625,nan,nan,nan
43,1.148830005066327,1.1712636762944597,0.5184018603790961,0.8139602560993286,4547260345696223253,19.897998542937234,-4.595320020265308,-0.17568955144416895,-0.006480023254738701,0.25,10,6,31.054159828304506,0.005273167,nan,nan,nan
44,0.7705209545382165,0.8553689699609661,1.120932266551486,4.8657130346120345,4711666097955523191,17.70726968920008,-3.082083818152866,-0.1283053454941449,-0.014011653331893576,0.25,10,6,23.541219542986997,0.004019042,nan,nan,nan
45,1.2422170818144966,0.5775399348424486,1.962900435039709,3.0062561892381985,7493106818367828027,23.228253459175612,-4.9688683272579866,-0.08663099022636729,-0.024536255437996365,0.25,10,6,27.514139628834744,0.0047515,nan,nan,nan
46,1.7747459299056725,1.6082546896610082,1.7045602267459499,2.1527135111342997,6520205760322048572,31.513601203421665,-7.09898371962269,-0.2412382034491512,-0.021307002834324375,0.25,10,6,27.745928544375708,0.004768958,nan,nan,nan
47,1.5108290882531077,0.9900379217600415,1.9813026543557575,4.240257169400503,5497424589708610024,29.00754533450625,-6.043316353012431,-0.1485056882640062,-0.02476628317944697,0.25,10,6,27.526638050751167,0.005056167,nan,nan,nan
48,1.064591251831338,1.2601390285472716,1.7257601149435788,0.6694177621242015,8394771660259312761,18.458961208553973,-4.258365007325352,-0.18902085428209073,-0.021572001436794736,0.25,10,6,31.261520010099737,0.005142375,nan,nan,nan
49,0.6519238436374359,0.9185621102670167,0.5383626446528471,0.6188153799712964,4013173676242652976,11.600734144330481,-2.6076953745497438,-0.1377843165400525,-0.006729533058160589,0.25,10,6,30.744855447544502,0.005264834,nan,nan,nan
50,0.9268346035364169,0.8404706381881317,0.9483631989270194,0.3100012430210608,8739137716950722228,15.64363728251661,-3.7073384141456676,-0.12607059572821974,-0.011854539986587743,0.25,10,6,31.000820603459157,0.006138042,nan,nan,nan
51,1.6876244278777668,1.5384570427629323,0.5579398460079239,4.427193569677638,718137897867383236,32.35225864137967,-6.750497711511067,-0.23076855641443983,-0.006974248075099049,0.25,10,6,27.551350839540465,0.005048917,nan,nan,nan
52,1.1151708766648698,0.9077713715123221,0.8259640161906981,0.33062439812091504,4527708090480647457,18.718021247666226,-4.460683506659479,-0.1361657057268483,-0.010324550202383728,0.25,10,6,31.287400580734754,0.005364625,nan,nan,nan
53,1.6862523220382037,1.4090674493536604,1.8011595168448944,2.4488555737747975,4924735307838674795,30.274333195998253,-6.745009288152815,-0.21136011740304905,-0.022514493960561183,0.25,10,6,30.91844464082818,0.005161,nan,nan,nan
54,1.8167450606550037,1.7050374006957978,0.8170581540567139,1.8046506742332369,3622376595015784730,31.895594085130774,-7.266980242620015,-0.25575561010436965,-0.010213226925708925,0.25,10,6,30.746117914404746,0.005043875,nan,nan,nan
55,0.6127237814283185,1.5823078299608748,1.4808593174238842,1.5102415041023376,2902821783324096388,12.263206704931958,-2.450895125713274,-0.2373461744941312,-0.018510741467798554,0.25,10,6,27.75530236081303,0.004748583,nan,nan,nan
56,1.328668931762372,0.5314611118459531,1.754647632704811,2.703624440747492,4483685842955568466,24.281204016053017,-5.314675727049488,-0.07971916677689296,-0.021933095408810138,0.25,10,6,30.631233430122457,0.005061666,nan,nan,nan
57,1.9526643738373064,1.598615071570117,1.9626811904439407,1.8167457239600764,6197190474125319379,34.01854474829905,-7.810657495349226,-0.23979226073551754,-0.02453351488054926,0.25,10,6,30.76000504986744,0.00506125,nan,nan,nan
58,1.2729619397136884,1.3179603681827134,1.0695298067890886,2.011097227246416,3211995553987904229,23.16926448357506,-5.091847758854754,-0.19769405522740702,-0.013369122584863608,0.25,10,6,27.566973866935992,0.00475525,nan,nan,nan
59,1.0367250105526171,0.9332990969217572,1.6403698175359251,4.928645038790881,7520955108002157937,22.07622466578581,-4.1469000422104685,-0.13999486453826357,-0.020504622719199065,0.25,10,6,26.490689306905693,0.004549042,nan,nan,nan
60,1.7655452785448758,0.6181746894784077,1.7261924963776916,1.9126528458723524,3084802296384406833,30.532282116277408,-7.062181114179503,-0.09272620342176115,-0.021577406204721147,0.25,10,6,30.752745865421033,0.005555041,nan,nan,nan
61,1.6840484910769096,1.6889147569332117,1.5913341970416377,0.029709993952484748,4458865901432559723,27.987834705342962,-6.736193964307638,-0.25333721353998173,-0.019891677463020473,0.25,10,6,31.107814669864915,0.00600025,nan,nan,nan
62,1.763796065512889,1.598616743452099,1.3721267249512488,2.1132783059117006,8986409753072405553,31.293185400189188,-7.055184262051556,-0.23979251151781483,-0.01715158406189061,0.25,10,6,30.744855447544502,0.00569325,nan,nan,nan
63,1.6107141960501052,0.8163082355800289,1.4405291068027473,1.5952565267500118,3623622812750719831,27.856468604899714,-6.442856784200421,-0.12244623533700433,-0.01800661383503434,0.25,10,6,31.028279257669485,0.00559875,nan,nan,nan
64,0.5505883003568468,1.2101479779942552,1.0216066178277194,2.0748016787186647,9144983975461150404,11.610303271224765,-2.202353201427387,-0.18152219669913827,-0.012770082722846493,0.25,10,6,24.568110087110213,0.004996208,nan,nan,nan
65,1.7780631043809718,0.5567418377410563,0.7804380651717895,3.515493227709654,362424779698247539,32.298548000449834,-7.112252417523887,-0.08351127566115844,-0.00975547581464737,0.25,10,6,30.7757858856205,0.00550225,nan,nan,nan
66,1.494143915411008,1.6571066864607156,1.2851505666342797,3.3309657281880938,6827678179913582145,28.23153238664065,-5.976575661644032,-0.24856600296910733,-0.016064382082928496,0.25,10,6,27.74820098472415,0.005360459,nan,nan,nan
67,1.7158870197695917,1.828442398525467,1.6892558875223203,4.883537117636749,7640848232978511958,33.4347948730655,-6.863548079078367,-0.27426635977882,-0.021115698594029005,0.25,10,6,27.74138366367883,0.005227958,nan,nan,nan
68,1.3432447273250556,0.7533483244717107,1.1510173896014888,2.5382681341974997,993597906446808389,24.48219276608142,-5.3729789093002225,-0.1130022486707566,-0.01438771737001861,0.25,10,6,30.73759626309809,0.005540167,nan,nan,nan
69,1.6745158776775655,1.7878970515689925,1.105045497406563,3.5974022324003845,6751901222917455910,31.46239450618283,-6.698063510710262,-0.2681845577353489,-0.01381306871758204,0.25,10,6,27.7175230400202,0.004774459,nan,nan,nan
70,1.3157395507918674,0.5230675871284196,0.6562631450417256,2.6887774467565513,3677294328387030980,24.054450811703482,-5.26295820316747,-0.07846013806926294,-0.00820328931302157,0.25,10,6,27.548226234061357,0.004671,nan,nan,nan
71,1.0761909236257383,0.5531223374906556,1.1262819259464958,3.1101336261175385,3708534075049156111,20.661061806623746,-4.304763694502953,-0.08296835062359835,-0.014078524074331198,0.25,10,6,27.85046080040399,0.004766708,nan,nan,nan
72,1.023405607233634,1.4360399043468872,1.9920506500520079,4.475982999348037,7528504789854703834,21.712096657694314,-4.093622428934536,-0.2154059856520331,-0.0249006331256501,0.25,10,6,23.535159702057822,0.004218333,nan,nan,nan
73,1.5078924689757947,0.5651548506088074,1.1811467952836603,3.9158611083792443,1942518050617470525,28.381233522357242,-6.031569875903179,-0.08477322759132111,-0.014764334941045754,0.25,10,6,27.706444893321553,0.004857791,nan,nan,nan
74,0.6499463525168466,1.9782823804931104,0.7870572004398002,3.4716321406949135,1155575270874235755,15.057743209260325,-2.5997854100673865,-0.29674235707396657,-0.009838215005497503,0.25,10,6,23.541219542986997,0.004033834,nan,nan,nan
75,1.3762672088862393,1.2476429584156248,1.2753476023284884,3.038986710816837,1311946717497239831,25.80784782804604,-5.505068835544957,-0.1871464437623437,-0.015941845029106106,0.25,10,6,27.499368766569876,0.004787667,nan,nan,nan
76,1.1884175835652195,0.5348250251178519,1.2403690443540953,0.31184394058020537,7239705108310023819,19.647420292694427,-4.753670334260878,-0.08022375376767778,-0.015504613054426193,0.25,10,6,31.093611917687163,0.005573708,nan,nan,nan
77,1.7820741775597446,1.7509107760525846,1.5449593241359876,4.781428326735593,1327534596328425811,34.34516163332306,-7.1282967102389785,-0.26263661640788766,-0.019311991551699846,0.25,10,6,27.74706476454993,0.005265958,nan,nan,nan
78,1.2688947449262633,1.774391342647244,0.9526209826398254,0.7585133393034443,4639221274912204358,22.125464063712005,-5.075578979705053,-0.2661587013970866,-0.011907762282997818,0.25,10,6,31.197449816942306,0.005496125,nan,nan,nan
79,0.8193683011235621,1.2080324994147351,0.9517517218698223,3.7120263350476215,1809335536913916183,17.546738652673454,-3.2774732044942483,-0.18120487491221027,-0.01189689652337278,0.25,10,6,23.68665572528721,0.0039815,nan,nan,nan
80,1.3596575087797413,1.0932073718202657,0.700202358974251,0.34844601373353934,1892257268527191056,22.75889057730156,-5.438630035118965,-0.16398110577303984,-0.008752529487178138,0.25,10,6,30.94937507890418,0.005388084,nan,nan,nan
81,1.9247785213901012,1.0615190342557446,0.9444759720231717,0.34247611774521625,6215638016687706013,31.775843880540283,-7.699114085560405,-0.15922785513836168,-0.011805949650289646,0.25,10,6,31.01660143921222,0.005846917,nan,nan,nan
82,1.2044912338916027,1.7770169322783145,1.0776248647104654,0.22616428273842915,387634947148068404,20.564234184371063,-4.817964935566411,-0.26655253984174715,-0.013470310808880817,0.25,10,6,30.923810124984218,0.006183083,nan,nan,nan
83,1.3695466350169814,1.1511579213996959,1.529811781137352,0.03422962817941744,7754761204130091080,22.637670541290937,-5.4781865400679255,-0.17267368820995438,-0.0191226472642169,0.25,10,6,31.040903926271938,0.006147375,nan,nan,nan
84,1.8533473905818632,0.5320056957758065,1.637808123057074,4.113313982399185,1281460672368484603,34.08607564917448,-7.413389562327453,-0.07980085436637097,-0.020472601538213425,0.25,10,6,27.50277742709254,0.005333875,nan,nan,nan
85,0.8956442101574622,1.5482045249541887,1.1331178034169707,2.2716935117033366,2160914541261195708,17.530923589195247,-3.582576840629849,-0.2322306787431283,-0.014163972542712134,0.25,10,6,27.707865168539325,0.005294792,nan,nan,nan
86,0.5485767852603602,1.2465013002096248,1.3404782178938959,0.4262971152933914,5555088713975240732,9.95142645958493,-2.194307141041441,-0.18697519503144372,-0.0167559777236737,0.25,10,6,27.94988006564828,0.005429833,nan,nan,nan
87,0.6166597141057912,0.6980224661126427,1.2541024154148632,4.239475854184202,2479427060627456954,14.524844759544447,-2.466638856423165,-0.10470336991689641,-0.01567628019268579,0.25,10,6,23.53566468880192,0.003887875,nan,nan,nan
88,1.6291816173645826,1.8523878929543018,1.6465875532983332,0.517052537869811,699967235063022863,27.695391151475715,-6.51672646945833,-0.27785818394314526,-0.020582344416229165,0.25,10,6,30.904557505365485,0.005506791,nan,nan,nan
89,1.1685171958816851,1.6211239106624464,1.883189094619992,1.1752700978776849,4925227024068918892,20.844219578382116,-4.6740687835267405,-0.24316858659936696,-0.023539863682749903,0.25,10,6,30.74106804696377,0.005393833,nan,nan,nan
90,1.7265293640778765,0.8277291365809488,1.112261997089382,4.823386036407186,6834139788329126003,32.94449334360178,-6.906117456311506,-0.12415937048714232,-0.013903274963617275,0.25,10,6,27.701900012624666,0.004957333,nan,nan,nan
91,1.277477189522152,1.1354958944907976,1.0517335764865101,2.204261402990053,4991929016826286442,23.325193972038964,-5.109908758088608,-0.17032438417361964,-0.013146669706081377,0.25,10,6,30.79030425451332,0.005415209,nan,nan,nan
92,0.7364436481802283,1.1766380795717768,1.271926751192657,3.0697767539655016,1194669814106201301,15.558857972592222,-2.9457745927209134,-0.17649571193576652,-0.015899084389908214,0.25,10,6,26.48699659133948,0.004871292,nan,nan,nan
93,0.830496049738723,1.652887522086979,0.6261755836550418,1.7883176233573832,4716967776745552028,16.06798693242914,-3.321984198954892,-0.24793312831304684,-0.007827194795688023,0.25,10,6,27.5201047847494,0.005154667,nan,nan,nan
94,0.709190720343221,1.6803903897076822,1.5889893208801806,2.866951064727627,1597418103135478324,15.222236824043772,-2.836762881372884,-0.2520585584561523,-0.01986236651100226,0.25,10,6,24.45221562933973,0.004525291,nan,nan,nan
95,1.599013428541975,1.1036341568315708,1.9689011895107937,2.6086591796927867,3323782672555340415,28.85505453046333,-6.3960537141679,-0.16554512352473563,-0.024611264868884923,0.25,10,6,30.84490594621891,0.0048575,nan,nan,nan
96,1.7081176770355528,1.0151722440715347,1.886560045090294,1.0508152137932114,3415028015697073276,28.989801392804978,-6.832470708142211,-0.15227583661073021,-0.023582000563628677,0.25,10,6,30.84679964650928,0.004967833,nan,nan,nan
97,1.6292000450423332,0.9974708779612718,0.6158144158120922,0.7212146696447369,2292973330256583578,27.386897917098832,-6.516800180169333,-0.14962063169419076,-0.0076976801976511525,0.25,10,6,30.864474182552705,0.004910167,nan,nan,nan
98,0.5356387289297899,0.8141499169668192,1.2412724724470947,3.7187285880930294,6470794179298378133,12.77743820114976,-2.1425549157191597,-0.12212248754502286,-0.015515905905588684,0.25,10,6,23.541219542986997,0.003805667,nan,nan,nan
99,1.7942595622778268,1.085803114560425,1.0023621593470087,3.722966273137665,7613324030355641787,33.08260113831915,-7.177038249111307,-0.16287046718406376,-0.01252952699183761,0.25,10,6,27.753313975508142,0.0044675,nan,nan,nan
100,1.1630860940846743,0.8242787085828626,1.2508444696251804,3.676220170191265,1484264130126856288,22.780164900695773,-4.652344376338697,-0.12364180628742938,-0.015635555870314757,0.25,10,6,27.620376215124356,0.004402042,nan,nan,nan
101,1.248661312576955,1.5950783104340238,0.5883998343256891,4.2576416662617484,6883477677065393308,25.193269653753443,-4.99464525030782,-0.23926174656510357,-0.007354997929071114,0.25,10,6,27.545101628582252,0.004461375,nan,nan,nan
102,1.4962332921098203,1.760386831520083,1.7094636394194518,3.346397284463732,7426102127015032039,28.34236205713291,-5.984933168439281,-0.26405802472801243,-0.021368295492743147,0.25,10,6,27.561576821108446,0.004508792,nan,nan,nan
103,0.9984768703267801,1.6915486154794384,1.1889405274265572,0.7437067182861828,4726535294942113689,17.734265812802327,-3.9939074813071205,-0.25373229232191574,-0.014861756592831966,0.25,10,6,30.89035475318773,0.00502025,nan,nan,nan
104,1.953677164355426,1.1040943841089401,1.7785325699507273,4.485783015549025,9119227327893954041,36.407074275701206,-7.814708657421704,-0.16561415761634102,-0.02223165712438409,0.25,10,6,27.51300340866052,0.0045805,nan,nan,nan
105,1.4973362380726127,0.6028339139848553,1.613267725323324,1.4858628835432253,1678827133733422243,25.80494304109594,-5.989344952290451,-0.0904250870977283,-0.02016584656654155,0.25,10,6,31.006817321045325,0.004880291,nan,nan,nan
106,0.9571617112330942,0.599756335953469,1.4833537223298379,0.8794372336648604,6173476140300444753,16.553878414966448,-3.828646844932377,-0.08996345039302035,-0.018541921529122974,0.25,10,6,30.843327862643605,0.004773458,nan,nan,nan
107,1.3224842881859056,0.5515789214502216,1.488491894026807,0.5801010699910042,6595908163205414925,22.07079703383563,-5.289937152743622,-0.08273683821753323,-0.01860614867533509,0.25,10,6,30.94685014518369,0.0050165,nan,nan,nan
108,1.2701700612945028,1.703846274775301,0.8464236591331389,4.614327124343872,2923788004097993833,25.959355869921097,-5.080680245178011,-0.25557694121629515,-0.010580295739164237,0.25,10,6,27.562713041282667,0.004443916,nan,nan,nan
109,1.6110748737107117,0.6056902031319592,1.3748991964242439,1.2588918565994662,2325745649586321032,27.399503957850026,-6.444299494842847,-0.09085353046979387,-0.017186239955303047,0.25,10,6,30.889723519757606,0.004899541,nan,nan,nan
110,1.1854275395763996,0.8514227355194028,1.414680375309148,0.12675639033238817,8660319219504227706,19.604450664866423,-4.741710158305598,-0.12771341032791042,-0.01768350469136435,0.25,10,6,31.07562176492867,0.005151542,nan,nan,nan
111,1.8937295425366356,1.612748153062411,1.1800030612696728,0.16563609083889874,1542779960677629986,31.432957663262513,-7.5749181701465425,-0.24191222295936166,-0.01475003826587091,0.25,10,6,31.265623027395534,0.00518475,nan,nan,nan
112,1.1373641123398872,1.3198118248579633,1.264504611592143,2.8286905678196455,2734679517048882203,21.81840346017262,-4.549456449359549,-0.19797177372869448,-0.015806307644901787,0.25,10,6,27.518684509531624,0.0046125,nan,nan,nan
113,0.9720504344259859,1.7805486521520486,1.7792298923617407,0.14582523029252836,4609384665502980117,16.766961372399532,-3.8882017377039437,-0.2670822978228073,-0.02224037365452176,0.25,10,6,31.05163489458402,0.005218292,nan,nan,nan
114,0.7206412000477851,0.7753110012805698,1.7037716043832294,1.8025635884204845,1807894032558061079,13.798009389953389,-2.8825648001911404,-0.11629665019208547,-0.02129714505479037,0.25,10,6,27.70701300340866,0.005048375,nan,nan,nan
115,0.6441261286279785,1.3379289195988409,1.2515414315294142,0.033082187160971,6090157508141976518,11.141857596967931,-2.576504514511914,-0.20068933793982613,-0.01564426789411768,0.25,10,6,31.31675293523545,0.005925708,nan,nan,nan
116,0.7652924414854505,1.6447139101935428,1.0803521143455428,0.20626291404087782,2264308872473641325,13.43777032392421,-3.061169765941802,-0.24670708652903142,-0.013504401429319286,0.25,10,6,31.102133568993814,0.005650375,nan,nan,nan
117,1.2347672000506789,0.6102374784994076,1.697190676831923,4.7741515626333975,2256141663821805661,24.896569250543905,-4.939068800202715,-0.09153562177491113,-0.02121488346039904,0.25,10,6,26.490689306905693,0.004643417,nan,nan,nan
118,1.5041507605434796,1.9162105114493384,1.5834334260478735,2.8976513815592213,2132110088531776482,28.113789857124498,-6.0166030421739185,-0.28743157671740077,-0.01979291782559842,0.25,10,6,27.7092854437571,0.005430125,nan,nan,nan
119,1.077763996942969,1.0773545011982686,1.8864838567605138,3.0851843962787617,1233625297303593099,20.97582104808523,-4.311055987771876,-0.1616031751797403,-0.023581048209506423,0.25,10,6,27.702468122711778,0.005169958,nan,nan,nan
120,0.5734986000830012,1.9897856673570116,1.201937224853183,1.611894093786027,2174626014570788703,11.981743095528254,-2.293994400332005,-0.2984678501035517,-0.015024215310664788,0.25,10,6,27.707865168539325,0.005029625,nan,nan,nan
121,1.477851313660339,0.9146266344635317,0.904713624284194,2.23417864204825,1604473591248209224,26.428575641291793,-5.911405254641356,-0.13719399516952974,-0.011308920303552426,0.25,10,6,30.84490594621891,0.004948916,nan,nan,nan
122,1.1682434587519284,1.5017283548115952,1.550062828480061,2.0566697470773403,585954987077857468,21.64960209999515,-4.6729738350077135,-0.22525925322173926,-0.019375785356000763,0.25,10,6,27.72973740689307,0.004581875,nan,nan,nan
123,1.612320225953957,1.5608341335459588,0.9486372454678287,2.9379886921070737,8039330666948671273,29.67161278749796,-6.449280903815828,-0.2341251200318938,-0.01185796556834786,0.25,10,6,27.89392122206792,0.004574834,nan,nan,nan
124,1.4434455196157447,1.2912480858896007,0.6361551965416579,2.2090619917979253,936640489467552218,26.0789391571836,-5.773782078462979,-0.1936872128834401,-0.007951939956770723,0.25,10,6,27.75132559020326,0.004693792,nan,nan,nan
125,1.63116158186448,0.9617162392649563,0.9885812493858765,4.806489158386801,2727340615358377041,31.482104211777454,-6.52464632745792,-0.14425743588974344,-0.012357265617323457,0.25,10,6,27.614411059209697,0.004472125,nan,nan,nan
126,0.816917274973142,1.482368654605698,0.5497691840413561,2.851657100063907,4349839912599716541,16.8117546923976,-3.267669099892568,-0.2223552981908547,-0.006872114800516952,0.25,10,6,27.35109203383411,0.004595542,nan,nan,nan
127,1.1901816452735248,0.5514343558438022,1.716363651891655,3.7410515283306145,5923683553391556738,23.114818466213293,-4.760726581094099,-0.08271515337657033,-0.021454545648645688,0.25,10,6,27.620376215124356,0.004469,nan,nan,nan
128,0.6472169399589887,1.8062542430103798,1.6215922651531196,0.23336854885440128,2291181159599068307,11.672592134004447,-2.5888677598359546,-0.27093813645155695,-0.020269903314413997,0.25,10,6,30.883095568741318,0.005005917,nan,nan,nan
129,1.3624600236954714,1.8323884402187773,1.153452187878036,4.108343364902277,7409506672640192995,27.007136808161086,-5.4498400947818855,-0.2748582660328166,-0.01441815234847545,0.25,10,6,27.546521903800024,0.004474208,nan,nan,nan
130,0.6963776363369722,0.5300176394388293,1.6124016704703017,4.136835055611726,5928234108102079945,15.59688782066658,-2.785510545347889,-0.07950264591582439,-0.020155020880878772,0.25,10,6,23.535159702057822,0.003749583,nan,nan,nan
131,0.5601469708725761,0.9277435951288451,1.3651146870585984,2.8910313736825852,5385181251265756658,12.41002906472111,-2.2405878834903046,-0.13916153926932676,-0.01706393358823248,0.25,10,6,23.53566468880192,0.0037345,nan,nan,nan
132,0.7780758788529014,0.9623940484224499,1.8491775914615003,0.05700287890731126,350580471866495939,13.083653369607205,-3.1123035154116057,-0.14435910726336748,-0.023114719893268756,0.25,10,6,31.263729327105164,0.005026333,nan,nan,nan
133,0.5980974447082725,1.6741474320982386,0.680436591276388,4.455408867685731,7896895674562871163,15.029456442277034,-2.39238977883309,-0.2511221148147358,-0.008505457390954851,0.25,10,6,23.541219542986997,0.003704416,nan,nan,nan
134,1.0057600152383268,0.6659946333223092,0.6779764484395322,3.337230718576913,3060011591319082684,19.828987742383525,-4.023040060953307,-0.09989919499834639,-0.008474705605494152,0.25,10,6,27.562713041282667,0.004379792,nan,nan,nan
135,0.8030388481942363,0.6185173952222707,1.4004321253159637,1.855409852871004,2556917134297523435,15.075141861112147,-3.2121553927769453,-0.0927776092833406,-0.017505401566449547,0.25,10,6,27.771777553339227,0.00439725,nan,nan,nan
136,0.7490227107232905,0.8312437697482382,0.6982656560657146,2.7223729868579962,4004463026690976594,15.205482620279588,-2.996090842893162,-0.12468656546223572,-0.008728320700821432,0.25,10,6,27.70701300340866,0.004363792,nan,nan,nan
137,1.5293986979048073,1.9694190765548494,1.6805294801392188,2.653526525777014,4270397721250740245,28.305557138186842,-6.117594791619229,-0.2954128614832274,-0.021006618501740237,0.25,10,6,27.67150612296427,0.004486834,nan,nan,nan
138,1.0711213159426975,1.2997110920037016,1.4915111171311455,0.45624137946758736,6545644182415226648,18.37400908975297,-4.28448526377079,-0.19495666380055524,-0.018643888964139318,0.25,10,6,31.102764802423938,0.00492525,nan,nan,nan
139,0.5214584133805102,0.5321850913121299,0.6126838554800903,2.74293371677293,3894636983584492544,11.405579385648371,-2.085833653522041,-0.07982776369681947,-0.0076585481935011294,0.25,10,6,23.541219542986997,0.003832209,nan,nan,nan
140,0.8799087202442202,0.5452788790571067,1.5347379710327762,1.316845420357462,4506069691305292085,15.722552271699248,-3.5196348809768807,-0.081791831858566,-0.019184224637909704,0.25,10,6,30.637545764423685,0.004683708,nan,nan,nan
141,1.3261755334869163,0.5495897486373691,0.9802931106799879,1.2765166478679657,4666523380983772780,22.825079032841046,-5.304702133947665,-0.08243846229560536,-0.01225366388349985,0.25,10,6,30.74674914783487,0.004895542,nan,nan,nan
142,1.7053018524318992,0.6949539484448846,0.618872756555411,3.4181984154849765,1457897669491303838,31.120000423462294,-6.821207409727597,-0.10424309226673269,-0.007735909456942637,0.25,10,6,30.930753692715566,0.004739958,nan,nan,nan
143,0.8667605087669972,1.2971961845873905,1.9151525474437552,0.8962597062914529,956084666615177148,15.542745557315842,-3.4670420350679887,-0.19457942768810857,-0.02393940684304694,0.25,10,6,30.6407019315743,0.004920208,nan,nan,nan
144,1.829006901838959,1.239696799794929,1.2979720465617843,3.3658737578503843,1709532497838055933,33.37380226715069,-7.316027607355836,-0.18595451996923937,-0.016224650582022306,0.25,10,6,27.90130665320035,0.004633417,nan,nan,nan
145,1.0475148766686202,1.914700397139388,0.6144168812546373,2.198589022342905,6349684917712152096,20.10764728732446,-4.190059506674481,-0.2872050595709082,-0.007680211015682967,0.25,10,6,27.87943441484661,0.004613334,nan,nan,nan
146,1.5409409920410486,1.573452420461828,1.192786286423916,2.6737003731241775,1025375736722844985,28.27282769805805,-6.1637639681641945,-0.2360178630692742,-0.014909828580298951,0.25,10,6,27.89789799267769,0.004564541,nan,nan,nan
147,1.671900583508495,0.7856018773027438,1.1900078945349546,3.2561474413681513,8852478804935733233,30.477917903885718,-6.68760233403398,-0.11784028159541156,-0.014875098681686932,0.25,10,6,27.71297815932332,0.004538292,nan,nan,nan
148,1.3382032411595395,0.9587460426506171,1.9214048490876687,2.5758737951122024,6821757935717638990,24.562373279255205,-5.352812964638158,-0.14381190639759256,-0.024017560613595862,0.25,10,6,27.641680343390988,0.004677375,nan,nan,nan
149,1.770853805353415,1.659839101012769,1.7105548780143636,2.177633877429349,5078311539722085780,31.507198223691653,-7.08341522141366,-0.24897586515191536,-0.021381935975179546,0.25,10,6,31.028279257669485,0.004847834,nan,nan,nan
150,1.8328983393526037,0.7207598394221959,1.8664614450237176,1.6271827480272938,5139411341880118127,31.38601208132227,-7.331593357410415,-0.10811397591332939,-0.02333076806279647,0.25,10,6,30.843327862643605,0.004925041,nan,nan,nan
151,1.620619593375743,1.7077441868016723,1.9909684624587967,2.3621005645950373,7351371846967889316,29.31666057068793,-6.482478373502972,-0.25616162802025083,-0.02488710578073496,0.25,10,6,30.825022093170055,0.004862625,nan,nan,nan
152,0.5895476357581242,1.1328255569719108,0.8906497924829121,3.7183385752556246,61530509213228522,13.830796081568757,-2.3581905430324968,-0.1699238335457866,-0.011133122406036401,0.25,10,6,23.68665572528721,0.003798042,nan,nan,nan
153,0.8956624576987786,1.0526569539677313,1.9620591828373142,3.4724619869338125,1245533564892024637,18.43465548249491,-3.5826498307951145,-0.1578985430951597,-0.02452573978546643,0.25,10,6,26.519094811261205,0.004138,nan,nan,nan
154,0.9625611594807042,0.7714913547391458,1.898326614180366,0.09333135371148771,6656589455161213935,15.957204718246242,-3.850244637922817,-0.11572370321087186,-0.023729082677254577,0.25,10,6,30.94685014518369,0.00508525,nan,nan,nan
155,0.7097759937552883,0.9254331520050323,1.7718297438001251,2.6973301787507435,7790035338218155938,14.609005970038375,-2.8391039750211533,-0.13881497280075483,-0.022147871797501564,0.25,10,6,27.579188233808864,0.004629291,nan,nan,nan
156,1.0561363774058914,1.9885688535253183,1.6267405989264112,1.1726504624444967,7510949966729652601,19.26397381305395,-4.224545509623566,-0.29828532802879776,-0.020334257486580142,0.25,10,6,27.925451331902536,0.004492084,nan,nan,nan
157,0.9224546111099007,0.8544943341022663,1.1170450611311473,4.635762616569536,6005470171894014312,19.907732994789306,-3.6898184444396027,-0.12817415011533995,-0.013963063264139342,0.25,10,6,26.47762277490216,0.0039525,nan,nan,nan
158,0.5850178658271092,1.6377695042664526,1.0236141605948965,0.8533643429574356,6747699723203273208,11.196311898751055,-2.340071463308437,-0.24566542563996788,-0.012795177007436207,0.25,10,6,27.689969700795356,0.00456,nan,nan,nan
159,1.3115412363692203,1.6297365726221213,1.5188019520437017,3.690616623438652,1642275718846535712,25.65311834891945,-5.246164945476881,-0.2444604858933182,-0.018985024400546273,0.25,10,6,27.86665193788663,0.004408916,nan,nan,nan
160,1.8916727147043053,1.788830185137032,1.0876249823329325,1.7536398404908093,7435395800034254221,33.093701386841914,-7.566690858817221,-0.2683245277705548,-0.013595312279161657,0.25,10,6,30.74106804696377,0.004732584,nan,nan,nan
161,1.8735750238978688,1.375240877511693,1.933040626248539,0.5803216530255206,8911564038266667398,31.38266656189844,-7.494300095591475,-0.20628613162675397,-0.024163007828106736,0.25,10,6,31.017232672642344,0.004884625,nan,nan,nan
162,1.0988090831344182,1.0440988860769074,1.5476410674952314,1.477210194282207,6104653338860973350,19.684614856079044,-4.395236332537673,-0.1566148329115361,-0.019345513343690394,0.25,10,6,31.00839540462063,0.004736,nan,nan,nan
163,1.342969505589728,0.5659374829168675,1.2037718341694434,3.949265455948374,4326821710405746678,25.776340035134144,-5.371878022358912,-0.08489062243753012,-0.015047147927118044,0.25,10,6,27.760983461684134,0.004678208,nan,nan,nan
164,1.7547009453631792,1.0376166405269767,1.2233046356321715,2.317227945219077,4576259393887821440,31.01501305534613,-7.018803781452717,-0.15564249607904648,-0.015291307945402144,0.25,10,6,30.842696629213485,0.005142625,nan,nan,nan
165,1.1767204255875736,1.220693308452951,1.2513419867157993,3.026583631165005,4545447142192243107,22.586526425637956,-4.7068817023502945,-0.18310399626794263,-0.01564177483394749,0.25,10,6,27.790809241257417,0.004908292,nan,nan,nan
166,1.4666327049009742,0.5571577471865858,1.7494810545950288,4.731047805771892,438870957229002452,28.531465732499427,-5.866530819603897,-0.08357366207798787,-0.021868513182437863,0.25,10,6,27.237754071455623,0.004709875,nan,nan,nan
167,0.6218457300194418,1.046996980274059,1.6811369610796416,0.05359361212177671,6086373092902851770,10.631323480597281,-2.487382920077767,-0.15704954704110885,-0.02101421201349552,0.25,10,6,31.03680090897614,0.005400083,nan,nan,nan
168,0.7920743538613031,0.8818621181741966,1.2788488117199355,1.2519108299726627,774539914429684727,14.454217762658029,-3.1682974154452124,-0.13227931772612947,-0.015985610146499196,0.25,10,6,30.812397424567607,0.005153708,nan,nan,nan
169,1.5828900880145205,1.9240491984686838,0.7740448330072955,2.637473355531351,6948766653549745548,29.118144282844888,-6.331560352058082,-0.28860737977030254,-0.009675560412591195,0.25,10,6,27.76041535159702,0.005017167,nan,nan,nan
170,1.043411152601838,1.2282894184777087,0.5601532127503879,4.7207061308727285,3335707974127595004,22.15225822358876,-4.173644610407352,-0.1842434127716563,-0.007001915159379849,0.25,10,6,23.68716071203131,0.004074875,nan,nan,nan
171,0.5977509060787426,0.9006306493050871,1.6907009797619967,3.1390035679479187,5181512125773739509,13.243396454790853,-2.3910036243149704,-0.13509459739576304,-0.02113376224702496,0.25,10,6,23.389723519757606,0.004021667,nan,nan,nan
172,1.432313928387156,1.7329616256913556,1.0937887982783874,3.1967255928447784,1159745037468388437,27.153525422454088,-5.729255713548624,-0.25994424385370335,-0.013672359978479843,0.25,10,6,27.583165004418635,0.004915083,nan,nan,nan
173,1.8084385024650635,1.2569088256622518,0.7986742066346688,2.7927746806607456,1397040004882376134,32.481936015499116,-7.233754009860254,-0.18853632384933777,-0.009983427582933361,0.25,10,6,27.743940159070824,0.005130542,nan,nan,nan
174,1.0617727639470356,1.5025835067327495,1.5107013968709664,2.7171335461298907,2266923966187229262,20.60704787332211,-4.247091055788142,-0.2253875260099124,-0.01888376746088708,0.25,10,6,27.57748390354753,0.0050405,nan,nan,nan
175,1.8725845978328253,1.686435724962887,1.417714451392656,2.323269910041299,1980641603982656437,33.29648491034423,-7.490338391331301,-0.25296535874443304,-0.017721430642408203,0.25,10,6,31.028279257669485,0.005237292,nan,nan,nan
176,1.3663324921316162,1.386728388459427,1.0048957916951557,3.004131308288808,6071094239744116635,25.697488215470326,-5.465329968526465,-0.20800925826891406,-0.012561197396189447,0.25,10,6,27.400517611412702,0.004776833,nan,nan,nan
177,1.748062869234784,1.64673528577899,1.0588415767192028,4.227215339400922,6214618021323895919,33.18426241862486,-6.992251476939136,-0.2470102928668485,-0.013235519708990034,0.25,10,6,27.526638050751167,0.004832875,nan,nan,nan
178,1.515753240147092,1.6343677439046216,1.2487598736526304,0.37980160973716093,4247175186912336767,25.612474098433403,-6.063012960588368,-0.24515516158569323,-0.015609498420657881,0.25,10,6,31.267516727685898,0.005633125,nan,nan,nan
179,1.8810193526797692,1.8557274580391234,1.3910897032773417,1.1643901012895852,5629511203252148095,32.374136218989364,-7.524077410719077,-0.2783591187058685,-0.01738862129096677,0.25,10,6,31.027963640954425,0.005174709,nan,nan,nan
180,1.3329451585726118,1.116572408588484,1.5626462063268054,0.7012640385514513,1651067804762171255,22.69833002086633,-5.331780634290447,-0.16748586128827261,-0.019533077579085067,0.25,10,6,30.954424946345156,0.0055225,nan,nan,nan
181,1.2698740638028183,0.9945352078136696,1.053604340792095,0.7352057306507592,3917502035852663879,21.649911876184053,-5.079496255211273,-0.14918028117205043,-0.013170054259901188,0.25,10,6,30.94495644489332,0.005579666,nan,nan,nan
182,1.9007974705363786,1.5656683339532367,1.3456572996093712,2.269692128933141,7032049696540670760,33.62185265788714,-7.603189882145514,-0.2348502500929855,-0.01682071624511714,0.25,10,6,31.025754323949,0.005070042,nan,nan,nan
183,1.863328688784829,1.7153317582895553,1.8684253573621952,3.1841590396465316,3349181817715354105,34.02661711517753,-7.453314755139316,-0.2572997637434333,-0.02335531696702744,0.25,10,6,27.91437318520389,0.004778625,nan,nan,nan
184,1.3967108861444488,1.7265270997793198,0.6210366599190562,4.005297772172059,436670048398375030,27.388588210350832,-5.586843544577795,-0.258979064966898,-0.007762958248988203,0.25,10,6,27.885683625804823,0.004742666,nan,nan,nan
185,1.6100578269287225,1.781991588602099,1.3711977378433355,4.766550098967178,4212807077218119000,31.596670282987994,-6.44023130771489,-0.2672987382903148,-0.017139971723041696,0.25,10,6,27.75700669107436,0.004980083,nan,nan,nan
186,1.8798828459423624,1.827821906079374,1.499251781569858,1.1868227386325643,4382757867902472780,32.36164141735799,-7.51953138376945,-0.2741732859119061,-0.018740647269623226,0.25,10,6,31.01344527206161,0.005544125,nan,nan,nan
187,0.5434134230797816,1.0126431460310354,1.2672652628997527,1.534803405887906,7164162319864887732,10.837004062783032,-2.1736536923191263,-0.1518964719046553,-0.01584081578624691,0.25,10,6,27.668949627572278,0.005137916,nan,nan,nan
188,1.2769431556982889,1.9560192197920663,1.9758059611620247,3.1061175798706504,517654097138965407,24.710819602918512,-5.1077726227931555,-0.29340288296880995,-0.02469757451452531,0.25,10,6,27.58288094937508,0.004975292,nan,nan,nan
189,1.9311190766747126,1.0085665560023438,0.7036242687925096,4.504594939073397,8652786969252929656,36.00764009947021,-7.72447630669885,-0.15128498340035157,-0.008795303359906371,0.25,10,6,27.576631738416868,0.005072958,nan,nan,nan
190,1.8866959680306183,1.3395223060922397,0.9267264271911162,1.960221605691936,9088831639676637789,32.95107047783717,-7.546783872122473,-0.20092834591383593,-0.011584080339888954,0.25,10,6,30.82944072718091,0.005259375,nan,nan,nan
191,0.7504576522872191,0.9354470936068029,0.9315838745086089,4.598924230555144,5629226228838435675,17.16751492331473,-3.0018306091488762,-0.14031706404102043,-0.011644798431357612,0.25,10,6,23.38921853301351,0.004464417,nan,nan,nan
192,1.806363778898337,1.4726830528392743,1.1418114245792208,0.7567601208317942,4740833898782187241,30.542190414908752,-7.225455115593348,-0.22090245792589114,-0.014272642807240261,0.25,10,6,30.88025501830577,0.005734042,nan,nan,nan
193,1.8828871646528187,1.659619569309629,0.7953597115024242,0.8558525517117488,877028661382088033,31.977818927742625,-7.531548658611275,-0.24894293539644433,-0.009941996393780303,0.25,10,6,30.9964019694483,0.005110375,nan,nan,nan
194,0.8372600746952887,1.7874525371048866,1.4340790419003944,3.318793376889631,6929858715754623263,17.787426094277183,-3.349040298781155,-0.268117880565733,-0.01792598802375493,0.25,10,6,24.21108445903295,0.004236292,nan,nan,nan
195,1.7731272057643053,1.7945014096014185,1.253209697997372,1.0024743863648395,4690131003722288188,30.449210524354573,-7.092508823057221,-0.2691752114402128,-0.01566512122496715,0.25,10,6,30.84238101249842,0.004974292,nan,nan,nan
196,1.4774654618716148,1.0681197111977416,0.5275971973667815,2.428175707388297,6532884222429608145,26.70849492405278,-5.909861847486459,-0.16021795667966124,-0.006594964967084768,0.25,10,6,27.913521020073222,0.004771541,nan,nan,nan
197,1.903363865348325,1.7480985672981157,0.5532167092378144,4.283661679329995,7264127407727678064,35.78634266528206,-7.6134554613933,-0.26221478509471735,-0.0069152088654726804,0.25,10,6,27.754450195682367,0.004545166,nan,nan,nan
198,1.6095409720164733,1.0466312985235025,1.5073227723974747,1.7537619080031663,4909983116397482028,28.13439623938084,-6.438163888065893,-0.15699469477852537,-0.018841534654968434,0.25,10,6,31.028279257669485,0.004868375,nan,nan,nan
199,1.5278109341643988,1.9664165659701944,1.0039221368992888,3.074000551676174,540620901028308754,28.698825437888672,-6.111243736657595,-0.2949624848955292,-0.01254902671124111,0.25,10,6,27.643952783739426,0.004600584,nan,nan,nan
200,1.4479802020358712,1.586884105959271,0.9499195287847375,4.773198537528923,4954454000888443212,28.893012233678427,-5.791920808143485,-0.23803261589389066,-0.01187399410980922,0.25,10,6,27.675482893574046,0.004451709,nan,nan,nan
201,1.2969601844986172,0.9200271402318427,0.7782369943917993,3.8751375089508704,8107306424579354100,25.178516745067853,-5.187840737994469,-0.1380040710347764,-0.009727962429897492,0.25,10,6,27.443978033076633,0.004503,nan,nan,nan
202,0.641237266071399,0.6439506479884871,1.9915368168322714,2.5403926909137216,1124412777632470837,13.186559336849198,-2.564949064285596,-0.09659259719827307,-0.024894210210403393,0.25,10,6,26.47023734376973,0.004010667,nan,nan,nan
203,0.8438066439224008,1.7065643736319216,0.9349680932075409,4.762705534092013,2082022695896198597,19.28755046102958,-3.375226575689603,-0.2559846560447882,-0.011687101165094263,0.25,10,6,23.541219542986997,0.003740709,nan,nan,nan
204,1.131598523153051,0.59490651601681,1.1459134710421817,2.6563930636516986,2586499936854001535,21.1189133437106,-4.526394092612204,-0.0892359774025215,-0.014323918388027271,0.25,10,6,27.771777553339227,0.0044695,nan,nan,nan
205,0.812063601295137,1.5749564161390741,0.8050270465102155,4.381348232299708,4208166209570549700,18.319339702705346,-3.248254405180548,-0.2362434624208611,-0.010062838081377694,0.25,10,6,23.39628834743088,0.003867833,nan,nan,nan
206,1.6595924831278304,1.4867069075551216,1.544182385998224,1.0100554476109158,4648159365697030955,28.455559322189277,-6.6383699325113215,-0.22300603613326822,-0.0193022798249778,0.25,10,6,31.015970205782097,0.005027875,nan,nan,nan
207,1.5667253532447019,0.7140927088828122,1.7078589960858783,4.6746022525198025,6757199894561356286,30.170663529764717,-6.266901412978807,-0.10711390633242182,-0.02134823745107348,0.25,10,6,27.45846484029794,0.004544125,nan,nan,nan
208,1.8606593381123466,0.5480775240503336,1.6092333874398441,4.359703712487783,3975864125671357673,34.45909963671553,-7.4426373524493865,-0.08221162860755003,-0.020115417342998054,0.25,10,6,27.60020830703194,0.004526292,nan,nan,nan
209,1.5562192507191757,1.8654657581319998,0.8318305417522613,2.7645123876364233,8437143980428327211,28.78329985402243,-6.224877002876703,-0.27981986371979994,-0.010397881771903268,0.25,10,6,27.760131296553464,0.004502042,nan,nan,nan
210,1.0235182554571016,1.889525136896185,1.6585943324153956,1.5285492241378535,3910949063525308230,19.038556393589193,-4.0940730218284065,-0.2834287705344277,-0.020732429155192446,0.25,10,6,27.538284307536927,0.004531666,nan,nan,nan
211,1.849103135146727,1.8463799742334284,1.3507260629858004,2.6874388734697963,7227396466000144954,33.38091702035749,-7.396412540586908,-0.27695699613501423,-0.016884075787322508,0.25,10,6,27.928007827294532,0.00451425,nan,nan,nan
212,0.6688389345903971,1.8788917769543558,1.4354648385143856,0.3107098227315852,6147104178645352535,12.139467842350552,-2.6753557383615885,-0.28183376654315334,-0.01794331048142982,0.25,10,6,27.992488322181543,0.004618208,nan,nan,nan
213,0.6544459453520249,1.6999650153419696,0.7475231366783839,1.3905026898357025,6065903081076606096,12.881616824673284,-2.6177837814080998,-0.2549947523012954,-0.0093440392084798,0.25,10,6,27.88994445145815,0.004497417,nan,nan,nan
214,0.5578069109183981,1.4826235399659382,1.1841216475086898,4.22334109335663,3542490480247906136,14.037825792030562,-2.2312276436735923,-0.22239353099489073,-0.014801520593858622,0.25,10,6,23.53566468880192,0.003835292,nan,nan,nan
215,1.3232532105358623,1.481359040121094,0.7283780553847934,2.168817848437698,6545570776818806909,24.22968464108415,-5.293012842143449,-0.22220385601816411,-0.009104725692309917,0.25,10,6,30.806400706981442,0.004852875,nan,nan,nan
216,1.1829604539661542,0.8843585170003712,1.6049149260884221,3.173360011415664,5862204931753954407,22.631342385074355,-4.731841815864617,-0.13265377755005567,-0.020061436576105277,0.25,10,6,27.575495518242647,0.004411625,nan,nan,nan
217,0.6445133906256901,1.1566317019521075,1.4335201725802236,1.422327633987961,3144566589869028910,12.428520905170267,-2.5780535625027605,-0.17349475529281613,-0.017919002157252794,0.25,10,6,27.828588562050246,0.004479042,nan,nan,nan
218,1.3476073402987678,1.6974332674200339,1.7298783735603624,1.080080420185641,5185510692578680854,23.660257825417947,-5.390429361195071,-0.2546149901130051,-0.021623479669504533,0.25,10,6,30.86226486554728,0.005103208,nan,nan,nan
219,1.2506544286300592,1.8726273252729821,0.7403692119917883,1.1170120006751945,3781777241569502842,22.25105925391993,-5.002617714520237,-0.2808940987909473,-0.009254615149897354,0.25,10,6,30.76000504986744,0.005078292,nan,nan,nan
220,0.5048558704777121,0.6994563787947015,1.84188597858814,3.063379477938179,573727564798792970,11.560747232858393,-2.0194234819108483,-0.10491845681920521,-0.023023574732351754,0.25,10,6,23.52304002019947,0.003938625,nan,nan,nan
221,1.0175882924645645,1.0641584407196674,1.7793730360108233,4.10776787805947,2736878053126988078,21.027675621924303,-4.070353169858258,-0.1596237661079501,-0.022242162950135293,0.25,10,6,26.48444009594748,0.004239708,nan,nan,nan
222,0.6269322080039601,0.7713715622187711,1.0208497383605357,1.0521236449081734,3053879962598843772,11.545861910302797,-2.5077288320158404,-0.11570573433281567,-0.012760621729506698,0.25,10,6,27.759563186466355,0.004787667,nan,nan,nan
223,1.7045181973905439,1.663288532762193,1.2828293464482512,3.7064849073278694,2395640798339783067,31.97674918523389,-6.8180727895621756,-0.24949327991432893,-0.01603536683060314,0.25,10,6,27.751041535159704,0.004846833,nan,nan,nan
224,1.8872798913361222,1.1486694523794072,0.950430940401642,2.497205405009585,7999250881813297569,33.38288533781518,-7.549119565344489,-0.17230041785691108,-0.011880386755020525,0.25,10,6,31.025754323949,0.005208667,nan,nan,nan
225,1.010540175717449,0.5243338329101879,1.6926614656887016,2.064568162677336,7268117028849312892,18.54781127390263,-4.042160702869796,-0.07865007493652817,-0.021158268321108772,0.25,10,6,27.70161595758111,0.00455675,nan,nan,nan
226,0.9488014384080186,1.3694905413105058,1.9888341548431812,1.2585496428639287,2938146442843218705,17.26106698217853,-3.7952057536320742,-0.20542358119657586,-0.024860426935539765,0.25,10,6,27.546521903800024,0.005197125,nan,nan,nan
227,1.3265003307450878,1.671560549975964,0.6945943225669532,3.221730821404576,8417815671682738589,25.44867244331156,-5.306001322980351,-0.2507340824963946,-0.008682429032086915,0.25,10,6,27.51300340866052,0.005119417,nan,nan,nan
228,1.9986319417247058,1.3419012722751862,1.1635971025927554,4.825274434890136,8845711191835667762,37.608526265850536,-7.994527766898823,-0.2012851908412779,-0.014544963782409444,0.25,10,6,27.511299078399194,0.005072958,nan,nan,nan
229,0.5639549388835974,0.5575868584503132,1.3995321522353854,2.813608596102617,8289165492714839407,12.171439733310363,-2.2558197555343895,-0.08363802876754697,-0.017494151902942318,0.25,10,6,26.47705466481505,0.004481791,nan,nan,nan
230,1.6407579403603942,0.9176524602649136,0.8804089126967057,0.4838368734564896,7617418322643694921,27.286555395381747,-6.563031761441577,-0.13764786903973705,-0.011005111408708822,0.25,10,6,30.87552076757985,0.005113375,nan,nan,nan
231,0.7926389517069934,1.3247425580617136,0.8904380686322155,3.624252159934657,5731297847193881687,17.10132092208358,-3.1705558068279736,-0.19871138370925703,-0.011130475857902694,0.25,10,6,26.320824390859737,0.004239375,nan,nan,nan
232,1.1738221600338958,0.6905513865878246,0.8440024051675228,2.875396189266276,1803343699485617780,22.070881581761302,-4.695288640135583,-0.10358270798817368,-0.010550030064594035,0.25,10,6,27.5144236838783,0.004927208,nan,nan,nan
233,1.9878965096161463,1.9642707801821577,1.5436609178632619,4.316650723667565,7462497439654283806,37.301557345635196,-7.951586038464585,-0.29464061702732364,-0.019295761473290776,0.25,10,6,27.406766822370912,0.004539958,nan,nan,nan
234,0.6570911297787885,1.176053181260675,0.6132265621154996,1.6035365754966469,3694246010495804213,12.822626560713669,-2.628364519115154,-0.17640797718910123,-0.007665332026443746,0.25,10,6,27.519252619618733,0.004977542,nan,nan,nan
235,0.9068056973507868,1.0099702350263673,1.6452049929866002,4.9414178919802385,7795937711258898849,20.056291190608647,-3.627222789403147,-0.1514955352539551,-0.020565062412332503,0.25,10,6,23.68665572528721,0.004357,nan,nan,nan
236,1.4623669627931215,1.9131093884112156,0.952527933321935,1.8994535377779047,3080605499504279072,26.44519057551458,-5.849467851172486,-0.28696640826168235,-0.011906599166524187,0.25,10,6,30.843327862643605,0.005321625,nan,nan,nan
237,1.5622292454696929,1.9033964731338087,0.6135305085351503,3.1380399545743676,317458113953253776,29.275745765969738,-6.2489169818787715,-0.2855094709700713,-0.0076691313566893795,0.25,10,6,27.899034212851912,0.004904417,nan,nan,nan
238,1.160008451425354,0.9645384435523336,0.6395431360138578,1.2837219017891206,5475403690905639092,20.422580190726183,-4.640033805701416,-0.14468076653285003,-0.007994289200173223,0.25,10,6,31.02764802423936,0.005626917,nan,nan,nan
239,0.7074696090925385,0.882878298560734,1.6005328961293084,0.26862798455879633,9188374408676716885,12.117868709175852,-2.829878436370154,-0.1324317447841101,-0.020006661201616358,0.25,10,6,31.103711652569118,0.005366209,nan,nan,nan
240,0.7632679965264654,1.0939549121978625,1.860997966165157,1.692945594973263,5823905345992404007,14.561606486715426,-3.0530719861058615,-0.16409323682967936,-0.023262474577064464,0.25,10,6,27.517548289357407,0.005156167,nan,nan,nan
241,1.2826590176124846,1.3701375834724858,0.6871270984323198,3.0612994648728376,2493847979900164976,24.405926296756082,-5.130636070449938,-0.20552063752087288,-0.008589088730403998,0.25,10,6,27.56015654589067,0.005234709,nan,nan,nan
242,1.1342441014786122,0.5334677184347251,1.4156429355723361,4.167190341485835,2993315852135507673,22.635176596204467,-4.536976405914449,-0.08002015776520875,-0.017695536694654204,0.25,10,6,26.540398939527837,0.004753917,nan,nan,nan
243,1.076128229821395,1.0556535643114047,0.9092130960960649,2.024326502042876,6687481707713418102,19.875770317772037,-4.30451291928558,-0.15834803464671068,-0.011365163701200812,0.25,10,6,27.705876783234437,0.004772375,nan,nan,nan
244,1.808303199687095,1.2441988879661268,1.5746719770687503,1.5999767964640266,1217044359653799687,31.279347324237225,-7.23321279874838,-0.18662983319491902,-0.01968339971335938,0.25,10,6,30.76000504986744,0.004841125,nan,nan,nan
245,0.5787608686866633,0.5974686043441998,1.9741483911582631,2.4686185896412454,3919152759107006218,12.087273651234378,-2.3150434747466533,-0.08962029065162996,-0.02467685488947829,0.25,10,6,26.48387198586037,0.004031709,nan,nan,nan
246,1.3853330651726854,1.0562791976064632,1.0765191792032742,0.9504433693121772,201347805502975081,23.749539930639024,-5.541332260690742,-0.15844187964096948,-0.013456489740040928,0.25,10,6,31.082565332660018,0.004936958,nan,nan,nan
247,1.3527965586573505,0.6405909787596827,0.5786938210655812,3.089714081193427,5095383543983947895,25.118813606966846,-5.411186234629402,-0.0960886468139524,-0.007233672763319765,0.25,10,6,30.832596894331523,0.004732833,nan,nan,nan
248,1.552103742209408,0.7067928456602024,1.9796957293140676,4.29882128123923,8457125696703567282,29.55655686398588,-6.208414968837632,-0.10601892684903036,-0.024746196616425846,0.25,10,6,27.73655472793839,0.004416125,nan,nan,nan
249,1.8176011200025193,1.0031651434956972,0.539968149755061,1.1385620396633782,433407327356823528,30.822079045801104,-7.270404480010077,-0.15047477152435457,-0.006749601871938263,0.25,10,6,31.005870470900142,0.004960125,nan,nan,nan
250,1.2281714113950621,1.2310578171035202,0.6300630997737271,0.7883211120120509,7436597744827177928,21.177698384595157,-4.912685645580249,-0.18465867256552804,-0.007875788747171588,0.25,10,6,30.8783613180154,0.004865375,nan,nan,nan
251,1.998994918724677,1.76773352514856,0.8137832532032669,1.4281598362622554,520216337504311561,34.47271865094622,-7.995979674898708,-0.265160028772284,-0.010172290665040837,0.25,10,6,30.923178891554098,0.004889625,nan,nan,nan
252,0.8098901714232865,1.131108090879852,1.8772152691535755,2.8017407093822055,51951241533820240,16.4386483066827,-3.239560685693146,-0.1696662136319778,-0.023465190864419696,0.25,10,6,27.510162858224973,0.004516958,nan,nan,nan
253,0.8038521861160893,0.568214582878409,1.8051111261918076,2.0780252856293595,8036947493620025255,15.280589013213834,-3.2154087444643573,-0.08523218743176135,-0.022563889077397595,0.25,10,6,27.756438580987247,0.0049665,nan,nan,nan
254,1.6901129485480788,1.1410474882748263,1.532642711714146,1.5122781004859114,2403605207398573643,29.23871377022007,-6.760451794192315,-0.17115712324122392,-0.019158033896426827,0.25,10,6,30.74106804696377,0.0056285,nan,nan,nan
255,1.104460154153109,1.227725078079481,1.1722238203338076,0.06032400346425659,7186378058547347296,18.468321516761687,-4.417840616612436,-0.18415876171192216,-0.014652797754172595,0.25,10,6,31.094874384547406,0.005651,nan,nan,nan
256,0.8238146302540088,0.8681590791297247,1.4675601896325499,2.662793201834393,3380073461528512514,16.364722733376368,-3.2952585210160352,-0.1302238618694587,-0.018344502370406874,0.25,10,6,27.46329377603838,0.005190291,nan,nan,nan
257,1.548478628470282,0.6724279170023357,1.419096234591851,3.1615410277319733,6214341216925361651,28.340655833457888,-6.193914513881128,-0.10086418755035036,-0.017738702932398136,0.25,10,6,27.5757795732862,0.0048575,nan,nan,nan
258,1.0571101812402266,1.7727865980779067,0.7773674327730062,1.402702743933374,2472621775090581917,19.380137602623744,-4.228440724960906,-0.265917989711686,-0.009717092909662578,0.25,10,6,27.67633505870471,0.004694417,nan,nan,nan
259,1.5055755084213251,1.2784632133749705,1.225637286058867,2.3436647456406567,98755018409835335,27.19995080840684,-6.022302033685301,-0.19176948200624558,-0.015320466075735837,0.25,10,6,31.03459159197071,0.005287583,nan,nan,nan
260,1.5699235030581846,0.5487193340662183,1.9452913492322945,2.2714304431412877,5255202018168466594,27.71943809251197,-6.2796940122327385,-0.08230790010993275,-0.024316141865403682,0.25,10,6,30.827547026890546,0.0049465,nan,nan,nan
261,1.2118645118671412,0.5703933021447565,0.9029440040358451,0.20226621586693194,7129632908788770399,19.934334387028045,-4.847458047468565,-0.08555899532171347,-0.011286800050448064,0.25,10,6,31.107499053149855,0.005071209,nan,nan,nan
262,1.0203056390404788,0.9594745879853899,0.7668547588682504,4.977603016281039,2491062468694034506,21.87817799371993,-4.081222556161915,-0.14392118819780847,-0.00958568448585313,0.25,10,6,26.47023734376973,0.004053583,nan,nan,nan
263,1.9878358673499634,0.5807137147648636,1.441671126669239,0.1474539846135131,2829692269188881691,32.30125609107185,-7.951343469399854,-0.08710705721472953,-0.01802088908336549,0.25,10,6,30.95505617977528,0.005084958,nan,nan,nan
264,1.7403587140732317,1.020409344215963,0.5130062803895427,1.3395762574768943,6414734821926730261,29.79756128917818,-6.961434856292927,-0.15306140163239443,-0.006412578504869284,0.25,10,6,30.961368514076504,0.005031958,nan,nan,nan
265,0.6180178247030501,0.7513308084587016,1.3667013091236122,1.7745664747092016,4297518277543880550,12.113650155033225,-2.4720712988122004,-0.11269962126880523,-0.017083766364045152,0.25,10,6,27.497664436308547,0.004469125,nan,nan,nan
266,1.1372567065862829,1.2547263686856056,0.7096461150911237,4.49423174946605,5954517886890550247,23.443174876057938,-4.5490268263451314,-0.18820895530284085,-0.008870576438639047,0.25,10,6,26.503187728822116,0.00418075,nan,nan,nan
267,1.7631581961680185,0.8996849189360077,0.5067899970422833,1.9995935310643946,8086981246354236489,30.749935621114297,-7.052632784672074,-0.13495273784040115,-0.006334874963028542,0.25,10,6,30.849008963514706,0.004776625,nan,nan,nan
268,0.9890016803047545,1.820171886528158,1.442613646714712,0.18866052255160692,1651088196029172096,17.104790539344574,-3.956006721219018,-0.2730257829792237,-0.0180326705839339,0.25,10,6,30.997033202878423,0.005062958,nan,nan,nan
269,1.0490242564620118,0.9890668993816774,1.952179536391237,1.4371537682237334,6230891549589115609,18.81498201124493,-4.196097025848047,-0.1483600349072516,-0.024402244204890466,0.25,10,6,30.754955182426464,0.004806709,nan,nan,nan
270,1.6903711195507554,0.7551695791436852,1.129676170333803,1.8852528567225417,8633708876883489688,29.38429251702084,-6.7614844782030215,-0.11327543687155278,-0.014120952129172538,0.25,10,6,30.83133442747128,0.004802,nan,nan,nan
271,1.017041080081824,1.7461239526411432,0.9463101694649007,2.7240855384879517,3556704668044948420,20.04441719138182,-4.068164320327296,-0.2619185928961715,-0.011828877118311258,0.25,10,6,27.51073096831208,0.00465475,nan,nan,nan
272,1.4588912560013676,0.7145318523390104,0.8331220229472132,4.374716479761098,3478258509045503782,28.145695687186386,-5.83556502400547,-0.10717977785085156,-0.010414025286840165,0.25,10,6,27.4479548036864,0.004511541,nan,nan,nan
273,1.1462121783739228,1.3657911484778753,1.1049906889510923,0.4964071479217347,5196944288140760516,19.655276690991222,-4.584848713495691,-0.2048686722716813,-0.013812383611888655,0.25,10,6,31.2773008458528,0.004970833,nan,nan,nan
274,1.837560264794385,0.8170982376007598,0.8935159680279583,0.04602105238554144,7551779278183893419,29.937244231656155,-7.35024105917754,-0.12256473564011397,-0.01116894960034948,0.25,10,6,31.282035096578717,0.005194458,nan,nan,nan
275,1.1686010429954814,0.5531355412787384,0.5563729206620598,3.007539200712813,7449133117732700433,22.037037213407757,-4.674404171981926,-0.08297033119181076,-0.006954661508275748,0.25,10,6,27.5201047847494,0.004545417,nan,nan,nan
276,1.426001853193171,1.8007320172394021,1.4929563242545831,0.0952440934265747,2138764396815307721,23.991712954860954,-5.704007412772684,-0.27010980258591033,-0.01866195405318229,0.25,10,6,31.05005681100871,0.005007875,nan,nan,nan
277,0.7759309228387042,0.9425070407661487,0.8308966786683215,1.8484407142323467,7638420985329255771,14.828839704111303,-3.103723691354817,-0.1413760561149223,-0.01038620848335402,0.25,10,6,27.565269536674663,0.004604084,nan,nan,nan
278,1.7974949407971414,1.9450219921762972,1.0918968308001016,3.7637675901628764,4049498795943208798,33.69069983822292,-7.189979763188566,-0.2917532988264446,-0.01364871038500127,0.25,10,6,27.88057063502083,0.004576375,nan,nan,nan
279,1.301731706795139,1.3967009035323126,0.8840753912737066,1.1134185844538358,8460969935171808686,22.77914643529545,-5.206926827180556,-0.20950513552984687,-0.011050942390921333,0.25,10,6,30.762529983587932,0.004842708,nan,nan,nan
280,1.8372337110296044,1.609658129533451,1.8182689782822397,0.43068847585597925,8870516205263610189,30.792222730049723,-7.348934844118418,-0.24144871943001767,-0.022728362228527997,0.25,10,6,31.078146698649157,0.005012542,nan,nan,nan
281,0.6202161654516947,1.1829830467490159,0.9718647732418608,2.2804044398506287,1875623099358758121,12.913652915127152,-2.4808646618067787,-0.17744745701235237,-0.012148309665523261,0.25,10,6,27.35109203383411,0.004648292,nan,nan,nan
282,1.8625075000118352,1.7897117659493638,0.9927545661618054,2.957235596695822,707534234771704414,33.83118265645481,-7.450030000047341,-0.26845676489240455,-0.012409432077022567,0.25,10,6,30.836384294912257,0.0051015,nan,nan,nan
283,1.267772884457021,0.9663354772306829,1.9426285053818753,0.522837648365907,1617847173829083494,21.387005086016654,-5.071091537828084,-0.14495032158460244,-0.024282856317273442,0.25,10,6,31.011867188486303,0.005214083,nan,nan,nan
284,0.6099607944785929,1.115545145597987,1.1533078301828914,4.386172850616178,2368705101161764973,14.814872649632456,-2.4398431779143714,-0.16733177183969805,-0.014416347877286143,0.25,10,6,23.52304002019947,0.00398725,nan,nan,nan
285,1.2539677378210774,1.2625710674912285,1.098794784220774,3.7050239494868005,621658317440137354,24.526050395118776,-5.01587095128431,-0.18938566012368427,-0.013734934802759675,0.25,10,6,27.394552455498044,0.005142,nan,nan,nan
286,1.5744375565850417,0.5535653050333521,1.032651565653485,2.124155488380149,6155463484156376223,27.647295576760825,-6.297750226340167,-0.08303479575500282,-0.012908144570668563,0.25,10,6,30.830071960611033,0.005637834,nan,nan,nan
287,1.738198223291289,1.135674401774609,0.7814451856808737,4.3754073507141396,1669890732331482055,32.86798356443953,-6.952792893165156,-0.17035116026619135,-0.009768064821010922,0.25,10,6,27.74933720489837,0.005038125,nan,nan,nan
288,1.5931799221432206,1.0055490207248141,0.9337051351853505,2.752570412627644,8989215447517094288,28.846778579354062,-6.372719688572882,-0.15083235310872212,-0.011671314189816881,0.25,10,6,30.997664436308547,0.005001084,nan,nan,nan
289,1.9858648954394007,1.8438058401860733,1.5922475559002645,2.8360246924924115,6010454911141159404,35.716146523634464,-7.943459581757603,-0.276570876027911,-0.01990309444875331,0.25,10,6,31.011551571771243,0.005175209,nan,nan,nan
290,0.5823367329613314,1.2444082934302951,0.8332043321492042,2.022577385852649,6155772348221199058,12.086610089292128,-2.3293469318453255,-0.18666124401454426,-0.010415054151865053,0.25,10,6,27.645089003913647,0.00494625,nan,nan,nan
291,0.7450516181043101,0.6905711897532569,0.926978711944341,2.214000770048669,7403019464440046693,14.549169373569585,-2.9802064724172403,-0.10358567846298854,-0.011587233899304264,0.25,10,6,27.792229516475196,0.004798416,nan,nan,nan
292,0.6261093103243602,1.4660867889312086,1.127842551549617,3.0730068672167206,375071486657594887,13.97040790576521,-2.504437241297441,-0.21991301833968127,-0.014098031894370214,0.25,10,6,23.536169675546017,0.004056167,nan,nan,nan
293,0.6844350919779562,0.6895198434767804,1.9710907562098188,2.419021847685792,3841228060927731498,13.783695225419159,-2.7377403679118246,-0.10342797652151706,-0.024638634452622737,0.25,10,6,27.70814922358288,0.005032542,nan,nan,nan
294,1.635056962381766,0.7804667870357234,0.6875349838255913,0.055069905324584556,8691044630324722481,26.68426137565427,-6.540227849527064,-0.1170700180553585,-0.008594187297819892,0.25,10,6,31.317384168665573,0.005135625,nan,nan,nan
295,1.5821130698487298,0.8099525191270744,1.306442374302255,1.7446624522507237,7357017174463275593,27.544443081306643,-6.328452279394919,-0.12149287786906116,-0.01633052967877819,0.25,10,6,31.031435424820096,0.005059,nan,nan,nan
296,1.710443435266421,1.431850832117883,1.057220513892354,2.311313332850593,2657165243742723067,30.53751879638406,-6.841773741065684,-0.21477762481768245,-0.013215256423654426,0.25,10,6,27.927439717207424,0.004981958,nan,nan,nan
297,1.2810247236929078,1.5674887574610863,1.8448070953612397,4.229557522246995,162370671312884836,25.666446355810173,-5.124098894771631,-0.23512331361916294,-0.023060088692015496,0.25,10,6,27.2866115389471,0.005161375,nan,nan,nan
298,1.9066156193400174,0.7638419074254965,1.3931210041020547,0.634277897054269,4392228155039603961,31.598432950949846,-7.62646247736007,-0.11457628611382448,-0.017414012551275684,0.25,10,6,31.102764802423938,0.005472042,nan,nan,nan
299,1.8917687799001286,0.69149244997901,1.237082221507443,0.5959102914041442,1856964520798464806,31.27910623979361,-7.567075119600514,-0.1037238674968515,-0.015463527768843039,0.25,10,6,31.103080419138998,0.005631667,nan,nan,nan
300,0.8669635927785262,1.7135619793420278,0.5383611677089359,4.232191523957825,8853003313273894312,19.13174619601946,-3.4678543711141048,-0.25703429690130414,-0.006729514596361699,0.25,10,6,23.53566468880192,0.004320375,nan,nan,nan
301,0.8136178516932522,0.7368336559854621,1.4521091507553672,0.9285079687491132,2342162151828910757,14.388493789432426,-3.2544714067730087,-0.11052504839781932,-0.01815136438444209,0.25,10,6,30.623027395530865,0.005423667,nan,nan,nan
302,0.6861884078811105,1.296364939269146,1.0723671362829321,2.0619079429427165,863127383387361339,13.818741432601971,-2.744753631524442,-0.1944547408903719,-0.013404589203536653,0.25,10,6,27.79592223204141,0.005303459,nan,nan,nan
303,1.1264777975265603,0.8044331641972957,1.37282819403005,1.4864270037689882,6285703113272334382,19.99273166271233,-4.505911190106241,-0.12066497462959436,-0.017160352425375624,0.25,10,6,30.838593611917688,0.005539833,nan,nan,nan
304,1.479447000634353,1.3496280938877354,0.8087335811031819,3.714163430444369,3285055174207330893,28.195092296926656,-5.917788002537412,-0.2024442140831603,-0.010109169763789776,0.25,10,6,27.49993687665699,0.004772542,nan,nan,nan
305,0.8257313827236439,0.7933993105245882,1.4977402493279974,4.935697418805914,5566393001535178415,18.62343912869897,-3.3029255308945755,-0.11900989657868823,-0.01872175311659997,0.25,10,6,23.52304002019947,0.004032459,nan,nan,nan
306,0.5018710569417255,0.9109461057826986,1.5063215319767447,4.082291688521915,884630204656790168,12.658796263059141,-2.007484227766902,-0.1366419158674048,-0.01882901914970931,0.25,10,6,23.39578336068678,0.003816042,nan,nan,nan
307,1.1162020257286973,1.5751274273293614,0.6443287794968637,2.872962449098356,6711543575251353484,21.677271317155128,-4.464808102914789,-0.2362691140994042,-0.008054109743710796,0.25,10,6,27.564417371543996,0.004595417,nan,nan,nan
308,0.5271388694865022,0.521623372315446,0.5528530510911898,0.5632854926548803,3197586394482048002,9.310481427828185,-2.108555477946009,-0.07824350584731689,-0.006910663138639872,0.25,10,6,30.63438959727307,0.004855208,nan,nan,nan
309,1.8269345266247985,1.1491248986304088,1.2329675148481671,4.645028383353644,4356544256971049343,34.56545574852866,-7.307738106499194,-0.1723687347945613,-0.01541209393560209,0.25,10,6,27.498232546395656,0.004599834,nan,nan,nan
310,0.7213755738615506,1.73695731556897,1.3997495110426357,4.285122107865381,5908898650764499543,16.869305678991573,-2.8855022954462024,-0.2605435973353455,-0.017496868888032948,0.25,10,6,23.68665572528721,0.003894834,nan,nan,nan
311,1.7156028442271196,1.3315785870523784,1.2210452211131217,0.22328447141590602,6750689104522941823,28.471877131281246,-6.8624113769084785,-0.19973678805785675,-0.015263065263914022,0.25,10,6,30.991036485292263,0.005194208,nan,nan,nan
312,0.624538275125902,1.9081519511177976,1.3870914873600417,0.3993750174136712,3616945358934302275,11.536878590098782,-2.498153100503608,-0.28622279266766965,-0.017338643592000522,0.25,10,6,27.757858856205026,0.004734042,nan,nan,nan
313,1.0294914206862467,0.7717712225631176,1.016973236436118,3.847322044204317,6650269864511500468,20.782247508722136,-4.117965682744987,-0.11576568338446763,-0.012712165455451474,0.25,10,6,26.54068299457139,0.004250333,nan,nan,nan
314,0.6798867958098294,0.6228547880908266,1.984006458786757,3.5787649790025218,1079722802417296485,14.830666584814287,-2.7195471832393174,-0.09342821821362399,-0.024800080734834463,0.25,10,6,23.53566468880192,0.003792666,nan,nan,nan
315,1.8609963755427743,1.8813671886142664,0.590555045631803,2.3456216930441216,8511440980828049871,33.25038401489707,-7.443985502171097,-0.28220507829214,-0.007381938070397539,0.25,10,6,30.79346042166393,0.004797708,nan,nan,nan
316,1.0011577351183552,1.0308154044941833,1.9598551825230004,2.527589203873703,3497957407933356121,19.164602208463894,-4.004630940473421,-0.1546223106741275,-0.024498189781537505,0.25,10,6,27.577199848503977,0.00444575,nan,nan,nan
317,0.8167953560314893,0.6540819439816481,0.8982423229448058,4.983497762947558,8080703868452305877,18.444672625840376,-3.2671814241259574,-0.09811229159724721,-0.011228029036810073,0.25,10,6,23.535159702057822,0.003814167,nan,nan,nan
318,1.003843154388359,0.9373905012988852,1.7584513492690568,4.614814233703294,1075085982510149955,21.23873900469637,-4.015372617553436,-0.14060857519483277,-0.02198064186586321,0.25,10,6,26.648055801035223,0.003967291,nan,nan,nan
319,1.5283248878015552,0.8367655601979743,1.4325856347207346,0.6902392261196133,7369161794451197014,25.64549676706328,-6.113299551206221,-0.12551483402969615,-0.017907320434009184,0.25,10,6,30.954424946345156,0.004948209,nan,nan,nan
320,1.4044718417542563,1.5880233391602723,1.1977903382153379,4.3942813384422905,5779229967179205783,27.818644810006553,-5.617887367017025,-0.23820350087404082,-0.014972379227691724,0.25,10,6,27.35506880444388,0.004488417,nan,nan,nan
321,1.080666705588425,0.9679950489606364,1.4425280413484263,2.5932567320404205,36609611251789771,20.4647210508316,-4.3226668223537,-0.14519925734409544,-0.018031600516855328,0.25,10,6,27.5675419770231,0.004514875,nan,nan,nan
322,1.3609731193939116,1.1881210944559868,1.3567505871340069,1.1864874356096111,9077755832538317992,23.67493000258579,-5.4438924775756465,-0.178218164168398,-0.016959382339175086,0.25,10,6,30.843327862643605,0.004811875,nan,nan,nan
323,0.8502982945006213,1.277608386020916,0.5819103003472887,3.7037780832899223,8817073674456435319,18.075115826912413,-3.4011931780024853,-0.19164125790313738,-0.00727387875434111,0.25,10,6,26.64748769094811,0.004000916,nan,nan,nan
324,1.998275715225549,0.7323723374427819,1.7477125057922316,2.448976723312583,7277747903552710748,34.86081156938704,-7.993102860902196,-0.10985585061641727,-0.021846406322402895,0.25,10,6,30.84648402979422,0.00489925,nan,nan,nan
325,1.4992851521310293,1.3524565962085566,0.9481611357654702,2.715950633940418,95395430520421641,27.515987025762023,-5.997140608524117,-0.2028684894312835,-0.011852014197068378,0.25,10,6,27.904999368766568,0.005085583,nan,nan,nan
326,1.0898493308992263,1.2078423345180447,1.133220746797874,2.605473388908584,1312843555412280753,20.767768084007034,-4.359397323596905,-0.1811763501777067,-0.014165259334973427,0.25,10,6,27.50277742709254,0.005081833,nan,nan,nan
327,1.3299396248386826,0.6819638222955844,0.8767226714473173,2.789924744651736,2834117711694686843,24.478137035448007,-5.31975849935473,-0.10229457334433766,-0.010959033393091467,0.25,10,6,27.51300340866052,0.005037,nan,nan,nan
328,0.6618581547806779,1.9462837226917564,1.4759814072410729,2.20930242910705,5789074948169771332,13.96680313921295,-2.6474326191227116,-0.29194255840376343,-0.01844976759051341,0.25,10,6,27.496244161090768,0.004555958,nan,nan,nan
329,1.8498443883668598,1.8166382760904511,0.9217747697826133,0.2895090758121116,4786540015305639102,30.977002255336142,-7.399377553467439,-0.27249574141356764,-0.011522184622282668,0.25,10,6,31.00429238732483,0.005851709,nan,nan,nan
330,0.6468400988438769,1.5782218854765877,1.3540292222680268,0.7987631400168765,1654067175948726466,12.09513785280486,-2.5873603953755078,-0.23673328282148814,-0.016925365278350337,0.25,10,6,27.927439717207424,0.00516175,nan,nan,nan
331,1.3552471294105253,1.500368756912728,0.5279059567507276,3.43139614771468,9136367051635738836,26.01557147243072,-5.420988517642101,-0.2250553135369092,-0.0065988244593840955,0.25,10,6,27.52777427092539,0.005063166,nan,nan,nan
332,1.0425218896302133,0.6782716179085928,1.1381512608108575,1.7356427470794693,2597200403005887748,18.82295595190804,-4.170087558520853,-0.10174074268628892,-0.014226890760135719,0.25,10,6,27.90840802928923,0.004535709,nan,nan,nan
333,0.6883901146907929,1.7040390818865188,1.6459474323659555,1.6536921399012443,2392090935171703879,13.690357424085843,-2.7535604587631717,-0.2556058622829778,-0.020574342904574446,0.25,10,6,27.753598030551696,0.004493917,nan,nan,nan
334,1.0655260230118846,0.8627732291628907,0.9849345565418992,4.055258777096507,240874445678462810,21.621339082784395,-4.262104092047538,-0.1294159843744336,-0.012311681956773741,0.25,10,6,26.659133947733874,0.004208584,nan,nan,nan
335,1.9743565802995433,1.7240755821102853,0.9035147980103251,2.0426917977192414,3114135877381107025,34.66684243177811,-7.897426321198173,-0.2586113373165428,-0.011293934975129065,0.25,10,6,30.745486680974622,0.004785917,nan,nan,nan
336,1.1000657253546227,1.8213122546975173,1.6936400391082045,4.837396711309755,4694312234073876929,23.53123566980223,-4.400262901418491,-0.2731968382046276,-0.021170500488852557,0.25,10,6,23.535159702057822,0.003711166,nan,nan,nan
337,0.8160565643892399,1.0827159723613242,1.2838072034267374,1.837424808377639,6572438367937137996,15.543959422022272,-3.2642262575569596,-0.16240739585419864,-0.01604759004283422,0.25,10,6,27.739679333417495,0.004422,nan,nan,nan
338,1.0297683137723532,1.052604944222414,1.6982152536988955,1.4159418153367582,3474125224644330665,18.523797802227858,-4.119073255089413,-0.15789074163336209,-0.021227690671236196,0.25,10,6,30.765370534023482,0.004811542,nan,nan,nan
339,0.6068026561058765,1.9701892152783305,0.7491889752545393,3.1355053284579606,8767504133177816313,14.026461355318983,-2.427210624423506,-0.29552838229174955,-0.009364862190681741,0.25,10,6,23.53566468880192,0.003796833,nan,nan,nan
340,1.885856714603897,1.1393570042372796,0.7429554413949262,2.8331271945344705,2580828509670702655,33.69044883073919,-7.543426858415588,-0.17090355063559193,-0.009286943017436577,0.25,10,6,31.000820603459157,0.004772959,nan,nan,nan
341,0.5876800158745421,0.5501865020356573,1.6759876429777512,3.734037353211434,1939896084546611800,13.467029508425503,-2.3507200634981684,-0.0825279753053486,-0.02094984553722189,0.25,10,6,23.53566468880192,0.003807166,nan,nan,nan
342,1.7112239889136172,1.0977432959103328,0.8035174738397215,3.7809559453521624,28632500859845665,31.819185745516236,-6.844895955654469,-0.16466149438654992,-0.01004396842299652,0.25,10,6,27.751609645246813,0.004442041,nan,nan,nan
343,1.0836534630232613,1.6784978166522198,1.5459202586018976,2.331281606135999,3042875266122029401,20.67683570449951,-4.334613852093045,-0.251774672497833,-0.019324003232523722,0.25,10,6,27.6396919580861,0.004496125,nan,nan,nan
344,1.152456960656845,0.5887090062927928,1.5696776756495663,2.730760966626491,2939639690223629167,21.523297740911687,-4.60982784262738,-0.08830635094391891,-0.01962097094561958,0.25,10,6,27.50107309683121,0.004438417,nan,nan,nan
345,1.4128768853047424,0.6939415080318826,0.5951474929510692,3.8628785453424506,715043448352059484,26.88527361503746,-5.65150754121897,-0.10409122620478238,-0.007439343661888365,0.25,10,6,27.860686781971975,0.004392125,nan,nan,nan
346,1.2739989214327436,1.5378575197239064,1.9983048422755052,4.725542837424307,9161506648433839574,26.032240092182548,-5.0959956857309745,-0.23067862795858596,-0.024978810528443817,0.25,10,6,27.322970584522157,0.004427667,nan,nan,nan
347,1.275449798073034,1.6794463108455884,0.9429643047286994,4.805805205403316,377161151885448426,26.22066976107921,-5.101799192292136,-0.2519169466268382,-0.011787053809108744,0.25,10,6,27.34768337331145,0.004433708,nan,nan,nan
348,0.8380749472005615,1.17797614642557,0.8704996045902912,1.1560409618681944,8932254022210956957,15.272025804932522,-3.352299788802246,-0.1766964219638355,-0.010881245057378641,0.25,10,6,31.011551571771243,0.004812292,nan,nan,nan
349,1.7086700299921782,1.484425760205395,1.1484732805300122,1.100037897589778,4449035879774317337,29.329413833587868,-6.834680119968713,-0.22266386403080923,-0.014355916006625153,0.25,10,6,30.98283045070067,0.004954708,nan,nan,nan
350,1.0527999382627327,0.7065871460883325,1.606536698424717,4.319605614569464,8238043480585898774,21.588356914426186,-4.211199753050931,-0.10598807191324987,-0.020081708730308963,0.25,10,6,26.47705466481505,0.004003333,nan,nan,nan
351,0.6103390735048245,0.675651589937026,0.9181907564092415,1.9655187918639538,4834919629158829718,12.136334921903362,-2.441356294019298,-0.1013477384905539,-0.01147738445511552,0.25,10,6,27.418129024113117,0.004463834,nan,nan,nan
352,1.000205934391977,1.7776483923511883,1.3552605622255314,2.232725472183115,5364069656246015100,19.30260945786546,-4.000823737567908,-0.26664725885267826,-0.016940757027819144,0.25,10,6,27.498800656482768,0.004453084,nan,nan,nan
353,1.8748010131504314,1.1537606734773151,0.7880400566427447,3.850053801967808,6923709706177289264,34.5391264164611,-7.499204052601725,-0.17306410102159728,-0.00985050070803431,0.25,10,6,27.801319277868956,0.004459042,nan,nan,nan
354,1.7797618662580572,0.5282613909703777,0.9113921415711115,3.3198864837245194,8430636309290600336,32.11303317843566,-7.119047465032229,-0.07923920864555666,-0.011392401769638894,0.25,10,6,30.99829566973867,0.004788208,nan,nan,nan
355,1.1453977163550126,0.5568986331175456,1.6247758005783912,3.9329593153129077,7976234471802532430,22.593461956863635,-4.581590865420051,-0.08353479496763185,-0.02030969750722989,0.25,10,6,27.34825148339856,0.004371208,nan,nan,nan
356,1.4806804754612206,1.1477563582485977,0.7860987364307639,0.33599825947495,7802508455097203904,24.71553968180364,-5.9227219018448825,-0.17216345373728964,-0.00982623420538455,0.25,10,6,31.34768337331145,0.00499375,nan,nan,nan
357,1.5271914014013954,1.3888837486883425,0.6288292583946895,1.2599131951295062,3773611394350907750,26.52830586676484,-6.108765605605582,-0.20833256230325137,-0.00786036572993362,0.25,10,6,31.014392122206793,0.004874541,nan,nan,nan
358,1.4601934225599607,0.6782325015858413,0.6460469157937121,1.1796943654052616,1467153323032683409,24.949728627316137,-5.840773690239843,-0.10173487523787618,-0.008075586447421401,0.25,10,6,30.969258931953036,0.004881209,nan,nan,nan
359,0.984855502121011,1.1278684564671693,0.6850125027163445,0.28101056112826817,1023737888025095962,16.715419668944747,-3.939422008484044,-0.1691802684700754,-0.008562656283954306,0.25,10,6,30.938328493877037,0.004993708,nan,nan,nan
360,1.2142942864208366,0.7213669020382678,0.5346741581985974,2.4519086748962557,3982033007180145410,22.313437398852603,-4.857177145683346,-0.10820503530574017,-0.006683426977482468,0.25,10,6,27.69479863653579,0.004476709,nan,nan,nan
361,1.7495283924822547,1.4059057414011684,1.4849646410694235,3.242316119208915,6950725867582586174,32.07831384376569,-6.998113569929019,-0.21088586121017525,-0.018562058013367796,0.25,10,6,28.050435551066784,0.004579291,nan,nan,nan
362,1.3919585722291243,0.9710874311310533,0.6591975155439679,3.444739054990018,8460700235971416492,26.298728669334636,-5.567834288916497,-0.145663114669658,-0.008239968944299599,0.25,10,6,27.564417371543996,0.004467375,nan,nan,nan
363,1.5140369628467976,1.4755192367573429,0.8467108790969242,2.9279909686883085,7298309366274311562,28.037893916291477,-6.05614785138719,-0.2213278855136014,-0.010583885988711553,0.25,10,6,27.532035096578717,0.004468875,nan,nan,nan
364,1.0405828262478225,1.2666311470268254,1.1791968748210953,4.962467173420221,2964642220112944959,22.371771081601473,-4.16233130499129,-0.18999467205402382,-0.014739960935263691,0.25,10,6,23.535159702057822,0.00392075,nan,nan,nan
365,0.6201172136648792,1.2614084654379383,1.900650444562238,2.901802306067059,4754472996312669340,13.580522803967888,-2.4804688546595166,-0.18921126981569072,-0.023758130557027978,0.25,10,6,23.541219542986997,0.003849375,nan,nan,nan
366,1.2011439166518163,1.4994370158198813,1.4718577641714212,3.110342435553898,6489222927266664377,23.228307311474886,-4.804575666607265,-0.2249155523729822,-0.018398222052142765,0.25,10,6,27.682016159575813,0.004447834,nan,nan,nan
367,0.5862752416402022,1.8142673880813671,0.5770865647305279,3.6750738070748383,3080769926434479848,14.144038106166894,-2.3451009665608087,-0.2721401082122051,-0.0072135820591315986,0.25,10,6,23.535159702057822,0.003760459,nan,nan,nan
368,0.5423763533405896,0.6296725211308227,1.8027089361730262,0.003982213833301773,8372605145350205632,9.05980737996123,-2.1695054133623586,-0.0944508781696234,-0.02253386170216283,0.25,10,6,31.015970205782097,0.004963708,nan,nan,nan
369,0.6079903357789429,1.289078840192611,0.8023095773587134,4.670810516551613,1267118582383888054,15.172103193130267,-2.4319613431157716,-0.19336182602889165,-0.01002886971698392,0.25,10,6,23.68665572528721,0.003717542,nan,nan,nan
370,0.5050497502085229,1.0889023039091543,1.2801448894092855,0.00804246443952883,654875178726180817,8.742179850121389,-2.0201990008340918,-0.16333534558637314,-0.01600181111761607,0.25,10,6,31.082565332660018,0.004994,nan,nan,nan
371,1.4788383724220826,1.2943475525205796,1.6463452582550957,1.7089963680292197,5368550358190825128,26.14701885829489,-5.91535348968833,-0.19415213287808694,-0.020579315728188698,0.25,10,6,30.623027395530865,0.004823875,nan,nan,nan
372,1.6340869312445854,1.6043172581413954,1.6557638836058888,1.934875717687354,5443153056799163780,29.04285697248556,-6.5363477249783415,-0.24064758872120928,-0.02069704854507361,0.25,10,6,30.749274081555356,0.004850083,nan,nan,nan
373,1.1197665190377855,0.6402092683359923,1.7861127520811582,1.4394172944318546,8943087917330091244,19.73980716003802,-4.479066076151142,-0.09603139025039885,-0.022326409401014477,0.25,10,6,30.835753061482137,0.004790791,nan,nan,nan
374,0.5681996810090019,1.455537847119048,0.6153678749992892,2.626309238626883,3000416499870608705,12.590826843042342,-2.2727987240360075,-0.21833067706785722,-0.007692098437491116,0.25,10,6,23.68665572528721,0.003767208,nan,nan,nan
375,1.0419029324353954,0.5937409485835541,1.9740134206086566,0.4291064704833092,8638049363624480943,17.455797958599767,-4.167611729741582,-0.0890611422875331,-0.02467516775760821,0.25,10,6,31.26846357783108,0.004964917,nan,nan,nan
376,1.8453083934900696,1.2902378687216012,1.830452349511917,1.5851253156788219,3959701718484644757,31.884202332752896,-7.381233573960278,-0.19353568030824017,-0.022880654368898964,0.25,10,6,30.81681605857846,0.004742334,nan,nan,nan
377,1.9674626119487797,1.6713067070635135,1.83570148308773,3.0447632629543926,3292820230733572104,35.52694907837297,-7.869850447795119,-0.250696006059527,-0.022946268538596628,0.25,10,6,31.024491857088748,0.00472275,nan,nan,nan
378,0.6769657549568755,1.7406003884582248,0.6225773279635072,1.1607611699617482,5615020903401760944,13.036573482346691,-2.707863019827502,-0.2610900582687337,-0.00778221659954384,0.25,10,6,27.669233682615832,0.004524666,nan,nan,nan
379,0.5414600180333042,0.7554908007417731,1.099769124999709,4.43201453782002,6732703680532626481,13.548669306797951,-2.165840072133217,-0.11332362011126595,-0.013747114062496364,0.25,10,6,23.534654715313724,0.003759958,nan,nan,nan
380,0.746985670523219,1.4240879424489172,0.9415980588430398,2.851651593597451,421863932080967192,15.657875087438304,-2.987942682092876,-0.21361319136733758,-0.011769975735537999,0.25,10,6,27.384894584017168,0.005146917,nan,nan,nan
381,1.3622256447389818,1.7372844907569363,1.5868231762922567,3.7385303576152844,2102583887878817913,26.576511367893158,-5.448902578955927,-0.26059267361354044,-0.01983528970365321,0.25,10,6,27.73257795732862,0.004655958,nan,nan,nan
382,0.5968951711619875,1.564237619485193,1.2978170285215405,2.6422444393164395,798991737135385131,13.131109749599355,-2.38758068464795,-0.23463564292277894,-0.016222712856519255,0.25,10,6,23.54778437066027,0.003924333,nan,nan,nan
383,1.093790501728061,0.7170001675320526,0.5181288941555144,4.350191630598951,7929042510994693069,22.281039758767157,-4.375162006912244,-0.1075500251298079,-0.006476611176943931,0.25,10,6,26.320824390859737,0.003953375,nan,nan,nan
384,1.4155983413916913,1.865861295880686,1.6927819086977314,2.9370346005221393,272759789482203006,26.70612484031761,-5.662393365566765,-0.2798791943821029,-0.021159773858721642,0.25,10,6,27.702752177755336,0.004937541,nan,nan,nan
385,0.8024311544497303,1.3649002796788166,0.649695298185059,1.8230797443394304,8560830395558627955,15.480918383342406,-3.2097246177989214,-0.2047350419518225,-0.008121191227313238,0.25,10,6,27.74706476454993,0.005466417,nan,nan,nan
386,1.3141035944746653,0.9233959338543392,1.1320826180882255,0.22857319420612643,8947728967817020435,21.808268266113377,-5.256414377898661,-0.13850939007815086,-0.01415103272610282,0.25,10,6,31.0216513066532,0.005856917,nan,nan,nan
387,1.324077170550478,1.7293953348609399,1.554260496969497,2.070734847370821,5612488603005700450,24.293606777095032,-5.296308682201912,-0.259409300229141,-0.019428256212118716,0.25,10,6,30.809872490847113,0.00555175,nan,nan,nan
388,0.6418263804512416,0.9591410618377817,0.9270139556465016,4.199752872490107,6852989746966174049,15.044459596812642,-2.5673055218049665,-0.14387115927566724,-0.01158767444558127,0.25,10,6,23.535159702057822,0.0044685,nan,nan,nan
389,1.4974981106090977,1.1873209196909995,1.3804049110931556,1.049715225804212,3613020610740414594,25.722077547364375,-5.989992442436391,-0.17809813795364993,-0.017255061388664446,0.25,10,6,31.189243782350715,0.0056905,nan,nan,nan
390,1.6036923815125228,1.0151805038306094,1.5998398431241334,1.8903978725416244,4065310030283771701,28.158584279040355,-6.414769526050091,-0.15227707557459141,-0.019997998039051668,0.25,10,6,30.840802928923114,0.005087958,nan,nan,nan
391,1.5003360105783186,0.6895203644962915,0.9589027409448889,2.4757124165341295,3694771131052280690,26.894800804485,-6.001344042313274,-0.10342805467444373,-0.011986284261811113,0.25,10,6,31.069309430627445,0.004840792,nan,nan,nan
392,1.8213343721388466,1.9689758874963847,0.6609209571676029,1.747683671359378,3668245906554327434,32.07041915807876,-7.2853374885553865,-0.2953463831244577,-0.008261511964595037,0.25,10,6,30.8376467617725,0.004778083,nan,nan,nan
393,0.7171835748098356,1.0253758888846556,1.4129457626376802,3.761374738918698,6359045698153843835,15.85153746920686,-2.8687342992393425,-0.15380638333269833,-0.017661822032971005,0.25,10,6,23.529604847872744,0.003725416,nan,nan,nan
394,1.3029478335599838,1.6547138684938731,1.580013685898221,3.648148486902785,4176267644402822796,25.488142144958847,-5.211791334239935,-0.24820708027408095,-0.019750171073727764,0.25,10,6,27.55731599545512,0.004497458,nan,nan,nan
395,0.9998356644049,1.8584970772630696,1.1916014214182078,4.59485562429342,5271273999038521619,21.707324501129662,-3.9993426576196,-0.2787745615894604,-0.014895017767727598,0.25,10,6,23.541219542986997,0.003797167,nan,nan,nan
396,0.8565675569903202,0.8418652989787239,1.0798927713513495,1.409188403577533,8698295772269140196,15.61938849480989,-3.4262702279612807,-0.12627979484680857,-0.01349865964189187,0.25,10,6,27.92261078146699,0.0045835,nan,nan,nan
397,1.8410696339173482,1.5106290694881994,1.1562404417508574,3.5872671905717164,5334189119856191406,33.95075877494221,-7.364278535669393,-0.2265943604232299,-0.014453005521885718,0.25,10,6,28.022030046711276,0.004506459,nan,nan,nan
398,1.041908666347727,1.146624159231988,1.9237609998377865,4.83989425912111,5469778410326864420,22.198407416223937,-4.167634665390908,-0.1719936238847982,-0.024047012497972333,0.25,10,6,23.53566468880192,0.003729166,nan,nan,nan
399,0.6752751061880102,0.7764430748241641,0.8925764332384956,4.708366653132904,7750166611331349923,15.978634197035566,-2.701100424752041,-0.11646646122362461,-0.011157205415481194,0.25,10,6,23.53566468880192,0.003722459,nan,nan,nan
400,1.8537520274059425,0.9626881343396461,0.5741380739969141,3.5466669185433974,6088738237174495402,33.78431223764226,-7.41500810962377,-0.1444032201509469,-0.007176725924961426,0.25,10,6,30.988827168286832,0.004718792,nan,nan,nan
401,1.9996612529194209,1.1578074023724345,1.5353824859331788,2.9001144042707527,6945139369302763465,35.589378892404945,-7.9986450116776835,-0.17367111035586516,-0.019192281074164735,0.25,10,6,30.779888902916298,0.004773208,nan,nan,nan
402,0.5835772407092621,1.9531793988018018,1.3849326089425813,1.5330037789533546,1994769123408902351,12.042147269582628,-2.3343089628370484,-0.29297690982027025,-0.01731165761178227,0.25,10,6,27.771777553339227,0.004418583,nan,nan,nan
403,0.545999924455886,1.4478263088826768,1.0635170688217115,2.072883985059963,1283431484762386178,11.677578561683745,-2.183999697823544,-0.21717394633240153,-0.013293963360271395,0.25,10,6,24.334553717964905,0.004124334,nan,nan,nan
404,0.8536654804792483,1.3696924418609875,1.6960716533519302,1.1884157909040816,6047609831091949104,15.668878943688647,-3.414661921916993,-0.2054538662791481,-0.02120089566689913,0.25,10,6,27.547090013887136,0.004444375,nan,nan,nan
405,0.5513313082367151,0.5703272623588477,0.6695275967281276,3.3257389881619677,1075091363893081143,12.489236277364718,-2.2053252329468602,-0.08554908935382714,-0.008369094959101596,0.25,10,6,23.541724529731095,0.003714333,nan,nan,nan
406,1.654455333030716,0.5209777372763824,1.6911680510813822,0.35004999694253247,8418146529680092854,27.133921967799818,-6.617821332122864,-0.07814666059145736,-0.02113960063851728,0.25,10,6,31.068993813912385,0.004923875,nan,nan,nan
407,0.8704496830999617,1.8921230167692158,1.3438825101728118,2.018303143815907,2606583839449198549,17.080771883476825,-3.481798732399847,-0.28381845251538235,-0.01679853137716015,0.25,10,6,27.707865168539325,0.004472625,nan,nan,nan
408,0.9641248358829388,0.6121160700905695,1.6178834413559757,0.8150488876892242,8867019609485345526,16.608315903870587,-3.8564993435317554,-0.09181741051358541,-0.0202235430169497,0.25,10,6,30.747695997980053,0.004833375,nan,nan,nan
409,1.5253137012594415,1.7720597710018846,1.4626469057380687,0.16774376830996973,2742477060319122463,25.635998851062162,-6.101254805037766,-0.26580896565028267,-0.018283086321725858,0.25,10,6,31.03459159197071,0.00503325,nan,nan,nan
410,1.5435282143135343,1.336619908163891,0.679015596681394,3.0876076662601677,83058492291687537,28.58603104017505,-6.174112857254137,-0.20049298622458364,-0.008487694958517426,0.25,10,6,27.69479863653579,0.004459583,nan,nan,nan
411,1.5930952904275486,1.196706312886462,1.4729188766910342,4.879216083440349,7865431366598552076,31.086764518013005,-6.372381161710194,-0.17950594693296928,-0.018411485958637928,0.25,10,6,27.463577831081935,0.004498709,nan,nan,nan
412,0.971569007932493,0.7964516821939388,0.9439523809990711,3.624955175084246,762955009110661243,19.647930311320497,-3.886276031729972,-0.11946775232909082,-0.01179940476248839,0.25,10,6,26.68668728695872,0.004262334,nan,nan,nan
413,1.974654197308067,1.986031596126953,0.7606030710474806,1.1849433774122713,8768259401623991709,33.971029492017514,-7.898616789232268,-0.29790473941904294,-0.009507538388093508,0.25,10,6,31.068678197197322,0.004956,nan,nan,nan
414,1.0144513254013103,0.6319977991676841,1.790090243517172,4.285670902117728,1222620264005410930,20.896090788039302,-4.057805301605241,-0.0947996698751526,-0.02237612804396465,0.25,10,6,26.47648655472794,0.004081,nan,nan,nan
415,0.7108526232330725,1.0355461638771128,0.904088018898706,2.9323575220597737,4678433148578476824,14.9273271921152,-2.84341049293229,-0.15533192458156692,-0.011301100236233826,0.25,10,6,26.655441232167657,0.004054833,nan,nan,nan
416,1.7454402984693826,1.1863669809261124,1.9565655770937358,0.504509551892729,1768901356681973471,29.143374515958516,-6.981761193877531,-0.17795504713891686,-0.0244570697136717,0.25,10,6,31.10402726928418,0.005020875,nan,nan,nan
417,1.174245923011493,1.6773717927987084,0.8248759216442486,2.9881380596820546,3945742900925385245,22.78249590354517,-4.696983692045972,-0.25160576891980624,-0.010310949020553108,0.25,10,6,27.770641333165003,0.004563792,nan,nan,nan
418,1.5719031449669578,1.8742312344678462,1.4486672145857562,2.5039215595928526,60731121086635022,28.778910619744888,-6.287612579867831,-0.2811346851701769,-0.018108340182321953,0.25,10,6,27.897045827547025,0.004651167,nan,nan,nan
419,0.6429509962814323,0.9229156837871515,1.7156379295557462,4.469203066856323,4812196252583115083,15.31016841763153,-2.571803985125729,-0.1384373525680727,-0.02144547411944683,0.25,10,6,23.68665572528721,0.00385425,nan,nan,nan
420,1.4196476023455975,1.4001758639760695,1.849428662099014,2.38733771014831,8510609702230914359,25.94180486606351,-5.67859040938239,-0.21002637959641043,-0.023117858276237677,0.25,10,6,30.63723014770862,0.004744542,nan,nan,nan
421,1.2162320325866476,0.909653394952606,0.7848069252687806,4.592945570764312,5142448991318339651,24.598450129122234,-4.86492813034659,-0.13644800924289088,-0.009810086565859757,0.25,10,6,26.67390480999874,0.004150459,nan,nan,nan
422,1.9684354929270576,1.4979614221442943,1.3704122210530023,3.912324269062572,3801730435083653159,36.30606900918207,-7.87374197170823,-0.22469421332164413,-0.01713015276316253,0.25,10,6,27.703320287842445,0.004448084,nan,nan,nan
423,1.2080848748428108,1.091702254443469,0.9043210337595918,2.736033387323303,8683329780871890184,22.72041273747436,-4.832339499371243,-0.16375533816652033,-0.0113040129219949,0.25,10,6,27.772345663426336,0.00440125,nan,nan,nan
424,1.6191835459343342,1.9067032313022274,0.9934075866771384,1.249789570293622,7867888189846056430,28.300748244024305,-6.476734183737337,-0.2860054846953341,-0.01241759483346423,0.25,10,6,30.86037116525691,0.005043917,nan,nan,nan
425,0.6748811815138467,1.5544482262581867,1.9971031338289547,3.32460788184925,5842794659326217389,15.055375721825708,-2.6995247260553867,-0.23316723393872799,-0.024963789172861933,0.25,10,6,23.53566468880192,0.003892709,nan,nan,nan
426,1.4628608178222946,1.4127229342881193,0.9463024070265585,4.343062970879271,6112172031066106881,28.596469816608856,-5.851443271289178,-0.21190844014321789,-0.011828780087831982,0.25,10,6,27.744224214114382,0.004638416,nan,nan,nan
427,1.0332191604896919,1.6993889020888142,1.3988270520884225,1.6668105061391696,8920483906584639448,19.217950415227527,-4.1328766419587675,-0.25490833531332213,-0.01748533815110528,0.25,10,6,27.731157682110844,0.004678375,nan,nan,nan
428,1.7556674878797804,0.7001081906575479,1.6449345419863026,0.5653278588730781,3766039808782511643,29.076072579344096,-7.022669951519122,-0.10501622859863219,-0.020561681774828783,0.25,10,6,31.01881075621765,0.005162208,nan,nan,nan
429,0.5522215741682597,1.1467926720036634,1.5989740628635396,2.06777588931327,3833636822902657826,11.591396679207623,-2.2088862966730387,-0.17201890080054952,-0.019987175785794245,0.25,10,6,27.545101628582252,0.00466075,nan,nan,nan
430,1.1667597599666375,1.9229298366721466,0.8472045934823356,3.187559878295207,5129059778462643798,23.009473939764696,-4.66703903986655,-0.288439475500822,-0.010590057418529196,0.25,10,6,27.50448175735387,0.004695666,nan,nan,nan
431,1.9144455256142847,1.1842229628076861,1.3433767696707082,4.302404260933862,1836563303220394303,35.64406644844703,-7.657782102457139,-0.17763344442115292,-0.016792209620883854,0.25,10,6,27.756154525943693,0.0044855,nan,nan,nan
432,0.7817079597117753,1.9458241962963667,0.576124064562324,0.01794926839741029,6646367633421621906,13.692771141563636,-3.1268318388471013,-0.291873629444455,-0.0072015508070290505,0.25,10,6,31.01123595505618,0.005228417,nan,nan,nan
433,1.8753958348472144,1.2188230693285174,0.7945115386119286,1.2829148450471206,5254710792243547269,32.020542044199665,-7.501583339388858,-0.1828234603992776,-0.009931394232649108,0.25,10,6,31.05163489458402,0.005397417,nan,nan,nan
434,1.1466658474335956,0.9755538292179797,1.1009225386420671,2.7309684497201605,3984580421120295425,21.662954306188475,-4.586663389734382,-0.14633307438269696,-0.01376153173302584,0.25,10,6,27.50561797752809,0.004978666,nan,nan,nan
435,0.6609462926773806,0.9549124610710249,0.7530982253957264,4.23623498555482,1345088160023468334,15.384323145035523,-2.6437851707095223,-0.14323686916065373,-0.00941372781744658,0.25,10,6,23.53566468880192,0.004314417,nan,nan,nan
436,1.742020351957378,0.7246234018751063,0.6710147132376065,2.8652231381029365,390737031294746021,31.17232281054605,-6.968081407829512,-0.10869351028126595,-0.008387683915470082,0.25,10,6,30.74106804696377,0.005496,nan,nan,nan
437,1.606909545497009,0.660308435213175,0.7670378848199002,2.5141283699614654,2504102095938818059,28.620866159041515,-6.427638181988036,-0.09904626528197624,-0.009587973560248753,0.25,10,6,31.02133568993814,0.005475041,nan,nan,nan
438,1.7290908556001403,1.943334121815898,1.874351122831441,2.280786602068831,6970060762681845221,31.112240764760614,-6.916363422400561,-0.2915001182723847,-0.023429389035393013,0.25,10,6,30.75243024870597,0.005320708,nan,nan,nan
439,1.7879038145049406,1.4705767222171116,1.3438455176423627,2.37563363341984,413901751197933311,31.864440698829156,-7.1516152580197625,-0.22058650833256674,-0.016798068970529535,0.25,10,6,31.028279257669485,0.005111666,nan,nan,nan
440,1.1408203209294947,1.9461528285961038,1.1562917292024726,1.2771634594583796,5342990438505060431,20.697980291487955,-4.563281283717979,-0.2919229242894156,-0.014453646615030909,0.25,10,6,27.66696124226739,0.004662917,nan,nan,nan
441,0.9845621524761066,1.936033444744455,0.6163132653136079,2.8059766792430945,5664839003624991501,19.720591185707473,-3.9382486099044263,-0.29040501671166824,-0.007703915816420099,0.25,10,6,27.38887135462694,0.004443917,nan,nan,nan
442,0.749643552107336,1.5544311238016355,1.9914105600316687,3.111339503036747,6959394399570689087,16.038295011035103,-2.998574208429344,-0.23316466857024531,-0.024892632000395862,0.25,10,6,23.53995707612675,0.004001333,nan,nan,nan
443,0.9364083061897914,1.5405246906470895,1.0899019567097417,0.22999742763047337,4314225322995638419,16.13684514105539,-3.7456332247591657,-0.23107870359706342,-0.013623774458871772,0.25,10,6,30.979674283550057,0.00499075,nan,nan,nan
444,1.600390691352407,1.1334681456793212,1.6446845498657534,3.0868701922019435,1221761109690977160,29.373202141248047,-6.401562765409628,-0.17002022185189816,-0.02055855687332192,0.25,10,6,30.577578588562048,0.004763958,nan,nan,nan
445,1.678541921450854,1.0516821602531994,1.9398221656732655,3.906862415824712,8222985683058778,31.394542455190294,-6.714167685803416,-0.1577523240379799,-0.02424777707091582,0.25,10,6,27.744224214114382,0.00448125,nan,nan,nan
446,0.8999840724533167,1.848800397631144,1.127837214487744,1.7016841004302101,1837612602090112314,17.210709498261963,-3.5999362898132667,-0.2773200596446716,-0.014097965181096801,0.25,10,6,27.696787021840677,0.004480083,nan,nan,nan
447,1.0653257832517489,0.6812354281734021,0.6410928613527731,1.888892602460574,1479777462451369513,19.342846391392598,-4.2613031330069955,-0.10218531422601031,-0.008013660766909665,0.25,10,6,27.904999368766568,0.004488334,nan,nan,nan
448,1.1472078059199253,0.793101157360061,0.8106484811879775,0.9444628518843706,5607577794851627043,19.77564844101921,-4.588831223679701,-0.11896517360400916,-0.01013310601484972,0.25,10,6,30.825022093170055,0.004826,nan,nan,nan
449,1.4645996348103367,0.829635602786581,0.7122174290915566,3.334386367995327,2216695556489726813,27.26576188663266,-5.858398539241347,-0.12444534041798715,-0.008902717863644457,0.25,10,6,30.830071960611033,0.004881292,nan,nan,nan
450,1.4866163683913802,0.8036005187902795,1.9502530331429289,2.751485781843725,3283951075662097673,27.019507987379978,-5.946465473565521,-0.12054007781854192,-0.024378162914286614,0.25,10,6,27.65843959096074,0.004531833,nan,nan,nan
451,0.7386109758773518,1.2801650002329872,0.516446082966665,3.807942345479919,1696107011659629809,16.39381695965734,-2.954443903509407,-0.19202475003494807,-0.006455576037083313,0.25,10,6,23.534654715313724,0.003758,nan,nan,nan
452,1.6925146825858954,1.466347038219936,0.7107160762316906,4.4032837109442236,5374247654078317481,32.36332685525051,-6.770058730343582,-0.2199520557329904,-0.008883950952896133,0.25,10,6,27.73939527837394,0.004403334,nan,nan,nan
453,1.734811778400481,0.5926563549287356,1.3761802211317395,2.4991911855500577,5348937013767310231,30.611773452914996,-6.939247113601924,-0.08889845323931034,-0.017202252764146744,0.25,10,6,30.776101502335564,0.00471175,nan,nan,nan
454,1.8356716035034035,0.5050667306436754,0.8798575914593023,4.883612776731443,1675430264627292609,34.55739847117211,-7.342686414013614,-0.0757600095965513,-0.01099821989324128,0.25,10,6,27.799046837520518,0.004462375,nan,nan,nan
455,0.7147363674117228,0.811645555626247,0.5047793000414187,2.0089529582316086,7564022198276044144,13.93172217019492,-2.858945469646891,-0.12174683334393704,-0.006309741250517734,0.25,10,6,27.559588435803562,0.004425167,nan,nan,nan
456,0.6810291057623084,1.8931415946939385,1.2015721164758097,1.8077426369925653,2964749190806976353,13.840093286005862,-2.7241164230492334,-0.2839712392040908,-0.015019651455947622,0.25,10,6,27.558168160585783,0.004446667,nan,nan,nan
457,1.9565995707000094,1.0906729159424755,1.2073540590026641,3.2508670252615235,3901158320946369169,35.21086390602716,-7.826398282800038,-0.16360093739137133,-0.015091925737533303,0.25,10,6,31.015023355636913,0.004854875,nan,nan,nan
458,1.701749301339527,0.8818590889030766,0.9821588683992591,0.7113616823718144,7244479963920354137,28.468465957146094,-6.806997205358108,-0.1322788633354615,-0.01227698585499074,0.25,10,6,31.258995076379247,0.005009125,nan,nan,nan
459,1.1623949970667602,0.665594671187311,1.4438027051830973,2.3383098848530266,2971994896922075646,21.335986640633575,-4.649579988267041,-0.09983920067809664,-0.018047533814788717,0.25,10,6,27.88341118545638,0.004485167,nan,nan,nan
460,1.4082414640801801,1.1830316488469568,1.5103932366349884,0.9535330183872115,6361990408553773672,24.19521543297827,-5.6329658563207206,-0.1774547473270435,-0.018879915457937355,0.25,10,6,31.084459032950384,0.004915875,nan,nan,nan
461,1.8487707533264162,1.9102198876218655,1.7219165452470746,1.5181109260648873,3296314001486966103,32.24457491186067,-7.395083013305665,-0.2865329831432798,-0.021523956815588434,0.25,10,6,30.876152001009977,0.004855833,nan,nan,nan
462,1.463366503747643,0.6351109714836137,1.0588949924503102,1.0881334697941314,6143718867428868486,24.883064112646586,-5.853466014990572,-0.09526664572254205,-0.013236187405628878,0.25,10,6,30.795038505239237,0.004892083,nan,nan,nan
463,1.8259352021070594,1.042280762105103,0.9034881946435768,3.6834652521006013,3143555653586698625,33.52379694307661,-7.303740808428238,-0.15634211431576542,-0.011293602433044711,0.25,10,6,27.757290746117913,0.004529791,nan,nan,nan
464,1.1511726912481448,0.9353566885439287,1.51945824277947,0.28951619867352896,931509963862546247,19.2694932717702,-4.604690764992579,-0.1403035032815893,-0.018993228034743376,0.25,10,6,30.956318646635527,0.005092583,nan,nan,nan
465,0.8408630751537647,0.77572649668,1.653408508335188,4.442977571887113,3487275276675342226,18.362222672355347,-3.3634523006150587,-0.116358974502,-0.02066760635418985,0.25,10,6,23.53566468880192,0.004069667,nan,nan,nan
466,0.8542657842830248,1.0754673964686279,0.733610576566204,4.119363932417083,7601281266356802194,18.432896918826657,-3.417063137132099,-0.16132010947029418,-0.00917013220707755,0.25,10,6,26.48387198586037,0.004433541,nan,nan,nan
467,1.1915686569110278,1.2006530143502985,0.5354615235131917,3.004848463991289,2636769657558608016,22.79033878317791,-4.766274627644111,-0.18009795215254476,-0.006693269043914896,0.25,10,6,27.580892564070194,0.005082458,nan,nan,nan
468,1.1285870409642187,1.276358328142211,1.228485733223482,2.06450994063994,7282359031741473854,20.887717592952765,-4.514348163856875,-0.19145374922133165,-0.015356071665293526,0.25,10,6,27.907839919202118,0.00501275,nan,nan,nan
469,0.9989827617559306,0.8891253882520658,1.6929993369826986,1.0672662448069077,6208200938718787161,17.58446566585304,-3.9959310470237224,-0.13336880823780986,-0.021162491712283734,0.25,10,6,30.74422421411438,0.005265667,nan,nan,nan
470,1.1901228269973272,0.6571594016120441,1.3497722019783462,0.2768355548427842,3501504562091614005,19.713096427767244,-4.760491307989309,-0.09857391024180662,-0.016872152524729327,0.25,10,6,31.250789041787655,0.005554708,nan,nan,nan
471,1.9580020367664184,0.7000981365388668,0.8039986572694229,3.2891947234599246,608703111509161937,35.03728619364594,-7.8320081470656735,-0.10501472048083,-0.010049983215867787,0.25,10,6,30.731599545511934,0.005390209,nan,nan,nan
472,1.322777698480725,1.0158118921580015,1.6671904311851462,3.2704163325258473,2611460816728469203,25.04434664351225,-5.2911107939229,-0.15237178382370023,-0.020839880389814328,0.25,10,6,27.750189370029034,0.004957334,nan,nan,nan
473,1.563563180751431,1.2033976450544017,1.4579990299851362,3.699286408497357,8125818775047482753,29.438335887552896,-6.254252723005724,-0.18050964675816025,-0.018224987874814202,0.25,10,6,27.772345663426336,0.004676125,nan,nan,nan
474,1.3854331155674102,1.8162759347216924,1.0521952411483655,2.6579596118115196,3246714719436431350,25.9146550217231,-5.541732462269641,-0.27244139020825386,-0.013152440514354569,0.25,10,6,27.640544123216763,0.004717167,nan,nan,nan
475,0.6134436247947246,0.9665003647181647,1.5417842453857677,1.8815691258944516,2538909203804266809,12.276567341440943,-2.4537744991788983,-0.1449750547077247,-0.019272303067322097,0.25,10,6,27.79478601186719,0.004547625,nan,nan,nan
476,1.4947935416080105,1.5034433355105024,0.9817453467004813,1.5466536839900857,385420766941690539,26.365416351024557,-5.979174166432042,-0.22551650032657533,-0.012271816833756017,0.25,10,6,30.82880949375079,0.0053565,nan,nan,nan
477,0.7525902669282734,1.1653626319105266,1.4386687358377868,4.417094983982125,7004828197131798246,17.157756833980812,-3.0103610677130934,-0.17480439478657897,-0.017983359197972334,0.25,10,6,23.53566468880192,0.00409,nan,nan,nan
478,0.6221314862162406,1.989031753107842,1.5678787932510512,3.7518953440566865,1965651565430376504,14.899418175381241,-2.4885259448649624,-0.2983547629661763,-0.01959848491563814,0.25,10,6,23.68665572528721,0.00408875,nan,nan,nan
479,1.777553949313253,1.1384448413842962,0.6186767738455481,1.0004436188785042,2652663836707698078,30.12437371272113,-7.110215797253012,-0.17076672620764444,-0.007733459673069352,0.25,10,6,31.062365862896097,0.005561042,nan,nan,nan
480,0.9007384993809681,0.9307922609954193,1.5876470539010303,2.7446786706344217,5714319115851367879,17.71497001732716,-3.6029539975238722,-0.1396188391493129,-0.01984558817376288,0.25,10,6,27.644520893826538,0.004877958,nan,nan,nan
481,0.5039066486660333,0.8986190176389259,0.8797351063382463,2.13869706655342,5176318250443206799,10.74037485579331,-2.015626594664133,-0.13479285264583887,-0.01099668882922808,0.25,10,6,26.323096831208183,0.004254041,nan,nan,nan
482,1.3479151715998696,1.3527262132868394,0.7006698979912296,0.922199981826417,3198204040578627457,23.300478455396433,-5.3916606863994785,-0.2029089319930259,-0.00875837372489037,0.25,10,6,30.99829566973867,0.004949958,nan,nan,nan
483,1.030437246597827,1.9924425378431976,1.5780164255858191,3.751366556372907,6555373576717422655,21.43382802464406,-4.121748986391308,-0.29886638067647964,-0.01972520531982274,0.25,10,6,27.672358288094937,0.004406083,nan,nan,nan
484,0.9385552395636323,1.7625110786796327,0.5509537431730658,4.753100206210468,3848966850843585700,20.827490686436366,-3.754220958254529,-0.2643766618019449,-0.006886921789663322,0.25,10,6,23.68716071203131,0.003754084,nan,nan,nan
485,1.2730240597314648,1.1690281827883704,0.9489794343030095,3.093042097039161,5735665214147670861,24.16284396241562,-5.092096238925859,-0.17535422741825554,-0.011862242928787618,0.25,10,6,27.707865168539325,0.004480625,nan,nan,nan
486,0.6778094875850084,0.5183982724590577,1.2950263111407523,4.488643046515175,5890875321931232738,15.644633811350744,-2.7112379503400335,-0.07775974086885865,-0.016187828889259404,0.25,10,6,23.687665698775408,0.003731542,nan,nan,nan
487,0.8366936316999531,0.946265321515922,0.7408605340642194,3.572951544062619,3228592015566490188,17.527808844171425,-3.3467745267998126,-0.1419397982273883,-0.009260756675802742,0.25,10,6,26.47762277490216,0.004151584,nan,nan,nan
488,0.7805333909620202,1.1086194977188786,1.8481954394269111,2.6450802570568968,1808617555768326675,15.798786211080548,-3.122133563848081,-0.16629292465783177,-0.02310244299283639,0.25,10,6,27.576347683373314,0.00439125,nan,nan,nan
489,1.0872823738295163,0.5373962864076214,0.8881973444418035,0.1439066898373953,7027559089243067443,17.862862442954228,-4.349129495318065,-0.08060944296114321,-0.011102466805522545,0.25,10,6,31.11381138745108,0.005049625,nan,nan,nan
490,0.8348491607944835,0.5625760052712219,0.5065116165432992,1.4931282329538638,4827318983533656009,15.18826040882833,-3.339396643177934,-0.08438640079068328,-0.0063313952067912405,0.25,10,6,27.982546395657113,0.004631041,nan,nan,nan
491,1.89108607427185,1.9781986944449494,0.8465714695305225,2.3672259289461333,8112405921031142803,33.8115223339627,-7.5643442970874,-0.2967298041667424,-0.010582143369131533,0.25,10,6,30.82880949375079,0.004859458,nan,nan,nan
492,0.9759511911225682,1.8312119120117218,1.3353127855998825,2.716713276916348,5770983514113356223,19.430659482084472,-3.903804764490273,-0.27468178680175825,-0.01669140981999853,0.25,10,6,27.515275849008965,0.004520875,nan,nan,nan
493,0.8596855117025289,1.102046210843888,0.7844377411824617,3.829607301133887,71283133650849050,18.24580321488068,-3.4387420468101157,-0.1653069316265832,-0.009805471764780771,0.25,10,6,23.39578336068678,0.003776167,nan,nan,nan
494,0.7713585706932319,0.8750125861883054,1.0816183212492496,1.0560361942487317,1658318194277266625,13.922780877053425,-3.0854342827729275,-0.1312518879282458,-0.013520229015615622,0.25,10,6,27.72689685645752,0.004467834,nan,nan,nan
495,0.6619522659125457,0.6549181915656823,1.6998105801231163,3.6186890817564294,674183933848109526,14.60287625129657,-2.647809063650183,-0.09823772873485234,-0.021247632251538955,0.25,10,6,23.53566468880192,0.003715542,nan,nan,nan
496,1.974212421641203,1.5099381780962757,1.2810045884189147,0.7614310949749875,5538457637849080758,33.254792748092,-7.896849686564812,-0.22649072671444134,-0.016012557355236434,0.25,10,6,31.29055674788537,0.0049395,nan,nan,nan
497,0.8057450839362787,1.1972485717858454,0.6443921363591526,0.7786055877225934,2521846894326696350,14.38887607377456,-3.222980335745115,-0.1795872857678768,-0.008054901704489408,0.25,10,6,30.76000504986744,0.004754708,nan,nan,nan
498,1.7487425530941159,1.1778990647833112,1.3492710972629343,0.5301375519816953,8846630301181906039,29.216757840357538,-6.994970212376463,-0.17668485971749667,-0.01686588871578668,0.25,10,6,30.98788031814165,0.004968958,nan,nan,nan
499,1.5051571051315726,1.244556363089833,0.8619010186109813,0.07941056746077091,1707850816186123161,24.908658067419832,-6.0206284205262905,-0.18668345446347495,-0.010773762732637268,0.25,10,6,31.031119808105036,0.00509425,nan,nan,nan
500,1.1234845236922324,1.976566221212699,0.8432755493266142,4.48174146490716,5552578248011196068,23.643433576710496,-4.49393809476893,-0.29648493318190483,-0.010540944366582677,0.25,10,6,26.530172957959852,0.004155,nan,nan,nan
501,0.632703851179908,0.6473014357987281,1.400083487671668,0.1002957999475973,4001730921649065825,10.611938280305361,-2.530815404719632,-0.09709521536980921,-0.01750104359589585,0.25,10,6,31.089508900391362,0.004989708,nan,nan,nan
502,0.7716830185676911,0.5960157542338618,1.2718824233273154,0.9943202906927684,9206514519414356461,13.698858040316141,-3.0867320742707642,-0.08940236313507927,-0.015898530291591443,0.25,10,6,30.62365862896099,0.004817083,nan,nan,nan
503,1.471220782677859,1.3104508294222796,1.1302656036585559,0.4852884097167537,5523426190256728883,24.811091430215868,-5.884883130711436,-0.19656762441334194,-0.01412832004573195,0.25,10,6,30.967049614947605,0.0049765,nan,nan,nan
504,1.8369891602745634,1.9909320032772209,1.655305086416357,4.46640354046072,2479817180036352858,35.05278930682007,-7.3479566410982535,-0.2986398004915831,-0.020691313580204464,0.25,10,6,27.546805958843578,0.004515666,nan,nan,nan
505,1.2060532460427225,1.8206645431034696,1.6547819930687753,0.8903955990793633,8962232736044926407,21.279646261625004,-4.82421298417089,-0.27309968146552044,-0.020684774913359693,0.25,10,6,30.89319530362328,0.005281583,nan,nan,nan
506,1.9470290677813882,0.8844572663524051,1.9382331281957559,1.9292243253858392,998076262650669356,33.61236376969949,-7.788116271125553,-0.13266858995286077,-0.02422791410244695,0.25,10,6,31.017548289357407,0.005301208,nan,nan,nan
507,0.681129604043907,1.0804028702691908,1.8590633247352821,0.943077814030035,2103451040654675303,12.489393200894062,-2.724518416175628,-0.1620604305403786,-0.023238291559191028,0.25,10,6,27.547658123974244,0.004974083,nan,nan,nan
508,1.1139896273946415,0.5732437290763789,1.4579243736770107,3.437276543884564,7627367997414773753,21.605056819644656,-4.455958509578566,-0.08598655936145683,-0.018224054670962633,0.25,10,6,27.828304507006692,0.005005125,nan,nan,nan
509,1.1525438215286585,0.5516187860030379,1.5645122106604206,1.2309318790133295,923444256625736524,20.002604295073688,-4.610175286114634,-0.08274281790045569,-0.019556402633255258,0.25,10,6,30.642595631864662,0.005438625,nan,nan,nan
510,1.9825113233347387,1.622123657183897,1.3976161869537536,2.188681756658173,826843422719248855,34.88213712432432,-7.930045293338955,-0.24331854857758456,-0.01747020233692192,0.25,10,6,30.84648402979422,0.005512125,nan,nan,nan
511,1.710596139566264,0.8562428346443596,1.6313759256753364,4.859339763807976,3679575097878222485,32.742623697654814,-6.842384558265056,-0.12843642519665394,-0.020392199070941707,0.25,10,6,27.69905946218912,0.004843292,nan,nan,nan
512,1.0353614161570033,0.8395659517004291,1.3848955798905178,1.7228496673932947,4179410081510953505,18.792371896925605,-4.141445664628013,-0.12593489275506436,-0.017311194748631475,0.25,10,6,27.923462946597652,0.004637042,nan,nan,nan
513,0.9263459379910438,1.9565669916817234,1.2131239438320214,2.6871325019339687,2655417443242130914,18.682607704799704,-3.7053837519641752,-0.2934850487522585,-0.015164049297900268,0.25,10,6,27.50504986744098,0.004566,nan,nan,nan
514,1.0718727266941483,1.473813594799056,1.4313866534885502,3.9316062525091864,3623475780669741990,21.965858036494996,-4.287490906776593,-0.2210720392198584,-0.01789233316860688,0.25,10,6,27.70814922358288,0.004390959,nan,nan,nan
515,1.3171810613921207,0.5477603721662119,1.4839785180486045,4.838966800798156,5181652079289290861,26.242520006371812,-5.268724245568483,-0.08216405582493178,-0.018549731475607557,0.25,10,6,26.522503471783864,0.004211292,nan,nan,nan
516,0.7212363593553264,0.6368264550665583,1.1008765638862612,1.1996605179113518,5675286413732851129,13.12153814063651,-2.8849454374213055,-0.09552396825998374,-0.013760957048578265,0.25,10,6,27.730589572023735,0.00451875,nan,nan,nan
517,1.0063824082835442,1.689624449797889,1.6793269443026566,2.928132459491129,1103793984382710572,20.044025661906566,-4.025529633134177,-0.25344366746968333,-0.02099158680378321,0.25,10,6,27.685992930185584,0.004495041,nan,nan,nan
518,0.875806101534721,1.7538544794842594,1.7824603394715106,1.9208204531391337,481326531023711640,16.986030765385227,-3.503224406138884,-0.2630781719226389,-0.022280754243393885,0.25,10,6,27.683436434793588,0.004602625,nan,nan,nan
519,0.5686094799492258,1.4622027908180388,0.6500181944048682,3.0692467922204902,6045280526468156730,13.044320145898926,-2.2744379197969034,-0.21933041862270583,-0.008125227430060852,0.25,10,6,23.529099861128646,0.003733417,nan,nan,nan
520,0.622639516565907,1.628389809557225,1.6569286003609607,3.126611831796703,528272302117852880,14.06587798258555,-2.490558066263628,-0.24425847143358373,-0.02071160750451201,0.25,10,6,23.542229516475192,0.003704959,nan,nan,nan
521,0.7789997965298368,1.123362388055509,1.8017405946009952,4.8922995782310625,79267546260033599,18.030313755541755,-3.115999186119347,-0.16850435820832635,-0.022521757432512442,0.25,10,6,23.68665572528721,0.003706833,nan,nan,nan
522,1.253263610933788,1.737763138634997,0.9355863625804304,0.7704904602439733,1273055289812855889,21.86536611836558,-5.013054443735152,-0.2606644707952495,-0.01169482953225538,0.25,10,6,31.232483272314102,0.004905458,nan,nan,nan
523,1.571170988534401,0.9178322860472119,0.6781913214113691,3.302220127017505,4812630584774212258,28.991655315196247,-6.284683954137604,-0.1376748429070818,-0.008477391517642114,0.25,10,6,30.857530614821364,0.004687458,nan,nan,nan
524,1.151215839639779,1.5504966501533857,0.7074895998297559,1.3808464108414253,2553501213492662305,20.73059783516992,-4.604863358559116,-0.23257449752300785,-0.008843619997871949,0.25,10,6,27.911532634768335,0.0046465,nan,nan,nan
525,0.8245457522161362,1.30712564595236,1.927821668337519,1.1817009573679238,5839696312204835215,15.15870838039752,-3.298183008864545,-0.19606884689285398,-0.024097770854218988,0.25,10,6,27.68911753566469,0.004615583,nan,nan,nan
526,1.7291976798135125,0.9049193589741626,1.392182708372426,4.500306066039769,4757357922539012647,32.71042055844047,-6.91679071925405,-0.13573790384612439,-0.017402283854655327,0.25,10,6,27.577199848503977,0.004524209,nan,nan,nan
527,1.0551506901986711,1.7976562979985138,0.8997457994088753,3.3919963004100007,3965418725210180853,21.353001122387845,-4.2206027607946845,-0.26964844469977706,-0.011246822492610942,0.25,10,6,27.96039010225982,0.004439916,nan,nan,nan
528,0.9822177972495836,1.7822702721628971,1.0042201521145526,2.8925395309973134,1206801587625040694,19.67738645028839,-3.9288711889983343,-0.26734054082443454,-0.01255275190143191,0.25,10,6,27.75388208559525,0.004416208,nan,nan,nan
529,0.8017696559957161,1.2782248188930516,0.972296048472004,0.5070261954366906,8112561725631165698,14.10227558270398,-3.2070786239828646,-0.19173372283395773,-0.01215370060590005,0.25,10,6,31.179459664183817,0.004991042,nan,nan,nan
530,1.9186453388852533,1.5484988705583067,1.243668437957436,0.45387798695804116,5152313046257325998,32.08130273145708,-7.674581355541013,-0.23227483058374598,-0.015545855474467952,0.25,10,6,31.33758363842949,0.004973458,nan,nan,nan
531,1.5690242342500706,1.9363707632607277,0.7396287501538141,0.36554989180646924,1855287320040131780,26.631760097764037,-6.276096937000283,-0.2904556144891091,-0.009245359376922677,0.25,10,6,31.33411185456382,0.00502275,nan,nan,nan
532,0.7973988466086515,0.9285727257451717,1.6763841080600543,2.9102341544990984,3418974510862450491,16.225759335684625,-3.189595386434606,-0.13928590886177575,-0.02095480135075068,0.25,10,6,27.352228254008335,0.004409167,nan,nan,nan
533,0.6356600093914364,1.56472880473602,1.734913913779399,2.0704294275879196,1406744466454480328,13.179826860692515,-2.5426400375657456,-0.23470932071040299,-0.021686423922242487,0.25,10,6,27.74479232420149,0.004463209,nan,nan,nan
534,0.5061586570728487,1.0664381865163495,1.2315340260590493,4.930961595798164,5324031346802073135,13.66936302087355,-2.0246346282913947,-0.15996572797745243,-0.015394175325738117,0.25,10,6,20.59370660270168,0.003513625,nan,nan,nan
535,1.0353053862049326,1.5778683734868832,0.7915984227132029,1.0945707478444544,4056077230835156229,18.606177951215507,-4.1412215448197305,-0.23668025602303247,-0.009894980283915037,0.25,10,6,27.676051003661154,0.004467458,nan,nan,nan
536,0.5636372327051116,1.7660633982342728,0.74081384657929,0.7379700810246287,8687747925606258036,10.815803843246979,-2.2545489308204463,-0.26490950973514094,-0.009260173082241125,0.25,10,6,27.696787021840677,0.004605625,nan,nan,nan
537,0.5812069123172845,1.9734456404790726,1.8823150948797216,4.563165024577612,9207377645907261367,15.046543005941608,-2.324827649269138,-0.29601684607186085,-0.023528938685996523,0.25,10,6,23.68665572528721,0.003782334,nan,nan,nan
538,0.7981864380526973,1.159228232265101,1.0446819096920934,0.4885447931761011,4991925555949173119,13.955064741378319,-3.192745752210789,-0.17388423483976514,-0.013058523871151168,0.25,10,6,31.199659133947733,0.00501925,nan,nan,nan
539,1.1825743047806032,0.9081951225716085,1.5280300531958255,1.768396534726036,1670352309837899430,21.234502484758654,-4.730297219122413,-0.13622926838574126,-0.019100375664947822,0.25,10,6,30.627130412826663,0.004841875,nan,nan,nan
540,0.6706094120059722,1.7158756907880313,1.0936541831714512,4.881999598150194,8749815803646082931,16.64127560471857,-2.682437648023889,-0.2573813536182047,-0.013670677289643142,0.25,10,6,23.541219542986997,0.004020083,nan,nan,nan
541,1.3065995853887409,1.7555156313624678,1.5788133698512494,0.8085404547350955,274314747835561662,22.76744319977243,-5.2263983415549635,-0.26332734470437014,-0.01973516712314062,0.25,10,6,30.912763539957076,0.00559375,nan,nan,nan
542,1.6490633490673223,0.8789799933692517,1.6234723594843177,2.6824125763917532,2019684387300506199,29.59481415749046,-6.596253396269289,-0.13184699900538774,-0.020293404493553973,0.25,10,6,31.122648655472794,0.005057166,nan,nan,nan
543,1.8074684354255162,1.796810883986783,0.545417153818028,2.1777347026002785,4229714073707626918,32.175316199800605,-7.229873741702065,-0.2695216325980174,-0.00681771442272535,0.25,10,6,30.774207802045197,0.005153625,nan,nan,nan
544,1.390869104905463,1.8028148232614285,0.7263355751271394,3.8820339227351184,8855001609921181032,27.217628495179383,-5.563476419621852,-0.27042222348921424,-0.009079194689089243,0.25,10,6,27.512719353616966,0.004958,nan,nan,nan
545,0.7944898477130407,1.4874562313363233,1.3682611136995941,0.5383183772328226,3638606189506242069,14.142629679443267,-3.1779593908521626,-0.22311843470044848,-0.017103263921244928,0.25,10,6,31.085721499810628,0.005678916,nan,nan,nan
546,1.4945784327649136,1.5442890356217616,0.9947921645631058,1.068920884853502,1721876404542119731,25.908749230465176,-5.978313731059655,-0.23164335534326422,-0.012434902057038823,0.25,10,6,30.88751420275218,0.005522833,nan,nan,nan
547,1.4329352974412988,1.5303654540347384,1.7196442301176327,1.2363492408872996,1802264281880861768,25.081533272368922,-5.731741189765195,-0.22955481810521075,-0.02149555287647041,0.25,10,6,30.747695997980053,0.005248292,nan,nan,nan
548,1.3068809749229928,1.3939839502541966,1.4106246961196522,2.259473337976871,8959143410879680943,24.005959306897275,-5.227523899691971,-0.20909759253812948,-0.017632808701495653,0.25,10,6,30.742014897108948,0.005226334,nan,nan,nan
549,0.9736419910239801,1.5780214160155726,0.5373986369586358,3.256424707291805,6321536909058600140,19.78150941328483,-3.8945679640959203,-0.23670321240233588,-0.006717482961982948,0.25,10,6,27.620376215124356,0.004766375,nan,nan,nan
550,1.699672968129215,0.651180189057097,1.1299611738448192,4.108929057440714,6647055292440580624,31.694404660942414,-6.79869187251686,-0.09767702835856454,-0.01412451467306024,0.25,10,6,27.73598661785128,0.004888625,nan,nan,nan
551,0.8694341382747917,0.6157679517451322,0.6862662879806064,1.8061912606218784,2699853698861095492,16.086598244065623,-3.4777365530991666,-0.09236519276176983,-0.00857832859975758,0.25,10,6,27.744224214114382,0.004905125,nan,nan,nan
552,1.1534262735794296,1.1757688945742981,0.5989137129407149,2.459516969271656,7937539900281025783,21.61979868328711,-4.6137050943177185,-0.17636533418614472,-0.007486421411758937,0.25,10,6,27.57890417876531,0.00499425,nan,nan,nan
553,1.896558761756637,1.9954599393847314,1.2566573931640985,0.6344389760503627,5537093972863787526,32.1766551277874,-7.586235047026548,-0.2993189909077097,-0.015708217414551234,0.25,10,6,31.00145183688928,0.0054515,nan,nan,nan
554,1.8701094820685251,0.9634181149147232,1.3796396304519079,3.2718002290868595,4281601151934290545,33.77160281113209,-7.4804379282741005,-0.14451271723720846,-0.01724549538064885,0.25,10,6,30.82344400959475,0.005244708,nan,nan,nan
555,0.5277971705511086,1.7919820911890838,1.0793463349140495,3.5702336734441027,7742555158529828755,13.09017765697529,-2.1111886822044346,-0.26879731367836257,-0.01349182918642562,0.25,10,6,23.687665698775408,0.004057333,nan,nan,nan
556,1.0884118723053897,1.1974148041696877,1.2264908340312346,0.1332934619195758,5296512979055617157,18.266332301307624,-4.353647489221559,-0.17961222062545315,-0.015331135425390434,0.25,10,6,30.934541093296303,0.005478292,nan,nan,nan
557,1.2098841383155563,0.9071139589836652,1.0721958224646437,0.5008456601928957,2603272495226255635,20.403260248631995,-4.839536553262225,-0.13606709384754978,-0.013402447780808048,0.25,10,6,31.281088246433534,0.005228042,nan,nan,nan
558,0.6695267439597559,1.0956779218429393,0.8437210832685494,1.8974751696237364,9109028082503753687,13.267309826085594,-2.6781069758390235,-0.1643516882764409,-0.010546513540856868,0.25,10,6,27.799046837520518,0.004546667,nan,nan,nan
559,1.1885229392866887,0.7714374494066074,1.8737681642830077,4.488397199534141,1690659066627660645,23.967626697765127,-4.754091757146755,-0.11571561741099111,-0.023422102053537598,0.25,10,6,26.501199343517232,0.004185708,nan,nan,nan
560,1.910730224979977,1.6233723527431247,1.9944172467907115,1.777608154380757,8780617702142488130,33.32331516570626,-7.642920899919908,-0.2435058529114687,-0.024930215584883897,0.25,10,6,30.74106804696377,0.005060458,nan,nan,nan
561,0.7153861818966833,0.5402130370025757,1.5085647568238092,4.641951544127575,1582183486325364054,16.412258276676052,-2.8615447275867334,-0.08103195555038635,-0.018857059460297615,0.25,10,6,23.68665572528721,0.004067833,nan,nan,nan
562,1.8842951412773927,1.6621025359228905,0.8757942463414823,4.551689059244475,8193694689778127515,35.697672841236496,-7.537180565109571,-0.24931538038843357,-0.01094742807926853,0.25,10,6,27.728317131675293,0.00480425,nan,nan,nan
563,0.8689836171801762,1.6227521697569482,0.5375338659211557,2.3508309344518876,7878411399340487991,17.228220111188875,-3.475934468720705,-0.24341282546354223,-0.0067191733240144465,0.25,10,6,27.51243529857341,0.004786083,nan,nan,nan
564,1.7930034536523216,1.2862538319663106,1.599994608871349,1.8262591047711452,1678909640788670101,31.28606666238808,-7.172013814609286,-0.1929380747949466,-0.019999932610891863,0.25,10,6,30.746117914404746,0.005117083,nan,nan,nan
565,1.5929602018767872,0.7765534470697646,1.6004684558553808,4.506217448490869,8150925231194732128,30.459512746761323,-6.371840807507149,-0.11648301706046468,-0.02000585569819226,0.25,10,6,27.79478601186719,0.004567459,nan,nan,nan
566,0.6031626674639299,1.2249485975852608,0.8801058783802986,2.1161530052631106,5862233728854249942,12.501724843237145,-2.4126506698557195,-0.1837422896377891,-0.011001323479753734,0.25,10,6,27.641396288347433,0.004843042,nan,nan,nan
567,1.46653295095097,1.992715475107675,0.9342821714791898,4.7423515522846005,5097707441442156806,29.402508052564723,-5.86613180380388,-0.2989073212661512,-0.011678527143489874,0.25,10,6,27.71354626941043,0.004910042,nan,nan,nan
568,0.9103569584410158,0.8092221506513169,0.5848438698963783,4.032948886304884,7716420606501771218,19.084193511751927,-3.6414278337640633,-0.12138332259769752,-0.007310548373704729,0.25,10,6,26.47705466481505,0.004522,nan,nan,nan
569,1.2775680959177929,1.6467695090320584,0.7826200343539077,2.625620244995825,514634613060081172,24.054771485099746,-5.110272383671171,-0.24701542635480875,-0.009782750429423847,0.25,10,6,27.639123847998988,0.004992625,nan,nan,nan
570,1.3925516035419319,0.8949245857760855,1.2745429142080122,0.4643467262215567,2097352808601497103,23.282127134358117,-5.570206414167727,-0.13423868786641283,-0.015931786427600153,0.25,10,6,31.086983966670875,0.005304708,nan,nan,nan
571,1.3161544886101946,1.4396241608839289,1.9063566403000363,2.559459740620487,3665528800763602261,24.481706054913957,-5.264617954440778,-0.21594362413258933,-0.023829458003750456,0.25,10,6,27.535443757101376,0.004850416,nan,nan,nan
572,1.6403146469261927,0.5771763126502522,1.4386718424047649,2.709956681690202,2397559441797286116,29.301296820099434,-6.561258587704771,-0.08657644689753782,-0.01798339803005956,0.25,10,6,31.038063375836384,0.005195666,nan,nan,nan
573,1.0245844694742074,1.727072049234098,1.4660187880549378,0.25944264488109436,6094911431483310220,17.689037386008874,-4.09833787789683,-0.2590608073851147,-0.01832523485068672,0.25,10,6,31.15768211084459,0.0055565,nan,nan,nan
574,0.6537301563788822,1.6348902351745203,1.6835441759129652,3.1043424646127926,7392035851174817524,14.544959107779619,-2.614920625515529,-0.24523353527617803,-0.021044302198912068,0.25,10,6,23.53566468880192,0.004007583,nan,nan,nan
575,1.7571987727392482,1.2982807789355464,1.8833455701467305,2.9658490807173523,2108432202142596537,31.85999791190665,-7.028795090956993,-0.19474211684033196,-0.023541819626834132,0.25,10,6,30.797563438959727,0.005074375,nan,nan,nan
576,1.8755108425808986,0.5213316088750144,1.7881405198206652,0.4555868268880836,8252706207200222379,30.77655927350747,-7.5020433703235945,-0.07819974133125215,-0.022351756497758318,0.25,10,6,31.02480747380381,0.005418292,nan,nan,nan
577,1.9969168277898677,0.811002641868745,1.8007974967778322,2.2908523195000523,4111324683644702181,34.72812314925918,-7.987667311159471,-0.12165039628031175,-0.022509968709722904,0.25,10,6,30.741699280393888,0.005199,nan,nan,nan
578,1.6949040706309857,0.9054855893268363,1.07658278533514,1.0831940761371146,8382873519203204343,28.74495055982899,-6.779616282523943,-0.13582283839902545,-0.01345728481668925,0.25,10,6,31.00902663805075,0.005271625,nan,nan,nan
579,1.5801571460481658,1.4564910034919696,1.7358067176303944,4.491548527041807,7905725396174001729,30.64795746590764,-6.320628584192663,-0.21847365052379544,-0.021697583970379932,0.25,10,6,27.74251988385305,0.00483775,nan,nan,nan
580,1.8129754086034406,0.9589402377743995,0.9746947838716733,1.7571164526209815,1924542890248781448,31.34008713294067,-7.251901634413763,-0.1438410356661599,-0.012183684798395917,0.25,10,6,30.746117914404746,0.004950209,nan,nan,nan
581,1.5567018469123997,1.32518773937091,1.4392832198122134,4.604019295636855,5072760753780750584,30.306361489857792,-6.226807387649599,-0.1987781609056365,-0.01799104024765267,0.25,10,6,27.8288726170938,0.00455,nan,nan,nan
582,0.5764695941169569,1.729113271955985,0.7280252258620419,4.141156923252068,1430161423597523083,14.402138392296969,-2.3058783764678275,-0.25936699079339776,-0.009100315323275524,0.25,10,6,23.535159702057822,0.0040435,nan,nan,nan
583,0.735740042970364,1.822187400222203,1.714365802988595,4.609007624113368,7633300213779193829,17.474160751772512,-2.942960171881456,-0.2733281100333304,-0.02142957253735744,0.25,10,6,23.547279383916173,0.0040915,nan,nan,nan
584,1.2385551339666239,1.6461511682086245,1.308485269345285,0.4848406746268591,6580058985320011148,21.289413519018016,-4.9542205358664955,-0.24692267523129366,-0.016356065866816063,0.25,10,6,31.291503598030552,0.00529075,nan,nan,nan
585,1.063681482531226,0.9512118971979913,0.9612027116735127,4.350251901995802,4221917053257782833,21.93988276081421,-4.254725930124904,-0.14268178457969868,-0.01201503389591891,0.25,10,6,26.648623911122336,0.004407875,nan,nan,nan
586,0.6326299273474811,1.8430185619486101,1.6236140111756845,3.9342906247584635,7743219919971924914,15.162180599487328,-2.5305197093899245,-0.27645278429229153,-0.02029517513969606,0.25,10,6,23.535159702057822,0.004046375,nan,nan,nan
587,0.8680065428709174,0.6757164268917517,0.9624480433051155,4.502551017110836,5651308470233691265,18.796085559180565,-3.4720261714836695,-0.10135746403376275,-0.012030600541313944,0.25,10,6,23.535159702057822,0.003912958,nan,nan,nan
588,1.9156116449224971,1.822034370545878,0.5289039793558353,2.3299793962734707,8242756244163953304,34.07298633736095,-7.6624465796899885,-0.2733051555818817,-0.006611299741947942,0.25,10,6,30.83954046206287,0.004886208,nan,nan,nan
589,1.4225336306513119,1.7445887882276343,1.2944234541770294,0.9199500998758464,1494980840035070922,24.72724146323342,-5.6901345226052475,-0.2616883182341451,-0.016180293177212868,0.25,10,6,30.997980053023607,0.005264916,nan,nan,nan
590,1.9057894337917052,0.56164361846798,1.6040316985678071,1.8864048357183882,5161135763405832528,32.71602194746646,-7.623157735166821,-0.08424654277019701,-0.02005039623209759,0.25,10,6,31.028279257669485,0.005235875,nan,nan,nan
591,0.6585005918568076,1.2546065689751345,1.9083950150546583,1.6768110734337465,6993178499456926931,12.96558448452775,-2.6340023674272306,-0.18819098534627016,-0.02385493768818323,0.25,10,6,27.549930564322686,0.00495125,nan,nan,nan
592,1.744892623870185,1.5182122414075303,1.798183529576467,2.3662358722988923,4837982914505205161,31.19544519906637,-6.97957049548074,-0.22773183621112952,-0.022477294119705837,0.25,10,6,30.830071960611033,0.005199667,nan,nan,nan
593,1.5130848341646856,0.8437983738164996,0.5614032360493074,4.961204249939734,6955955538291869886,29.676840620864603,-6.052339336658743,-0.12656975607247492,-0.007017540450616343,0.25,10,6,27.70871733366999,0.004749875,nan,nan,nan
594,0.9492738846221767,1.8322756226024266,0.5797192480088,2.4113906135338805,6635628416251695396,18.699138141050163,-3.7970955384887066,-0.274841343390364,-0.007246490600110001,0.25,10,6,27.558168160585783,0.004777542,nan,nan,nan
595,1.0478664637264206,1.4261227451513807,0.6864730043862807,3.345155519359791,4670915855259087756,20.96669258607335,-4.191465854905682,-0.2139184117727071,-0.008580912554828509,0.25,10,6,27.83995076379245,0.004835666,nan,nan,nan
596,0.8884877486554097,0.9997116900384758,1.2857658792760243,3.9380641462329957,2238367332119324896,18.753695138742636,-3.5539509946216388,-0.14995675350577137,-0.016072073490950304,0.25,10,6,23.53566468880192,0.00415275,nan,nan,nan
597,1.2561337628654718,0.7539238900667725,1.770127030108685,1.2371201493027906,3705721883881832543,21.787614689190402,-5.024535051461887,-0.11308858351001587,-0.022126587876358565,0.25,10,6,30.74359298068426,0.005253542,nan,nan,nan
598,1.6136589855696437,0.7909487668671973,0.5377966805382253,1.6653054379506034,8129604601793623383,27.958418467185222,-6.454635942278575,-0.11864231503007959,-0.0067224585067278166,0.25,10,6,31.028279257669485,0.005398042,nan,nan,nan
599,1.2394848321817657,0.6228175978600825,1.1551958050452271,0.46666895744624404,2832885463422493143,20.672116831070547,-4.957939328727063,-0.09342263967901238,-0.014439947563065339,0.25,10,6,31.10402726928418,0.005046875,nan,nan,nan
600,1.3826478861556741,0.9110882328528737,1.733526555944013,0.2884486417905874,3470891716632107331,22.957467759993097,-5.5305915446226965,-0.13666323492793103,-0.021669081949300163,0.25,10,6,31.16809746244161,0.005183875,nan,nan,nan
601,1.3039438708930242,0.5669838570586513,1.4947646659701266,4.052230291678659,8531939491615149774,25.255522540202236,-5.215775483572097,-0.08504757855879769,-0.018684558324626583,0.25,10,6,27.455908344905946,0.004603625,nan,nan,nan
602,1.8100164657820144,0.8752257699403305,1.7628904417122189,4.205134288372861,8972055775384597000,33.69053320284929,-7.240065863128057,-0.13128386549104956,-0.022036130521402738,0.25,10,6,27.554475445019566,0.004700291,nan,nan,nan
603,1.6600900686545943,1.351394920277336,0.8117416641219328,3.1373868570204873,7889477306244381920,30.509664907660397,-6.640360274618377,-0.2027092380416004,-0.01014677080152416,0.25,10,6,27.900170433026133,0.004631333,nan,nan,nan
604,1.0371646651249231,1.6496235275528601,1.379000365253848,1.5605963272935548,8841462744232097357,19.145005085824042,-4.1486586604996925,-0.247443529132929,-0.017237504565673103,0.25,10,6,27.934257038252746,0.004661625,nan,nan,nan
605,1.7078627076662034,0.9829278056096145,0.9401887506837027,3.8789121522568175,1401114152554436581,31.794472158281838,-6.831450830664814,-0.14743917084144217,-0.011752359383546284,0.25,10,6,27.707865168539325,0.004487625,nan,nan,nan
606,1.009224838066569,0.8684585251420385,1.6631276189358584,2.9275167392978867,5675449944062297093,19.596189263448213,-4.036899352266276,-0.13026877877130577,-0.02078909523669823,0.25,10,6,27.910964524681226,0.004435708,nan,nan,nan
607,0.7457027445411648,0.7994269795534499,1.3883447425432989,0.6577306628551816,5990950196715469490,13.068630763245888,-2.9828109781646592,-0.11991404693301748,-0.017354309281791238,0.25,10,6,31.01628582249716,0.004844417,nan,nan,nan
608,1.2365489261040725,0.9180209090255093,1.5299346805606042,1.9246631114423267,3860347952480675886,22.260258474522793,-4.94619570441629,-0.1377031363538264,-0.019124183507007553,0.25,10,6,27.667813407398054,0.004544625,nan,nan,nan
609,1.4981567223274619,1.2160717436916715,1.6370731493036526,1.3176776395621892,1130228763152982779,26.01782824301658,-5.9926268893098475,-0.18241076155375072,-0.02046341436629566,0.25,10,6,30.83890922863275,0.004758666,nan,nan,nan
610,1.678524336589957,0.7936371579370958,1.9163473276145302,4.287772650025572,7309704716912530459,31.62034433022714,-6.714097346359828,-0.11904557369056436,-0.02395434159518163,0.25,10,6,27.55902032571645,0.004491958,nan,nan,nan
611,1.7767407407921965,1.2927138303161883,1.7406047977914256,1.6498871232784866,6514719643557867971,30.85336727414334,-7.106962963168786,-0.19390707454742823,-0.021757559972392822,0.25,10,6,30.74106804696377,0.004901792,nan,nan,nan
612,0.6095415209136329,0.9981705753628418,1.0719552294357642,3.4422597972194033,5503503118048691257,13.793826477055235,-2.4381660836545316,-0.14972558630442626,-0.013399440367947053,0.25,10,6,23.541219542986997,0.003997542,nan,nan,nan
613,1.3998336803882643,1.4949375036498898,1.2491917534480999,1.1040621903768488,7942808694427848059,24.39836357877901,-5.599334721553057,-0.22424062554748345,-0.01561489691810125,0.25,10,6,30.799772755965158,0.005609792,nan,nan,nan
614,0.8700419760690039,0.7813289876127776,1.690173964586363,2.183493078585512,4021429972822797693,16.572962088257242,-3.4801679042760156,-0.11719934814191663,-0.02112717455732954,0.25,10,6,27.743372048983712,0.005308625,nan,nan,nan
615,0.6107597798424778,1.466379657940434,1.8998335617570543,4.084300553159765,147651692898953017,14.736284825403668,-2.443039119369911,-0.2199569486910651,-0.02374791952196318,0.25,10,6,23.68665572528721,0.004206125,nan,nan,nan
616,1.9703612638948267,1.7821579333096547,1.6614589791256777,4.021984645551278,4680877599105946660,36.617059627854296,-7.881445055579307,-0.2673236899964482,-0.020768237239070973,0.25,10,6,27.634010857215,0.005242417,nan,nan,nan
617,1.2821184322944545,1.4323924008647864,1.6405550506693336,1.574619891546598,4235467132129804637,22.947950248776742,-5.128473729177818,-0.21485886012971794,-0.02050693813336667,0.25,10,6,30.774207802045197,0.0056965,nan,nan,nan
618,1.2269192390764234,1.0507275113895893,1.304735951444485,4.508094901202741,5670393530515722384,24.76923923325927,-4.907676956305694,-0.15760912670843838,-0.016309199393056063,0.25,10,6,27.131517485166015,0.005056875,nan,nan,nan
619,1.0022604731693185,1.0661565023412791,1.2788922964173608,0.388841533915148,1530685954585258149,17.064703006029013,-4.009041892677274,-0.15992347535119186,-0.01598615370521701,0.25,10,6,30.977149349829567,0.005417167,nan,nan,nan
620,0.7994422178793843,1.7132948307024176,1.571721533236762,1.142734997718366,5755029728552151105,14.961787382209964,-3.197768871517537,-0.25699422460536264,-0.019646519165459526,0.25,10,6,27.91550940537811,0.004544625,nan,nan,nan
621,1.0965856051071112,1.7131800359760538,0.9934734285106744,4.241729045851871,4777125247421199468,22.81500674915128,-4.386342420428445,-0.25697700539640805,-0.01241841785638343,0.25,10,6,27.736270672894836,0.004374125,nan,nan,nan
622,0.8336285236484238,1.5780869188226303,0.9377165265492264,1.2925676870376612,4721399680106187601,15.57747621670602,-3.334514094593695,-0.23671303782339453,-0.011721456581865332,0.25,10,6,27.73797500315617,0.004500792,nan,nan,nan
623,1.259215021675199,0.742489017024057,0.7637293090274859,0.12837451970205083,6381414609116444443,20.721308276719668,-5.036860086700796,-0.11137335255360854,-0.009546616362843575,0.25,10,6,31.27098851155157,0.005045959,nan,nan,nan
624,0.5310973023879179,0.744964327886674,1.1388257204506984,1.2903106482823627,7471091553494589282,10.234846083221052,-2.1243892095516714,-0.1117446491830011,-0.014235321505633731,0.25,10,6,27.519252619618733,0.004483375,nan,nan,nan
625,1.86663136954501,1.3799507279239285,1.3122775818499117,2.445803048860549,5160600677424830427,33.139875398335064,-7.46652547818004,-0.20699260918858928,-0.0164034697731239,0.25,10,6,31.007764171190505,0.0047835,nan,nan,nan
626,1.1945135244102676,1.8742608462770114,0.6800392811041766,2.2702024212801097,5346833728370370088,22.5069753196106,-4.77805409764107,-0.2811391269415517,-0.008500491013802207,0.25,10,6,27.526638050751167,0.004476334,nan,nan,nan
627,1.3879357837404247,1.2567327023658599,1.9664451307360178,3.035049848734326,1856633353386408395,25.996062010000635,-5.551743134961699,-0.18850990535487896,-0.024580564134200223,0.25,10,6,27.52436561040273,0.004426083,nan,nan,nan
628,1.703257536667277,1.7484999006238113,1.9784974511510398,0.33704787505244027,3852685565341958223,28.63826840210316,-6.813030146669108,-0.26227498509357167,-0.024731218139388,0.25,10,6,31.25457644236839,0.004993625,nan,nan,nan
629,0.8789209050761148,1.1995663663776661,0.8177357013441596,2.836782964989515,5101199169892192144,17.61925726603395,-3.515683620304459,-0.1799349549566499,-0.010221696266801996,0.25,10,6,27.656735260699406,0.004369125,nan,nan,nan
630,1.5309500705517576,0.5074768628181924,1.6533218290004865,2.8017825907701006,2039226147510450637,27.601469837289137,-6.12380028220703,-0.07612152942272886,-0.020666522862506084,0.25,10,6,30.786201237217522,0.004801542,nan,nan,nan
631,0.7107911511046929,1.4611815622442619,0.996081307740943,0.5427631053307258,3450305874109802728,12.79213046035237,-2.8431646044187717,-0.21917723433663927,-0.012451016346761788,0.25,10,6,31.054159828304506,0.004855875,nan,nan,nan
632,0.7828450013312396,1.5285633750128138,1.274652367779613,2.0552941417620874,6474500422734737460,15.497952188069608,-3.1313800053249583,-0.22928450625192207,-0.015933154597245165,0.25,10,6,27.70701300340866,0.004421417,nan,nan,nan
633,1.8870498767995016,0.9412705134987838,0.5025056730316799,3.8494394400667002,1701534306258310859,34.606999776958,-7.548199507198007,-0.14119057702481755,-0.006281320912895999,0.25,10,6,27.800751167781847,0.004447709,nan,nan,nan
634,1.0595873513533807,0.9207153380942694,1.1940063905717264,0.2336407022159459,8097741570570451845,17.7394675267266,-4.238349405413523,-0.1381073007141404,-0.01492507988214658,0.25,10,6,30.950321929049363,0.004996167,nan,nan,nan
635,1.6097252628852126,1.2079608977236962,1.6486083433671097,3.0410313412278773,4235772742927811595,29.521412086025496,-6.43890105154085,-0.1811941346585544,-0.020607604292088872,0.25,10,6,27.65531498548163,0.004482375,nan,nan,nan
636,1.3206723841643582,1.8711228847867238,1.0934056476461014,3.794580917534134,6938460764000071265,26.0480127950359,-5.282689536657433,-0.28066843271800856,-0.013667570595576268,0.25,10,6,27.754450195682367,0.004464417,nan,nan,nan
637,1.6742792629594139,1.3542219088495717,1.7794131404300932,0.20658842881845885,8897036954635050087,27.807589781478825,-6.6971170518376555,-0.20313328632743574,-0.022242664255376167,0.25,10,6,31.300025249337207,0.004996458,nan,nan,nan
638,1.2089727683859128,0.6737155299631299,0.7962588098214665,3.0261710815473943,551666368087874493,22.77396469369988,-4.835891073543651,-0.10105732949446948,-0.009953235122768331,0.25,10,6,27.400801666456257,0.004469209,nan,nan,nan
639,1.2240249040303708,1.8207458685108595,0.6252697071874183,0.3801931277391474,2962217173514168939,21.057039113331594,-4.896099616121483,-0.2731118802766289,-0.007815871339842729,0.25,10,6,30.94148466102765,0.005007208,nan,nan,nan
640,0.9656185880486219,0.8239836187349935,1.3323340623044782,3.1388550446051813,4949909268672065097,19.083142624624127,-3.8624743521944875,-0.12359754281024901,-0.01665417577880598,0.25,10,6,27.627761646256786,0.004434291,nan,nan,nan
641,1.8815505434603796,1.8960963358696643,1.1450067739829173,3.70336232418396,7869306500188365379,34.94582882107183,-7.526202173841519,-0.28441445038044966,-0.014312584674786466,0.25,10,6,27.90215881833102,0.004499166,nan,nan,nan
642,0.5659912566047133,1.0456522653398386,1.8036065683050406,3.125348846174262,223190180780936994,12.808600311053578,-2.263965026418853,-0.15684783980097577,-0.022545082103813008,0.25,10,6,23.68716071203131,0.003699666,nan,nan,nan
643,0.6929276534439425,1.5418013884997372,1.6550593417613961,1.9193594133992475,4738993878862101829,13.93128270160217,-2.77171061377577,-0.2312702082749606,-0.020688241772017453,0.25,10,6,27.387451079409168,0.004458667,nan,nan,nan
644,1.3485025995652853,1.0029408981039514,1.6803016099603532,1.0493873349815224,2049947819835036484,23.227193466888455,-5.394010398261141,-0.1504411347155927,-0.021003770124504415,0.25,10,6,31.18324706476455,0.004890375,nan,nan,nan
645,1.6142183534722652,1.255352114008645,1.5803656874655825,1.6108013406798527,1515813526396882082,28.191506264641284,-6.456873413889061,-0.18830281710129673,-0.01975457109331978,0.25,10,6,30.61040272692842,0.0047955,nan,nan,nan
646,1.9036461005794818,1.980985398450301,1.256446874377033,0.729437885137279,6753862537309083199,32.376366733479166,-7.614584402317927,-0.2971478097675451,-0.015705585929712912,0.25,10,6,31.102764802423938,0.004976125,nan,nan,nan
647,0.5819916673436337,0.8266145282916333,1.5127190343473882,3.752520211468357,5384486581438870801,13.560355605941478,-2.327966669374535,-0.12399217924374499,-0.018908987929342355,0.25,10,6,23.535159702057822,0.003727542,nan,nan,nan
648,0.7502157922715079,1.8487551900309935,1.5992536918856823,1.1098276825194313,8828252174073388494,14.222533472882155,-3.0008631690860317,-0.27731327850464904,-0.019990671148571032,0.25,10,6,27.688549425577577,0.004615584,nan,nan,nan
649,0.9060280596654747,0.581638289553178,0.8116625713358553,4.840383477781199,7917135462057474557,19.6858154061607,-3.624112238661899,-0.0872457434329767,-0.010145782141698192,0.25,10,6,23.53566468880192,0.003746417,nan,nan,nan
650,0.8353505676287865,1.3747789897805078,0.7899696861056243,2.9164929224783305,4517004711747050762,17.10696939840722,-3.341402270515146,-0.20621684846707616,-0.009874621076320304,0.25,10,6,27.513287463704074,0.004480792,nan,nan,nan
651,0.7081322872277402,0.9832658103404412,1.0828160548170298,4.5751822510177576,2863658993256944834,16.495258332865866,-2.832529148910961,-0.1474898715510662,-0.013535200685212873,0.25,10,6,23.53566468880192,0.00381,nan,nan,nan
652,1.0227301792232348,1.5707220277704195,1.970225384459632,3.5718228837825854,6847494363183218225,20.877938968016593,-4.090920716892939,-0.23560830416556292,-0.0246278173057454,0.25,10,6,27.5144236838783,0.004517334,nan,nan,nan
653,0.6990660283742706,0.7084854002396017,0.7063022975379811,0.5967120299767609,1103646693966838760,12.20685972410885,-2.7962641134970823,-0.10627281003594026,-0.008828778719224764,0.25,10,6,30.943378361318015,0.004937333,nan,nan,nan
654,0.8800782199524217,1.7982547177164114,1.6423815287904264,2.5873222012995716,8114630268972753986,17.747526551168168,-3.520312879809687,-0.2697382076574617,-0.02052976910988033,0.25,10,6,28.003850523923745,0.004534875,nan,nan,nan
655,1.280740417726975,1.1873570639983675,1.7423038007613565,2.130441296182089,3813669941540143249,23.33470221821271,-5.1229616709079,-0.17810355959975513,-0.02177879750951696,0.25,10,6,30.60535285948744,0.004883125,nan,nan,nan
656,1.4806613950340213,1.1146236377581895,1.3607436890264626,2.6506386883408295,136684862013252607,27.009995191540085,-5.922645580136085,-0.16719354566372843,-0.017009296112830783,0.25,10,6,27.897613937634137,0.004459958,nan,nan,nan
657,1.1312911958511114,0.7985966300939307,1.3687616562585507,4.558167163540313,1085631329187052928,23.13798427521445,-4.5251647834044455,-0.1197894945140896,-0.017109520703231886,0.25,10,6,26.485860371165256,0.004146167,nan,nan,nan
658,1.1185543018036164,0.821196241582574,0.6440505745363473,1.8031370507378508,4958504690681234200,20.19272362454526,-4.4742172072144655,-0.12317943623738609,-0.008050632181704341,0.25,10,6,30.81460674157303,0.004938375,nan,nan,nan
659,1.0809160658064756,1.2014984790204508,0.9516799317703217,1.2561486810424127,7680082534921609138,19.27170482135829,-4.323664263225902,-0.18022477185306762,-0.011895999147129022,0.25,10,6,30.744855447544502,0.004939542,nan,nan,nan
660,1.2220933292120004,1.0562828788273673,1.243757372860135,3.223558679668016,5206141811002010127,23.410821674356445,-4.888373316848002,-0.15844243182410508,-0.015546967160751688,0.25,10,6,27.51073096831208,0.004610958,nan,nan,nan
661,0.5105562853338721,1.005784549832883,1.9507218829036708,1.2315514475052698,7633382137761520742,10.003922742746953,-2.0422251413354884,-0.15086768247493246,-0.024384023536295887,0.25,10,6,27.393984345410935,0.004518625,nan,nan,nan
662,1.773951012241289,1.736098298815524,0.5546847937668191,4.367076416431422,5837908079389046551,33.79195159158136,-7.095804048965156,-0.26041474482232857,-0.0069335599220852395,0.25,10,6,27.516412069183183,0.0045365,nan,nan,nan
663,0.875782659995891,1.681509776877035,1.917812588817003,4.692987163887704,4093828576873753233,19.71441558994818,-3.503130639983564,-0.2522264665315552,-0.023972657360212538,0.25,10,6,23.541724529731095,0.003767792,nan,nan,nan
664,1.6928104179633463,1.3545712159044916,1.5453747647828138,3.249301219526365,6664252200314518035,31.1470106364826,-6.771241671853385,-0.20318568238567372,-0.019317184559785174,0.25,10,6,27.70474056306022,0.004668958,nan,nan,nan
665,1.2359151093122833,1.883920711111831,0.9844010906857253,0.8100644034990911,3130877861242510927,21.715058579162722,-4.943660437249133,-0.28258810666677464,-0.012305013633571567,0.25,10,6,30.927597525564956,0.005085459,nan,nan,nan
666,1.616857927935959,0.5111057957255407,1.450321832913266,3.1034587275227787,8913382179001004980,29.279849051933446,-6.467431711743836,-0.0766658693588311,-0.018129022911415826,0.25,10,6,30.57820982199217,0.004849584,nan,nan,nan
667,1.4172535999328173,1.8764424778483464,1.4706739698630718,3.327612161250234,2359716616629687299,27.129535246884316,-5.669014399731269,-0.28146637167725197,-0.0183834246232884,0.25,10,6,27.580892564070194,0.004598625,nan,nan,nan
668,0.833051989458786,0.9854850071247625,1.1430330588601487,0.710488031909301,437219574483833090,14.630610867524735,-3.332207957835144,-0.14782275106871437,-0.01428791323575186,0.25,10,6,31.025123090518875,0.00500875,nan,nan,nan
669,1.7722959390088695,1.625264166754247,0.6726058866555643,4.560803784848196,1348622658050817054,33.89269730904265,-7.089183756035478,-0.24378962501313703,-0.008407573583194555,0.25,10,6,27.55163489458402,0.00454,nan,nan,nan
670,0.9352726745409958,1.12843913210118,1.8486954724620763,0.6169988558570211,8511107267902894444,16.258425127773663,-3.7410906981639833,-0.169265869815177,-0.023108693405775954,0.25,10,6,31.01691705592728,0.0049345,nan,nan,nan
671,1.8767590300957164,1.3967154740226277,1.3176694921304306,4.1768565836508085,2826328875028787314,35.043030349595846,-7.507036120382866,-0.20950732110339415,-0.016470868651630385,0.25,10,6,27.751041535159704,0.004557625,nan,nan,nan
672,1.356117374941604,1.2494550598969316,1.2856578051968977,2.357940601929106,6112226000049106903,24.805491636932928,-5.424469499766416,-0.18741825898453973,-0.016070722564961223,0.25,10,6,27.8953414972857,0.004587041,nan,nan,nan
673,0.6843386393847692,1.8690998937064736,1.1672346690865207,2.9020498731039086,6952127170376679559,14.972928039484101,-2.737354557539077,-0.28036498405597104,-0.01459043336358151,0.25,10,6,23.591718217396792,0.00389975,nan,nan,nan
674,1.6909687804519131,0.6175529988088875,1.1780895340363857,1.991061331443384,4662312385498281870,29.417093617959324,-6.7638751218076525,-0.09263294982133312,-0.014726119175454822,0.25,10,6,30.75432394899634,0.004757166,nan,nan,nan
675,0.5450295890743531,0.7117218665347507,1.4214353974149332,3.9855624742577933,7208101788457276308,13.133069019368293,-2.1801183562974122,-0.1067582799802126,-0.017767942467686666,0.25,10,6,23.541219542986997,0.003746417,nan,nan,nan
676,1.74684094813766,1.9688568335058751,1.2241596158657801,4.755210588607266,986747783829042640,33.88597985891335,-6.98736379255064,-0.29532852502588125,-0.015301995198322253,0.25,10,6,27.395404620628707,0.004412375,nan,nan,nan
677,1.7818955770479303,1.6498885379427874,1.8458425183240101,4.391928581725282,8861741235467162030,33.892190937257844,-7.127582308191721,-0.24748328069141812,-0.023073031479050127,0.25,10,6,27.562428986239112,0.004508208,nan,nan,nan
678,0.9235398015398729,0.5403016619390608,1.8773094729430118,0.9336481888597903,5874742106756097722,16.034466010661195,-3.6941592061594917,-0.08104524929085911,-0.023466368411787647,0.25,10,6,30.832596894331523,0.004723083,nan,nan,nan
679,1.3520188116571066,1.3988153021519982,1.2322137242716513,3.782285533546434,5778210735928732427,26.25387570135134,-5.408075246628426,-0.20982229532279972,-0.015402671553395642,0.25,10,6,27.799046837520518,0.004438042,nan,nan,nan
680,0.8913946290304571,1.9239458724369052,0.553986262966581,3.0058256401104027,5835800809127180906,18.42250722805986,-3.5655785161218283,-0.2885918808655358,-0.006924828287082263,0.25,10,6,27.488574674914783,0.004412375,nan,nan,nan
681,1.6629792608142164,1.318207169499082,1.7419301071035747,2.6165981419131477,6118942190777383109,30.01519061664006,-6.651917043256866,-0.1977310754248623,-0.021774126338794685,0.25,10,6,27.897613937634137,0.004475,nan,nan,nan
682,0.8520450523670531,1.2910276992779808,0.724855294591223,2.3394954457709183,7751020923985612340,16.746832903210557,-3.4081802094682123,-0.1936541548916971,-0.009060691182390288,0.25,10,6,27.712694104279763,0.004504417,nan,nan,nan
683,0.6178430439038627,1.4647358704689597,1.9021826181396364,4.9079966828661625,3275038663023107571,15.67232690760934,-2.4713721756154508,-0.21971038057034395,-0.023777282726745456,0.25,10,6,20.593264739300594,0.003675917,nan,nan,nan
684,0.9288484411811051,0.5594698096749604,1.2294284887512905,0.19714214485748893,1972843831521708013,15.394399089560148,-3.7153937647244204,-0.08392047145124405,-0.015367856109391132,0.25,10,6,31.02764802423936,0.00509725,nan,nan,nan
685,1.2407032192356753,1.961207094585347,1.2322400413918526,3.7511238510062075,8518612316534935436,24.779099615528217,-4.962812876942701,-0.29418106418780204,-0.015403000517398159,0.25,10,6,27.740247443504607,0.004567584,nan,nan,nan
686,0.6561971187710889,0.6294619563513302,1.7487609953630556,4.268910176153264,6611810357232982705,15.145741250301485,-2.6247884750843555,-0.09441929345269952,-0.021859512442038195,0.25,10,6,23.39578336068678,0.003728166,nan,nan,nan
687,0.8066402099683196,0.7722383838918863,0.967588975848268,2.8913585184108417,5917453757004997192,16.26094490823909,-3.2265608398732786,-0.11583575758378294,-0.012094862198103351,0.25,10,6,27.512719353616966,0.004417334,nan,nan,nan
688,0.5883721070161765,1.9905003433666357,0.7893985428141126,1.773907651808066,7662374133474464781,12.382161570086872,-2.353488428064706,-0.29857505150499536,-0.009867481785176407,0.25,10,6,24.61381138745108,0.004218334,nan,nan,nan
689,1.2830543159758179,0.9126577657449781,0.6660371612469896,4.74515164344331,3042785058941035077,25.821615358503383,-5.1322172639032715,-0.1368986648617467,-0.00832546451558737,0.25,10,6,26.48273576568615,0.004158375,nan,nan,nan
690,0.9855105499348094,1.9649741940869871,1.7279958051347506,3.2085557922971795,6019292297520777850,20.155709107706322,-3.9420421997392374,-0.29474612911304804,-0.021599947564184385,0.25,10,6,27.355352859487436,0.004418167,nan,nan,nan
691,0.6785077217587714,1.876173335032358,1.128463369058439,1.3304653599533718,1021756677302602275,13.312292909113129,-2.7140308870350855,-0.2814260002548537,-0.014105792113230486,0.25,10,6,27.930280267642974,0.004495959,nan,nan,nan
692,1.114212700631988,0.5089146612078492,0.9077908368862939,4.681449534797847,2775584642573652697,22.81420154163436,-4.456850802527952,-0.07633719918117739,-0.011347385461078675,0.25,10,6,26.64748769094811,0.003977333,nan,nan,nan
693,1.661546960680841,1.0413049434552841,1.5990652193170551,3.5940307702769076,2491758703865221844,30.803565107243536,-6.646187842723364,-0.1561957415182926,-0.01998831524146319,0.25,10,6,27.748769094811262,0.004424166,nan,nan,nan
694,0.894379861611803,1.67342905121869,0.7987824491073234,3.6934579584104337,5244576212602436530,19.007593174930495,-3.577519446447212,-0.2510143576828035,-0.009984780613841544,0.25,10,6,26.48046332533771,0.004236667,nan,nan,nan
695,1.4833062999355011,1.7134048187582716,1.2492319432437344,1.5825827834856292,3422933455480381584,26.34352647370861,-5.9332251997420045,-0.2570107228137407,-0.01561539929054668,0.25,10,6,30.76000504986744,0.004848334,nan,nan,nan
696,1.4332019306566828,1.4654814271929608,0.8570176795138169,0.43712704788908097,4810334548926757536,24.247646794711784,-5.732807722626731,-0.21982221407894412,-0.010712720993922712,0.25,10,6,31.02102007322308,0.004969875,nan,nan,nan
697,1.7707572707501544,0.905877717178984,1.8144090946063947,1.8118911285074013,8458027700476910075,30.687534090817262,-7.083029083000618,-0.1358816575768476,-0.022680113682579935,0.25,10,6,30.75432394899634,0.004822667,nan,nan,nan
698,1.970079245280173,1.9467924949687636,1.7935062532429284,4.843359593103837,6178108557273039291,37.53270301456786,-7.880316981120692,-0.29201887424531453,-0.022418828165536607,0.25,10,6,27.560440600934225,0.00457175,nan,nan,nan
699,1.300750569955653,1.246149951581897,1.083691767954703,4.37343966925568,1863088482816688362,25.933138759495264,-5.203002279822612,-0.18692249273728453,-0.013546147099433787,0.25,10,6,27.563281151369775,0.004464,nan,nan,nan
700,0.8369747703869208,1.4826533457767606,0.873946122567948,3.0623599766417726,5905062653105109008,17.343548310298562,-3.3478990815476832,-0.22239800186651407,-0.01092432653209935,0.25,10,6,24.52619618735008,0.00415825,nan,nan,nan
701,1.2638083703703367,1.696653359260599,0.5029269547736648,3.399653500657081,2902235076247994054,24.638579442138827,-5.055233481481347,-0.25449800388908983,-0.00628658693467081,0.25,10,6,27.738259058199723,0.004411083,nan,nan,nan
702,0.5021686794760765,1.3787812946781686,1.8060413395902262,2.6799886944562297,3428075278426639854,11.541956342880354,-2.008674717904306,-0.20681719420172529,-0.02257551674487783,0.25,10,6,23.53566468880192,0.0037685,nan,nan,nan
703,0.7997389639661354,0.9252569003934579,0.5520631374130913,4.2287427084178475,3656012079441304708,17.57972027211209,-3.1989558558645417,-0.13878853505901867,-0.0069007892176636415,0.25,10,6,23.534654715313724,0.003712917,nan,nan,nan
704,0.6075544137696429,1.9516537501958695,1.8920628171072975,0.705837647610083,5879928971714946988,11.597700518041892,-2.4302176550785717,-0.2927480625293804,-0.02365078521384122,0.25,10,6,27.90727180911501,0.004486291,nan,nan,nan
705,0.7271661876998745,0.8971442438123277,1.3324287537946276,2.1964598424388777,3672605514458660261,14.369405391924268,-2.908664750799498,-0.13457163657184915,-0.016655359422432844,0.25,10,6,27.69905946218912,0.004433167,nan,nan,nan
706,0.8046750804152192,0.6622549804282263,0.6757487822210138,3.4160272401069514,5738773540722592798,16.688181515007393,-3.2187003216608767,-0.09933824706423394,-0.008446859777762673,0.25,10,6,26.64748769094811,0.003948958,nan,nan,nan
707,0.9621589997523381,0.5721101567620692,1.9808453998751419,1.5663843080030593,41364196862265890,17.30419439809771,-3.8486359990093524,-0.08581652351431038,-0.024760567498439273,0.25,10,6,30.811766191137483,0.004754792,nan,nan,nan
708,0.8838528042939627,0.7110353315182208,1.0735976072118685,0.224494223800627,1673960928529947091,14.792760291414965,-3.535411217175851,-0.10665529972773312,-0.013419970090148357,0.25,10,6,31.087299583385935,0.005028625,nan,nan,nan
709,1.4088043923463875,1.8411588880892102,0.7515560062930455,2.2580651649377907,1900754880076080155,25.903630775333518,-5.63521756938555,-0.2761738332133815,-0.00939445007866307,0.25,10,6,27.674914783486933,0.00462025,nan,nan,nan
710,1.8308062406005636,1.0492963899611925,1.7998599307546024,2.0599846815907408,6519019111287822124,31.982462365176474,-7.3232249624022545,-0.15739445849417885,-0.022498249134432532,0.25,10,6,30.840802928923114,0.0047645,nan,nan,nan
711,1.5910905845129497,1.5098464683514163,1.2412638425295501,1.4676619063446972,479488729246705678,27.831019139562745,-6.364362338051799,-0.22647697025271243,-0.015515798031619378,0.25,10,6,30.63438959727307,0.004754417,nan,nan,nan
712,1.2179654508098552,1.6841264918499816,0.7214963709421862,3.63285387365634,7016337161246899668,24.13077698172401,-4.871861803239421,-0.25261897377749726,-0.009018704636777328,0.25,10,6,27.79478601186719,0.004423375,nan,nan,nan
713,1.4882380398837771,1.0537469053604327,1.47427717080095,3.446047978126753,4128061304819546486,27.890104759483446,-5.9529521595351085,-0.1580620358040649,-0.01842846463501188,0.25,10,6,27.576631738416868,0.004537958,nan,nan,nan
714,1.1309937472064007,1.310822567289712,1.5392720329830427,3.8609526288862956,700949638995060111,22.74334612456253,-4.523974988825603,-0.1966233850934568,-0.019240900412288035,0.25,10,6,27.51385557379119,0.004366959,nan,nan,nan
715,1.8081757795534983,1.8751084927731307,0.5571300262733294,0.7095279589674264,4249201716850269137,30.765405527487278,-7.232703118213993,-0.2812662739159696,-0.006964125328416618,0.25,10,6,31.02102007322308,0.004908916,nan,nan,nan
716,1.7970888860923906,1.6115783604674563,1.4293305226567201,1.7085869649352936,8265870906140006990,31.428956158694017,-7.188355544369562,-0.24173675407011844,-0.017866631533209002,0.25,10,6,31.01123595505618,0.004819292,nan,nan,nan
717,1.6044513095810229,1.771445957256485,0.5559995546107354,3.793197751096132,407328324100154458,30.527286278746388,-6.4178052383240916,-0.2657168935884727,-0.0069499944326341925,0.25,10,6,27.707865168539325,0.0043995,nan,nan,nan
718,1.7896571358248865,0.8471907640224554,1.3269857624504544,1.4128649061820697,6767322454390615408,30.555693537793726,-7.158628543299546,-0.1270786146033683,-0.01658732203063068,0.25,10,6,31.012498421916423,0.004860208,nan,nan,nan
719,1.7193363593510365,1.7756889191342666,0.6942488664729223,3.17204989008615,1320740879464525098,31.746844991183295,-6.877345437404146,-0.26635333787014,-0.008678110830911528,0.25,10,6,27.90130665320035,0.004538125,nan,nan,nan
720,1.4627413501642805,1.5196290759836817,1.9938473496199642,2.5399718963318287,8202034964600092392,26.855610944550527,-5.850965400657122,-0.22794436139755225,-0.024923091870249554,0.25,10,6,27.71610276480242,0.0045715,nan,nan,nan
721,1.8465672634751111,1.9479541292667812,1.8223762243598831,1.818065394552486,1579416248206355090,32.531914087714334,-7.3862690539004445,-0.2921931193900172,-0.02277970280449854,0.25,10,6,30.75432394899634,0.005079166,nan,nan,nan
722,0.8136405126134343,0.5038187834564074,1.3806391134597054,1.330139885680316,3455084505369016083,14.650679357569109,-3.254562050453737,-0.07557281751846111,-0.017257988918246318,0.25,10,6,27.730021461936627,0.004827291,nan,nan,nan
723,0.6225216981423654,1.445811786749637,0.9025390027998135,2.8142077268925405,3335082127331114881,13.642041969220168,-2.4900867925694614,-0.21687176801244554,-0.01128173753499767,0.25,10,6,23.68665572528721,0.003961833,nan,nan,nan
724,0.7830928277488794,0.6168972127570385,0.8191457247316314,0.30576398927967097,993895303760740298,13.205387560915964,-3.132371310995518,-0.09253458191355576,-0.010239321559145392,0.25,10,6,30.96294659765181,0.005259125,nan,nan,nan
725,1.3234501922017632,1.6834596916223146,1.5566973138805458,1.2095624122698463,5173967377135185317,23.394841302471445,-5.293800768807053,-0.25251895374334715,-0.019458716423506824,0.25,10,6,30.830071960611033,0.005184542,nan,nan,nan
726,1.052839248124827,1.3848809214028945,0.6040190305088851,1.6675281908951167,2291955604730035283,19.343884713734084,-4.211356992499308,-0.20773213821043418,-0.0075502378813610636,0.25,10,6,27.763255902032572,0.004918416,nan,nan,nan
727,0.5336690867053,0.928797784185703,1.4583051000303413,1.5872058132239881,1643206472844639927,10.683189871020211,-2.1346763468212,-0.13931966762785544,-0.018228813750379266,0.25,10,6,28.021177881580606,0.004655625,nan,nan,nan
728,1.0548652653418173,0.7515659684879328,0.791953659556369,2.664417263424598,4265344129536908406,19.993201089986435,-4.219461061367269,-0.11273489527318992,-0.009899420744454613,0.25,10,6,27.51243529857341,0.004953792,nan,nan,nan
729,1.5204814132942661,1.4007806623123276,1.1498593451381622,2.214596856055229,2419958188799172042,27.382767866150886,-6.0819256531770645,-0.21011709934684913,-0.014373241814227028,0.25,10,6,30.93990657745234,0.005318167,nan,nan,nan
730,1.4353251274467826,1.170031795532717,0.7082073576163382,0.39247534361491754,7955943660084690871,24.05969646008307,-5.741300509787131,-0.17550476932990755,-0.008852591970204228,0.25,10,6,31.238164373185203,0.005106583,nan,nan,nan
731,1.2775126141835165,1.3016262382532109,1.9232269185581283,4.963290905238897,5622578833024569047,26.184468475127087,-5.110050456734066,-0.19524393573798163,-0.024040336481976607,0.25,10,6,26.478190884989267,0.004253916,nan,nan,nan
732,1.272264719869057,0.7030673302105209,1.1578408557410755,2.619268902128648,7056596682324562129,23.397344818159876,-5.089058879476228,-0.10546009953157813,-0.014473010696763445,0.25,10,6,27.51300340866052,0.004512375,nan,nan,nan
733,1.2671685798547236,1.224886045227647,1.552179744825675,1.9017267025805724,5742724228698396766,22.91135560739274,-5.068674319418895,-0.18373290678414705,-0.019402246810320937,0.25,10,6,30.840487312208055,0.004760875,nan,nan,nan
734,1.9714179197644484,1.86263102883312,0.6149234184255783,1.0690658779180295,9077855688561502893,33.72933121144907,-7.885671679057793,-0.279394654324968,-0.007686542730319729,0.25,10,6,31.19303118293145,0.005124167,nan,nan,nan
735,1.1544088695222747,1.8333984619646924,0.8020985078081256,1.2865190289983575,2639182804367029305,20.85710001853357,-4.617635478089099,-0.27500976929470383,-0.01002623134760157,0.25,10,6,27.751609645246813,0.004602,nan,nan,nan
736,1.93960181089611,1.7626825969038902,1.522928191642041,3.6662820526715874,6789158822503020733,35.75752058515168,-7.75840724358444,-0.26440238953558354,-0.019036602395525515,0.25,10,6,27.660996086352732,0.004486166,nan,nan,nan
737,1.878643702615812,1.7359252587732583,1.4185470975031957,4.846638764646833,7668081137586758298,35.94649316176378,-7.514574810463248,-0.26038878881598876,-0.017731838718789947,0.25,10,6,27.70701300340866,0.004431625,nan,nan,nan
738,1.4605569165964973,1.7838057465201915,0.6789920764574748,4.723803845070702,8912871440539932139,29.162997958526773,-5.842227666385989,-0.2675708619780287,-0.008487400955718436,0.25,10,6,27.46329377603838,0.004521625,nan,nan,nan
739,1.3179700239172074,1.313607393921246,1.0646192522427556,2.860177018262089,5833651744614347418,24.735861837290155,-5.27188009566883,-0.1970411090881869,-0.013307740653034444,0.25,10,6,27.565837646761775,0.004472333,nan,nan,nan
740,1.0063457183839937,0.9401737799202925,1.8440975643788937,3.9926036983160076,6394979767996057730,20.65823946041208,-4.025382873535975,-0.14102606698804387,-0.02305121955473617,0.25,10,6,26.648055801035223,0.003966666,nan,nan,nan
741,1.2596824873690373,1.5285069328889214,1.5655912786093586,3.3113846274476666,769129932865645374,24.383408585085615,-5.038729949476149,-0.2292760399333382,-0.019569890982616984,0.25,10,6,27.50504986744098,0.004491208,nan,nan,nan
742,0.8371444219869608,1.2366797389483606,1.6298563134676716,4.311839235407438,5006429367407927842,18.44815783056783,-3.3485776879478433,-0.1855019608422541,-0.020373203918345895,0.25,10,6,23.529099861128646,0.003740042,nan,nan,nan
743,1.031213789122619,0.5526136318878478,0.517570205718737,1.7709643747407289,5941151662197811691,18.60195317983534,-4.124855156490476,-0.08289204478317717,-0.006469627571484213,0.25,10,6,27.561292766064888,0.004484917,nan,nan,nan
744,0.8118053235482123,0.636991977445075,1.7899247422205031,1.084224666747751,866680977676577371,14.455305029986194,-3.2472212941928493,-0.09554879661676124,-0.022374059277756292,0.25,10,6,30.849008963514706,0.004765084,nan,nan,nan
745,1.4155852558790953,0.8066812566733821,1.9384191538843756,4.6145762577837015,7112708110083497938,27.74794910585326,-5.662341023516381,-0.1210021885010073,-0.024230239423554695,0.25,10,6,27.359613685140765,0.004425,nan,nan,nan
746,1.4069121151076094,1.6607132020974524,0.7281117850095347,2.214311687320254,432868949053287490,25.721333450300477,-5.6276484604304375,-0.24910698031461787,-0.009101397312619183,0.25,10,6,27.774902158818332,0.004514125,nan,nan,nan
747,0.5721219430395565,1.9079703312179928,1.8711495754376797,0.4606959741074812,7519770028000370029,10.75942926147118,-2.288487772158226,-0.2861955496826989,-0.023389369692970997,0.25,10,6,27.855857846231537,0.004629625,nan,nan,nan
748,1.2295150489197135,1.9499210508841742,1.0742930939007573,0.877188781399289,5055513316296124980,21.719382194645213,-4.918060195678854,-0.29248815763262614,-0.013428663673759467,0.25,10,6,30.99513950258806,0.004913334,nan,nan,nan
749,0.6651259547425501,0.5343475125191106,1.1334123933053628,1.5136384607189162,8252856818171485219,12.476262244111183,-2.6605038189702004,-0.08015212687786659,-0.014167654916317036,0.25,10,6,27.495960106047214,0.0044745,nan,nan,nan
750,0.8523315421278534,1.713483096037065,1.326482447845632,1.2221629709126636,7418186779295790459,15.887557502580558,-3.409326168511414,-0.25702246440555976,-0.016581030598070402,0.25,10,6,27.679459664183817,0.004543416,nan,nan,nan
751,1.9235055981767397,1.8624095184030474,1.5872770050334868,3.489024665288192,248420151560429359,35.38255994715786,-7.694022392706959,-0.2793614277604571,-0.019840962562918587,0.25,10,6,27.96947986365358,0.004467375,nan,nan,nan
752,0.9822662465715732,1.679810610231092,0.8079042687738442,3.267912095849735,5540159136427676137,19.992058407133563,-3.929064986286293,-0.25197159153466375,-0.010098803359673053,0.25,10,6,27.46670243656104,0.004494583,nan,nan,nan
753,0.8576743754913903,1.2904457333723314,1.0233084527435925,0.09552951607153193,845752262718145348,14.592586963957174,-3.430697501965561,-0.1935668600058497,-0.012791355659294908,0.25,10,6,31.153894710263856,0.005023542,nan,nan,nan
754,1.024808531362026,1.1045829823844961,1.290541282108329,3.2015820026754893,390107626903622123,20.261268293898606,-4.099234125448104,-0.1656874473576744,-0.016131766026354116,0.25,10,6,27.460737280646384,0.004436542,nan,nan,nan
755,1.6005809190828542,1.9715788619338452,0.6769182304620741,1.7773248972817863,7307762248907416424,28.56956691976776,-6.402323676331417,-0.2957368292900768,-0.008461477880775926,0.25,10,6,31.00871102133569,0.004739542,nan,nan,nan
756,1.2550161784054445,0.7868878550896425,0.9924516010058004,4.681505129784379,8272920873875122439,25.233896697325278,-5.020064713621778,-0.11803317826344638,-0.012405645012572505,0.25,10,6,26.521935361696755,0.004193917,nan,nan,nan
757,1.150740509639001,1.0779385216235768,0.518107586382298,4.030543793657301,2024689289844421701,23.089155060855465,-4.602962038556004,-0.16169077824353653,-0.006476344829778726,0.25,10,6,27.360749905314986,0.004405167,nan,nan,nan
758,1.2425382171455641,0.5637527622991471,1.8787617625809698,2.9745171940548514,6336243200389588649,23.193380325763364,-4.9701528685822565,-0.08456291434487205,-0.023484522032262124,0.25,10,6,27.502209317005427,0.004466208,nan,nan,nan
759,1.6187893381452396,1.0877165084833307,0.9174357235067352,4.9843689061458285,9112228875830950993,31.53762822155966,-6.4751573525809585,-0.1631574762724996,-0.011467946543834191,0.25,10,6,27.60191263729327,0.004428958,nan,nan,nan
760,1.726880317739698,0.7063510630745651,1.1530983461807396,4.512641792806963,5853399367322806037,32.56653751448687,-6.907521270958792,-0.10595265946118476,-0.014413729327259246,0.25,10,6,27.510446913268527,0.004478042,nan,nan,nan
761,1.6713055839424447,1.7720558795903392,1.0859167657945934,0.07703763835197441,7871378323940195801,27.881160509185293,-6.685222335769779,-0.2658083819385509,-0.013573959572432417,0.25,10,6,31.31643731852039,0.005037083,nan,nan,nan
762,1.6085146007342688,1.0243009463079957,0.5498973462892713,1.8799858429718297,5476337764853331434,28.23080002250493,-6.434058402937075,-0.15364514194619935,-0.006873716828615892,0.25,10,6,30.645120565585152,0.004710375,nan,nan,nan
763,1.7481055116180562,1.8397936101732841,1.2594912083085,1.9671213675571635,6241834124132615434,31.04068571955003,-6.992422046472225,-0.2759690415259926,-0.01574364010385625,0.25,10,6,31.02764802423936,0.004770791,nan,nan,nan
764,0.9217856030393003,1.3674099512828852,1.012571283777102,2.1538200511381076,2588673764943608038,17.722835670536643,-3.6871424121572014,-0.20511149269243278,-0.012657141047213775,0.25,10,6,27.5757795732862,0.004464833,nan,nan,nan
765,1.7126853401815503,1.0920995252037193,1.9617213356430678,2.6468965373933404,1911553870019028488,30.705121695420374,-6.850741360726201,-0.1638149287805579,-0.02452151669553835,0.25,10,6,30.630917813407397,0.004753125,nan,nan,nan
766,0.7477448229232844,1.5562613631376192,0.6991530510048308,1.5614871148334015,5313843214981501327,14.459161099488522,-2.9909792916931375,-0.23343920447064287,-0.008739413137560386,0.25,10,6,27.74138366367883,0.004511333,nan,nan,nan
767,1.1777393896425625,0.6856757132441904,1.9853286560236834,1.1031765312515391,5116866335859102972,20.358412193479055,-4.71095755857025,-0.10285135698662856,-0.024816608200296044,0.25,10,6,31.030804191389976,0.00472175,nan,nan,nan
768,1.4065171490811617,0.9401124471436446,1.8365949828654804,3.351852975237663,237931349543053112,26.420194828822435,-5.626068596324647,-0.14101686707154668,-0.022957437285818505,0.25,10,6,27.519820729705845,0.004509291,nan,nan,nan
769,0.576258366837676,1.8578523801704496,0.7000805832305894,3.620599752592187,7587401730602923726,13.955445050097271,-2.305033467350704,-0.2786778570255674,-0.008751007290382367,0.25,10,6,23.53566468880192,0.003705,nan,nan,nan
770,1.19128592967778,1.6087551999318563,0.6844056187740482,4.774228619552791,5699520025485018343,24.800056614356386,-4.76514371871112,-0.24131327998977845,-0.008555070234675602,0.25,10,6,26.47762277490216,0.003924042,nan,nan,nan
771,1.4529334681752786,0.8755193221201136,0.7608273076382349,3.1206210846951388,4432481138499389634,26.892868168771663,-5.811733872701114,-0.13132789831801703,-0.009510341345477936,0.25,10,6,27.706728948365107,0.004396083,nan,nan,nan
772,1.555013032716404,0.8485484296490959,0.9339343840193475,4.358422717279837,7324327546519330821,29.74776029853176,-6.220052130865616,-0.12728226444736437,-0.011674179800241845,0.25,10,6,27.792229516475196,0.0044645,nan,nan,nan
773,1.1357836338268497,1.3736790370940484,0.8682220286885447,0.8158925203155692,5046866978544103249,19.81263808380159,-4.543134535307399,-0.20605185556410724,-0.01085277535860681,0.25,10,6,30.947796995328872,0.004941417,nan,nan,nan
774,1.8636998397139093,0.8829994354940188,0.8715724676025627,4.807942963701749,6909658197984348134,35.15694006042071,-7.454799358855637,-0.13244991532410283,-0.010894655845032034,0.25,10,6,27.70701300340866,0.004472834,nan,nan,nan
775,0.8081520252131835,0.5187737358736235,1.245920307165451,3.413914632420086,6699997495915857814,16.6556112773552,-3.232608100852734,-0.07781606038104352,-0.015574003839568138,0.25,10,6,26.64748769094811,0.004030458,nan,nan,nan
776,1.725257197713097,1.3559136137718193,0.9426434859431352,0.2623882448164483,1437424974255146450,28.680051576489095,-6.901028790852388,-0.20338704206577288,-0.01178304357428919,0.25,10,6,31.146635525817445,0.005016875,nan,nan,nan
777,1.2318362515540737,1.7701394020646986,0.5331766914922481,2.985524304584981,2213619797222002589,23.75698797068898,-4.927345006216295,-0.26552091030970476,-0.006664708643653101,0.25,10,6,27.37978159323318,0.004481083,nan,nan,nan
778,1.3685894745814982,0.5558359588456814,0.6278667615935916,2.12854925691855,406724250180983810,24.35948242552993,-5.474357898325993,-0.0833753938268522,-0.007848334519919896,0.25,10,6,31.009973488195936,0.004822709,nan,nan,nan
779,1.034278284187334,1.3835688804626014,0.8772874501217887,2.5087296262230603,8007937320634193285,19.887323501497963,-4.137113136749336,-0.2075353320693902,-0.010966093126522358,0.25,10,6,27.498800656482768,0.004599792,nan,nan,nan
780,1.9864685989317095,1.6581966612552066,1.0521986963796415,2.241562018668615,1991796654279905985,35.01997759832909,-7.945874395726838,-0.24872949918828097,-0.013152483704745518,0.25,10,6,31.01123595505618,0.00476875,nan,nan,nan
781,1.804869505152585,0.804420154768013,0.5709993822864399,3.2075654571848955,5144891529673518221,32.568129632487064,-7.21947802061034,-0.12066302321520195,-0.007137492278580499,0.25,10,6,31.085405883095568,0.00480925,nan,nan,nan
782,1.1922067596129589,1.270182227762735,1.8113902024159845,2.8558388468239757,2987952550776793174,22.693256337288958,-4.768827038451835,-0.19052733416441026,-0.022642377530199806,0.25,10,6,27.751609645246813,0.004477459,nan,nan,nan
783,0.777391385614131,1.9346680461396577,0.8869074469985125,3.436439352118427,5908684157019745064,17.035502349628317,-3.109565542456524,-0.29020020692094867,-0.011086343087481408,0.25,10,6,23.541219542986997,0.003731791,nan,nan,nan
784,1.1678336710241957,1.5039426057530296,1.2927003084745252,0.9174677967719441,5287179739293335434,20.50517209661089,-4.671334684096783,-0.22559139086295443,-0.016158753855931567,0.25,10,6,31.024176240373688,0.004887667,nan,nan,nan
785,1.3370394507935768,1.3664409315744812,1.7508976522518638,1.3294324544695075,5344267389201775843,23.541928226111427,-5.348157803174307,-0.20496613973617217,-0.021886220653148297,0.25,10,6,30.74106804696377,0.004720833,nan,nan,nan
786,1.5383740662883783,1.2381432468077673,1.0927910967037375,1.9541495658404924,7308367726640832999,27.311020574539203,-6.153496265153513,-0.1857214870211651,-0.01365988870879672,0.25,10,6,30.774207802045197,0.004835375,nan,nan,nan
787,1.354681890216435,1.8364556751263026,1.5231262011195803,3.6999849373916325,8416383210993811785,26.476768585930376,-5.41872756086574,-0.27546835126894537,-0.019039077513994754,0.25,10,6,27.74763287463704,0.004567041,nan,nan,nan
788,1.357453476940623,0.7239627529877125,0.6789270691844023,0.07532114297958803,2013688763661205936,22.228954425822185,-5.429813907762492,-0.10859441294815687,-0.008486588364805028,0.25,10,6,31.009342254765812,0.005036375,nan,nan,nan
789,1.176480637868409,0.5319322076354109,1.6123546527355728,3.5276318023781803,4304269250643539878,22.67048133285397,-4.705922551473636,-0.07978983114531164,-0.02015443315919466,0.25,10,6,27.705592728190883,0.004462917,nan,nan,nan
790,0.5712098444344654,1.283058848648484,1.9551477653810485,2.202712557417797,1665524666818569948,12.111905377558335,-2.2848393777378617,-0.1924588272972726,-0.02443934706726311,0.25,10,6,24.455750536548415,0.004101083,nan,nan,nan
791,1.7339732416337137,0.7532696066943412,1.6308536235039528,1.3818768037699125,6825965493136542499,29.577410433925937,-6.935892966534855,-0.11299044100415118,-0.02038567029379941,0.25,10,6,30.968627698522916,0.004862375,nan,nan,nan
792,1.485628751228685,0.7888428944332805,0.899192858999153,1.01618094902812,1058203382420265356,25.259546705347045,-5.94251500491474,-0.11832643416499207,-0.011239910737489414,0.25,10,6,31.05163489458402,0.004994542,nan,nan,nan
793,1.148555220212057,1.9981433922777756,0.6231661908072306,4.389601916235446,4106599279386488626,23.965371474995024,-4.594220880848228,-0.2997215088416663,-0.007789577385090382,0.25,10,6,27.459885115515718,0.004378125,nan,nan,nan
794,0.629164923232351,1.8169777004430865,1.6008443680398885,4.610552645546052,7092604472457155396,15.76737803752952,-2.516659692929404,-0.272546655066463,-0.02001055460049861,0.25,10,6,23.693725539704584,0.003775625,nan,nan,nan
795,1.9929524196950241,1.3425728264177157,0.5596519184709523,2.8585788345523033,6571209952050848969,35.55136124552332,-7.9718096787800965,-0.20138592396265734,-0.006995648980886904,0.25,10,6,30.749274081555356,0.004933833,nan,nan,nan
796,1.96812253317694,0.501413191728941,0.8640672401660776,1.7869506226963146,3505697308217009153,33.577759068564724,-7.87249013270776,-0.07521197875934116,-0.01080084050207597,0.25,10,6,30.83954046206287,0.004866792,nan,nan,nan
797,1.2691248250339946,0.7619155415670351,0.575058183287418,3.395387371457945,8439410252112044156,24.15853389694208,-5.076499300135978,-0.11428733123505526,-0.007188227291092725,0.25,10,6,27.668665572528724,0.004674666,nan,nan,nan
798,1.6278192170288002,0.8905754320078619,0.5685122543466636,3.3378206123023846,2441542834382299077,29.917273343967903,-6.511276868115201,-0.13358631480117927,-0.0071064031793332955,0.25,10,6,27.649349829566972,0.004619041,nan,nan,nan
799,1.7360470405251727,1.8202359147654144,1.2991400029561617,0.9925399129089785,5644090222096427709,29.86143411017099,-6.944188162100691,-0.27303538721481213,-0.01623925003695202,0.25,10,6,31.086983966670875,0.00509,nan,nan,nan
800,1.1514536931774746,1.770741893366468,1.0389288142249642,2.996555897317395,8245346563828998753,22.48226012417687,-4.605814772709898,-0.2656112840049702,-0.012986610177812052,0.25,10,6,27.747348819593487,0.004620375,nan,nan,nan
801,1.3392343147135564,1.3724854117682423,1.0442686927415705,1.405436981895244,7746257917498842139,23.65667726437309,-5.3569372588542254,-0.20587281176523634,-0.013053358659269633,0.25,10,6,30.63438959727307,0.004735833,nan,nan,nan
802,1.2749763766260063,1.180667878959718,0.8074279082300089,2.8142302361264404,3834909759111378301,23.922252989518373,-5.099905506504025,-0.1771001818439577,-0.010092848852875112,0.25,10,6,27.568394142153767,0.00450625,nan,nan,nan
803,0.8655029568545185,1.6693798684825811,1.4558125967002769,4.154746901434177,2398234732538542938,19.004422132196023,-3.462011827418074,-0.25040698027238717,-0.01819765745875346,0.25,10,6,23.68665572528721,0.003756166,nan,nan,nan
804,0.786610112097674,1.4358041559873986,1.9066181056323734,0.9814336363724646,4807423251634720764,14.428677923527687,-3.146440448390696,-0.21537062339810978,-0.02383272632040467,0.25,10,6,27.925451331902536,0.004610542,nan,nan,nan
805,1.884455975850631,1.7670297239917676,1.9777942578763688,2.973597517735973,2538620027785173396,34.18511096574113,-7.537823903402524,-0.26505445859876514,-0.02472242822345461,0.25,10,6,30.61071834364348,0.00473125,nan,nan,nan
806,1.532197987895757,1.7294111181955527,1.2463600833442872,0.1645451629914324,4435017425396475596,25.71735964024088,-6.128791951583028,-0.2594116677293329,-0.015579501041803591,0.25,10,6,31.11128645373059,0.005003583,nan,nan,nan
807,0.674739431964035,0.526227320962229,0.9218956945982597,0.14199070632408217,2363230429467796723,11.253558010325978,-2.69895772785614,-0.07893409814433434,-0.011523696182478248,0.25,10,6,31.076252998358793,0.004981,nan,nan,nan
808,1.5925704489948662,0.6659231741407284,1.1963392290079637,4.929103587981796,6248208865184318698,30.809784676384094,-6.370281795979465,-0.09988847612110927,-0.014954240362599548,0.25,10,6,27.628329756343895,0.004365792,nan,nan,nan
809,1.865977638351834,1.3246716388278572,1.9016704768249455,4.085615661406839,6983939256109205403,34.7360608583329,-7.463910553407336,-0.19870074582417857,-0.02377088096031182,0.25,10,6,27.74820098472415,0.004499208,nan,nan,nan
810,0.9518965493924135,0.960771763367156,1.3551704907924473,1.5124131943933512,9070135019045899668,17.31922104269226,-3.807586197569654,-0.14411576450507338,-0.016939631134905594,0.25,10,6,30.836384294912257,0.004809833,nan,nan,nan
811,1.6368539443921626,0.6329980055068717,1.2555863410035786,4.392717582339552,3743597476323077857,30.962179495918278,-6.54741577756865,-0.09494970082603076,-0.015694829262544733,0.25,10,6,27.894205277111475,0.004466167,nan,nan,nan
812,1.5724109213327029,1.253649345954167,0.7093246540692495,4.449426527413206,338648598584222569,30.360190876308952,-6.2896436853308115,-0.18804740189312505,-0.008866558175865619,0.25,10,6,27.489994950132562,0.004563792,nan,nan,nan
813,1.1093998678604478,1.239952915179219,0.8675053983425847,4.585656011154698,1056279509073371581,23.08002564602939,-4.437599471441791,-0.18599293727688285,-0.010843817479282309,0.25,10,6,26.490689306905693,0.004173583,nan,nan,nan
814,0.5948001758485133,1.0678957566414404,0.511194619138692,3.9660545009890495,7870892369464585290,14.123594768550126,-2.379200703394053,-0.16018436349621606,-0.006389932739233651,0.25,10,6,23.52304002019947,0.003874042,nan,nan,nan
815,1.3872549326912575,1.6567515196034752,0.7698791212764892,0.41001675501289525,21084170312836581,23.6001465898351,-5.54901973076503,-0.24851272794052126,-0.009623489015956116,0.25,10,6,31.102449185708878,0.005109,nan,nan,nan
816,0.656395924873752,0.7541389885386118,0.6468752612074495,3.754929661106086,7726230659839849205,14.709747852209285,-2.625583699495008,-0.11312084828079177,-0.008085940765093119,0.25,10,6,23.535159702057822,0.004097375,nan,nan,nan
817,0.5807750571795389,1.686831411873872,1.6919481315256355,1.7416369674699754,7199197785238842922,12.046136729466921,-2.3231002287181557,-0.2530247117810808,-0.021149351644070447,0.25,10,6,27.810693094306274,0.004715792,nan,nan,nan
818,0.872196784049992,1.8909278908917886,1.1656868064676216,1.7232418754017675,916859712482002404,16.81294715473671,-3.488787136199968,-0.2836391836337683,-0.01457108508084527,0.25,10,6,28.017201110970838,0.004564291,nan,nan,nan
819,1.3584721767800139,0.620590939839222,0.8530505320848545,4.895911958605927,5916825784698984310,27.003821350989682,-5.4338887071200555,-0.09308864097588329,-0.010663131651060682,0.25,10,6,26.692936497916932,0.00416175,nan,nan,nan
820,1.6480587078556947,1.3540359819340257,0.6422819493307343,3.8136599657093044,7683825357205059094,30.995020880560837,-6.592234831422779,-0.20310539729010385,-0.00802852436663418,0.25,10,6,27.728317131675293,0.0045885,nan,nan,nan
821,1.6667971290735024,1.4261724143213064,0.6804434786877291,2.213281272712238,3641960753693947031,29.73773878648106,-6.66718851629401,-0.21392586214819595,-0.008505543483596615,0.25,10,6,30.849008963514706,0.004873833,nan,nan,nan
822,1.9945432046985938,1.5357041863444345,1.8739115295822337,4.415877652500545,1609285830589166382,37.24999143948471,-7.978172818794375,-0.23035562795166517,-0.023423894119777924,0.25,10,6,27.519252619618733,0.004528709,nan,nan,nan
823,1.7115733001129314,1.4975976642341309,1.492790710644506,0.927331701741414,4548733473518590053,29.211063102088794,-6.846293200451726,-0.22463964963511962,-0.018659883883056325,0.25,10,6,31.32180280267643,0.00494925,nan,nan,nan
824,1.0153202656219007,1.82808322954125,1.5783751041127854,3.9839250874959835,6853740959744996170,21.325899275171142,-4.061281062487603,-0.27421248443118745,-0.01972968880140982,0.25,10,6,27.79762656230274,0.004378,nan,nan,nan
825,1.5570038410537343,0.7494952159377657,1.659846814850862,4.65910585454203,2550607219004605607,30.020864440964438,-6.228015364214937,-0.11242428239066485,-0.020748085185635777,0.25,10,6,27.64026006817321,0.004408125,nan,nan,nan
826,0.7121111525192916,0.6119818308983793,1.0248415576522931,2.4459605628343044,3753304770440128376,14.206928101681997,-2.8484446100771663,-0.0917972746347569,-0.012810519470653665,0.25,10,6,27.662700416614065,0.004372458,nan,nan,nan
827,1.1728152771956657,0.9143091373507521,1.343610521032633,4.31450030972547,8106916790379231592,23.628130227266574,-4.691261108782663,-0.1371463706026128,-0.016795131512907912,0.25,10,6,27.626625426082562,0.00461675,nan,nan,nan
828,0.7514859482535547,1.7600841409475816,1.6158238919057224,3.8188769622758056,8866263404837094566,16.898702618901233,-3.005943793014219,-0.26401262114213725,-0.02019779864882153,0.25,10,6,23.693725539704584,0.003753417,nan,nan,nan
829,0.6837949343493851,1.4838691055261606,1.4475993678154717,3.6748307723916973,3922180697967143211,15.505871185297556,-2.7351797373975404,-0.22258036582892407,-0.018094992097693396,0.25,10,6,23.693220552960486,0.003699959,nan,nan,nan
830,0.6458820127528928,1.2416698428090711,0.6172147508078227,0.9901695441917852,6219286034615363061,12.069283653923513,-2.5835280510115712,-0.18625047642136067,-0.007715184385097784,0.25,10,6,27.746780709506375,0.00456575,nan,nan,nan
831,0.7579318899882328,1.7542573119388316,1.3435715599009943,0.016181254572696924,4031102410872282456,13.195645881547721,-3.031727559952931,-0.26313859679082474,-0.016794644498762428,0.25,10,6,31.074359298068423,0.005010583,nan,nan,nan
832,0.9232732784816344,1.1713753918469274,1.5490536952653473,2.152183155416825,821244338324800552,17.627380846231134,-3.6930931139265377,-0.1757063087770391,-0.019363171190816843,0.25,10,6,27.752461810377476,0.004603666,nan,nan,nan
833,1.6390709616511812,0.7023078900359541,1.9330349218593046,4.262491775313202,6789019604316857477,30.90901189575367,-6.556283846604725,-0.10534618350539311,-0.024162936523241307,0.25,10,6,27.504765812397423,0.004529125,nan,nan,nan
834,0.8935963453032065,0.9780153897783874,0.5492667200237875,3.3337310638367694,428717923538110959,18.218081822555106,-3.574385381212826,-0.1467023084667581,-0.006865834000297344,0.25,10,6,27.552203004671128,0.004411292,nan,nan,nan
835,1.4846837958337167,1.552315968398708,0.851114073258726,3.059587457016515,3086977599775681359,27.745917771395206,-5.938735183334867,-0.2328473952598062,-0.010638925915734076,0.25,10,6,27.88227496528216,0.004579416,nan,nan,nan
836,1.8130463527371055,1.6582611175083397,1.7941148894157075,0.724575047542102,7719903289901124789,30.728273361840795,-7.252185410948422,-0.24873916762625095,-0.022426436117696347,0.25,10,6,31.02764802423936,0.004974209,nan,nan,nan
837,1.8766837215693424,1.742605557562135,0.7942923264739034,1.0304310022261727,8067325134594592249,32.10293388187293,-7.5067348862773695,-0.26139083363432025,-0.009928654080923792,0.25,10,6,30.847430879939402,0.004893125,nan,nan,nan
838,0.5764062296260994,0.539310149909541,1.5187314939628438,2.9242904468194757,6976764690571445521,12.470376210782792,-2.3056249185043978,-0.08089652248643114,-0.018984143674535547,0.25,10,6,23.535159702057822,0.003713625,nan,nan,nan
839,1.9406636489170521,0.7171254125772082,1.6089700237434448,2.9167550929626795,8160517962240079686,34.39764872318184,-7.7626545956682085,-0.10756881188658123,-0.02011212529679306,0.25,10,6,31.025754323949,0.00479075,nan,nan,nan
840,1.1216937578576247,1.0503378985610552,0.7776926204754722,0.14075383679343967,4690277590801140487,18.718056701652067,-4.486775031430499,-0.15755068478415826,-0.009721157755943403,0.25,10,6,31.084143416235325,0.005015875,nan,nan,nan
841,0.9277720570084239,0.5612082297215741,1.7594962584547655,0.6137908040506773,2238541719334609943,15.794868654018403,-3.7110882280336956,-0.08418123445823612,-0.021993703230684572,0.25,10,6,31.237848756470143,0.004959708,nan,nan,nan
842,1.858604775954075,1.6203594678278201,1.5719791821466205,3.6305380084449643,6326553247687973766,34.340430104406856,-7.4344191038163,-0.24305392017417302,-0.019649739776832757,0.25,10,6,27.98567100113622,0.004498708,nan,nan,nan
843,1.7210584246820786,1.2629437872460034,1.3002566967206146,1.4742662370369664,2063155644187964393,29.768967304297828,-6.884233698728314,-0.18944156808690052,-0.016253208709007684,0.25,10,6,31.033329125110466,0.004770959,nan,nan,nan
844,1.909405501487124,1.9820261028063677,1.2303138415111539,4.161169831732841,8840394722355000002,35.90087351721065,-7.637622005948496,-0.29730391542095513,-0.015378923018889424,0.25,10,6,27.74479232420149,0.004453334,nan,nan,nan
845,1.8843110343793288,0.9036275196437618,1.7502826476459217,4.317608333268186,5604738766672616707,35.0087613951237,-7.537244137517315,-0.13554412794656426,-0.021878533095574023,0.25,10,6,27.74706476454993,0.004455459,nan,nan,nan
846,1.5248602058657128,0.5516560210498784,1.0144855741611354,1.7575924055308585,7191904018317460037,26.48634931201219,-6.099440823462851,-0.08274840315748176,-0.012681069677014193,0.25,10,6,30.762529983587932,0.004807916,nan,nan,nan
847,1.4463080209504993,0.7918199585216783,0.8273962705753365,4.48371500765044,4886124289557369400,28.099735317971437,-5.785232083801997,-0.11877299377825173,-0.010342453382191707,0.25,10,6,27.699343517232673,0.004392875,nan,nan,nan
848,1.7499840399721585,1.6955934288859908,1.9793381354218251,2.3139867051943934,5733550685063820091,31.33108740208052,-6.999936159888634,-0.2543390143328986,-0.024741726692772817,0.25,10,6,27.91266885494256,0.004501958,nan,nan,nan
849,1.2322439388238804,1.157785455191941,0.6631269162272068,4.122378630157889,4627792842273233780,24.53295292445514,-4.928975755295522,-0.17366781827879116,-0.008289086452840084,0.25,10,6,27.39710895089004,0.004438625,nan,nan,nan
850,0.5273306232142976,0.5903908227674763,0.5591642007939177,1.3130994097386373,1491779215582826136,10.104623874827885,-2.1093224928571903,-0.08855862341512145,-0.0069895525099239715,0.25,10,6,27.50249337204898,0.00444175,nan,nan,nan
851,1.0990840405563749,1.4575113797868164,1.8807052938478848,4.34583948432391,7342748489081460536,22.805690961097998,-4.3963361622254995,-0.21862670696802247,-0.02350881617309856,0.25,10,6,26.47762277490216,0.003940459,nan,nan,nan
852,0.8332909519818829,1.4249886769720663,1.3075002005876286,2.3378000431323804,3934441505333281549,16.525448481025744,-3.3331638079275314,-0.21374830154580995,-0.01634375250734536,0.25,10,6,27.794217901780076,0.004408625,nan,nan,nan
853,0.8710107558626439,1.8275490897538524,1.8550533279282746,3.8350996378052655,2548699788573520507,18.86780118545988,-3.4840430234505755,-0.27413236346307784,-0.023188166599103433,0.25,10,6,26.486428481252364,0.004089834,nan,nan,nan
854,1.4637549947827084,1.337101598437765,0.7535081980800415,4.352951936558048,523956610288204544,28.575292812144042,-5.855019979130834,-0.20056523976566473,-0.00941885247600052,0.25,10,6,27.650486049741193,0.004405666,nan,nan,nan
855,0.6475504737383576,1.1709947629091035,1.8204586198250443,3.5838792646148745,1837206352283667105,14.647283702174057,-2.5902018949534305,-0.17564921443636553,-0.022755732747813055,0.25,10,6,23.535159702057822,0.003714208,nan,nan,nan
856,1.437681046152326,0.8229751961495926,1.7937350937790755,1.719572503230491,5101399968287765178,25.21625435935746,-5.750724184609304,-0.12344627942243888,-0.022421688672238444,0.25,10,6,30.842696629213485,0.004863292,nan,nan,nan
857,0.801922019480562,0.5540504437004884,1.0414608718931577,2.385876871373165,1458974741046418819,15.54905944928245,-3.207688077922248,-0.08310756655507326,-0.013018260898664473,0.25,10,6,27.472099482388586,0.004474375,nan,nan,nan
858,0.9523123717389763,0.7516972145860105,1.5601236555881013,1.8413058325197285,6470623198892328657,17.529322109094956,-3.8092494869559053,-0.11275458218790156,-0.01950154569485127,0.25,10,6,27.975445019568237,0.0045905,nan,nan,nan
859,1.944612024054745,1.0510505837937565,0.5750016425384332,3.8731700485665232,2293532549981954627,35.6175927837187,-7.77844809621898,-0.15765758756906348,-0.007187520531730416,0.25,10,6,27.830861002398688,0.004467542,nan,nan,nan
860,0.6050333220444413,1.0510082272772168,1.8809359503248437,0.8259741808987586,3983038179402393052,11.13711226997615,-2.420133288177765,-0.15765123409158252,-0.023511699379060547,0.25,10,6,27.6871291503598,0.004554958,nan,nan,nan
861,1.6602377993170838,1.142987516384541,1.1169122994514664,0.790554274704583,1457912564636477355,28.04015157360865,-6.640951197268335,-0.17144812745768115,-0.01396140374314333,0.25,10,6,31.238795606615327,0.004946458,nan,nan,nan
862,1.0579548388162374,0.9115995214320352,0.8643497645752758,1.1500221063231442,4192707628132916976,18.624259240242164,-4.23181935526495,-0.13673992821480527,-0.010804372057190948,0.25,10,6,30.774207802045197,0.004784708,nan,nan,nan
863,0.6538219921957072,0.5855820094701257,1.0309218000166762,4.656068551688227,1576315780493039750,15.468569632501618,-2.615287968782829,-0.08783730142051886,-0.012886522500208454,0.25,10,6,23.529099861128646,0.003738916,nan,nan,nan
864,1.393324540905462,1.4664499404663314,0.5096379958882463,2.906866213469905,5701784624422743878,26.079928832237094,-5.573298163621848,-0.2199674910699497,-0.006370474948603079,0.25,10,6,27.881138745107943,0.0045485,nan,nan,nan
865,1.3348751076163887,1.5282760973539902,1.579266491567462,3.2551512049631492,6307943751683121805,25.530118585237762,-5.339500430465555,-0.22924141460309852,-0.019740831144593275,0.25,10,6,27.51612801413963,0.004488083,nan,nan,nan
866,0.919724701148118,1.3411723961628295,1.9592706200880017,4.492127830707504,2152179706984389350,20.01242648677509,-3.678898804592472,-0.20117585942442442,-0.02449088275110002,0.25,10,6,23.68716071203131,0.003750875,nan,nan,nan
867,1.0601193647344598,1.8506135767647822,1.031838246551316,0.5193774849046501,961960173225459668,18.591655466714872,-4.240477458937839,-0.2775920365147173,-0.012897978081891451,0.25,10,6,31.22901148844843,0.005001625,nan,nan,nan
868,0.8472101077788015,1.0540130577725324,1.909904181813463,0.4928530927288155,4894360351555055140,14.680622651853158,-3.388840431115206,-0.15810195866587987,-0.02387380227266829,0.25,10,6,30.97241509910365,0.004843125,nan,nan,nan
869,0.8657228483124983,1.3253249348768334,1.6169003233029984,3.090904336435745,2413179141054005505,17.73766487036182,-3.4628913932499934,-0.19879874023152502,-0.020211254041287482,0.25,10,6,24.51230905188739,0.004122791,nan,nan,nan
870,0.6264358559151249,1.3365578020350404,1.151427462274004,0.5768812395997719,6570531185299363854,11.401789615462793,-2.5057434236604994,-0.20048367030525605,-0.01439284327842505,0.25,10,6,27.693378361318015,0.00458275,nan,nan,nan
871,1.803916674389947,1.389638450508387,1.5492174745034961,1.614805432257973,3096801897396510587,31.31125529280216,-7.215666697559788,-0.20844576757625805,-0.019365218431293702,0.25,10,6,31.00871102133569,0.004773917,nan,nan,nan
872,0.7456933985825809,0.922759042289757,1.918402505706795,3.956002358429424,1255101261921734777,16.44075216112457,-2.9827735943303235,-0.13841385634346354,-0.02398003132133494,0.25,10,6,23.535159702057822,0.003693291,nan,nan,nan
873,0.5961568212407955,1.5563963801496823,0.6811272201657484,3.33998199279237,7790052717070378962,13.812328960734906,-2.384627284963182,-0.23345945702245233,-0.008514090252071857,0.25,10,6,23.389723519757606,0.003677375,nan,nan,nan
874,0.635371458070245,1.458595501069051,1.7200513762854241,2.3881673600617437,3495331108957210496,13.429267989827093,-2.54148583228098,-0.21878932516035765,-0.021500642203567802,0.25,10,6,27.505333922484535,0.004334416,nan,nan,nan
875,0.5614563956906542,0.5468618146398803,1.7673633881583692,1.83008635459748,3596122220855042168,11.141505774431876,-2.245825582762617,-0.08202927219598204,-0.02209204235197962,0.25,10,6,27.512719353616966,0.004366666,nan,nan,nan
876,1.81251280718166,0.9936179807742507,0.864017106420497,2.271973257955651,4621735156945039617,31.868348961326763,-7.25005122872664,-0.1490426971161376,-0.010800213830256214,0.25,10,6,27.744508269157937,0.004474791,nan,nan,nan
877,1.0216494903586146,1.8691811196340633,0.7960429179060144,1.6413123673272083,4497139529031655752,19.109212884845483,-4.0865979614344585,-0.2803771679451095,-0.009950536473825182,0.25,10,6,27.573223077894205,0.004483,nan,nan,nan
878,1.5089602793187074,1.4263088604484497,1.0502286296683905,1.8009204002837103,8214067131221789336,26.8000701856521,-6.035841117274829,-0.21394632906726746,-0.013127857870854881,0.25,10,6,30.61103396035854,0.004731375,nan,nan,nan
879,1.7746199263986437,1.1984681654331286,1.1269694503526662,0.8374395778610805,5088024491108541860,29.950439299499255,-7.098479705594575,-0.1797702248149693,-0.014087118129408327,0.25,10,6,31.037116525691204,0.004900875,nan,nan,nan
880,1.210659530573905,1.2954767311207873,1.5266998205874946,3.307071328929813,8998234714121575722,23.454909856784763,-4.84263812229562,-0.1943215096681181,-0.019083747757343686,0.25,10,6,27.69025375583891,0.004451709,nan,nan,nan
881,0.9257409949394262,1.4538411900536008,1.2410461375558686,1.6706849632091076,2101647598548476348,17.35484559627209,-3.7029639797577047,-0.21807617850804012,-0.015513076719448357,0.25,10,6,27.65787148087363,0.004517584,nan,nan,nan
882,0.7021388191382671,0.6477416378722141,0.7734387152438283,2.1962315376034964,2830662538339837319,13.819097626539099,-2.8085552765530686,-0.0971612456808321,-0.009667983940547855,0.25,10,6,27.69905946218912,0.00458025,nan,nan,nan
883,0.5552966488787552,1.1996977725246678,1.7624817844941507,4.530836098452334,6434443446606370140,14.135401144027217,-2.2211865955150207,-0.17995466587870015,-0.022031022306176887,0.25,10,6,23.68665572528721,0.003750875,nan,nan,nan
884,0.6256147585658827,0.8369410266826924,1.4119984067632587,3.050034055946576,8626500773222063340,13.562034809010314,-2.5024590342635307,-0.12554115400240387,-0.017649980084540735,0.25,10,6,23.529604847872744,0.003853667,nan,nan,nan
885,1.6527063932187962,0.6335097047746635,1.3850367840929472,3.2290637296111155,4196877095616711139,30.052471843976654,-6.610825572875185,-0.09502645571619953,-0.01731295980116184,0.25,10,6,27.702752177755336,0.00453125,nan,nan,nan
886,1.9623305125060575,0.919503008050859,1.443684479752357,3.365553652184188,6651645826799526231,35.31454365711162,-7.84932205002423,-0.13792545120762886,-0.018046055996904464,0.25,10,6,30.994823885872997,0.004843167,nan,nan,nan
887,0.5501937990241133,0.6670818543301282,1.3448137395264927,2.978720014960954,4923382111165079767,12.182069911944843,-2.200775196096453,-0.10006227814951923,-0.01681017174408116,0.25,10,6,23.53566468880192,0.003751958,nan,nan,nan
888,1.455992971020411,1.6150317877461025,1.5556405410837564,3.1225174367514437,7222185625461270720,27.38742404572568,-5.823971884081644,-0.24225476816191535,-0.019445506763546956,0.25,10,6,27.748769094811262,0.004462292,nan,nan,nan
889,1.248506867403009,1.4674746949864672,0.6980122266367935,1.4207477187773936,7918314638352682205,22.277342414217422,-4.994027469612036,-0.22012120424797008,-0.00872515283295992,0.25,10,6,30.842696629213485,0.004754208,nan,nan,nan
890,1.6238530692200726,1.1258695138280936,1.5881982166506226,3.237260214651556,1654156260443548526,29.894431030469573,-6.49541227688029,-0.16888042707421405,-0.019852477708132782,0.25,10,6,30.71076884231789,0.00484325,nan,nan,nan
891,1.7959755502987673,1.7976700391715341,1.9753582958207399,0.8283026900862966,1224187202365262003,30.642513518369494,-7.183902201195069,-0.2696505058757301,-0.02469197869775925,0.25,10,6,31.258363842949123,0.004922917,nan,nan,nan
892,1.2709777759010468,0.8278152057977854,1.5232307025815195,4.93390616802507,1657952665032131316,25.76623970592049,-5.083911103604187,-0.1241722808696678,-0.019040383782268994,0.25,10,6,26.472793839161724,0.004226792,nan,nan,nan
893,1.4141693733820224,0.9177332933097966,1.7100832996493485,1.3387908222997318,4434314433853367510,24.516140772397968,-5.65667749352809,-0.13765999399646947,-0.02137604124561686,0.25,10,6,30.768211084459033,0.00474375,nan,nan,nan
894,1.4892710285841928,0.8878858466502191,0.6206377503591063,1.4812417837657192,3229733126020791896,25.842309749102935,-5.957084114336771,-0.13318287699753287,-0.007757971879488829,0.25,10,6,30.741699280393888,0.004762042,nan,nan,nan
895,1.0128995942254602,1.9472520028415268,1.9566256409420208,3.2294794426950837,4923635730671118486,20.60422415200736,-4.051598376901841,-0.292087800426229,-0.024457820511775263,0.25,10,6,27.701900012624666,0.004429792,nan,nan,nan
896,1.2604148767412933,0.697958929455093,0.7455335029667001,3.7098054686080872,4363192432070875159,24.295218854141837,-5.041659506965173,-0.10469383941826395,-0.009319168787083752,0.25,10,6,27.46925893195304,0.004444292,nan,nan,nan
897,0.8674999843480764,0.5306176169899652,1.8831592987980956,1.287061095294748,5603346479674569006,15.485431415057949,-3.4699999373923056,-0.07959264254849478,-0.023539491234976197,0.25,10,6,31.002398687034468,0.004748917,nan,nan,nan
898,0.7349925961610425,1.2630022386060002,1.6093162405402508,4.289857827103026,7572113355823346986,16.807540708843305,-2.93997038464417,-0.18945033579090004,-0.020116453006753136,0.25,10,6,23.541219542986997,0.003717708,nan,nan,nan
899,0.9751905144295715,0.5857698531437023,1.8174299118385695,3.077936909844742,8622108539678997968,19.03244705260411,-3.900762057718286,-0.08786547797155535,-0.02271787389798212,0.25,10,6,27.42665067541977,0.004423875,nan,nan,nan
900,0.9430199966629573,1.3709817114412077,1.0248330468297757,1.132421531505901,8950288200947756204,17.04333050497794,-3.7720799866518293,-0.20564725671618114,-0.012810413085372197,0.25,10,6,30.774207802045197,0.004901375,nan,nan,nan
901,0.9172500370898672,1.9961974515006722,1.0472239779815085,3.177232843825063,7793241035621800317,19.05095190816334,-3.6690001483594687,-0.2994296177251008,-0.013090299724768856,0.25,10,6,27.46329377603838,0.004642459,nan,nan,nan
902,1.8645493645487674,1.5974693761831857,0.6400115438999792,1.453234260681392,6708506562305507962,32.244505719171585,-7.45819745819507,-0.23962040642747784,-0.00800014429874974,0.25,10,6,31.05195051129908,0.005084042,nan,nan,nan
903,1.8888428123973804,0.9614889102188944,0.5243255091610612,4.468759874510682,8513521976729483883,35.2671382190001,-7.5553712495895216,-0.14422333653283415,-0.006554068864513266,0.25,10,6,27.711273829061987,0.004597666,nan,nan,nan
904,1.960573962018545,1.8191117269401909,1.5019580446230718,3.9053143942088027,6712597147131801819,36.36596482266963,-7.84229584807418,-0.27286675904102864,-0.018774475557788398,0.25,10,6,27.881706855195052,0.00459575,nan,nan,nan
905,0.6535334856450343,1.6101096606150345,1.2954446949717524,2.9809947353253134,1640854108358838815,14.403596302014883,-2.6141339425801373,-0.24151644909225517,-0.016193058687146905,0.25,10,6,23.541219542986997,0.003802292,nan,nan,nan
906,1.0953883742128858,1.8474401952949489,1.97111933165262,2.5225701191993366,5651202594074256053,21.157248223782478,-4.381553496851543,-0.27711602929424234,-0.024638991645657752,0.25,10,6,27.724624416109076,0.004576834,nan,nan,nan
907,1.1063233579322267,0.8982478629438133,0.7057080594074439,4.245558308738396,5068146035303967459,22.48568075342031,-4.425293431728907,-0.13473717944157199,-0.008821350742593048,0.25,10,6,26.49892690316879,0.004575458,nan,nan,nan
908,1.72173461292821,1.4960135053159314,1.0562597751078708,1.1542936509651152,3423958148730167549,29.599655561006035,-6.88693845171284,-0.2244020257973897,-0.013203247188848386,0.25,10,6,31.287400580734754,0.005338875,nan,nan,nan
909,1.7236717497406202,1.8291386061891626,1.1742822923882357,4.654351179356655,2972774278254436375,33.330582338920074,-6.894686998962481,-0.27437079092837435,-0.014678528654852946,0.25,10,6,27.396824895846486,0.004733333,nan,nan,nan
910,1.9870055897968848,1.3914600526614609,1.1470992986690822,1.1176069591826447,2426228490994292646,33.744572427529675,-7.948022359187539,-0.20871900789921913,-0.014338741233363528,0.25,10,6,31.265938644110594,0.005238,nan,nan,nan
911,0.788876892924245,1.8969935732037457,1.6835300191623896,3.6312058188323393,1367279004717148611,17.391432249542508,-3.15550757169698,-0.28454903598056186,-0.021044125239529872,0.25,10,6,23.541219542986997,0.003731166,nan,nan,nan
912,0.8698545260662183,1.6015422899156184,1.0992021966719734,0.8144593603474831,7111859951608454336,15.693057151356346,-3.479418104264873,-0.24023134348734276,-0.013740027458399667,0.25,10,6,30.748642848125236,0.004730459,nan,nan,nan
913,1.7793585951307243,1.8033899816444987,1.0389773239335698,2.0614301383637823,3536144570910225261,31.61320164944207,-7.117434380522897,-0.2705084972466748,-0.012987216549169622,0.25,10,6,31.025754323949,0.004749917,nan,nan,nan
914,1.973730326977594,0.819620493179184,1.4159321907247329,0.5013788112661194,4640610478908736046,32.57283633881514,-7.894921307910376,-0.12294307397687759,-0.017699152384059162,0.25,10,6,31.00902663805075,0.004907458,nan,nan,nan
915,1.1142967740390115,1.2014378931759027,1.3627594955863156,1.5267057102632031,4006840791671663565,20.07631683079293,-4.457187096156046,-0.1802156839763854,-0.017034493694828946,0.25,10,6,31.028279257669485,0.004720916,nan,nan,nan
916,1.4001917828095496,1.9097405437205752,1.5631813452518089,0.8204333383458218,602180109153097061,24.36934618953096,-5.600767131238198,-0.28646108155808625,-0.019539766815647612,0.25,10,6,31.305075116778184,0.004885125,nan,nan,nan
917,1.888599964491645,1.6166946038283272,1.6488322832051365,3.2874169849615305,1081602105305687608,34.47503317912484,-7.55439985796658,-0.24250419057424907,-0.020610403540064208,0.25,10,6,27.541408913016035,0.004467833,nan,nan,nan
918,1.837921669159602,1.1261058004497106,0.9357455229662696,4.79029303627115,2215747288569459130,34.87270322309461,-7.351686676638408,-0.1689158700674566,-0.01169681903707837,0.25,10,6,27.500504986744097,0.004428959,nan,nan,nan
919,1.5168035444830301,1.0642453648304016,1.3563698203731454,3.0228952751480174,1352495391930879028,27.93029920577474,-6.0672141779321205,-0.15963680472456024,-0.016954622754664316,0.25,10,6,27.881706855195052,0.004478042,nan,nan,nan
920,0.7290400743493273,1.753182579081848,1.2193831371331743,1.8339941399668935,6966172176891951757,14.550544877005239,-2.916160297397309,-0.2629773868622772,-0.015242289214164678,0.25,10,6,27.511867188486303,0.004420834,nan,nan,nan
921,1.901228332244675,1.4459785560477483,1.2130399001779761,1.8182083622911216,100439404388929780,33.10544881183457,-7.6049133289787,-0.21689678340716223,-0.015162998752224703,0.25,10,6,30.607877793207926,0.004695417,nan,nan,nan
922,1.8353549196507333,1.127650624207258,1.461300684875842,3.25241360531681,8660183309187064876,33.2946826942529,-7.341419678602933,-0.1691475936310887,-0.018266258560948028,0.25,10,6,27.92261078146699,0.004477125,nan,nan,nan
923,1.16678343169104,1.8839368986761331,1.999008692454193,0.6286289475522089,2026087968957774717,20.427525993814527,-4.66713372676416,-0.28259053480141993,-0.024987608655677413,0.25,10,6,31.038063375836384,0.004899708,nan,nan,nan
924,1.2238839687259875,1.8541420601995824,1.0545357611487036,3.233918425059649,3625326160302215900,23.928547160795198,-4.89553587490395,-0.27812130902993737,-0.013181697014358796,0.25,10,6,27.742803938896603,0.004399042,nan,nan,nan
925,1.0730293588586335,0.8924667151152506,0.540286116637914,2.4999030980767745,8067745025208259119,20.20385286888406,-4.292117435434534,-0.13387000726728757,-0.006753576457973926,0.25,10,6,27.740531498548165,0.004493791,nan,nan,nan
926,1.4425844235982006,1.825268739752661,1.7049275627042257,1.7546885868892437,1960990068189860883,25.93120060831205,-5.770337694392802,-0.27379031096289913,-0.021311594533802825,0.25,10,6,30.635652064133318,0.004727708,nan,nan,nan
927,1.1929337900967194,0.5256763257165264,0.8989770747333115,1.0396759228623964,2093731316414620422,20.44202235983982,-4.771735160386878,-0.07885144885747897,-0.011237213434166393,0.25,10,6,31.027016790809242,0.004716375,nan,nan,nan
928,1.8668557531097743,0.5902988569180414,1.406450724387692,1.7847933515641057,1044283958513904682,32.00866471547132,-7.467423012439097,-0.0885448285377062,-0.01758063405484615,0.25,10,6,31.030804191389976,0.004719958,nan,nan,nan
929,1.1695117586350203,1.5008974030568414,0.6359844418685374,1.6265695791598018,2788782672825878480,21.239296159154232,-4.678047034540081,-0.2251346104585262,-0.007949805523356718,0.25,10,6,30.75748011614695,0.004721167,nan,nan,nan
930,0.617750822385071,0.7801583274962509,1.9398754567894936,2.6630029015717964,2594557925504555556,13.015111056230683,-2.471003289540284,-0.11702374912443764,-0.024248443209868673,0.25,10,6,23.541219542986997,0.003723041,nan,nan,nan
931,1.3545114618605576,1.1082925681719418,1.9556644896243165,0.7133303404618352,5967405254832497203,23.05048927113392,-5.41804584744223,-0.16624388522579125,-0.024445806120303958,0.25,10,6,31.073728064638303,0.004872625,nan,nan,nan
932,1.1124173856903963,1.2212226676923048,1.2352832255620478,4.106528253639992,9209743065354082958,22.637940025301717,-4.449669542761585,-0.1831834001538457,-0.015441040319525598,0.25,10,6,27.559872490847116,0.004402709,nan,nan,nan
933,1.2057995570745335,1.528795050809942,1.1870102892634031,3.101166322057405,7252088499769793050,23.311236265735907,-4.823198228298134,-0.22931925762149127,-0.01483762861579254,0.25,10,6,27.516412069183183,0.004435709,nan,nan,nan
934,1.396006767169645,1.3405187087794048,0.5466985169751282,0.7697188556632018,6510019675191499674,23.910138355645167,-5.58402706867858,-0.20107780631691072,-0.006833731462189102,0.25,10,6,30.885936119176872,0.004912291,nan,nan,nan
935,1.2527250785412054,0.5962569672731239,0.5297998458576993,2.745817737810844,9153829423471411308,23.147173174834002,-5.010900314164822,-0.08943854509096859,-0.0066224980732212425,0.25,10,6,30.445019568236336,0.004840917,nan,nan,nan
936,1.1446143249104752,1.8560266706064694,1.7515180634527567,2.0714501666976304,1267905140308904199,21.498895367629114,-4.578457299641901,-0.2784040005909704,-0.02189397579315946,0.25,10,6,27.531466986491605,0.004591958,nan,nan,nan
937,1.3741463428366216,0.8579676676310097,1.7133208539864364,0.7423075288778974,3688102870846012643,23.24342961484245,-5.4965853713464865,-0.12869515014465147,-0.021416510674830455,0.25,10,6,31.086983966670875,0.005077208,nan,nan,nan
938,0.5483137864353163,0.7276531263399255,0.5245440586685506,2.0033639805972743,5917535294478296223,11.21297643936629,-2.193255145741265,-0.10914796895098883,-0.006556800733356883,0.25,10,6,27.598788031814163,0.004485333,nan,nan,nan
939,0.5668072567374314,1.4876761063193873,1.9521452567654114,0.9605838673174216,5813866041331769408,10.922105638907956,-2.2672290269497255,-0.22315141594790808,-0.024401815709567645,0.25,10,6,27.96891175356647,0.004449292,nan,nan,nan
940,0.7058410772070955,1.9462919445137052,1.0745838627845703,2.077489494502136,6095834078542979394,14.538721896523889,-2.823364308828382,-0.29194379167705575,-0.01343229828480713,0.25,10,6,27.756154525943693,0.004511833,nan,nan,nan
941,1.213809770574868,1.1027217450537954,1.9064860422262802,4.746022681708325,803549155652091930,24.828612057938493,-4.855239082299472,-0.1654082617580693,-0.023831075527828503,0.25,10,6,26.502619618735007,0.004134875,nan,nan,nan
942,0.5521538516870033,0.636442869067948,0.7964498851782489,1.105232665118715,5082631534903808108,10.321560013551535,-2.208615406748013,-0.0954664303601922,-0.009955623564728112,0.25,10,6,27.737690948112615,0.00451725,nan,nan,nan
943,1.9489038470447246,1.270825987770661,0.5977686958502871,3.4432012274168584,1651279389012175340,35.38815837279485,-7.7956153881788985,-0.19062389816559913,-0.0074721086981285895,0.25,10,6,27.72206792071708,0.004494625,nan,nan,nan
944,1.4183649806279217,0.6526677943189415,1.430497108697231,0.8342495957540463,6273857867617465010,23.91968996239216,-5.673459922511687,-0.09790016914784122,-0.017881213858715387,0.25,10,6,31.030488574674916,0.004903625,nan,nan,nan
945,0.7310293005189745,1.270999949731484,1.3095766832167828,2.5773131431194147,4583762204967570885,15.036381921261897,-2.924117202075898,-0.19064999245972258,-0.016369708540209787,0.25,10,6,27.34825148339856,0.004383084,nan,nan,nan
946,1.8363081391951606,0.7353657798701999,1.528980163438616,1.520198042985138,5734842142300027111,31.34234773802983,-7.345232556780642,-0.11030486698052998,-0.0191122520429827,0.25,10,6,30.753377098851153,0.004819167,nan,nan,nan
947,1.3550824558468568,1.4014641815063418,1.4024170842469996,3.611124372468443,2194383395359206081,26.133322174921958,-5.420329823387427,-0.21021962722595125,-0.017530213553087495,0.25,10,6,27.88824012119682,0.004452125,nan,nan,nan
948,1.3552481191717698,1.757652479895218,1.805713770325168,2.5250623113742647,3283321109308618504,25.26362370605971,-5.420992476687079,-0.2636478719842827,-0.0225714221290646,0.25,10,6,27.660996086352732,0.004501083,nan,nan,nan
949,0.8155940254147949,1.1468080953290152,1.593851289351256,0.7649956925141621,6122523968301390761,14.50258495634829,-3.2623761016591795,-0.17202121429935227,-0.0199231411168907,0.25,10,6,30.758111349577074,0.004794792,nan,nan,nan
950,1.6367451119977185,0.5847274952385282,1.9157066182574565,0.1962152840799397,7667433263828976160,26.734973573186554,-6.546980447990874,-0.08770912428577922,-0.02394633272821821,0.25,10,6,31.05731599545512,0.004983083,nan,nan,nan
951,1.083936897473565,0.5116996514874489,1.994051467524128,0.565517775072934,9020950300605567823,18.215527925542442,-4.33574758989426,-0.07675494772311733,-0.024925643344051604,0.25,10,6,30.985355384421158,0.004929125,nan,nan,nan
952,1.1010459159063377,1.8410633015808477,1.5444312055565859,1.7137327796726072,8949282857645608255,20.435105415122518,-4.404183663625351,-0.27615949523712713,-0.019305390069457324,0.25,10,6,27.749621259941925,0.004493083,nan,nan,nan
953,0.6555902098786377,1.5030688456093553,1.479753981434167,0.45625532681319303,6732210837285350168,11.84753999223701,-2.622360839514551,-0.22546032684140327,-0.018496924767927088,0.25,10,6,27.926871607120315,0.004635417,nan,nan,nan
954,1.7543784625648253,1.4629032213383542,1.7190166114525345,3.24407803020067,6953440411505069486,32.19187536404089,-7.017513850259301,-0.21943548320075312,-0.021487707643156682,0.25,10,6,30.745171064259562,0.004759375,nan,nan,nan
955,0.7161248263881791,1.9485026437918638,0.6828084966358565,3.5675843330441124,6182263102595075217,16.194683141530096,-2.8644993055527164,-0.29227539656877954,-0.008535106207948206,0.25,10,6,23.535159702057822,0.00372725,nan,nan,nan
956,1.9988683807036207,1.4534367479662327,1.796890782979629,0.6588677203118204,5778147405547380430,33.51282386034949,-7.995473522814483,-0.2180155121949349,-0.022461134787245363,0.25,10,6,30.97841181668981,0.004900666,nan,nan,nan
957,1.1014856346662765,1.8901964267887883,1.8498329209295907,2.567228144434246,3586177963233173736,21.325116155167944,-4.405942538665106,-0.28352946401831824,-0.023122911511619885,0.25,10,6,27.771777553339227,0.004435291,nan,nan,nan
958,0.5002483552532981,1.6919814028603433,0.5793593396135437,3.3250652097937277,2482952371192336983,12.344227735562704,-2.0009934210131926,-0.25379721042905146,-0.007241991745169297,0.25,10,6,23.547279383916173,0.003690291,nan,nan,nan
959,1.3172874338661364,1.9841920515626845,0.6934697726109872,0.8572857219639091,3138360372095207873,23.1243998947597,-5.269149735464546,-0.29762880773440265,-0.00866837215763734,0.25,10,6,31.07562176492867,0.004891084,nan,nan,nan
960,1.6918309454546363,1.7739199211284609,1.4947150851955189,2.7451895664358483,8597903245126221231,30.878836646387104,-6.767323781818545,-0.2660879881692691,-0.018683938564943988,0.25,10,6,31.025123090518875,0.0047655,nan,nan,nan
961,1.7321603881480687,0.7505243484436757,0.5244795241382608,4.556923693861453,5952244282094874595,32.72180451329676,-6.928641552592275,-0.11257865226655134,-0.0065559940517282604,0.25,10,6,27.396540840802928,0.004527083,nan,nan,nan
962,0.9096995594079322,1.4419433758802762,1.144164740531096,4.429874394058977,6765888089609904929,19.850233370114058,-3.638798237631729,-0.21629150638204142,-0.0143020592566387,0.25,10,6,23.68665572528721,0.003763833,nan,nan,nan
963,1.0031978784197546,0.9903870707946545,0.6373543283409665,4.564743973913411,841022534199516044,21.210142271106278,-4.012791513679018,-0.14855806061919816,-0.007966929104262081,0.25,10,6,26.47023734376973,0.003941084,nan,nan,nan
964,1.8429476997377896,0.8866182894774348,1.7067635510186594,0.1399908547337797,4045805942166974792,30.159125024224874,-7.371790798951158,-0.1329927434216152,-0.021334544387733245,0.25,10,6,31.281403863148594,0.004998292,nan,nan,nan
965,1.0892004682599092,1.761490154323993,1.4467518007850857,2.0987777835672943,6912269006736881542,20.582879368320235,-4.356801873039637,-0.2642235231485989,-0.018084397509813572,0.25,10,6,27.64963388461053,0.004482334,nan,nan,nan
966,0.9915751923634998,1.765924144009288,1.9381023945599098,1.9620415782397012,7055004297789346408,18.88679914246127,-3.966300769453999,-0.2648886216013932,-0.024226279931998874,0.25,10,6,27.73541850776417,0.004471,nan,nan,nan
967,1.847653959444214,1.7272373471059408,1.9900272170866176,0.9270231624772673,1183853628649459072,31.52582892184826,-7.390615837776856,-0.2590856020658911,-0.02487534021358272,0.25,10,6,31.319277868955943,0.004890125,nan,nan,nan
968,0.8817388340613436,0.9309274830594514,1.8573692572127918,3.5217033496369767,480079341617053795,18.188081184454145,-3.5269553362453743,-0.1396391224589177,-0.0232171157151599,0.25,10,6,26.47762277490216,0.003955625,nan,nan,nan
969,1.056080695721663,0.8951497679424962,0.5145260353321562,2.0672721179636206,5297347286984805545,19.50165311027573,-4.224322782886652,-0.13427246519137442,-0.006431575441651953,0.25,10,6,27.70218406766822,0.004501791,nan,nan,nan
970,1.038525112881603,0.8954716278734086,0.6738310712569285,1.2932698841108419,6393508273691680338,18.446954666940538,-4.154100451526412,-0.13432074418101128,-0.008422888390711607,0.25,10,6,31.030488574674916,0.004932292,nan,nan,nan
971,1.0435570404482943,0.9575204499839878,1.1671753780172742,1.179299713378859,5582431931992496258,18.450724630541963,-4.174228161793177,-0.14362806749759816,-0.014589692225215929,0.25,10,6,31.020073223077894,0.004852458,nan,nan,nan
972,1.1724359275189091,1.0217520266005333,0.6901971660271137,0.4430716823826797,916355300390180373,19.815097738645544,-4.6897437100756365,-0.15326280399008,-0.008627464575338922,0.25,10,6,31.100871102133567,0.004994875,nan,nan,nan
973,0.6356154309988062,1.1032636949721335,1.8842619677934689,3.3349069398955566,8732834154629049789,14.166712052859737,-2.542461723995225,-0.16548955424582001,-0.023553274597418364,0.25,10,6,23.529604847872744,0.003985625,nan,nan,nan
974,1.1027376576384453,1.143965560272814,1.3959391543939688,0.5328503213071184,4797461016221763835,18.863032179685934,-4.410950630553781,-0.1715948340409221,-0.01744923942992461,0.25,10,6,30.990720868577203,0.005294541,nan,nan,nan
975,0.5081831525633156,1.3833385659385757,1.763789576140478,1.6601469352625409,5275882259164493122,10.621080515838734,-2.0327326102532624,-0.20750078489078636,-0.022047369701755977,0.25,10,6,27.739679333417495,0.004717208,nan,nan,nan
976,1.9325176007381932,1.661691127394198,1.2596771029606861,0.27954931662396154,906523766618613522,32.19684560487157,-7.730070402952773,-0.24925366910912972,-0.015745963787008578,0.25,10,6,31.31107183436435,0.005123125,nan,nan,nan
977,0.9992662054624433,1.9175768987489814,0.672377825142574,3.9309313270146795,4245994660319279305,21.06973675366316,-3.997064821849773,-0.2876365348123472,-0.008404722814282176,0.25,10,6,24.294659765181166,0.004349,nan,nan,nan
978,1.9753824878161212,1.552702028973431,0.7001718387059026,1.175608638020213,2098744288522583723,33.713349660462214,-7.901529951264485,-0.23290530434601464,-0.008752147983823783,0.25,10,6,31.027963640954425,0.005099208,nan,nan,nan
979,1.3595175488319575,1.607858530018015,1.896293926542573,3.582771339290564,6552181355179798058,26.29976723861269,-5.43807019532783,-0.24117877950270225,-0.023703674081782162,0.25,10,6,27.551918949627574,0.004700042,nan,nan,nan
980,1.2056705790919422,0.5186577124050212,0.8475455888309911,4.579906581447709,7415866784086397228,24.181830474361796,-4.822682316367769,-0.07779865686075318,-0.01059431986038739,0.25,10,6,26.486712536295926,0.004320542,nan,nan,nan
981,1.708873048630995,1.3820772030261521,0.5521892360914981,0.026584581342330993,6994677632216358531,28.197799681253944,-6.83549219452398,-0.2073115804539228,-0.006902365451143726,0.25,10,6,31.05005681100871,0.005072708,nan,nan,nan
982,1.0569913949561438,1.2855350498816511,1.9355072584589326,1.616589700332292,1346029405098306811,19.299773049559583,-4.227965579824575,-0.19283025748224766,-0.02419384073073666,0.25,10,6,27.765528342381014,0.004506458,nan,nan,nan
983,0.9952915508035554,1.4109275621737785,1.4996029402882527,3.858352192512828,6692386344131181200,20.62957354267398,-3.9811662032142214,-0.21163913432606676,-0.01874503675360316,0.25,10,6,26.545795985355387,0.004151375,nan,nan,nan
984,1.3475254826048677,0.7455975323488755,0.6163311457244738,3.382837157373949,3199488941415211131,25.390603398461156,-5.390101930419471,-0.11183962985233133,-0.007704139321555923,0.25,10,6,27.582596894331527,0.004547875,nan,nan,nan
985,0.7610706602260808,1.8045178703417195,1.722968036367929,4.993818278305357,2165300609364733759,18.25365956412768,-3.0442826409043233,-0.2706776805512579,-0.021537100454599112,0.25,10,6,23.534654715313724,0.00369125,nan,nan,nan
986,1.3034004522151423,1.1421128294157916,0.9286059821731991,3.349932053609244,4637152423262174012,24.889606986700997,-5.213601808860569,-0.17131692441236873,-0.01160757477716499,0.25,10,6,27.400517611412702,0.004390125,nan,nan,nan
987,1.3768684634275539,0.5181187551697248,1.0388978289059714,3.93376745830212,3281407874917525651,26.274534126244816,-5.5074738537102155,-0.07771781327545872,-0.012986222861324642,0.25,10,6,27.71809115010731,0.004444042,nan,nan,nan
988,0.8150373810474454,1.6734382715428686,0.8679350507691139,2.417412491999591,8228991599996408072,16.462073551684437,-3.2601495241897815,-0.2510157407314303,-0.010849188134613925,0.25,10,6,27.805011993435173,0.004435584,nan,nan,nan
989,0.9074806804628599,0.9798203004312569,0.8722126144746467,0.30137600129806486,1185815145085190158,15.408959068962577,-3.6299227218514396,-0.14697304506468853,-0.010902657680933084,0.25,10,6,30.99419265244287,0.004951042,nan,nan,nan
990,0.9344716137841145,1.2822318049644803,1.3734319811877982,0.16973471534790285,1261371146474513565,15.890619618872423,-3.737886455136458,-0.19233477074467203,-0.017167899764847477,0.25,10,6,31.38019189496276,0.004973375,nan,nan,nan
991,1.1949194115222121,0.6597981911999057,1.951735293078662,3.62204183702438,4978087203691418417,23.13663133609972,-4.779677646088849,-0.09896972867998585,-0.024396691163483277,0.25,10,6,27.681732104532255,0.004436,nan,nan,nan
992,1.28540510738937,1.0488407426920472,1.3718579204482098,1.098286746734225,5736638955811842798,22.294072910579374,-5.14162042955748,-0.15732611140380706,-0.017148224005602623,0.25,10,6,30.76095190001262,0.00479375,nan,nan,nan
993,1.6728152867602,1.4210949368758654,0.6352517645209339,4.151255092049352,185244196129684292,31.76895664233807,-6.6912611470408,-0.2131642405313798,-0.007940647056511674,0.25,10,6,27.552203004671128,0.004491875,nan,nan,nan
994,1.9291388277964727,1.4358896084364756,1.085403722692257,3.3411297239058446,3417244597530683750,35.06888473371129,-7.716555311185891,-0.21538344126547135,-0.013567546533653213,0.25,10,6,31.05794722888524,0.004752125,nan,nan,nan
995,1.404411355958889,1.2167634974970294,1.3258971332522802,0.2125920907276163,1757900359603184293,23.41323188456806,-5.617645423835556,-0.1825145246245544,-0.016573714165653505,0.25,10,6,31.004608004039895,0.004970458,nan,nan,nan
996,0.5166540891381244,1.9321658700289859,1.3794354269754532,3.2274711608889928,2834880718071928457,12.653236109116374,-2.0666163565524975,-0.28982488050434785,-0.017242942837193166,0.25,10,6,23.534654715313724,0.003705458,nan,nan,nan
997,1.3316877679104713,1.9875768270061531,1.097958103797646,1.971772447776089,4543489913778954652,24.471322830547322,-5.326751071641885,-0.29813652405092295,-0.013724476297470575,0.25,10,6,27.683152379750034,0.004496334,nan,nan,nan
998,1.42194059719046,1.4944020799641557,1.7321368174866947,1.4550315864300294,1046576330030506566,25.10272238945588,-5.68776238876184,-0.22416031199462336,-0.021651710218583683,0.25,10,6,31.020073223077894,0.0047565,nan,nan,nan
999,0.8498501443460416,1.5335857228528613,1.6286134913187666,0.3859455904985021,5318971058479317535,14.903699333746882,-3.3994005773841662,-0.23003785842792918,-0.020357668641484583,0.25,10,6,31.266885494255774,0.004905667,nan,nan,nan
1000,0.7470023966127927,1.0373320879110206,1.9268390992270557,0.6579728873901275,4481642225888670466,13.232410485941422,-2.9880095864511707,-0.15559981318665309,-0.024085488740338196,0.25,10,6,30.962315364221688,0.004892541,nan,nan,nan
