trial,instance,diagonal_shift,bandit_theta,bandit_iterations,bandit_cum_nnz_AP,bandit_WU,best_fixed_theta,best_fixed_iterations,best_fixed_cum_nnz_AP,best_fixed_WU,regret,theta_0.10_WU,theta_0.25_WU,theta_0.40_WU,theta_0.50_WU,theta_0.70_WU
1,1,-0.1492433108810938,0.8,149,4.213824289405685,627.8598191214471,0.25,58,3.204780361757106,185.87726098191214,441.98255813953494,964.454134366925,185.87726098191214,185.87726098191214,229.27325581395348,642.2687338501293
1,2,0.17033102640534528,0.30000000000000004,11,3.169250645994832,34.861757105943155,0.1,11,3.144702842377261,34.59173126614987,0.2700258397932842,34.59173126614987,34.861757105943155,35.366279069767444,46.9702842377261,46.9702842377261
1,3,-0.09196547099235253,0.6,209,4.260981912144703,890.5452196382429,0.1,22,3.20671834625323,70.54780361757106,819.9974160206718,70.54780361757106,563.3675710594315,900.6078811369509,692.1899224806201,888.2997416020671
1,4,0.01334243081174169,0.9,11,4.2299741602067185,46.5297157622739,0.1,11,3.204134366925065,35.24547803617571,11.28423772609819,35.24547803617571,35.68604651162791,35.68604651162791,46.97739018087855,46.97739018087855
1,5,0.10540039546295274,0.7000000000000001,11,4.2700258397932815,46.9702842377261,0.1,11,3.144702842377261,34.59173126614987,12.378552971576227,34.59173126614987,34.90439276485788,35.08914728682171,46.9702842377261,46.9702842377261
1,6,-0.12655389094003647,0.1,58,3.1621447028423773,183.40439276485787,0.25,49,3.210594315245478,157.31912144702844,26.085271317829438,183.40439276485787,157.31912144702844,278.8158914728682,225.31395348837208,582.4270025839793
1,7,-0.004418802138963257,0.5,10,3.87015503875969,38.7015503875969,0.1,11,3.1905684754521966,35.09625322997416,3.6052971576227435,35.09625322997416,35.64341085271318,35.64341085271318,38.7015503875969,42.706718346253226
1,8,0.15135532447792197,0.2,10,3.169250645994832,31.692506459948323,0.1,10,3.144702842377261,31.447028423772608,0.24547803617571518,31.447028423772608,31.692506459948323,32.002583979328165,42.700258397932814,42.700258397932814
1,9,-0.024204835397164226,0.4,11,3.25968992248062,35.85658914728682,0.1,11,3.204780361757106,35.252583979328165,0.604005167958654,35.252583979328165,35.86369509043927,35.85658914728682,42.41537467700258,46.97739018087855
1,10,-0.042957824697640964,0.2,11,3.202196382428941,35.22416020671835,0.1,11,3.1621447028423773,34.78359173126615,0.4405684754522028,34.78359173126615,35.35917312661499,45.40051679586563,55.921834625322994,59.78940568475452
1,11,-0.03644829854032289,0.9,12,4.2299741602067185,50.75968992248062,0.1,11,3.204780361757106,35.252583979328165,15.507105943152453,35.252583979328165,35.86369509043927,35.85658914728682,46.27131782945736,46.97739018087855
1,12,0.2821672154579066,0.8,10,4.226744186046512,42.26744186046511,0.1,10,3.143410852713178,31.43410852713178,10.833333333333332,31.43410852713178,31.55684754521964,31.89922480620155,42.441860465116285,42.441860465116285
1,13,-0.07244130586947382,0.30000000000000004,323,3.2260981912144704,1042.029715762274,0.1,14,3.1621447028423773,44.270025839793284,997.7596899224807,44.270025839793284,1042.029715762274,1127.5516795865633,1222.296511627907,1242.765503875969
1,14,0.1702925745847714,0.4,10,3.2131782945736433,32.13178294573643,0.1,10,3.203488372093023,32.03488372093023,0.09689922480620083,32.03488372093023,32.13178294573643,32.13178294573643,42.700258397932814,42.700258397932814
1,15,-0.1251963385651905,0.30000000000000004,48,3.210594315245478,154.10852713178295,0.25,48,3.210594315245478,154.10852713178295,0.0,177.08010335917314,154.10852713178295,272.406330749354,221.14147286821705,586.8565891472869
1,16,-0.12137566633811692,0.2,46,3.2454780361757107,149.2919896640827,0.25,47,3.257751937984496,153.11434108527132,-3.822351421188614,317.4651162790698,153.11434108527132,273.108527131783,166.89922480620154,710.8288113695091
1,17,-0.04077646921627889,0.7000000000000001,12,4.270671834625323,51.248062015503876,0.1,11,3.20671834625323,35.27390180878553,15.974160206718345,35.27390180878553,35.89922480620155,35.89922480620155,47.31847545219638,51.248062015503876
1,18,-0.14998693382631165,0.5,363,3.797157622739018,1378.3682170542636,0.25,70,3.2474160206718348,227.31912144702844,1151.0490956072351,1096.0348837209303,227.31912144702844,227.31912144702844,1378.3682170542636,646.4941860465117
1,19,-0.03063638335623274,0.7000000000000001,11,4.270671834625323,46.97739018087855,0.1,11,3.204780361757106,35.252583979328165,11.724806201550386,35.252583979328165,35.86369509043927,35.85658914728682,42.41537467700258,46.97739018087855
1,20,-0.11247272825548885,0.9,195,4.237080103359173,826.2306201550388,0.1,20,3.1621447028423773,63.24289405684755,762.9877260981912,63.24289405684755,260.0581395348837,442.2596899224806,363.00581395348837,518.2635658914729
1,21,-0.14635682560071797,0.7000000000000001,151,4.2409560723514215,640.3843669250647,0.25,50,3.204780361757106,160.2390180878553,480.1453488372094,1511.5051679586563,160.2390180878553,160.2390180878553,262.6220930232558,640.3843669250647
1,22,-0.0054377202759234855,0.2,11,3.1892764857881137,35.08204134366925,0.1,11,3.147932816537468,34.627260981912144,0.4547803617571091,34.627260981912144,35.202842377260986,35.46576227390181,47.36821705426356,46.97739018087855
1,23,0.3023197917782464,0.2,10,3.155684754521964,31.55684754521964,0.1,10,3.143410852713178,31.43410852713178,0.12273901808785936,31.43410852713178,31.55684754521964,31.89922480620155,42.441860465116285,42.441860465116285
1,24,-0.09966086731653107,0.4,212,3.251291989664083,689.2739018087856,0.1,24,3.20671834625323,76.96124031007753,612.312661498708,76.96124031007753,420.1666666666667,689.2739018087856,629.3604651162791,837.0516795865633
1,25,-0.09989386253505445,0.4,213,3.204780361757106,682.6182170542636,0.1,18,3.1621447028423773,56.91860465116279,625.6996124031008,56.91860465116279,417.3772609819122,682.6182170542636,625.1647286821706,832.781007751938
1,26,0.3912437598491145,0.2,10,3.147286821705426,31.472868217054263,0.1,10,3.140826873385013,31.40826873385013,0.06459948320413389,31.40826873385013,31.6343669250646,31.7312661498708,42.435400516795866,42.435400516795866
1,27,0.011904359190417213,0.2,11,3.2002583979328167,35.202842377260986,0.1,11,3.147932816537468,34.627260981912144,0.5755813953488413,34.627260981912144,35.202842377260986,35.451550387596896,46.97739018087855,46.97739018087855
1,28,0.22424004277175866,0.9,10,4.242248062015504,42.42248062015504,0.1,10,3.143410852713178,31.43410852713178,10.988372093023262,31.43410852713178,31.55684754521964,31.95090439276486,42.68733850129199,42.68733850129199
1,29,-0.1111258047830804,0.2,87,3.195736434108527,278.02906976744185,0.1,23,3.1621447028423773,72.72932816537468,205.29974160206717,72.72932816537468,272.90051679586566,461.48837209302326,383.86821705426354,649.953488372093
1,30,0.038017774272178756,0.7000000000000001,11,4.270671834625323,46.97739018087855,0.1,11,3.147932816537468,34.627260981912144,12.350129198966407,34.627260981912144,35.18863049095607,35.41602067183462,46.97739018087855,46.97739018087855
1,31,-0.11945000866706691,0.5,75,3.8113695090439275,285.85271317829455,0.1,36,3.204780361757106,115.37209302325581,170.48062015503874,115.37209302325581,185.47093023255815,327.9890180878553,285.85271317829455,754.6511627906976
1,32,0.11122447895724794,0.7000000000000001,11,4.2700258397932815,46.9702842377261,0.1,11,3.144702842377261,34.59173126614987,12.378552971576227,34.59173126614987,34.89728682170542,35.08204134366925,46.9702842377261,46.9702842377261
1,33,-0.14074447857372602,0.1,652,3.205426356589147,2089.937984496124,0.25,66,3.248708010335917,214.41472868217053,1875.5232558139535,2089.937984496124,214.41472868217053,214.41472868217053,241.77906976744185,618.9909560723514
1,34,0.015194547810358255,0.7000000000000001,11,4.270671834625323,46.97739018087855,0.1,11,3.147932816537468,34.627260981912144,12.350129198966407,34.627260981912144,35.202842377260986,35.47286821705426,46.97739018087855,46.97739018087855
1,35,-0.10813671762726221,0.2,98,3.195736434108527,313.1821705426357,0.1,18,3.1621447028423773,56.91860465116279,256.26356589147287,56.91860465116279,308.2170542635659,515.9696382428941,421.4205426356589,794.387596899225
1,36,-0.14892248708501868,0.1,419,3.1789405684754524,1331.9760981912145,0.25,61,3.2319121447028425,197.14664082687338,1134.8294573643411,1331.9760981912145,197.14664082687338,197.14664082687338,237.61046511627907,644.6253229974161
1,37,-0.14252320639372584,0.4,55,3.204780361757106,176.26291989664082,0.25,55,3.204780361757106,176.26291989664082,0.0,834.8062015503876,176.26291989664082,176.26291989664082,258.45348837209303,587.8766149870802
1,38,0.044471198854071275,0.7000000000000001,10,4.270671834625323,42.706718346253226,0.1,11,3.147932816537468,34.627260981912144,8.079457364341081,34.627260981912144,35.18863049095607,35.41602067183462,42.706718346253226,42.706718346253226
1,39,-0.14614144507226468,0.7000000000000001,151,4.2409560723514215,640.3843669250647,0.25,54,3.204780361757106,173.05813953488374,467.326227390181,1565.2616279069766,173.05813953488374,173.05813953488374,262.6220930232558,640.3843669250647
1,40,-0.13468944092521934,0.2,42,3.1944444444444446,134.16666666666669,0.25,42,3.20671834625323,134.68217054263567,-0.5155038759689887,1539.9644702842377,134.68217054263567,240.35852713178295,229.3798449612403,691.0652454780361
1,41,-0.06805047996403592,0.2,458,3.2777777777777777,1501.2222222222222,0.1,20,3.20671834625323,64.1343669250646,1437.0878552971576,64.1343669250646,1464.9715762273902,1464.9715762273902,1599.7073643410854,1601.501937984496
1,42,-0.14577731978875635,0.6,149,4.26421188630491,635.3675710594316,0.25,57,3.204780361757106,182.67248062015506,452.69509043927656,1647.4773901808785,182.67248062015506,182.67248062015506,266.7906976744186,640.3843669250647
1,43,-0.1485909355458915,0.4,79,3.2474160206718348,256.5458656330749,0.25,79,3.2474160206718348,256.5458656330749,0.0,1349.2125322997417,256.5458656330749,256.5458656330749,1412.062015503876,640.3843669250647
1,44,0.14189370541117538,0.1,10,3.144702842377261,31.447028423772608,0.1,10,3.144702842377261,31.447028423772608,0.0,31.447028423772608,31.711886304909562,32.02196382428941,42.700258397932814,42.700258397932814
1,45,-0.14779217371117853,0.4,56,3.2474160206718348,181.85529715762274,0.25,56,3.2474160206718348,181.85529715762274,0.0,1358.826873385013,181.85529715762274,181.85529715762274,1434.8372093023254,644.6253229974161
1,46,-0.05458952237293879,0.2,10000,3.2693798449612403,32693.798449612405,0.1,10000,3.20671834625323,32067.1834625323,626.6149870801055,32067.1834625323,32745.47803617571,32635.658914728683,43003.87596899225,42706.71834625323
1,47,-0.07532841640410061,0.5,238,4.294573643410852,1022.1085271317828,0.1,13,3.1621447028423773,41.1078811369509,981.0006459948319,41.1078811369509,954.1602067183462,946.0038759689921,1022.1085271317828,1118.9160206718345
1,48,-0.11412677332996564,0.6,201,4.25,854.25,0.1,28,3.1621447028423773,88.54005167958657,765.7099483204134,88.54005167958657,240.79457364341087,413.4166666666667,296.24612403100775,852.7131782945736
1,49,-0.06981170638631219,0.4,425,3.261627906976744,1386.1918604651162,0.1,17,3.204780361757106,54.481266149870805,1331.7105943152453,54.481266149870805,1299.7390180878554,1386.1918604651162,867.0058139534884,1426.404392764858
1,50,-0.14197807947611538,0.8,151,4.206072351421189,635.1169250645995,0.25,45,3.204780361757106,144.21511627906978,490.90180878552974,1103.5885012919896,144.21511627906978,144.21511627906978,250.11627906976744,587.8766149870802
1,51,0.23716209210413677,0.4,10,3.191860465116279,31.918604651162788,0.1,10,3.143410852713178,31.43410852713178,0.4844961240310077,31.43410852713178,31.55684754521964,31.918604651162788,42.68733850129199,42.68733850129199
1,52,-0.1266531773970156,0.9,159,4.218346253229974,670.717054263566,0.25,49,3.210594315245478,157.31912144702844,513.3979328165375,164.4315245478036,157.31912144702844,278.8158914728682,225.31395348837208,631.7099483204134
1,53,-0.10742111882398,0.7000000000000001,198,4.25968992248062,843.4186046511627,0.1,19,3.1621447028423773,60.08074935400517,783.3378552971575,60.08074935400517,317.84883720930236,528.7887596899225,429.765503875969,843.4186046511627
1,54,-0.145947548470683,0.9,153,4.198320413436693,642.3430232558139,0.25,56,3.204780361757106,179.46770025839794,462.875322997416,1606.3695090439276,179.46770025839794,179.46770025839794,266.7906976744186,640.3843669250647
1,55,-0.14434697297861387,0.7000000000000001,140,4.23578811369509,593.0103359173127,0.25,60,3.204780361757106,192.28682170542635,400.7235142118863,1087.7777777777778,192.28682170542635,192.28682170542635,270.9593023255814,593.0103359173127
1,56,-0.1317512219267576,0.7000000000000001,159,4.241602067183463,674.4147286821706,0.25,46,3.20671834625323,147.50904392764858,526.905684754522,449.02454780361757,147.50904392764858,265.9967700258398,216.96899224806202,674.4147286821706
1,57,-0.13258529682209277,0.1,156,3.1621447028423773,493.29457364341084,0.25,46,3.20671834625323,147.50904392764858,345.78552971576227,493.29457364341084,147.50904392764858,259.58720930232556,354.3313953488372,661.7906976744187
1,58,-0.14986187576175997,0.6,150,4.262919896640827,639.437984496124,0.25,61,3.204780361757106,195.49160206718346,443.9463824289406,856.9412144702842,195.49160206718346,195.49160206718346,212.59883720930233,646.4941860465117
1,59,-0.09872303206114391,0.5,131,3.815891472868217,499.88178294573646,0.1,18,3.204780361757106,57.68604651162791,442.19573643410854,57.68604651162791,448.8565891472868,724.1737726098191,499.88178294573646,841.3223514211886
1,60,-0.1311987736143469,0.1,117,3.1621447028423773,369.97093023255815,0.25,47,3.20671834625323,150.71576227390182,219.25516795865633,369.97093023255815,150.71576227390182,269.2015503875969,221.14147286821705,678.6563307493541
1,61,-0.01913885859896894,0.9,11,4.2299741602067185,46.5297157622739,0.1,11,3.204780361757106,35.252583979328165,11.277131782945737,35.252583979328165,35.86369509043927,35.85658914728682,42.41537467700258,46.97739018087855
1,62,-0.14969004997098312,0.9,155,4.1866925064599485,648.9373385012921,0.25,57,3.204780361757106,182.67248062015506,466.264857881137,885.4005167958657,182.67248062015506,182.67248062015506,220.9360465116279,646.4941860465117
1,63,0.07148168902111315,0.7000000000000001,11,4.2700258397932815,46.9702842377261,0.1,11,3.147932816537468,34.627260981912144,12.343023255813954,34.627260981912144,35.18152454780362,35.41602067183462,46.9702842377261,46.9702842377261
1,64,-0.0036959155063997495,0.9,11,4.2299741602067185,46.5297157622739,0.1,11,3.1905684754521966,35.09625322997416,11.433462532299743,35.09625322997416,35.64341085271318,35.64341085271318,42.571705426356594,46.97739018087855
1,65,-0.12487736143465958,0.9,149,4.227390180878553,629.8811369509044,0.25,49,3.253875968992248,159.43992248062017,470.44121447028425,160.2390180878553,159.43992248062017,285.77260981912144,209.62532299741602,586.8565891472869
1,66,-0.13043324737418452,0.8,163,4.22093023255814,688.0116279069769,0.25,48,3.20671834625323,153.92248062015506,534.0891472868218,332.0251937984496,153.92248062015506,272.406330749354,221.14147286821705,653.107235142119
1,67,-0.14998425007731042,0.4,70,3.2474160206718348,227.31912144702844,0.25,70,3.2474160206718348,227.31912144702844,0.0,1099.2396640826873,227.31912144702844,227.31912144702844,1374.5710594315244,646.4941860465117
1,68,0.22880935545524808,0.30000000000000004,10,3.152454780361757,31.524547803617573,0.1,10,3.143410852713178,31.43410852713178,0.09043927648579242,31.43410852713178,31.55684754521964,31.918604651162788,42.68733850129199,42.68733850129199
1,69,-0.14127192606304054,0.30000000000000004,56,3.204780361757106,179.46770025839794,0.25,56,3.204780361757106,179.46770025839794,0.0,1457.7487080103358,179.46770025839794,179.46770025839794,220.9360465116279,614.7512919896641
1,70,0.03752119042650723,0.1,11,3.147932816537468,34.627260981912144,0.1,11,3.147932816537468,34.627260981912144,0.0,34.627260981912144,35.18863049095607,35.41602067183462,46.97739018087855,46.97739018087855
1,71,-0.09407494245119358,0.9,264,4.238372093023256,1118.9302325581396,0.1,15,3.1621447028423773,47.43217054263566,1071.4980620155038,47.43217054263566,520.1162790697674,833.2428940568476,3746.399224806202,875.4877260981912
1,72,0.20477591632445816,0.8,10,4.242248062015504,42.42248062015504,0.1,10,3.143410852713178,31.43410852713178,10.988372093023262,31.43410852713178,31.55684754521964,31.95736434108527,42.700258397932814,42.700258397932814
1,73,0.009635611991305665,0.30000000000000004,11,3.2002583979328167,35.202842377260986,0.1,11,3.147932816537468,34.627260981912144,0.5755813953488413,34.627260981912144,35.202842377260986,35.451550387596896,46.97739018087855,46.97739018087855
1,74,-0.04635602941645804,0.4,17,3.242894056847545,55.12919896640827,0.1,11,3.1621447028423773,34.78359173126615,20.34560723514212,34.78359173126615,41.78811369509044,55.12919896640827,76.8733850129199,72.60142118863048
1,75,-0.13913562182357073,0.5,66,4.1686046511627906,275.12790697674416,0.25,58,3.204780361757106,185.87726098191214,89.25064599483201,3146.3339793281652,185.87726098191214,185.87726098191214,275.12790697674416,644.4289405684754
1,76,-0.14280675477521498,0.30000000000000004,57,3.2319121447028425,184.21899224806202,0.25,57,3.2319121447028425,184.21899224806202,0.0,1198.4605943152455,184.21899224806202,184.21899224806202,262.6220930232558,587.8766149870802
1,77,-0.14380935623906535,0.9,153,4.2009043927648575,642.7383720930231,0.25,60,3.204780361757106,192.28682170542635,450.4515503875968,850.6169250645995,192.28682170542635,192.28682170542635,266.7906976744186,593.0103359173127
1,78,-0.06432580705194445,0.4,692,3.2235142118863047,2230.671834625323,0.1,19,3.1621447028423773,60.08074935400517,2170.5910852713178,60.08074935400517,2138.9031007751937,2230.671834625323,2213.0,2199.395994832041
1,79,-0.014423208392294357,0.8,11,4.243540051679586,46.67894056847545,0.1,11,3.1621447028423773,34.78359173126615,11.895348837209298,34.78359173126615,35.41602067183462,35.65762273901809,47.39664082687339,46.97739018087855
1,80,-0.027275680620802212,0.5,11,4.301679586563307,47.31847545219638,0.1,11,3.1621447028423773,34.78359173126615,12.534883720930232,34.78359173126615,35.35917312661499,35.75710594315245,47.31847545219638,46.97739018087855
1,81,0.24390253924204033,0.4,10,3.191860465116279,31.918604651162788,0.1,10,3.143410852713178,31.43410852713178,0.4844961240310077,31.43410852713178,31.55684754521964,31.918604651162788,42.68733850129199,42.68733850129199
1,82,0.10388369424836633,0.6,10,4.2700258397932815,42.700258397932814,0.1,10,3.144702842377261,31.447028423772608,11.253229974160206,31.447028423772608,31.7312661498708,31.89922480620155,42.700258397932814,42.700258397932814
1,83,-0.1218839362525502,0.8,142,4.2299741602067185,600.656330749354,0.25,44,3.253875968992248,143.1705426356589,457.4857881136951,144.21511627906978,143.1705426356589,256.5458656330749,236.3049095607235,702.3158914728683
1,84,-0.083858693602061,0.7000000000000001,223,4.270671834625323,952.359819121447,0.1,14,3.204780361757106,44.866925064599485,907.4928940568475,44.866925064599485,752.5406976744187,760.5,4092.157622739018,952.359819121447
1,85,-0.14039846587936433,0.9,152,4.212532299741602,640.3049095607234,0.5,40,4.1686046511627906,166.74418604651163,473.5607235142118,1988.9890180878554,189.08204134366926,189.08204134366926,166.74418604651163,627.4702842377261
1,86,0.13497080992472135,0.6,10,4.2700258397932815,42.700258397932814,0.1,10,3.144702842377261,31.447028423772608,11.253229974160206,31.447028423772608,31.711886304909562,32.02196382428941,42.700258397932814,42.700258397932814
1,87,-0.11412982950153178,0.8,190,4.238372093023256,805.2906976744187,0.1,28,3.1621447028423773,88.54005167958657,716.7506459948321,88.54005167958657,240.79457364341087,413.4166666666667,296.24612403100775,852.7131782945736
1,88,-0.1482589961394725,0.5,59,4.1686046511627906,245.94767441860463,0.25,62,3.204780361757106,198.69638242894058,47.251291989664054,1135.2099483204133,198.69638242894058,198.69638242894058,245.94767441860463,640.3843669250647
1,89,-0.03770756220873758,0.30000000000000004,11,3.260981912144703,35.87080103359173,0.1,11,3.205426356589147,35.25968992248062,0.6111111111111143,35.25968992248062,35.87080103359173,35.87080103359173,47.31847545219638,51.248062015503876
1,90,-0.14757072294871143,0.9,156,4.1866925064599485,653.1240310077519,0.25,59,3.251291989664083,191.8262273901809,461.29780361757105,1093.4909560723515,191.8262273901809,191.8262273901809,254.28488372093022,644.6253229974161
1,91,0.07356564909147167,0.6,11,4.2700258397932815,46.9702842377261,0.1,11,3.147932816537468,34.627260981912144,12.343023255813954,34.627260981912144,35.18152454780362,35.41602067183462,46.9702842377261,46.9702842377261
1,92,-0.006930955037305453,0.6,11,4.270671834625323,46.97739018087855,0.1,11,3.1621447028423773,34.78359173126615,12.193798449612402,34.78359173126615,35.35206718346253,35.65762273901809,47.36821705426356,46.97739018087855
1,93,-0.1003343908022517,0.1,17,3.1892764857881137,54.21770025839793,0.1,17,3.1892764857881137,54.21770025839793,0.0,54.21770025839793,407.95348837209303,669.0058139534884,620.968992248062,832.781007751938
1,94,-0.0579630063067746,0.5,1700,4.302971576227391,7315.051679586564,0.1,931,3.1621447028423773,2943.956718346253,4371.094961240311,2943.956718346253,6758.020671834625,4095.31007751938,7315.051679586564,6559.751937984496
1,95,-0.1428049510582977,0.1,214,3.1621447028423773,676.6989664082687,0.25,57,3.204780361757106,182.67248062015506,494.02648578811363,676.6989664082687,182.67248062015506,182.67248062015506,262.6220930232558,583.6472868217055
1,96,0.08938391150773164,0.6,11,4.2700258397932815,46.9702842377261,0.1,11,3.147932816537468,34.627260981912144,12.343023255813954,34.627260981912144,35.17441860465116,35.41602067183462,46.9702842377261,46.9702842377261
1,97,-0.13851160991664843,0.1,1285,3.1621447028423773,4063.355943152455,0.25,28,3.20671834625323,89.78811369509044,3973.5678294573645,4063.355943152455,89.78811369509044,166.6485788113695,287.6337209302325,657.1479328165374
1,98,0.22249826504716133,0.6,10,4.268733850129199,42.68733850129199,0.1,10,3.143410852713178,31.43410852713178,11.25322997416021,31.43410852713178,31.55684754521964,31.95090439276486,42.68733850129199,42.68733850129199
1,99,0.08912417300953604,0.6,10,4.2700258397932815,42.700258397932814,0.1,10,3.147932816537468,31.479328165374678,11.220930232558135,31.479328165374678,31.97674418604651,32.19638242894057,42.700258397932814,42.700258397932814
1,100,0.1337137487864977,0.8,10,4.243540051679586,42.435400516795866,0.1,10,3.144702842377261,31.447028423772608,10.988372093023258,31.447028423772608,31.711886304909562,32.02842377260982,42.700258397932814,42.700258397932814
1,101,-0.1084485817004463,0.7000000000000001,185,4.248062015503876,785.8914728682171,0.1,22,3.1621447028423773,69.5671834625323,716.3242894056848,69.5671834625323,305.0064599483204,509.56007751937983,417.2480620155039,785.8914728682171
1,102,0.17647981213369676,0.6,10,4.2700258397932815,42.700258397932814,0.1,10,3.144702842377261,31.447028423772608,11.253229974160206,31.447028423772608,31.692506459948323,32.151162790697676,42.700258397932814,42.700258397932814
1,103,-0.12003007062336118,0.4,77,3.248708010335917,250.15051679586563,0.25,43,3.255167958656331,139.97222222222223,110.1782945736434,243.6124031007752,139.97222222222223,250.15051679586563,200.27906976744185,746.1240310077519
1,104,0.17573359263316787,0.6,10,4.2700258397932815,42.700258397932814,0.1,10,3.144702842377261,31.447028423772608,11.253229974160206,31.447028423772608,31.692506459948323,32.151162790697676,42.700258397932814,42.700258397932814
1,105,-0.13432883213692273,0.1,365,3.1621447028423773,1154.1828165374677,0.25,42,3.20671834625323,134.68217054263567,1019.500645994832,1154.1828165374677,134.68217054263567,243.56330749354007,337.656976744186,691.0652454780361
1,106,-0.11313407495964156,0.6,202,4.2448320413436695,857.4560723514212,0.1,23,3.1621447028423773,72.72932816537468,784.7267441860465,72.72932816537468,253.63695090439276,429.4405684754522,354.66085271317826,882.8255813953489
1,107,-0.09672901909958928,0.9,250,4.238372093023256,1059.593023255814,0.1,15,3.1621447028423773,47.43217054263566,1012.1608527131783,47.43217054263566,468.7467700258398,759.5329457364342,704.6666666666667,858.4050387596899
1,108,0.27925229707468424,0.8,10,4.226744186046512,42.26744186046511,0.1,10,3.143410852713178,31.43410852713178,10.833333333333332,31.43410852713178,31.55684754521964,31.89922480620155,42.441860465116285,42.441860465116285
1,109,0.11591656442066026,0.30000000000000004,11,3.1711886304909562,34.883074935400515,0.1,11,3.144702842377261,34.59173126614987,0.2913436692506437,34.59173126614987,34.883074935400515,35.08204134366925,42.700258397932814,42.700258397932814
1,110,-0.09421676671903251,0.8,202,4.231266149870801,854.7157622739018,0.1,15,3.204780361757106,48.07170542635659,806.6440568475451,48.07170542635659,533.5297157622739,854.0704134366925,3952.6279069767443,875.4877260981912
1,111,0.4322167782513139,0.7000000000000001,10,4.212532299741602,42.12532299741602,0.25,10,3.189922480620155,31.89922480620155,10.226098191214472,31.93798449612403,31.89922480620155,32.332041343669246,42.12532299741602,42.12532299741602
1,112,-0.011028731910902367,0.8,11,4.243540051679586,46.67894056847545,0.1,11,3.1621447028423773,34.78359173126615,11.895348837209298,34.78359173126615,35.35206718346253,35.65762273901809,47.39664082687339,46.97739018087855
1,113,0.046357192883156956,0.6,11,4.270671834625323,46.97739018087855,0.1,11,3.147932816537468,34.627260981912144,12.350129198966407,34.627260981912144,35.18863049095607,35.41602067183462,46.97739018087855,46.97739018087855
1,114,-0.10857177856412817,0.7000000000000001,184,4.248062015503876,781.6434108527133,0.1,32,3.205426356589147,102.57364341085271,679.0697674418606,102.57364341085271,299.47545219638243,506.7984496124031,417.2480620155039,781.6434108527133
1,115,-0.14966595053030265,0.8,149,4.213824289405685,627.8598191214471,0.25,57,3.204780361757106,182.67248062015506,445.18733850129206,891.7248062015503,182.67248062015506,182.67248062015506,220.9360465116279,646.4941860465117
1,116,0.014008378729912563,0.30000000000000004,11,3.244186046511628,35.68604651162791,0.1,11,3.204134366925065,35.24547803617571,0.4405684754521957,35.24547803617571,35.68604651162791,35.68604651162791,46.97739018087855,46.97739018087855
1,117,-0.09610941438877285,0.30000000000000004,152,3.20671834625323,487.421188630491,0.1,17,3.1621447028423773,53.75645994832041,433.66472868217056,53.75645994832041,481.58914728682174,775.5568475452196,713.0555555555555,858.4050387596899
1,118,-0.10799980792218063,0.30000000000000004,98,3.2073643410852712,314.3217054263566,0.1,21,3.1621447028423773,66.40503875968992,247.91666666666666,66.40503875968992,308.2170542635659,515.9696382428941,421.4205426356589,718.1408268733851
1,119,-0.14876102072750633,0.30000000000000004,62,3.204780361757106,198.69638242894058,0.25,62,3.204780361757106,198.69638242894058,0.0,1052.9941860465117,198.69638242894058,198.69638242894058,237.61046511627907,640.3843669250647
1,120,-0.1360755845546632,0.30000000000000004,39,3.20671834625323,125.06201550387597,0.25,39,3.20671834625323,125.06201550387597,0.0,31621.447028423772,125.06201550387597,224.33462532299743,320.9825581395349,678.1395348837209
1,121,-0.13545066347886076,0.30000000000000004,40,3.20671834625323,128.2687338501292,0.25,40,3.20671834625323,128.2687338501292,0.0,4499.731912144703,128.2687338501292,230.74418604651163,325.15116279069764,682.5859173126614
1,122,0.0241599900680515,0.30000000000000004,11,3.2002583979328167,35.202842377260986,0.1,11,3.147932816537468,34.627260981912144,0.5755813953488413,34.627260981912144,35.202842377260986,35.44444444444444,46.97739018087855,46.97739018087855
1,123,-0.1456760602743344,0.30000000000000004,65,3.2474160206718348,211.08204134366926,0.25,65,3.2474160206718348,211.08204134366926,0.0,621.7273901808786,211.08204134366926,211.08204134366926,1487.9793281653747,640.3843669250647
1,124,-0.060471671825359355,0.30000000000000004,1163,3.2196382428940566,3744.439276485788,0.1,52,3.1621447028423773,164.4315245478036,3580.0077519379843,164.4315245478036,3744.439276485788,3801.4599483204133,4191.094315245478,3694.131136950904
1,125,-0.07798792737417645,0.7000000000000001,244,4.270671834625323,1042.0439276485788,0.1,18,3.1789405684754524,57.220930232558146,984.8229974160206,57.220930232558146,808.6065891472869,804.077519379845,1109.8869509043927,1042.0439276485788
1,126,-0.14156696510964936,0.30000000000000004,54,3.204780361757106,173.05813953488374,0.25,54,3.204780361757106,173.05813953488374,0.0,1305.9657622739019,173.05813953488374,173.05813953488374,241.77906976744185,587.8766149870802
1,127,0.1847512728253399,0.30000000000000004,10,3.169250645994832,31.692506459948323,0.1,10,3.144702842377261,31.447028423772608,0.24547803617571518,31.447028423772608,31.692506459948323,31.95090439276486,42.700258397932814,42.700258397932814
1,128,0.1904929116834894,0.30000000000000004,10,3.169250645994832,31.692506459948323,0.1,10,3.144702842377261,31.447028423772608,0.24547803617571518,31.447028423772608,31.692506459948323,32.105943152454785,42.700258397932814,42.700258397932814
1,129,-0.1473427203083213,0.30000000000000004,61,3.2474160206718348,198.09237726098192,0.25,61,3.2474160206718348,198.09237726098192,0.0,1217.8165374677003,198.09237726098192,198.09237726098192,1442.4289405684754,640.3843669250647
1,130,0.4054925660187918,0.30000000000000004,10,3.1705426356589146,31.705426356589147,0.1,10,3.127906976744186,31.279069767441857,0.42635658914728936,31.279069767441857,31.589147286821703,31.705426356589147,42.25452196382429,42.25452196382429
1,131,-0.14206866193227102,0.30000000000000004,50,3.2474160206718348,162.37080103359173,0.25,50,3.2474160206718348,162.37080103359173,0.0,1871.59173126615,162.37080103359173,162.37080103359173,294.2215762273902,587.8766149870802
1,132,-0.14512567998671094,0.30000000000000004,60,3.204780361757106,192.28682170542635,0.25,60,3.204780361757106,192.28682170542635,0.0,1410.3165374677003,192.28682170542635,192.28682170542635,266.7906976744186,640.3843669250647
1,133,-0.1297144636661564,0.30000000000000004,51,3.249354005167959,165.7170542635659,0.25,51,3.25,165.75,-0.032945736434101036,298.04457364341084,165.75,289.0200258397933,253.12790697674419,585.4302325581396
1,134,0.1601372100639957,0.30000000000000004,10,3.169250645994832,31.692506459948323,0.1,10,3.144702842377261,31.447028423772608,0.24547803617571518,31.447028423772608,31.692506459948323,32.151162790697676,42.700258397932814,42.700258397932814
1,135,0.24950729757660947,0.30000000000000004,10,3.167312661498708,31.673126614987083,0.1,10,3.143410852713178,31.43410852713178,0.2390180878553032,31.43410852713178,31.55684754521964,31.918604651162788,42.571059431524546,42.571059431524546
1,136,0.04684420477276602,0.30000000000000004,10,3.202842377260982,32.02842377260982,0.1,10,3.147932816537468,31.479328165374678,0.5490956072351416,31.479328165374678,31.98966408268734,32.19638242894057,42.706718346253226,42.706718346253226
1,137,0.05893986183756164,0.30000000000000004,11,3.202842377260982,35.231266149870805,0.1,11,3.147932816537468,34.627260981912144,0.6040051679586611,34.627260981912144,35.18863049095607,35.41602067183462,46.9702842377261,46.9702842377261
1,138,0.18203323539689262,0.6,10,4.2700258397932815,42.700258397932814,0.1,11,3.2002583979328167,35.202842377260986,7.497416020671828,35.202842377260986,35.34496124031008,35.330749354005164,42.700258397932814,42.700258397932814
1,139,0.016962680870836522,0.6,11,4.270671834625323,46.97739018087855,0.1,11,3.147932816537468,34.627260981912144,12.350129198966407,34.627260981912144,35.202842377260986,35.47286821705426,46.97739018087855,46.97739018087855
1,140,-0.13893702983574724,0.6,134,4.242248062015504,568.4612403100775,0.25,41,3.251291989664083,133.3029715762274,435.15826873385015,3798.4302325581393,133.3029715762274,227.4095607235142,279.29651162790697,648.6686046511627
1,141,-0.057844377345584425,0.6,1595,4.270671834625323,6811.72157622739,0.1,820,3.1621447028423773,2592.9586563307494,4218.762919896641,2592.9586563307494,7018.811369509043,4236.860465116279,7586.13888888889,6811.72157622739
1,142,0.3910252545548588,0.30000000000000004,10,3.1731266149870803,31.7312661498708,0.1,10,3.140826873385013,31.40826873385013,0.322997416020673,31.40826873385013,31.6343669250646,31.7312661498708,42.435400516795866,42.435400516795866
1,143,0.38862340866836254,0.30000000000000004,10,3.189922480620155,31.89922480620155,0.1,10,3.143410852713178,31.43410852713178,0.46511627906976827,31.43410852713178,31.789405684754524,31.89922480620155,42.435400516795866,42.435400516795866
1,144,-0.07139211471973883,0.30000000000000004,349,3.2260981912144704,1125.9082687338503,0.1,14,3.1621447028423773,44.270025839793284,1081.638242894057,44.270025839793284,1122.6821705426357,1204.8695090439276,1290.9166666666667,1306.8255813953488
1,145,0.1617891744470887,0.30000000000000004,10,3.169250645994832,31.692506459948323,0.1,10,3.144702842377261,31.447028423772608,0.24547803617571518,31.447028423772608,31.692506459948323,32.151162790697676,42.700258397932814,42.700258397932814
1,146,0.02165267820102723,0.7000000000000001,11,4.270671834625323,46.97739018087855,0.1,11,3.204134366925065,35.24547803617571,11.73191214470284,35.24547803617571,35.68604651162791,35.68604651162791,46.97739018087855,46.97739018087855
1,147,-0.12378298826171354,0.30000000000000004,44,3.210594315245478,141.26614987080103,0.1,42,3.1621447028423773,132.81007751937983,8.456072351421199,132.81007751937983,141.26614987080103,253.1776485788114,212.79651162790697,591.109173126615
1,148,-0.1491349522261152,0.30000000000000004,59,3.204780361757106,189.08204134366926,0.25,59,3.204780361757106,189.08204134366926,0.0,983.4270025839793,189.08204134366926,189.08204134366926,229.27325581395348,642.2687338501293
1,149,0.18726324132885794,0.30000000000000004,10,3.169250645994832,31.692506459948323,0.1,10,3.144702842377261,31.447028423772608,0.24547803617571518,31.447028423772608,31.692506459948323,32.105943152454785,42.700258397932814,42.700258397932814
1,150,0.33014922247546885,0.30000000000000004,10,3.1770025839793283,31.770025839793284,0.1,10,3.143410852713178,31.43410852713178,0.33591731266150404,31.43410852713178,31.524547803617573,31.89922480620155,42.441860465116285,42.441860465116285
1,151,-0.08148293487169489,0.30000000000000004,247,3.2131782945736433,793.6550387596899,0.1,11,3.1621447028423773,34.78359173126615,758.8714470284237,34.78359173126615,788.3365633074935,793.4954780361758,1207.2441860465117,986.5251937984495
1,152,-0.12721122588060765,0.30000000000000004,49,3.210594315245478,157.31912144702844,0.25,49,3.210594315245478,157.31912144702844,0.0,215.02583979328165,157.31912144702844,278.8158914728682,268.468992248062,627.4702842377261
1,153,0.17363842810837118,0.30000000000000004,10,3.169250645994832,31.692506459948323,0.1,10,3.144702842377261,31.447028423772608,0.24547803617571518,31.447028423772608,31.692506459948323,32.151162790697676,42.700258397932814,42.700258397932814
1,154,0.1244073406301621,0.30000000000000004,11,3.2112403100775193,35.32364341085271,0.1,11,3.1963824289405687,35.16020671834625,0.16343669250645831,35.16020671834625,35.32364341085271,35.32364341085271,42.700258397932814,42.700258397932814
1,155,-0.1329141971984258,0.30000000000000004,45,3.20671834625323,144.30232558139537,0.25,45,3.20671834625323,144.30232558139537,0.0,641.9153746770025,144.30232558139537,256.3824289405685,350.1627906976744,695.5167958656331
1,156,0.00697573480722774,0.30000000000000004,11,3.2002583979328167,35.202842377260986,0.1,11,3.147932816537468,34.627260981912144,0.5755813953488413,34.627260981912144,35.202842377260986,35.46576227390181,46.97739018087855,46.97739018087855
1,157,-0.14961639553922532,0.30000000000000004,58,3.2319121447028425,187.45090439276487,0.25,58,3.2319121447028425,187.45090439276487,0.0,1230.25,187.45090439276487,187.45090439276487,220.9360465116279,646.4941860465117
1,158,0.08176267961341405,0.30000000000000004,10,3.1983204134366927,31.98320413436693,0.1,10,3.147932816537468,31.479328165374678,0.5038759689922507,31.479328165374678,31.98320413436693,32.19638242894057,42.700258397932814,42.700258397932814
1,159,-0.14879652570128546,0.30000000000000004,62,3.204780361757106,198.69638242894058,0.25,62,3.204780361757106,198.69638242894058,0.0,1040.345607235142,198.69638242894058,198.69638242894058,237.61046511627907,644.6253229974161
1,160,0.1555075401444568,0.30000000000000004,10,3.169250645994832,31.692506459948323,0.1,10,3.144702842377261,31.447028423772608,0.24547803617571518,31.447028423772608,31.692506459948323,31.996124031007753,42.700258397932814,42.700258397932814
1,161,-0.12752386471156055,0.30000000000000004,49,3.210594315245478,157.31912144702844,0.25,49,3.210594315245478,157.31912144702844,0.0,211.86369509043928,157.31912144702844,282.0206718346253,225.31395348837208,627.4702842377261
1,162,-0.14969090129975726,0.30000000000000004,57,3.204780361757106,182.67248062015506,0.25,57,3.204780361757106,182.67248062015506,0.0,888.562661498708,182.67248062015506,182.67248062015506,216.7674418604651,646.4941860465117
1,163,0.029382982230191146,0.30000000000000004,11,3.199612403100775,35.195736434108525,0.1,11,3.147932816537468,34.627260981912144,0.5684754521963811,34.627260981912144,35.195736434108525,35.42312661498708,46.97739018087855,46.97739018087855
1,164,0.29721412307306283,0.30000000000000004,10,3.1640826873385013,31.640826873385013,0.1,10,3.143410852713178,31.43410852713178,0.2067183462532327,31.43410852713178,31.55684754521964,31.89922480620155,42.441860465116285,42.441860465116285
1,165,0.02602755833366427,0.30000000000000004,11,3.199612403100775,35.195736434108525,0.1,11,3.147932816537468,34.627260981912144,0.5684754521963811,34.627260981912144,35.195736434108525,35.42312661498708,46.97739018087855,46.97739018087855
1,166,0.0547696961416832,0.30000000000000004,11,3.202842377260982,35.231266149870805,0.1,11,3.147932816537468,34.627260981912144,0.6040051679586611,34.627260981912144,35.18863049095607,35.41602067183462,46.9702842377261,46.9702842377261
1,167,-0.14809625132582485,0.30000000000000004,53,3.2474160206718348,172.11304909560724,0.25,53,3.2474160206718348,172.11304909560724,0.0,1419.717700258398,172.11304909560724,172.11304909560724,1419.6537467700257,644.6253229974161
1,168,-0.034287072233688876,0.30000000000000004,11,3.2196382428940566,35.41602067183462,0.1,11,3.1621447028423773,34.78359173126615,0.6324289405684738,34.78359173126615,35.35917312661499,35.671834625322994,47.31847545219638,46.97739018087855
1,169,-0.14478157250446405,0.30000000000000004,60,3.204780361757106,192.28682170542635,0.25,60,3.204780361757106,192.28682170542635,0.0,1264.857881136951,192.28682170542635,192.28682170542635,266.7906976744186,636.3372093023256
1,170,-0.034098808799955305,0.30000000000000004,11,3.2196382428940566,35.41602067183462,0.1,11,3.1621447028423773,34.78359173126615,0.6324289405684738,34.78359173126615,35.35917312661499,35.671834625322994,47.31847545219638,46.97739018087855
1,171,-0.13948978053659816,0.30000000000000004,59,3.204780361757106,189.08204134366926,0.25,59,3.204780361757106,189.08204134366926,0.0,2751.0658914728683,189.08204134366926,189.08204134366926,266.7906976744186,640.189276485788
1,172,-0.10404936133888823,0.6,153,4.242248062015504,649.0639534883721,0.1,14,3.204780361757106,44.866925064599485,604.1970284237726,44.866925064599485,370.9418604651163,610.5142118863049,408.43863049095603,807.156976744186
1,173,-0.06380101907909817,0.30000000000000004,713,3.2260981912144704,2300.2080103359176,0.1,17,3.1621447028423773,53.75645994832041,2246.4515503875973,53.75645994832041,2296.981912144703,2391.847545219638,2354.529069767442,2336.0574935400514
1,174,-0.14535449617333399,0.30000000000000004,65,3.2474160206718348,211.08204134366926,0.25,65,3.2474160206718348,211.08204134366926,0.0,249.97286821705427,211.08204134366926,211.08204134366926,1491.7751937984494,640.3843669250647
1,175,-0.0971707840164838,0.30000000000000004,236,3.2474160206718348,766.390180878553,0.1,18,3.204780361757106,57.68604651162791,708.7041343669251,57.68604651162791,474.9715762273902,766.390180878553,553.3042635658915,854.1343669250646
1,176,0.023787757857538616,0.30000000000000004,11,3.2002583979328167,35.202842377260986,0.1,11,3.147932816537468,34.627260981912144,0.5755813953488413,34.627260981912144,35.202842377260986,35.44444444444444,46.97739018087855,46.97739018087855
1,177,-0.14926069049077784,0.30000000000000004,61,3.2319121447028425,197.14664082687338,0.25,61,3.2319121447028425,197.14664082687338,0.0,1281.1130490956073,197.14664082687338,197.14664082687338,1393.0826873385013,646.4941860465117
1,178,-0.1367411033396574,0.30000000000000004,37,3.20671834625323,118.64857881136952,0.25,37,3.20671834625323,118.64857881136952,0.0,12212.20284237726,118.64857881136952,211.515503875969,312.64534883720927,674.1065891472867
1,179,-0.08191598417488034,0.30000000000000004,251,3.210594315245478,805.859173126615,0.1,13,3.1621447028423773,41.1078811369509,764.7512919896641,41.1078811369509,797.5090439276486,805.048449612403,1194.4011627906978,973.7131782945736
1,180,-0.037069220157431054,0.30000000000000004,11,3.2635658914728682,35.89922480620155,0.1,11,3.20671834625323,35.27390180878553,0.6253229974160206,35.27390180878553,35.89922480620155,35.89922480620155,47.31847545219638,46.97739018087855
1,181,-0.008738290895047268,0.30000000000000004,11,3.2138242894056845,35.35206718346253,0.1,11,3.1621447028423773,34.78359173126615,0.5684754521963811,34.78359173126615,35.35206718346253,35.65762273901809,43.06201550387597,42.706718346253226
1,182,0.24874194628573335,0.30000000000000004,10,3.167312661498708,31.673126614987083,0.1,10,3.143410852713178,31.43410852713178,0.2390180878553032,31.43410852713178,31.55684754521964,31.918604651162788,42.571059431524546,42.571059431524546
1,183,-0.012306148653505183,0.30000000000000004,11,3.260981912144703,35.87080103359173,0.1,11,3.205426356589147,35.25968992248062,0.6111111111111143,35.25968992248062,35.877906976744185,35.87080103359173,47.39664082687339,46.97739018087855
1,184,0.046492324501967774,0.30000000000000004,11,3.20671834625323,35.27390180878553,0.1,11,3.151808785529716,34.66989664082688,0.604005167958654,34.66989664082688,35.231266149870805,35.16020671834625,46.97739018087855,46.97739018087855
1,185,-0.12684052307725782,0.30000000000000004,54,3.2564599483204133,175.84883720930233,0.25,54,3.257751937984496,175.91860465116278,-0.06976744186044925,5723.992248062015,175.91860465116278,305.6214470284238,225.31395348837208,627.4702842377261
1,186,-0.029805760964008415,0.30000000000000004,11,3.25968992248062,35.85658914728682,0.1,11,3.204134366925065,35.24547803617571,0.6111111111111072,35.24547803617571,35.85658914728682,35.85658914728682,47.31847545219638,46.97739018087855
1,187,-0.08671472117636222,0.30000000000000004,207,3.25,672.75,0.1,15,3.204780361757106,48.07170542635659,624.6782945736434,48.07170542635659,664.5813953488372,672.75,887.984496124031,926.735788113695
1,188,0.09018875723325173,0.30000000000000004,10,3.197674418604651,31.97674418604651,0.1,10,3.147932816537468,31.479328165374678,0.49741602067183166,31.479328165374678,31.97674418604651,32.19638242894057,42.700258397932814,42.700258397932814
1,189,-0.135352106428007,0.30000000000000004,42,3.253229974160207,136.63565891472868,0.25,42,3.253875968992248,136.6627906976744,-0.027131782945730265,11945.025839793281,136.6627906976744,243.8468992248062,329.31976744186045,682.5859173126614
1,190,0.24987994597384858,0.30000000000000004,10,3.202196382428941,32.02196382428941,0.1,10,3.197674418604651,31.97674418604651,0.045219638242897986,31.97674418604651,32.02196382428941,32.12532299741602,42.571059431524546,42.571059431524546
1,191,-0.12934647346756456,0.30000000000000004,49,3.20671834625323,157.12919896640827,0.25,49,3.20671834625323,157.12919896640827,0.0,240.32299741602068,157.12919896640827,278.8158914728682,225.31395348837208,585.4302325581396
1,192,0.09252888513233737,0.30000000000000004,10,3.197674418604651,31.97674418604651,0.1,10,3.147932816537468,31.479328165374678,0.49741602067183166,31.479328165374678,31.97674418604651,32.19638242894057,42.700258397932814,42.700258397932814
1,193,-0.13588955957628704,0.30000000000000004,39,3.20671834625323,125.06201550387597,0.25,39,3.20671834625323,125.06201550387597,0.0,31621.447028423772,125.06201550387597,224.33462532299743,320.9825581395349,678.1395348837209
1,194,-0.1035814153696504,0.6,215,4.257751937984496,915.4166666666666,0.1,20,3.1621447028423773,63.24289405684755,852.173772609819,63.24289405684755,362.797157622739,599.2939276485788,416.07299741602066,807.156976744186
1,195,0.10828788541406528,0.30000000000000004,11,3.1724806201550386,34.89728682170542,0.1,11,3.144702842377261,34.59173126614987,0.30555555555555003,34.59173126614987,34.89728682170542,35.08914728682171,46.9702842377261,46.9702842377261
1,196,0.02870924271470865,0.30000000000000004,11,3.199612403100775,35.195736434108525,0.1,11,3.147932816537468,34.627260981912144,0.5684754521963811,34.627260981912144,35.195736434108525,35.42312661498708,46.97739018087855,46.97739018087855
1,197,-0.08912268814997831,0.30000000000000004,199,3.20671834625323,638.1369509043927,0.1,14,3.1621447028423773,44.270025839793284,593.8669250645994,44.270025839793284,629.2764857881137,999.8914728682171,767.7015503875969,909.6531007751937
1,198,-0.03965562496673021,0.30000000000000004,11,3.25968992248062,35.85658914728682,0.1,11,3.204780361757106,35.252583979328165,0.604005167958654,35.252583979328165,35.86369509043927,35.85658914728682,49.96770025839793,46.97739018087855
1,199,-0.1377417077813123,0.30000000000000004,33,3.20671834625323,105.82170542635659,0.25,33,3.20671834625323,105.82170542635659,0.0,5954.318475452196,105.82170542635659,192.28682170542635,300.1395348837209,661.3875968992247
1,200,-0.10815160205552692,0.30000000000000004,97,3.2073643410852712,311.1143410852713,0.1,21,3.1621447028423773,66.40503875968992,244.70930232558138,66.40503875968992,308.2170542635659,512.764857881137,408.2312661498708,790.139534883721
1,201,-0.14921671499972539,0.30000000000000004,66,3.2474160206718348,214.3294573643411,0.25,66,3.2474160206718348,214.3294573643411,0.0,1224.2260981912145,214.3294573643411,214.3294573643411,1396.8785529715763,646.4941860465117
1,202,-0.14506996077867454,0.6,149,4.26421188630491,635.3675710594316,0.25,65,3.2474160206718348,211.08204134366926,424.2855297157623,605.703488372093,211.08204134366926,211.08204134366926,1503.1627906976744,640.3843669250647
1,203,-0.13450189901997056,0.30000000000000004,42,3.20671834625323,134.68217054263567,0.25,42,3.20671834625323,134.68217054263567,0.0,1236.3985788113696,134.68217054263567,240.35852713178295,337.656976744186,691.0652454780361
1,204,-0.1450059100204377,0.30000000000000004,60,3.204780361757106,192.28682170542635,0.25,60,3.204780361757106,192.28682170542635,0.0,1362.8843669250646,192.28682170542635,192.28682170542635,266.7906976744186,640.3843669250647
1,205,0.07967556079813212,0.30000000000000004,11,3.1983204134366927,35.18152454780362,0.1,11,3.147932816537468,34.627260981912144,0.5542635658914747,34.627260981912144,35.18152454780362,35.41602067183462,46.9702842377261,46.9702842377261
1,206,-0.10829379772478326,0.6,192,4.242248062015504,814.5116279069767,0.1,22,3.1621447028423773,69.5671834625323,744.9444444444445,69.5671834625323,305.0064599483204,512.764857881137,421.4205426356589,785.8914728682171
1,207,0.04607174165990907,0.30000000000000004,11,3.202842377260982,35.231266149870805,0.1,11,3.147932816537468,34.627260981912144,0.6040051679586611,34.627260981912144,35.18863049095607,35.41602067183462,46.97739018087855,46.97739018087855
1,208,0.4441871976580968,0.30000000000000004,10,3.15374677002584,31.5374677002584,0.1,10,3.122093023255814,31.220930232558143,0.3165374677002575,31.220930232558143,31.5374677002584,31.5374677002584,42.12532299741602,42.12532299741602
1,209,-0.14403880431920651,0.6,134,4.237726098191215,567.8552971576228,0.25,62,3.2474160206718348,201.33979328165375,366.515503875969,1035.1440568475452,201.33979328165375,201.33979328165375,1529.7338501291988,593.0103359173127
1,210,0.273261275196381,0.30000000000000004,10,3.165374677002584,31.65374677002584,0.1,10,3.143410852713178,31.43410852713178,0.2196382428940602,31.43410852713178,31.55684754521964,31.89922480620155,42.54521963824289,42.54521963824289
1,211,-0.14451039199361948,0.6,148,4.265503875968992,631.2945736434109,0.25,60,3.204780361757106,192.28682170542635,439.00775193798455,1154.1828165374677,192.28682170542635,192.28682170542635,1514.550387596899,636.3372093023256
1,212,-0.09328893178298203,0.30000000000000004,271,3.2474160206718348,880.0497416020672,0.1,16,3.204780361757106,51.276485788113696,828.7732558139535,51.276485788113696,553.0490956072351,880.0497416020672,3797.1950904392766,879.7583979328165
1,213,0.07316449875163122,0.30000000000000004,11,3.1983204134366927,35.18152454780362,0.1,11,3.147932816537468,34.627260981912144,0.5542635658914747,34.627260981912144,35.18152454780362,35.41602067183462,46.9702842377261,46.9702842377261
1,214,0.049965554997368156,0.30000000000000004,11,3.202842377260982,35.231266149870805,0.1,11,3.147932816537468,34.627260981912144,0.6040051679586611,34.627260981912144,35.18863049095607,35.41602067183462,46.9702842377261,46.9702842377261
1,215,0.1677836437249842,0.30000000000000004,10,3.169250645994832,31.692506459948323,0.1,10,3.144702842377261,31.447028423772608,0.24547803617571518,31.447028423772608,31.692506459948323,32.151162790697676,42.700258397932814,42.700258397932814
1,216,-0.003243304446333667,0.30000000000000004,11,3.24031007751938,35.64341085271318,0.1,11,3.1905684754521966,35.09625322997416,0.5471576227390216,35.09625322997416,35.64341085271318,35.64341085271318,42.571705426356594,46.97739018087855
1,217,-0.02145985566775485,0.6,11,4.270671834625323,46.97739018087855,0.1,11,3.20671834625323,35.27390180878553,11.70348837209302,35.27390180878553,35.906330749354005,35.88501291989664,47.304263565891475,46.97739018087855
1,218,0.010309587296197853,0.6,11,4.270671834625323,46.97739018087855,0.1,11,3.1531007751937983,34.684108527131784,12.293281653746767,34.684108527131784,35.24547803617571,35.50129198966408,46.97739018087855,46.97739018087855
1,219,-0.038896145075834596,0.6,12,4.270671834625323,51.248062015503876,0.1,11,3.1621447028423773,34.78359173126615,16.464470284237727,34.78359173126615,35.35917312661499,35.671834625322994,47.31847545219638,51.248062015503876
1,220,0.20188453450873975,0.6,10,4.2700258397932815,42.700258397932814,0.1,10,3.143410852713178,31.43410852713178,11.266149870801033,31.43410852713178,31.55684754521964,31.95736434108527,42.700258397932814,42.700258397932814
1,221,-0.06624737903963238,0.6,431,4.270671834625323,1840.659560723514,0.1,24,3.20671834625323,76.96124031007753,1763.6983204134365,76.96124031007753,1736.3837209302326,1736.3837209302326,1844.1666666666667,1840.659560723514
1,222,0.026613360841727912,0.30000000000000004,11,3.199612403100775,35.195736434108525,0.1,11,3.147932816537468,34.627260981912144,0.5684754521963811,34.627260981912144,35.195736434108525,35.42312661498708,46.97739018087855,46.97739018087855
1,223,-0.06316135139414505,0.30000000000000004,769,3.2260981912144704,2480.869509043928,0.1,19,3.1621447028423773,60.08074935400517,2420.7887596899227,60.08074935400517,2480.869509043928,2572.364341085271,2534.656976744186,2515.425710594315
1,224,0.017918587038159794,0.30000000000000004,11,3.2002583979328167,35.202842377260986,0.1,11,3.147932816537468,34.627260981912144,0.5755813953488413,34.627260981912144,35.202842377260986,35.47286821705426,46.97739018087855,46.97739018087855
1,225,-0.08922734131226372,0.30000000000000004,316,3.2474160206718348,1026.1834625322997,0.1,14,3.204780361757106,44.866925064599485,981.3165374677002,44.866925064599485,647.3927648578812,1026.1834625322997,853.392764857881,909.6531007751937
1,226,-0.02562911287064458,0.30000000000000004,11,3.2196382428940566,35.41602067183462,0.1,11,3.1621447028423773,34.78359173126615,0.6324289405684738,34.78359173126615,35.35917312661499,35.68604651162791,47.31847545219638,46.97739018087855
1,227,-0.1475422160472423,0.30000000000000004,60,3.204780361757106,192.28682170542635,0.25,60,3.204780361757106,192.28682170542635,0.0,1271.1821705426357,192.28682170542635,192.28682170542635,254.28488372093022,640.3843669250647
1,228,0.1815608483830413,0.30000000000000004,10,3.169250645994832,31.692506459948323,0.1,10,3.144702842377261,31.447028423772608,0.24547803617571518,31.447028423772608,31.692506459948323,32.151162790697676,42.700258397932814,42.700258397932814
1,229,0.22087391371474704,0.30000000000000004,10,3.152454780361757,31.524547803617573,0.1,10,3.143410852713178,31.43410852713178,0.09043927648579242,31.43410852713178,31.55684754521964,31.95090439276486,42.68733850129199,42.68733850129199
1,230,-0.09650647428215177,0.30000000000000004,150,3.20671834625323,481.0077519379845,0.1,17,3.1621447028423773,53.75645994832041,427.2512919896641,53.75645994832041,471.9573643410853,765.9425064599484,704.6666666666667,858.4050387596899
1,231,-0.14368587567225216,0.30000000000000004,60,3.204780361757106,192.28682170542635,0.25,60,3.204780361757106,192.28682170542635,0.0,790.5361757105943,192.28682170542635,192.28682170542635,266.7906976744186,593.0103359173127
1,232,-0.14745844517631185,0.30000000000000004,60,3.204780361757106,192.28682170542635,0.25,60,3.204780361757106,192.28682170542635,0.0,1283.830749354005,192.28682170542635,192.28682170542635,254.28488372093022,640.3843669250647
1,233,0.04497522227819284,0.30000000000000004,11,3.198966408268734,35.18863049095607,0.1,11,3.147932816537468,34.627260981912144,0.5613695090439279,34.627260981912144,35.18863049095607,35.41602067183462,46.97739018087855,46.97739018087855
1,234,0.4402310656895413,0.30000000000000004,10,3.1905684754521966,31.905684754521964,0.25,10,3.1802325581395348,31.802325581395348,0.10335917312661635,31.834625322997418,31.802325581395348,31.996124031007753,42.12532299741602,42.12532299741602
1,235,-0.0756647829957788,0.30000000000000004,288,3.2177002583979326,926.6976744186046,0.1,14,3.1621447028423773,44.270025839793284,882.4276485788113,44.270025839793284,931.5956072351421,926.6976744186046,1030.6976744186045,1106.1040051679586
1,236,-0.1306337005919579,0.30000000000000004,48,3.20671834625323,153.92248062015506,0.25,48,3.20671834625323,153.92248062015506,0.0,338.34948320413434,153.92248062015506,272.406330749354,221.14147286821705,653.107235142119
1,237,-0.07736241367393747,0.30000000000000004,261,3.2177002583979326,839.8197674418604,0.1,13,3.1621447028423773,41.1078811369509,798.7118863049095,41.1078811369509,844.5607235142119,839.8197674418604,1056.4651162790697,1059.12661498708
1,238,-0.05781247335857036,0.30000000000000004,2194,3.2196382428940566,7063.88630490956,0.1,788,3.1621447028423773,2491.770025839793,4572.116279069767,2491.770025839793,7063.88630490956,4256.162790697675,7633.471576227391,6854.428294573643
1,239,-0.064645566472434,0.9,509,4.2299741602067185,2153.0568475452196,0.1,32,3.20671834625323,102.61498708010336,2050.4418604651164,102.61498708010336,2053.576227390181,2056.846253229974,2144.3798449612405,2131.065245478036
1,240,-0.030147484817775738,0.9,11,4.2299741602067185,46.5297157622739,0.1,11,3.1621447028423773,34.78359173126615,11.746124031007753,34.78359173126615,35.35917312661499,35.671834625322994,47.31847545219638,46.97739018087855
1,241,0.09551584536477412,0.30000000000000004,11,3.197674418604651,35.17441860465116,0.1,11,3.147932816537468,34.627260981912144,0.5471576227390145,34.627260981912144,35.17441860465116,35.41602067183462,46.9702842377261,46.9702842377261
1,242,-0.14102004895655065,0.4,61,3.2474160206718348,198.09237726098192,0.25,61,3.2474160206718348,198.09237726098192,0.0,2474.090439276486,198.09237726098192,198.09237726098192,305.6847545219638,614.7512919896641
1,243,-0.1485127677787732,0.30000000000000004,61,3.2319121447028425,197.14664082687338,0.25,61,3.2319121447028425,197.14664082687338,0.0,1398.733850129199,197.14664082687338,197.14664082687338,1415.857881136951,644.6253229974161
1,244,0.24625505769891007,0.30000000000000004,10,3.167312661498708,31.673126614987083,0.1,10,3.143410852713178,31.43410852713178,0.2390180878553032,31.43410852713178,31.55684754521964,31.918604651162788,42.571059431524546,42.571059431524546
1,245,-0.04611116000165601,0.30000000000000004,11,3.2222222222222223,35.44444444444444,0.1,12,3.1660206718346253,37.992248062015506,-2.5478036175710628,37.992248062015506,41.82170542635659,61.36950904392765,73.12855297157623,76.87209302325581
1,246,-0.14799561528133687,0.30000000000000004,62,3.251291989664083,201.58010335917314,0.25,62,3.251291989664083,201.58010335917314,0.0,1205.7260981912145,201.58010335917314,201.58010335917314,250.11627906976744,640.3843669250647
1,247,-0.037623815884701775,0.30000000000000004,11,3.25968992248062,35.85658914728682,0.1,11,3.204780361757106,35.252583979328165,0.604005167958654,35.252583979328165,35.86369509043927,35.85658914728682,46.12403100775194,46.97739018087855
1,248,0.024224049826563204,0.30000000000000004,11,3.2002583979328167,35.202842377260986,0.1,11,3.147932816537468,34.627260981912144,0.5755813953488413,34.627260981912144,35.202842377260986,35.44444444444444,46.97739018087855,46.97739018087855
1,249,0.23543428310296835,0.30000000000000004,10,3.1686046511627906,31.686046511627907,0.1,10,3.143410852713178,31.43410852713178,0.25193798449612714,31.43410852713178,31.55684754521964,31.918604651162788,42.68733850129199,42.68733850129199
1,250,-0.10738340167680693,0.30000000000000004,102,3.249354005167959,331.4341085271318,0.1,23,3.204780361757106,73.70994832041343,257.72416020671835,73.70994832041343,325.38759689922483,542.3184754521964,419.6770025839793,843.4186046511627
1,251,-0.10465061200922865,0.30000000000000004,111,3.20671834625323,355.94573643410854,0.1,17,3.1621447028423773,53.75645994832041,302.1892764857881,53.75645994832041,349.9547803617571,580.0652454780362,467.3178294573643,802.8863049095606
1,252,0.2634110591603701,0.30000000000000004,10,3.199612403100775,31.996124031007753,0.1,10,3.1983204134366927,31.98320413436693,0.012919896640823936,31.98320413436693,31.996124031007753,32.1124031007752,42.54521963824289,42.54521963824289
1,253,0.3106091249711741,0.30000000000000004,10,3.1776485788113695,31.776485788113696,0.1,10,3.143410852713178,31.43410852713178,0.342377260981916,31.43410852713178,31.55684754521964,31.89922480620155,42.441860465116285,42.441860465116285
1,254,-0.08343209135529844,0.30000000000000004,235,3.210594315245478,754.4896640826873,0.1,12,3.1621447028423773,37.945736434108525,716.5439276485788,37.945736434108525,746.0568475452196,753.7306201550388,791.8953488372093,960.9011627906976
1,255,-0.14395192121410885,0.30000000000000004,60,3.204780361757106,192.28682170542635,0.25,60,3.204780361757106,192.28682170542635,0.0,917.0219638242894,192.28682170542635,192.28682170542635,270.9593023255814,597.2461240310078
1,256,0.25663334898124923,0.30000000000000004,10,3.167312661498708,31.673126614987083,0.1,10,3.143410852713178,31.43410852713178,0.2390180878553032,31.43410852713178,31.55684754521964,31.918604651162788,42.571059431524546,42.571059431524546
1,257,0.24286880733348434,0.30000000000000004,10,3.167312661498708,31.673126614987083,0.1,10,3.143410852713178,31.43410852713178,0.2390180878553032,31.43410852713178,31.55684754521964,31.918604651162788,42.68733850129199,42.68733850129199
1,258,0.17464418952106595,0.30000000000000004,10,3.169250645994832,31.692506459948323,0.1,10,3.144702842377261,31.447028423772608,0.24547803617571518,31.447028423772608,31.692506459948323,32.151162790697676,42.700258397932814,42.700258397932814
1,259,-0.14925712517518724,0.30000000000000004,67,3.2474160206718348,217.57687338501293,0.25,67,3.2474160206718348,217.57687338501293,0.0,1214.611757105943,217.57687338501293,217.57687338501293,1393.0826873385013,646.4941860465117
1,260,-0.14750070449475314,0.30000000000000004,60,3.204780361757106,192.28682170542635,0.25,60,3.204780361757106,192.28682170542635,0.0,1277.5064599483203,192.28682170542635,192.28682170542635,254.28488372093022,640.3843669250647
1,261,-0.14690855833526917,0.30000000000000004,56,3.251291989664083,182.07235142118864,0.25,56,3.251291989664083,182.07235142118864,0.0,923.5348837209302,182.07235142118864,182.07235142118864,258.45348837209303,640.3843669250647
1,262,-0.1374607163761008,0.30000000000000004,34,3.20671834625323,109.02842377260983,0.25,34,3.20671834625323,109.02842377260983,0.0,7038.934108527132,109.02842377260983,198.69638242894058,304.3081395348837,665.6272609819121
1,263,0.021153778966359477,0.30000000000000004,11,3.244186046511628,35.68604651162791,0.1,11,3.2073643410852712,35.281007751937985,0.40503875968992276,35.281007751937985,35.68604651162791,35.68604651162791,46.97739018087855,46.97739018087855
1,264,-0.11681973573784102,0.30000000000000004,68,3.2073643410852712,218.10077519379846,0.1,25,3.1621447028423773,79.05361757105943,139.047157622739,79.05361757105943,211.89922480620154,368.5497416020672,258.6937984496124,801.5503875968991
1,265,0.1940364263114591,0.30000000000000004,10,3.1983204134366927,31.98320413436693,0.1,10,3.186046511627907,31.86046511627907,0.12273901808785936,31.86046511627907,31.98320413436693,31.970284237726098,39.41860465116279,42.700258397932814
1,266,-0.015399123371342027,0.30000000000000004,11,3.2635658914728682,35.89922480620155,0.1,11,3.20671834625323,35.27390180878553,0.6253229974160206,35.27390180878553,35.906330749354005,35.89922480620155,47.39664082687339,46.97739018087855
1,267,0.0508527452007789,0.30000000000000004,11,3.202842377260982,35.231266149870805,0.1,11,3.147932816537468,34.627260981912144,0.6040051679586611,34.627260981912144,35.18863049095607,35.41602067183462,46.9702842377261,46.9702842377261
1,268,-0.10905565008066934,0.30000000000000004,96,3.249354005167959,311.93798449612405,0.1,22,3.204780361757106,70.50516795865633,241.43281653746772,70.50516795865633,305.8643410852713,513.0917312661498,396.78552971576227,773.1472868217055
1,269,0.27244012775052673,0.30000000000000004,10,3.165374677002584,31.65374677002584,0.1,10,3.143410852713178,31.43410852713178,0.2196382428940602,31.43410852713178,31.55684754521964,31.89922480620155,42.54521963824289,42.54521963824289
1,270,0.264050135840068,0.30000000000000004,10,3.165374677002584,31.65374677002584,0.1,10,3.143410852713178,31.43410852713178,0.2196382428940602,31.43410852713178,31.55684754521964,31.918604651162788,42.54521963824289,42.54521963824289
1,271,-0.14530817375865265,0.30000000000000004,63,3.251291989664083,204.83139534883722,0.25,63,3.251291989664083,204.83139534883722,0.0,567.5891472868217,204.83139534883722,204.83139534883722,266.7906976744186,640.3843669250647
1,272,-0.1243407290274051,0.30000000000000004,46,3.210594315245478,147.687338501292,0.25,46,3.210594315245478,147.687338501292,0.0,158.10723514211887,147.687338501292,262.7919896640827,216.96899224806202,586.8565891472869
1,273,0.01370946260708153,0.30000000000000004,11,3.24031007751938,35.64341085271318,0.1,11,3.203488372093023,35.23837209302326,0.40503875968992276,35.23837209302326,35.64341085271318,35.64341085271318,46.97739018087855,46.97739018087855
1,274,-0.08359289465766762,0.30000000000000004,233,3.210594315245478,748.0684754521964,0.1,13,3.1621447028423773,41.1078811369509,706.9605943152454,41.1078811369509,739.625322997416,747.3158914728682,783.5155038759691,956.6304909560723
1,275,-0.14780500399535593,0.30000000000000004,61,3.204780361757106,195.49160206718346,0.25,61,3.204780361757106,195.49160206718346,0.0,1217.4257105943152,195.49160206718346,195.49160206718346,250.11627906976744,640.3843669250647
1,276,-0.1240583246722209,0.30000000000000004,45,3.210594315245478,144.47674418604652,0.1,40,3.1621447028423773,126.4857881136951,17.990956072351423,126.4857881136951,144.47674418604652,259.58720930232556,216.96899224806202,591.109173126615
1,277,-0.14227840136561412,0.30000000000000004,53,3.204780361757106,169.85335917312662,0.25,53,3.204780361757106,169.85335917312662,0.0,958.1298449612403,169.85335917312662,169.85335917312662,258.45348837209303,587.8766149870802
1,278,-0.13138524859523676,0.30000000000000004,47,3.20671834625323,150.71576227390182,0.25,47,3.20671834625323,150.71576227390182,0.0,414.2409560723514,150.71576227390182,265.9967700258398,216.96899224806202,674.4147286821706
1,279,-0.13241942570192752,0.30000000000000004,46,3.20671834625323,147.50904392764858,0.25,46,3.20671834625323,147.50904392764858,0.0,524.9160206718346,147.50904392764858,259.58720930232556,350.1627906976744,661.7906976744187
1,280,-0.020930702843916793,0.30000000000000004,11,3.2196382428940566,35.41602067183462,0.1,11,3.1621447028423773,34.78359173126615,0.6324289405684738,34.78359173126615,35.41602067183462,35.68604651162791,47.304263565891475,46.97739018087855
1,281,0.12172246465791,0.30000000000000004,10,3.1711886304909562,31.711886304909562,0.1,10,3.144702842377261,31.447028423772608,0.26485788113695463,31.447028423772608,31.711886304909562,32.03488372093023,42.700258397932814,42.700258397932814
1,282,0.30986725281769145,0.30000000000000004,10,3.1776485788113695,31.776485788113696,0.1,10,3.143410852713178,31.43410852713178,0.342377260981916,31.43410852713178,31.55684754521964,31.89922480620155,42.441860465116285,42.441860465116285
1,283,0.14971250259214833,0.30000000000000004,11,3.169250645994832,34.861757105943155,0.1,11,3.144702842377261,34.59173126614987,0.2700258397932842,34.59173126614987,34.861757105943155,35.202842377260986,42.700258397932814,42.700258397932814
1,284,-0.0936558835009049,0.30000000000000004,167,3.20671834625323,535.5219638242894,0.1,16,3.1621447028423773,50.594315245478036,484.9276485788114,50.594315245478036,526.5374677002584,846.062015503876,778.1240310077519,875.4877260981912
1,285,-0.08006767547998174,0.30000000000000004,223,3.2151162790697674,716.9709302325581,0.1,13,3.1621447028423773,41.1078811369509,675.8630490956072,41.1078811369509,718.267441860465,716.9709302325581,1043.8953488372094,1003.6078811369508
1,286,-0.1193272805967528,0.30000000000000004,58,3.2073643410852712,186.02713178294573,0.1,37,3.1621447028423773,116.99935400516796,69.02777777777777,116.99935400516796,183.00387596899225,323.6828165374677,216.96899224806202,758.9147286821704
1,287,-0.14975077475820997,0.30000000000000004,59,3.204780361757106,189.08204134366926,0.25,59,3.204780361757106,189.08204134366926,0.0,879.0762273901809,189.08204134366926,189.08204134366926,216.7674418604651,646.4941860465117
1,288,0.09065963419103837,0.30000000000000004,11,3.197674418604651,35.17441860465116,0.1,11,3.147932816537468,34.627260981912144,0.5471576227390145,34.627260981912144,35.17441860465116,35.41602067183462,46.9702842377261,46.9702842377261
1,289,0.2078283774834939,0.30000000000000004,10,3.152454780361757,31.524547803617573,0.1,10,3.143410852713178,31.43410852713178,0.09043927648579242,31.43410852713178,31.55684754521964,31.95736434108527,42.700258397932814,42.700258397932814
1,290,-0.13885832323406197,0.30000000000000004,56,3.204780361757106,179.46770025839794,0.25,56,3.204780361757106,179.46770025839794,0.0,3509.9806201550387,179.46770025839794,179.46770025839794,279.29651162790697,648.6686046511627
1,291,-0.05384987939650987,0.30000000000000004,89,3.2196382428940566,286.54780361757105,0.1,58,3.1621447028423773,183.40439276485787,103.14341085271317,183.40439276485787,395.37984496124034,379.98514211886305,701.1737726098191,747.3675710594315
1,292,-0.012638267051587021,0.30000000000000004,11,3.25968992248062,35.85658914728682,0.1,11,3.204780361757106,35.252583979328165,0.604005167958654,35.252583979328165,35.86369509043927,35.85658914728682,42.41537467700258,46.97739018087855
1,293,0.0732251837822977,0.30000000000000004,10,3.1983204134366927,31.98320413436693,0.1,10,3.147932816537468,31.479328165374678,0.5038759689922507,31.479328165374678,31.98320413436693,32.19638242894057,42.700258397932814,42.700258397932814
1,294,0.2187156916148936,0.30000000000000004,10,3.152454780361757,31.524547803617573,0.1,10,3.143410852713178,31.43410852713178,0.09043927648579242,31.43410852713178,31.55684754521964,31.95736434108527,42.68733850129199,42.68733850129199
1,295,-0.08630974719527988,0.30000000000000004,207,3.210594315245478,664.5930232558139,0.1,14,3.1621447028423773,44.270025839793284,620.3229974160206,44.270025839793284,659.2312661498707,663.9244186046511,499.062015503876,931.0064599483204
1,296,0.21022560306960467,0.30000000000000004,10,3.152454780361757,31.524547803617573,0.1,10,3.143410852713178,31.43410852713178,0.09043927648579242,31.43410852713178,31.55684754521964,31.95736434108527,42.700258397932814,42.700258397932814
1,297,0.2962795940323498,0.30000000000000004,10,3.1640826873385013,31.640826873385013,0.1,10,3.143410852713178,31.43410852713178,0.2067183462532327,31.43410852713178,31.55684754521964,31.89922480620155,42.441860465116285,42.441860465116285
1,298,-0.10659292051285846,0.30000000000000004,103,3.20671834625323,330.2919896640827,0.1,17,3.1621447028423773,53.75645994832041,276.53552971576227,53.75645994832041,327.48062015503876,541.6078811369509,442.2829457364341,785.8036175710594
1,299,-0.14931608759500256,0.30000000000000004,57,3.204780361757106,182.67248062015506,0.25,57,3.204780361757106,182.67248062015506,0.0,948.6434108527131,182.67248062015506,182.67248062015506,229.27325581395348,646.4941860465117
1,300,0.06461805671586118,0.30000000000000004,11,3.202842377260982,35.231266149870805,0.1,11,3.147932816537468,34.627260981912144,0.6040051679586611,34.627260981912144,35.24547803617571,35.41602067183462,46.9702842377261,46.9702842377261
1,301,-0.1495116827980152,0.30000000000000004,46,3.204780361757106,147.41989664082686,0.25,46,3.204780361757106,147.41989664082686,0.0,917.0219638242894,147.41989664082686,147.41989664082686,225.1046511627907,646.4941860465117
1,302,0.26757830816941963,0.30000000000000004,10,3.165374677002584,31.65374677002584,0.1,10,3.143410852713178,31.43410852713178,0.2196382428940602,31.43410852713178,31.55684754521964,31.89922480620155,42.54521963824289,42.54521963824289
1,303,-0.08559061537132086,0.30000000000000004,214,3.210594315245478,687.0671834625323,0.1,12,3.1621447028423773,37.945736434108525,649.1214470284237,37.945736434108525,681.7416020671834,686.3759689922481,553.922480620155,943.8184754521964
1,304,-0.018210200493415235,0.30000000000000004,11,3.2196382428940566,35.41602067183462,0.1,11,3.1621447028423773,34.78359173126615,0.6324289405684738,34.78359173126615,35.41602067183462,35.68604651162791,47.304263565891475,46.97739018087855
1,305,0.4271261993742551,0.30000000000000004,10,3.156330749354005,31.56330749354005,0.1,10,3.125968992248062,31.259689922480618,0.30361757105943354,31.259689922480618,31.75064599483204,31.56330749354005,42.12532299741602,42.12532299741602
1,306,-0.042561738495305285,0.30000000000000004,11,3.2196382428940566,35.41602067183462,0.1,11,3.1621447028423773,34.78359173126615,0.6324289405684738,34.78359173126615,35.35917312661499,38.91472868217054,51.62015503875969,51.248062015503876
1,307,-0.11482817951451332,0.6,198,4.25,841.5,0.1,29,3.1621447028423773,91.70219638242894,749.797803617571,91.70219638242894,234.3733850129199,400.5975452196383,283.72868217054264,835.6589147286821
1,308,0.06798689840952554,0.30000000000000004,11,3.202842377260982,35.231266149870805,0.1,11,3.147932816537468,34.627260981912144,0.6040051679586611,34.627260981912144,35.24547803617571,35.41602067183462,46.9702842377261,46.9702842377261
1,309,-0.13088165044642056,0.30000000000000004,48,3.20671834625323,153.92248062015506,0.25,48,3.20671834625323,153.92248062015506,0.0,341.51162790697674,153.92248062015506,269.2015503875969,221.14147286821705,695.3049095607234
1,310,-0.1132920426702324,0.30000000000000004,80,3.249354005167959,259.9483204134367,0.1,30,3.204780361757106,96.14341085271317,163.80490956072353,96.14341085271317,253.80232558139534,435.15374677002586,347.18733850129195,865.5038759689921
1,311,0.1351221387940897,0.30000000000000004,11,3.2151162790697674,35.366279069767444,0.1,11,3.2002583979328167,35.202842377260986,0.16343669250645831,35.202842377260986,35.366279069767444,35.366279069767444,46.9702842377261,46.9702842377261
1,312,-0.10444133042033063,0.6,151,4.242248062015504,640.5794573643411,0.1,19,3.1621447028423773,60.08074935400517,580.4987080103359,60.08074935400517,353.1653746770026,586.4748062015505,471.4903100775194,798.6156330749353
1,313,-0.07067442359735483,0.30000000000000004,370,3.2661498708010335,1208.4754521963823,0.1,17,3.204780361757106,54.481266149870805,1153.9941860465115,54.481266149870805,1252.6046511627908,1304.6511627906978,762.9651162790698,1358.0736434108526
1,314,-0.1497941691469307,0.30000000000000004,69,3.2474160206718348,224.0717054263566,0.25,69,3.2474160206718348,224.0717054263566,0.0,1124.8779069767443,224.0717054263566,224.0717054263566,1378.3682170542636,646.4941860465117
1,315,-0.12326566434456733,0.30000000000000004,38,3.214470284237726,122.1498708010336,0.25,38,3.214470284237726,122.1498708010336,0.0,139.3049095607235,122.1498708010336,221.39728682170542,208.62403100775194,510.4651162790698
1,316,-0.04438984804590369,0.30000000000000004,11,3.2196382428940566,35.41602067183462,0.1,11,3.1621447028423773,34.78359173126615,0.6324289405684738,34.78359173126615,35.35917312661499,42.15762273901809,55.921834625322994,55.518733850129195
1,317,0.19141843236676223,0.30000000000000004,10,3.169250645994832,31.692506459948323,0.1,10,3.144702842377261,31.447028423772608,0.24547803617571518,31.447028423772608,31.692506459948323,32.105943152454785,42.700258397932814,42.700258397932814
1,318,-0.0571981585244382,0.30000000000000004,2673,3.2635658914728682,8723.511627906977,0.1,144,3.208010335917313,461.95348837209303,8261.558139534884,461.95348837209303,9309.539405684754,8723.511627906977,9406.295865633076,8485.824935400517
1,319,0.34843012829249176,0.8,10,4.233204134366925,42.33204134366925,0.1,10,3.143410852713178,31.43410852713178,10.897932816537473,31.43410852713178,31.524547803617573,31.89922480620155,42.441860465116285,42.441860465116285
1,320,-0.11238486568085565,0.30000000000000004,77,3.2525839793281652,250.44896640826872,0.1,43,3.202842377260982,137.72222222222223,112.72674418604649,137.72222222222223,250.5484496124031,428.6589147286822,363.00581395348837,518.2635658914729
1,321,0.029964416497561458,0.8,11,4.243540051679586,46.67894056847545,0.1,11,3.147932816537468,34.627260981912144,12.051679586563303,34.627260981912144,35.195736434108525,35.42312661498708,46.97739018087855,46.97739018087855
1,322,-0.12298576420998422,0.4,66,3.204780361757106,211.515503875969,0.1,33,3.1621447028423773,104.35077519379846,107.16472868217053,104.35077519379846,115.58139534883722,211.515503875969,204.45155038759688,510.4651162790698
1,323,-0.10174113774660051,0.30000000000000004,123,3.20671834625323,394.4263565891473,0.1,19,3.1621447028423773,60.08074935400517,334.34560723514215,60.08074935400517,391.69250645994833,640.9560723514212,542.2545219638243,819.968992248062
1,324,0.14855701684936043,0.30000000000000004,10,3.169250645994832,31.692506459948323,0.1,10,3.144702842377261,31.447028423772608,0.24547803617571518,31.447028423772608,31.692506459948323,32.002583979328165,42.700258397932814,42.700258397932814
1,325,0.25382999236541604,0.30000000000000004,10,3.167312661498708,31.673126614987083,0.1,10,3.143410852713178,31.43410852713178,0.2390180878553032,31.43410852713178,31.55684754521964,31.918604651162788,42.571059431524546,42.571059431524546
1,326,-0.13242809697046948,0.30000000000000004,46,3.20671834625323,147.50904392764858,0.25,46,3.20671834625323,147.50904392764858,0.0,524.9160206718346,147.50904392764858,259.58720930232556,237.22609819121448,661.7906976744187
1,327,-0.1249164049422978,0.30000000000000004,47,3.210594315245478,150.89793281653746,0.25,47,3.210594315245478,150.89793281653746,0.0,158.10723514211887,150.89793281653746,269.2015503875969,221.14147286821705,586.8565891472869
1,328,0.3667226796813351,0.30000000000000004,10,3.1770025839793283,31.770025839793284,0.1,10,3.143410852713178,31.43410852713178,0.33591731266150404,31.43410852713178,31.65374677002584,31.89922480620155,42.441860465116285,42.441860465116285
1,329,-0.14953573682191842,0.30000000000000004,48,3.204780361757106,153.8294573643411,0.25,48,3.204780361757106,153.8294573643411,0.0,913.859819121447,153.8294573643411,153.8294573643411,220.9360465116279,646.4941860465117
1,330,-0.1488895225829555,0.30000000000000004,64,3.2474160206718348,207.83462532299743,0.25,64,3.2474160206718348,207.83462532299743,0.0,1278.7073643410854,207.83462532299743,207.83462532299743,1404.470284237726,640.3843669250647
1,331,-0.09992689240576302,0.30000000000000004,132,3.20671834625323,423.28682170542635,0.1,18,3.1621447028423773,56.91860465116279,366.36821705426354,56.91860465116279,417.3772609819122,679.4134366925065,625.1647286821706,832.781007751938
1,332,0.3808280262328406,0.30000000000000004,10,3.189922480620155,31.89922480620155,0.1,10,3.143410852713178,31.43410852713178,0.46511627906976827,31.43410852713178,31.65374677002584,31.89922480620155,42.435400516795866,42.435400516795866
1,333,-0.13091008370589435,0.30000000000000004,47,3.20671834625323,150.71576227390182,0.25,47,3.20671834625323,150.71576227390182,0.0,360.484496124031,150.71576227390182,269.2015503875969,221.14147286821705,691.0652454780361
1,334,-0.09458948268564579,0.30000000000000004,161,3.20671834625323,516.2816537467701,0.1,15,3.1621447028423773,47.43217054263566,468.8494832041344,47.43217054263566,510.484496124031,820.4237726098191,3668.2635658914733,871.2170542635658
1,335,-0.037415777755678906,0.30000000000000004,11,3.25968992248062,35.85658914728682,0.1,11,3.204780361757106,35.252583979328165,0.604005167958654,35.252583979328165,35.86369509043927,35.85658914728682,42.41537467700258,46.97739018087855
1,336,-0.10605342537125752,0.30000000000000004,107,3.249354005167959,347.6808785529716,0.1,22,3.204780361757106,70.50516795865633,277.17571059431526,70.50516795865633,341.65697674418607,568.297803617571,434.937984496124,785.8036175710594
1,337,0.09589137404552356,0.30000000000000004,11,3.197674418604651,35.17441860465116,0.1,11,3.147932816537468,34.627260981912144,0.5471576227390145,34.627260981912144,35.17441860465116,35.41602067183462,46.9702842377261,46.9702842377261
1,338,-0.08642807397999434,0.30000000000000004,209,3.25,679.25,0.1,14,3.204780361757106,44.866925064599485,634.3830749354005,44.866925064599485,674.3546511627907,679.25,868.8468992248062,931.0064599483204
1,339,-0.054818379477693246,0.30000000000000004,10000,3.2196382428940566,32196.382428940567,0.1,5399,3.1621447028423773,17072.419250645995,15123.963178294573,17072.419250645995,32196.382428940567,31931.52454780362,43003.87596899225,42706.71834625323
1,340,-0.10975212187704499,0.8,202,4.238372093023256,856.1511627906976,0.1,21,3.1621447028423773,66.40503875968992,789.7461240310078,66.40503875968992,288.95348837209303,487.12661498708013,400.5581395348837,684.3540051679586
1,341,0.42851236235070767,0.7000000000000001,10,4.212532299741602,42.12532299741602,0.1,10,3.125968992248062,31.259689922480618,10.865633074935403,31.259689922480618,31.75064599483204,31.56330749354005,42.12532299741602,42.12532299741602
1,342,0.25301772163338176,0.6,10,4.257105943152455,42.571059431524546,0.1,10,3.1705426356589146,31.705426356589147,10.865633074935399,31.705426356589147,31.828165374677006,31.828165374677006,42.571059431524546,42.571059431524546
1,343,0.13936687855324634,0.30000000000000004,10,3.1711886304909562,31.711886304909562,0.1,10,3.144702842377261,31.447028423772608,0.26485788113695463,31.447028423772608,31.711886304909562,32.02196382428941,42.700258397932814,42.700258397932814
1,344,-0.07814752178959354,0.8,237,4.231266149870801,1002.8100775193798,0.1,13,3.1621447028423773,41.1078811369509,961.7021963824288,41.1078811369509,798.7906976744185,794.1337209302326,1065.0542635658915,1037.7732558139535
1,345,0.24543049997167918,0.6,10,4.257105943152455,42.571059431524546,0.1,10,3.143410852713178,31.43410852713178,11.136950904392766,31.43410852713178,31.55684754521964,31.918604651162788,42.571059431524546,42.571059431524546
1,346,0.09394814648597463,0.4,10,3.2196382428940566,32.19638242894057,0.1,10,3.147932816537468,31.479328165374678,0.7170542635658883,31.479328165374678,31.97674418604651,32.19638242894057,42.700258397932814,42.700258397932814
1,347,0.08105626934556293,0.6,10,4.2700258397932815,42.700258397932814,0.1,10,3.147932816537468,31.479328165374678,11.220930232558135,31.479328165374678,31.98320413436693,32.19638242894057,42.700258397932814,42.700258397932814
1,348,-0.06222488611329442,0.30000000000000004,874,3.2196382428940566,2813.9638242894057,0.1,26,3.1621447028423773,82.2157622739018,2731.748062015504,82.2157622739018,2813.9638242894057,2861.3333333333335,2843.4476744186045,2822.914082687338
1,349,0.006614243358748828,0.30000000000000004,11,3.2002583979328167,35.202842377260986,0.1,11,3.147932816537468,34.627260981912144,0.5755813953488413,34.627260981912144,35.202842377260986,35.46576227390181,42.706718346253226,42.706718346253226
1,350,0.049524070033276635,0.30000000000000004,11,3.202842377260982,35.231266149870805,0.1,11,3.147932816537468,34.627260981912144,0.6040051679586611,34.627260981912144,35.18863049095607,35.41602067183462,42.700258397932814,42.700258397932814
1,351,0.1267617273693035,0.6,10,4.2700258397932815,42.700258397932814,0.1,10,3.144702842377261,31.447028423772608,11.253229974160206,31.447028423772608,31.711886304909562,32.02842377260982,42.700258397932814,42.700258397932814
1,352,-0.14931690068025683,0.30000000000000004,61,3.251291989664083,198.32881136950905,0.25,61,3.251291989664083,198.32881136950905,0.0,782.7545219638243,198.32881136950905,198.32881136950905,229.27325581395348,646.4941860465117
1,353,-0.1499946304554186,0.8,149,4.213824289405685,627.8598191214471,0.25,63,3.204780361757106,201.90116279069767,425.9586563307495,837.9683462532299,201.90116279069767,201.90116279069767,208.43023255813952,646.4941860465117
1,354,-0.1356292000640206,0.7000000000000001,161,4.239664082687338,682.5859173126614,0.25,40,3.20671834625323,128.2687338501292,554.3171834625323,31621.447028423772,128.2687338501292,227.5394056847545,325.15116279069764,682.5859173126614
1,355,0.30905615494217087,0.30000000000000004,10,3.1776485788113695,31.776485788113696,0.1,10,3.143410852713178,31.43410852713178,0.342377260981916,31.43410852713178,31.55684754521964,31.89922480620155,42.441860465116285,42.441860465116285
1,356,-0.0825743640697087,0.30000000000000004,243,3.210594315245478,780.1744186046512,0.1,14,3.1621447028423773,44.270025839793284,735.9043927648579,44.270025839793284,774.9987080103359,779.3895348837209,1181.5581395348838,965.171834625323
1,357,0.38585825801906526,0.6,10,4.243540051679586,42.435400516795866,0.1,10,3.143410852713178,31.43410852713178,11.001291989664086,31.43410852713178,31.647286821705425,31.89922480620155,42.435400516795866,42.435400516795866
1,358,0.17190750218705922,0.6,10,4.2700258397932815,42.700258397932814,0.1,10,3.144702842377261,31.447028423772608,11.253229974160206,31.447028423772608,31.692506459948323,32.151162790697676,42.700258397932814,42.700258397932814
1,359,-0.1375351064754095,0.6,137,4.242248062015504,581.187984496124,0.25,67,3.2319121447028425,216.53811369509046,364.64987080103356,7775.688630490957,216.53811369509046,216.53811369509046,340.07428940568474,665.6272609819121
1,360,-0.03289867384974891,0.6,11,4.270671834625323,46.97739018087855,0.1,11,3.1621447028423773,34.78359173126615,12.193798449612402,34.78359173126615,35.35917312661499,35.671834625322994,47.31847545219638,46.97739018087855
1,361,-0.11946305294423573,0.6,186,4.251937984496124,790.860465116279,0.1,37,3.204780361757106,118.57687338501292,672.283591731266,118.57687338501292,185.47093023255815,327.9890180878553,285.85271317829455,754.6511627906976
1,362,-0.10902312978589725,0.6,191,4.2448320413436695,810.7629198966409,0.1,22,3.1621447028423773,69.5671834625323,741.1957364341087,69.5671834625323,298.58527131782944,499.94573643410854,408.90310077519376,773.1472868217055
1,363,0.37703523350122514,0.6,10,4.243540051679586,42.435400516795866,0.1,10,3.143410852713178,31.43410852713178,11.001291989664086,31.43410852713178,31.65374677002584,31.89922480620155,42.435400516795866,42.435400516795866
1,364,0.016956660323354772,0.6,11,4.270671834625323,46.97739018087855,0.1,11,3.147932816537468,34.627260981912144,12.350129198966407,34.627260981912144,35.202842377260986,35.47286821705426,46.97739018087855,46.97739018087855
1,365,-0.14734960548153503,0.6,149,4.262919896640827,635.1750645994831,0.25,61,3.2474160206718348,198.09237726098192,437.08268733850116,1221.0213178294573,198.09237726098192,198.09237726098192,1442.4289405684754,640.3843669250647
1,366,0.19436637446904345,0.6,10,4.2700258397932815,42.700258397932814,0.1,10,3.143410852713178,31.43410852713178,11.266149870801033,31.43410852713178,31.55684754521964,31.95736434108527,42.700258397932814,42.700258397932814
1,367,0.07437946020267827,0.6,11,4.2700258397932815,46.9702842377261,0.1,11,3.147932816537468,34.627260981912144,12.343023255813954,34.627260981912144,35.18152454780362,35.41602067183462,46.9702842377261,46.9702842377261
1,368,-0.14975681619282935,0.6,151,4.262919896640827,643.7009043927649,0.25,59,3.204780361757106,189.08204134366926,454.6188630490956,879.0762273901809,189.08204134366926,189.08204134366926,216.7674418604651,646.4941860465117
1,369,-0.14008643603326554,0.6,131,4.242248062015504,555.734496124031,0.25,62,3.251291989664083,201.58010335917314,354.1543927648579,3081.656330749354,201.58010335917314,201.58010335917314,241.77906976744185,627.4702842377261
1,370,-0.14948254419773982,0.6,150,4.262919896640827,639.437984496124,0.25,51,3.204780361757106,163.44379844961242,475.99418604651163,923.3462532299742,163.44379844961242,163.44379844961242,1389.2868217054263,646.4941860465117
1,371,0.07425659403605897,0.6,10,4.2700258397932815,42.700258397932814,0.1,10,3.147932816537468,31.479328165374678,11.220930232558135,31.479328165374678,31.98320413436693,32.19638242894057,42.700258397932814,42.700258397932814
1,372,-0.04958075777706884,0.6,26,4.270671834625323,111.03746770025839,0.1,16,3.204780361757106,51.276485788113696,59.76098191214469,51.276485788113696,55.42571059431524,55.41472868217054,111.46640826873386,111.03746770025839
1,373,-0.028551211009002528,0.6,11,4.270671834625323,46.97739018087855,0.1,11,3.1621447028423773,34.78359173126615,12.193798449612402,34.78359173126615,35.35917312661499,35.75710594315245,47.31847545219638,46.97739018087855
1,374,-0.014119498653124646,0.6,11,4.270671834625323,46.97739018087855,0.1,11,3.204780361757106,35.252583979328165,11.724806201550386,35.252583979328165,35.86369509043927,35.85658914728682,42.41537467700258,46.97739018087855
1,375,0.1748707109278689,0.6,10,4.2700258397932815,42.700258397932814,0.1,10,3.144702842377261,31.447028423772608,11.253229974160206,31.447028423772608,31.692506459948323,32.151162790697676,42.700258397932814,42.700258397932814
1,376,0.06558876398344807,0.6,11,4.2700258397932815,46.9702842377261,0.1,11,3.147932816537468,34.627260981912144,12.343023255813954,34.627260981912144,35.24547803617571,35.41602067183462,46.9702842377261,46.9702842377261
1,377,-0.11371875242638527,0.6,202,4.2448320413436695,857.4560723514212,0.1,27,3.1621447028423773,85.37790697674419,772.078165374677,85.37790697674419,244.00516795865633,419.82622739018086,346.3158914728682,861.2403100775193
1,378,-0.11982010369193377,0.6,185,4.251937984496124,786.6085271317829,0.1,37,3.1621447028423773,116.99935400516796,669.6091731266149,116.99935400516796,176.5826873385013,314.06847545219637,204.45155038759688,750.3875968992247
1,379,-0.1357523276604611,0.6,130,4.246124031007752,551.9961240310078,0.25,39,3.20671834625323,125.06201550387597,426.9341085271318,31621.447028423772,125.06201550387597,227.5394056847545,325.15116279069764,682.3779069767442
1,380,0.23637168388318772,0.6,10,4.268733850129199,42.68733850129199,0.1,10,3.143410852713178,31.43410852713178,11.25322997416021,31.43410852713178,31.55684754521964,31.918604651162788,42.68733850129199,42.68733850129199
1,381,-0.14924583168922145,0.6,150,4.262919896640827,639.437984496124,0.25,66,3.251291989664083,214.58527131782947,424.8527131782946,1189.6925064599484,214.58527131782947,214.58527131782947,229.27325581395348,646.4941860465117
1,382,0.22914567216297418,0.6,10,4.268733850129199,42.68733850129199,0.1,10,3.143410852713178,31.43410852713178,11.25322997416021,31.43410852713178,31.55684754521964,31.918604651162788,42.68733850129199,42.68733850129199
1,383,-0.12918533116582104,0.6,126,4.248708010335918,535.3372093023256,0.25,49,3.20671834625323,157.12919896640827,378.2080103359174,281.4308785529716,157.12919896640827,275.61111111111114,225.31395348837208,581.187984496124
1,384,0.11571774115832814,0.6,10,4.2700258397932815,42.700258397932814,0.1,10,3.144702842377261,31.447028423772608,11.253229974160206,31.447028423772608,31.711886304909562,31.892764857881136,42.700258397932814,42.700258397932814
1,385,0.31522301985883616,0.6,10,4.244186046511628,42.441860465116285,0.25,10,3.1421188630490957,31.421188630490956,11.020671834625329,31.43410852713178,31.421188630490956,31.89922480620155,42.441860465116285,42.441860465116285
1,386,0.4370384807346982,0.6,10,4.212532299741602,42.12532299741602,0.1,10,3.124031007751938,31.240310077519382,10.885012919896639,31.240310077519382,31.7312661498708,31.550387596899224,42.12532299741602,42.12532299741602
1,387,-0.11476296998113578,0.6,199,4.25,845.75,0.1,37,3.1815245478036176,117.71640826873386,728.0335917312661,117.71640826873386,223.58139534883722,391.3740310077519,287.90116279069764,839.9224806201549
1,388,-0.10208656566534291,0.6,191,4.256459948320414,812.983850129199,0.1,17,3.204780361757106,54.481266149870805,758.5025839793282,54.481266149870805,396.89405684754524,649.4832041343669,461.72286821705427,819.968992248062
1,389,-0.026625665388735537,0.6,11,4.270671834625323,46.97739018087855,0.1,11,3.20671834625323,35.27390180878553,11.70348837209302,35.27390180878553,35.89922480620155,35.89922480620155,47.31847545219638,46.97739018087855
1,390,0.1200069237846362,0.6,10,4.2700258397932815,42.700258397932814,0.1,10,3.144702842377261,31.447028423772608,11.253229974160206,31.447028423772608,31.711886304909562,32.03488372093023,42.700258397932814,42.700258397932814
1,391,0.2866189816820701,0.6,10,4.244186046511628,42.441860465116285,0.1,10,3.143410852713178,31.43410852713178,11.007751937984505,31.43410852713178,31.55684754521964,31.89922480620155,42.441860465116285,42.441860465116285
1,392,-0.142633691180013,0.6,120,4.231912144702842,507.82945736434107,0.25,56,3.204780361757106,179.46770025839794,328.3617571059431,777.8875968992248,179.46770025839794,179.46770025839794,262.6220930232558,587.8766149870802
1,393,-0.05280306216772056,0.6,63,4.270671834625323,269.05232558139534,0.1,24,3.1621447028423773,75.89147286821705,193.1608527131783,75.89147286821705,141.43669250645996,233.53488372093025,258.1007751937984,269.05232558139534
1,394,0.2400953990990725,0.6,10,4.268733850129199,42.68733850129199,0.1,10,3.143410852713178,31.43410852713178,11.25322997416021,31.43410852713178,31.55684754521964,31.918604651162788,42.68733850129199,42.68733850129199
1,395,0.1218324874523252,0.6,10,4.2700258397932815,42.700258397932814,0.1,11,3.144702842377261,34.59173126614987,8.108527131782942,34.59173126614987,34.883074935400515,35.23837209302326,42.700258397932814,42.700258397932814
1,396,-0.042303120733569496,0.6,13,4.270671834625323,55.518733850129195,0.1,11,3.204780361757106,35.252583979328165,20.26614987080103,35.252583979328165,35.86369509043927,35.85658914728682,53.81136950904393,55.518733850129195
1,397,0.11200155297576511,0.6,11,4.2700258397932815,46.9702842377261,0.1,11,3.144702842377261,34.59173126614987,12.378552971576227,34.59173126614987,34.89728682170542,35.08204134366925,46.9702842377261,46.9702842377261
1,398,-0.1358717150890129,0.6,129,4.246124031007752,547.75,0.25,39,3.20671834625323,125.06201550387597,422.68798449612405,31621.447028423772,125.06201550387597,224.33462532299743,325.15116279069764,678.1395348837209
1,399,-0.14983003426666172,0.6,151,4.262919896640827,643.7009043927649,0.25,61,3.204780361757106,195.49160206718346,448.2093023255814,863.265503875969,195.49160206718346,195.49160206718346,212.59883720930233,646.4941860465117
1,400,-0.06141650324362323,0.6,743,4.270671834625323,3173.1091731266147,0.1,31,3.1621447028423773,98.02648578811369,3075.082687338501,98.02648578811369,3187.441860465116,3237.6841085271317,3618.7990956072354,3173.1091731266147
1,401,-0.05769942806889783,0.1,697,3.1621447028423773,2204.014857881137,0.1,697,3.1621447028423773,2204.014857881137,0.0,2204.014857881137,7324.677002583979,4394.496124031008,7900.255813953489,7102.127260981912
1,402,-0.102629275224174,0.6,191,4.256459948320414,812.983850129199,0.1,17,3.1621447028423773,53.75645994832041,759.2273901808786,53.75645994832041,382.0607235142119,628.1369509043927,529.7409560723514,815.6983204134366
1,403,-0.1441349839314995,0.6,134,4.237726098191215,567.8552971576228,0.25,60,3.204780361757106,192.28682170542635,375.5684754521964,996.0755813953489,192.28682170542635,192.28682170542635,266.7906976744186,593.0103359173127
1,404,-0.12058305310697302,0.6,183,4.251937984496124,778.1046511627906,0.1,39,3.1621447028423773,123.32364341085271,654.7810077519379,123.32364341085271,166.95090439276487,298.04457364341084,183.58914728682169,733.3333333333333
1,405,-0.12683657536005635,0.6,138,4.251291989664082,586.6782945736434,0.25,49,3.210594315245478,157.31912144702844,429.3591731266149,208.7015503875969,157.31912144702844,278.8158914728682,225.31395348837208,627.4702842377261
1,406,-0.14960494528821294,0.6,150,4.262919896640827,639.437984496124,0.25,54,3.204780361757106,173.05813953488374,466.37984496124034,904.3733850129199,173.05813953488374,173.05813953488374,220.9360465116279,646.4941860465117
1,407,0.17743971858617855,0.6,10,4.2700258397932815,42.700258397932814,0.1,10,3.144702842377261,31.447028423772608,11.253229974160206,31.447028423772608,31.692506459948323,32.151162790697676,42.700258397932814,42.700258397932814
1,408,-0.14667325890055916,0.6,149,4.26421188630491,635.3675710594316,0.25,54,3.248708010335917,175.43023255813952,459.93733850129206,1025.7364341085272,175.43023255813952,175.43023255813952,262.6220930232558,640.3843669250647
1,409,0.33279650581266074,0.6,10,4.244186046511628,42.441860465116285,0.1,10,3.143410852713178,31.43410852713178,11.007751937984505,31.43410852713178,31.524547803617573,31.89922480620155,42.441860465116285,42.441860465116285
1,410,-0.10230557197676594,0.6,190,4.256459948320414,808.7273901808786,0.1,18,3.1621447028423773,56.91860465116279,751.8087855297158,56.91860465116279,382.0607235142119,628.1369509043927,533.9121447028424,815.6983204134366
1,411,0.16765541433964634,0.30000000000000004,10,3.195090439276486,31.95090439276486,0.1,10,3.1744186046511627,31.744186046511626,0.2067183462532327,31.744186046511626,31.95090439276486,31.95090439276486,42.700258397932814,42.700258397932814
1,412,0.0160560990938369,0.6,11,4.270671834625323,46.97739018087855,0.1,11,3.147932816537468,34.627260981912144,12.350129198966407,34.627260981912144,35.202842377260986,35.47286821705426,46.97739018087855,46.97739018087855
1,413,-0.13418534909614513,0.6,138,4.246124031007752,585.9651162790698,0.25,43,3.20671834625323,137.88888888888889,448.07622739018086,1087.7777777777778,137.88888888888889,243.56330749354007,337.656976744186,691.0652454780361
1,414,-0.07827711367113971,0.6,242,4.270671834625323,1033.5025839793282,0.1,17,3.208010335917313,54.53617571059432,978.9664082687339,54.53617571059432,790.5645994832042,789.3139534883721,1065.0542635658915,1033.5025839793282
1,415,0.14110207604275696,0.6,10,4.2700258397932815,42.700258397932814,0.1,10,3.144702842377261,31.447028423772608,11.253229974160206,31.447028423772608,31.711886304909562,32.02196382428941,42.700258397932814,42.700258397932814
1,416,-0.14791976456477296,0.6,150,4.262919896640827,639.437984496124,0.25,62,3.204780361757106,198.69638242894058,440.74160206718346,1195.2906976744187,198.69638242894058,198.69638242894058,250.11627906976744,640.3843669250647
1,417,-0.08594568993513377,0.6,219,4.260981912144703,933.15503875969,0.1,13,3.204780361757106,41.662144702842376,891.4928940568476,41.662144702842376,687.3856589147287,692.25,3706.033591731266,935.2771317829457
1,418,-0.013916071804290525,0.6,11,4.270671834625323,46.97739018087855,0.1,11,3.204780361757106,35.252583979328165,11.724806201550386,35.252583979328165,35.86369509043927,35.85658914728682,42.41537467700258,46.97739018087855
1,419,-0.036915136731206666,0.6,11,4.270671834625323,46.97739018087855,0.1,11,3.1621447028423773,34.78359173126615,12.193798449612402,34.78359173126615,35.35917312661499,35.671834625322994,47.31847545219638,46.97739018087855
1,420,0.1685465067081788,0.6,10,4.2700258397932815,42.700258397932814,0.1,10,3.144702842377261,31.447028423772608,11.253229974160206,31.447028423772608,31.692506459948323,32.151162790697676,42.700258397932814,42.700258397932814
1,421,-0.14039766837867265,0.6,130,4.242248062015504,551.4922480620155,0.5,38,4.1686046511627906,158.40697674418604,393.08527131782944,2061.079457364341,192.51937984496124,192.51937984496124,158.40697674418604,627.4702842377261
1,422,-0.14980575405361304,0.6,150,4.262919896640827,639.437984496124,0.25,60,3.204780361757106,192.28682170542635,447.1511627906977,866.4276485788114,192.28682170542635,192.28682170542635,216.7674418604651,646.4941860465117
1,423,-0.1476533771209246,0.6,150,4.262919896640827,639.437984496124,0.25,61,3.204780361757106,195.49160206718346,443.9463824289406,1245.8850129198966,195.49160206718346,195.49160206718346,254.28488372093022,640.3843669250647
1,424,-0.12738829967167603,0.6,118,4.25,501.5,0.25,51,3.253875968992248,165.94767441860466,335.55232558139534,227.5394056847545,165.94767441860466,292.2674418604651,272.30426356589146,627.4702842377261
1,425,0.22287688921879953,0.9,10,4.242248062015504,42.42248062015504,0.1,10,3.143410852713178,31.43410852713178,10.988372093023262,31.43410852713178,31.55684754521964,31.95090439276486,42.68733850129199,42.68733850129199
1,426,0.0898088999480495,0.6,10,4.2700258397932815,42.700258397932814,0.1,11,3.147932816537468,34.627260981912144,8.07299741602067,34.627260981912144,35.17441860465116,35.41602067183462,42.700258397932814,42.700258397932814
1,427,-0.14225966686563146,0.6,120,4.231912144702842,507.82945736434107,0.25,53,3.204780361757106,169.85335917312662,337.9760981912144,967.6162790697674,169.85335917312662,169.85335917312662,258.45348837209303,587.8766149870802
1,428,-0.05241059532713774,0.6,59,4.270671834625323,251.96963824289404,0.1,29,3.204780361757106,92.93863049095607,159.03100775193798,92.93863049095607,117.37209302325581,117.34883720930233,254.23643410852713,251.96963824289404
1,429,-0.1410220130857141,0.6,128,4.242248062015504,543.0077519379845,0.25,57,3.204780361757106,182.67248062015506,360.33527131782944,1600.045219638243,182.67248062015506,182.67248062015506,220.9360465116279,614.7512919896641
1,430,-0.1020159829139714,0.6,209,4.2551679586563305,889.3301033591731,0.1,14,3.204780361757106,44.866925064599485,844.4631782945736,44.866925064599485,400.2267441860465,652.7306201550388,465.5387596899225,819.968992248062
1,431,-0.14515206000596093,0.6,149,4.26421188630491,635.3675710594316,0.25,60,3.204780361757106,192.28682170542635,443.08074935400526,1422.9651162790697,192.28682170542635,192.28682170542635,270.9593023255814,640.3843669250647
1,432,-0.08790463043024603,0.6,215,4.260981912144703,916.1111111111112,0.1,14,3.1621447028423773,44.270025839793284,871.8410852713179,44.270025839793284,661.3824289405685,1047.9631782945737,813.8475452196383,918.1944444444443
1,433,-0.14984839418019608,0.8,149,4.213824289405685,627.8598191214471,0.25,61,3.204780361757106,195.49160206718346,432.36821705426365,860.1033591731266,195.49160206718346,195.49160206718346,212.59883720930233,646.4941860465117
1,434,-0.14975657611700371,0.6,150,4.262919896640827,639.437984496124,0.25,59,3.204780361757106,189.08204134366926,450.35594315245476,875.9140826873385,189.08204134366926,189.08204134366926,216.7674418604651,646.4941860465117
1,435,0.2206270864868444,0.6,10,4.268733850129199,42.68733850129199,0.1,10,3.143410852713178,31.43410852713178,11.25322997416021,31.43410852713178,31.55684754521964,31.95090439276486,42.68733850129199,42.68733850129199
1,436,-0.1376682435176391,0.6,137,4.242248062015504,581.187984496124,0.25,35,3.25,113.75,467.43798449612405,8358.067183462532,113.75,207.83462532299743,340.07428940568474,661.3875968992247
1,437,0.2481528639873584,0.6,10,4.257105943152455,42.571059431524546,0.1,10,3.143410852713178,31.43410852713178,11.136950904392766,31.43410852713178,31.55684754521964,31.918604651162788,42.571059431524546,42.571059431524546
1,438,-0.13982448766114935,0.6,131,4.242248062015504,555.734496124031,0.25,59,3.204780361757106,189.08204134366926,366.6524547803617,2434.8514211886304,189.08204134366926,189.08204134366926,254.28488372093022,635.9496124031007
1,439,0.15465765195227063,0.6,10,4.2700258397932815,42.700258397932814,0.1,10,3.144702842377261,31.447028423772608,11.253229974160206,31.447028423772608,31.692506459948323,31.996124031007753,42.700258397932814,42.700258397932814
1,440,-0.11546562774404551,0.6,197,4.25,837.25,0.1,26,3.1621447028423773,82.2157622739018,755.0342377260982,82.2157622739018,227.95219638242895,394.18798449612405,279.5562015503876,827.1317829457364
1,441,0.4383687195271232,0.6,10,4.212532299741602,42.12532299741602,0.1,10,3.124031007751938,31.240310077519382,10.885012919896639,31.240310077519382,31.7312661498708,31.550387596899224,42.12532299741602,42.12532299741602
1,442,-0.05764939250676551,0.6,1694,4.270671834625323,7234.5180878552965,0.1,662,3.1621447028423773,2093.339793281654,5141.178294573643,2093.339793281654,7463.121447028423,4468.488372093023,8046.55684754522,7234.5180878552965
1,443,-0.04776323941606429,0.7000000000000001,20,4.270671834625323,85.41343669250645,0.1,12,3.1621447028423773,37.945736434108525,47.467700258397926,37.945736434108525,45.002583979328165,64.85788113695091,81.73191214470283,85.41343669250645
1,444,-0.13648879938345154,0.30000000000000004,37,3.20671834625323,118.64857881136952,0.25,37,3.20671834625323,118.64857881136952,0.0,16155.397286821706,118.64857881136952,217.92506459948322,316.8139534883721,674.1065891472867
1,445,0.0006417398996513557,0.4,11,3.2241602067183464,35.46576227390181,0.1,11,3.147932816537468,34.627260981912144,0.8385012919896653,34.627260981912144,35.202842377260986,35.46576227390181,48.36304909560724,46.97739018087855
1,446,0.17508703657180627,0.4,10,3.193798449612403,31.93798449612403,0.1,10,3.1731266149870803,31.7312661498708,0.20671834625322916,31.7312661498708,31.93798449612403,31.93798449612403,42.700258397932814,42.700258397932814
1,447,-0.016872931831064142,0.30000000000000004,11,3.2196382428940566,35.41602067183462,0.1,11,3.1621447028423773,34.78359173126615,0.6324289405684738,34.78359173126615,35.41602067183462,35.68604651162791,47.304263565891475,46.97739018087855
1,448,0.04343563475475107,0.9,11,4.231266149870801,46.54392764857881,0.1,11,3.147932816537468,34.627260981912144,11.916666666666664,34.627260981912144,35.18863049095607,35.41602067183462,46.97739018087855,46.97739018087855
1,449,0.07657570258091789,0.30000000000000004,10,3.1983204134366927,31.98320413436693,0.1,10,3.147932816537468,31.479328165374678,0.5038759689922507,31.479328165374678,31.98320413436693,32.19638242894057,42.700258397932814,42.700258397932814
1,450,0.12252157945086764,0.4,10,3.203488372093023,32.03488372093023,0.1,10,3.144702842377261,31.447028423772608,0.5878552971576241,31.447028423772608,31.711886304909562,32.03488372093023,42.700258397932814,42.700258397932814
1,451,-0.028750141306354754,0.9,11,4.2299741602067185,46.5297157622739,0.1,11,3.1621447028423773,34.78359173126615,11.746124031007753,34.78359173126615,35.35917312661499,35.671834625322994,47.31847545219638,46.97739018087855
1,452,-0.12905048920013448,0.6,126,4.248708010335918,535.3372093023256,0.25,50,3.253875968992248,162.69379844961242,372.6434108527132,310.8636950904393,162.69379844961242,285.77260981912144,256.96317829457365,585.4302325581396
1,453,0.43586917774503875,0.6,10,4.212532299741602,42.12532299741602,0.1,10,3.124031007751938,31.240310077519382,10.885012919896639,31.240310077519382,31.7312661498708,31.550387596899224,42.12532299741602,42.12532299741602
1,454,-0.12819641067746756,0.6,116,4.248708010335918,492.85012919896644,0.25,49,3.210594315245478,157.31912144702844,335.531007751938,243.48514211886305,157.31912144702844,278.8158914728682,225.31395348837208,623.2306201550388
1,455,-0.14397595976510053,0.6,134,4.237726098191215,567.8552971576228,0.25,62,3.2474160206718348,201.33979328165375,366.515503875969,1057.577519379845,201.33979328165375,201.33979328165375,1533.5297157622738,593.0103359173127
1,456,-0.1319595620311186,0.7000000000000001,159,4.241602067183463,674.4147286821706,0.25,46,3.20671834625323,147.50904392764858,526.905684754522,490.1324289405685,147.50904392764858,262.7919896640827,216.96899224806202,674.4147286821706
1,457,-0.01507349682327011,0.6,11,4.270671834625323,46.97739018087855,0.1,11,3.204780361757106,35.252583979328165,11.724806201550386,35.252583979328165,35.86369509043927,35.85658914728682,42.41537467700258,46.97739018087855
1,458,0.11518116228224626,0.6,11,4.2700258397932815,46.9702842377261,0.1,11,3.144702842377261,34.59173126614987,12.378552971576227,34.59173126614987,34.883074935400515,35.08204134366925,46.9702842377261,46.9702842377261
1,459,0.018600397118506556,0.6,11,4.270671834625323,46.97739018087855,0.1,11,3.147932816537468,34.627260981912144,12.350129198966407,34.627260981912144,35.202842377260986,35.47286821705426,46.97739018087855,46.97739018087855
1,460,-0.04035576027485212,0.6,12,4.270671834625323,51.248062015503876,0.1,11,3.1621447028423773,34.78359173126615,16.464470284237727,34.78359173126615,35.35917312661499,38.91472868217054,47.31847545219638,51.248062015503876
1,461,0.08248453554488908,0.6,10,4.2700258397932815,42.700258397932814,0.1,11,3.147932816537468,34.627260981912144,8.07299741602067,34.627260981912144,35.18152454780362,35.41602067183462,42.700258397932814,42.700258397932814
1,462,0.1874248385198389,0.6,10,4.2700258397932815,42.700258397932814,0.1,10,3.144702842377261,31.447028423772608,11.253229974160206,31.447028423772608,31.692506459948323,32.105943152454785,42.700258397932814,42.700258397932814
1,463,-0.12390115118507941,0.6,174,4.252583979328166,739.9496124031008,0.1,47,3.204780361757106,150.62467700258398,589.3249354005168,150.62467700258398,152.93217054263565,272.7829457364341,217.24806201550388,586.8565891472869
1,464,0.2960525373486933,0.6,10,4.244186046511628,42.441860465116285,0.1,10,3.143410852713178,31.43410852713178,11.007751937984505,31.43410852713178,31.55684754521964,31.89922480620155,42.441860465116285,42.441860465116285
1,465,0.1408743966582777,0.6,10,4.2700258397932815,42.700258397932814,0.1,11,3.144702842377261,34.59173126614987,8.108527131782942,34.59173126614987,34.883074935400515,35.22416020671835,42.700258397932814,42.700258397932814
1,466,-0.03895971920946158,0.6,11,4.270671834625323,46.97739018087855,0.1,11,3.1621447028423773,34.78359173126615,12.193798449612402,34.78359173126615,35.35917312661499,35.671834625322994,47.31847545219638,46.97739018087855
1,467,-0.10694924939768605,0.6,195,4.242248062015504,827.2383720930233,0.1,20,3.1621447028423773,63.24289405684755,763.9954780361757,63.24289405684755,321.0594315245478,535.1983204134367,438.11046511627904,781.532945736434
1,468,0.3563443831906312,0.6,10,4.244186046511628,42.441860465116285,0.1,10,3.143410852713178,31.43410852713178,11.007751937984505,31.43410852713178,31.666666666666664,31.89922480620155,39.17312661498708,42.441860465116285
1,469,-0.1319188770080245,0.6,135,4.251291989664082,573.9244186046511,0.25,46,3.20671834625323,147.50904392764858,426.41537467700255,483.8081395348837,147.50904392764858,262.7919896640827,216.96899224806202,674.4147286821706
1,470,-0.1434511006297381,0.6,134,4.237726098191215,567.8552971576228,0.25,64,3.248708010335917,207.9173126614987,359.93798449612405,827.0,207.9173126614987,207.9173126614987,266.7906976744186,593.0103359173127
1,471,0.020142256183340007,0.6,11,4.270671834625323,46.97739018087855,0.1,11,3.147932816537468,34.627260981912144,12.350129198966407,34.627260981912144,35.202842377260986,35.50129198966408,46.97739018087855,46.97739018087855
1,472,0.2980065379286382,0.6,10,4.244186046511628,42.441860465116285,0.1,10,3.143410852713178,31.43410852713178,11.007751937984505,31.43410852713178,31.55684754521964,31.89922480620155,42.441860465116285,42.441860465116285
1,473,-0.05491757101273445,0.6,10000,4.270671834625323,42706.71834625323,0.1,3830,3.1621447028423773,12111.014211886304,30595.704134366923,12111.014211886304,32196.382428940567,31931.52454780362,43003.87596899225,42706.71834625323
1,474,0.026752603594998176,0.6,11,4.270671834625323,46.97739018087855,0.1,11,3.147932816537468,34.627260981912144,12.350129198966407,34.627260981912144,35.195736434108525,35.42312661498708,46.97739018087855,46.97739018087855
1,475,-0.12926839278425983,0.30000000000000004,49,3.20671834625323,157.12919896640827,0.25,49,3.20671834625323,157.12919896640827,0.0,278.2687338501292,157.12919896640827,278.8158914728682,225.31395348837208,585.4302325581396
1,476,-0.06614792510664744,0.4,564,3.2215762273901807,1816.9689922480618,0.1,17,3.1621447028423773,53.75645994832041,1763.2125322997413,53.75645994832041,1758.2235142118864,1816.9689922480618,1857.0329457364342,1849.2009043927646
1,477,-0.04812378529246322,0.6,13,4.270671834625323,55.518733850129195,0.1,12,3.204780361757106,38.457364341085274,17.06136950904392,38.457364341085274,39.12403100775194,39.116279069767444,73.0297157622739,55.518733850129195
1,478,-0.008911323155711276,0.30000000000000004,11,3.2138242894056845,35.35206718346253,0.1,11,3.1621447028423773,34.78359173126615,0.5684754521963811,34.78359173126615,35.35206718346253,35.65762273901809,47.39664082687339,46.97739018087855
1,479,0.3023876798198474,0.7000000000000001,10,4.244186046511628,42.441860465116285,0.1,10,3.143410852713178,31.43410852713178,11.007751937984505,31.43410852713178,31.55684754521964,31.89922480620155,42.441860465116285,42.441860465116285
1,480,-0.025359138520579222,0.9,11,4.2299741602067185,46.5297157622739,0.1,11,3.1621447028423773,34.78359173126615,11.746124031007753,34.78359173126615,35.41602067183462,35.68604651162791,47.304263565891475,46.97739018087855
1,481,0.12845330450093687,0.7000000000000001,10,4.2700258397932815,42.700258397932814,0.1,10,3.144702842377261,31.447028423772608,11.253229974160206,31.447028423772608,31.711886304909562,32.02842377260982,42.700258397932814,42.700258397932814
1,482,0.18966509519027944,0.9,10,4.232558139534884,42.32558139534884,0.1,10,3.144702842377261,31.447028423772608,10.878552971576234,31.447028423772608,31.692506459948323,32.105943152454785,42.700258397932814,42.700258397932814
1,483,-0.019595442751616315,0.6,11,4.270671834625323,46.97739018087855,0.1,11,3.1621447028423773,34.78359173126615,12.193798449612402,34.78359173126615,35.41602067183462,35.68604651162791,47.304263565891475,46.97739018087855
1,484,-0.04853877882085514,0.30000000000000004,16,3.25968992248062,52.15503875968992,0.1,15,3.204780361757106,48.07170542635659,4.083333333333336,48.07170542635659,52.16537467700258,52.15503875968992,103.77906976744185,98.22545219638242
1,485,0.041405403729440626,0.6,11,4.270671834625323,46.97739018087855,0.1,11,3.147932816537468,34.627260981912144,12.350129198966407,34.627260981912144,35.18863049095607,35.41602067183462,46.97739018087855,46.97739018087855
1,486,-0.12589559061328603,0.8,146,4.231266149870801,617.7648578811369,0.25,49,3.210594315245478,157.31912144702844,460.4457364341084,177.08010335917314,157.31912144702844,275.61111111111114,225.31395348837208,582.4270025839793
1,487,-0.14874027372800241,0.4,65,3.251291989664083,211.33397932816538,0.25,65,3.251291989664083,211.33397932816538,0.0,1269.860465116279,211.33397932816538,211.33397932816538,237.61046511627907,640.3843669250647
1,488,-0.11151277435370083,0.30000000000000004,85,3.2073643410852712,272.62596899224803,0.1,24,3.1621447028423773,75.89147286821705,196.73449612403098,75.89147286821705,269.68992248062017,455.078811369509,379.69573643410854,641.4573643410854
1,489,-0.1377268895245193,0.30000000000000004,33,3.20671834625323,105.82170542635659,0.25,33,3.20671834625323,105.82170542635659,0.0,6001.750645994832,105.82170542635659,192.28682170542635,300.1395348837209,661.3875968992247
1,490,-0.10559244527529793,0.30000000000000004,109,3.249354005167959,354.1795865633075,0.1,19,3.204780361757106,60.890826873385016,293.2887596899225,60.890826873385016,348.16472868217056,578.0400516795866,442.56847545219637,794.34496124031
1,491,-0.12707814534317052,0.30000000000000004,50,3.214470284237726,160.7235142118863,0.25,50,3.214470284237726,160.7235142118863,0.0,199.4593023255814,160.7235142118863,282.3617571059432,225.31395348837208,627.4702842377261
1,492,0.07242846831496527,0.7000000000000001,10,4.2700258397932815,42.700258397932814,0.1,11,3.147932816537468,34.627260981912144,8.07299741602067,34.627260981912144,35.18152454780362,35.41602067183462,42.700258397932814,42.700258397932814
1,493,-0.14607930335885003,0.7000000000000001,151,4.2409560723514215,640.3843669250647,0.25,55,3.204780361757106,176.26291989664082,464.12144702842386,1574.7480620155038,176.26291989664082,176.26291989664082,266.7906976744186,640.3843669250647
1,494,-0.13400759814697988,0.30000000000000004,45,3.249354005167959,146.22093023255815,0.25,45,3.25,146.25,-0.029069767441853855,807.6046511627907,146.25,263.0406976744186,233.20284237726096,695.3049095607234
1,495,-0.14916854228580567,0.7000000000000001,153,4.225452196382429,646.4941860465117,0.25,66,3.2474160206718348,214.3294573643411,432.16472868217056,1230.6356589147288,214.3294573643411,214.3294573643411,1396.8785529715763,646.4941860465117
1,496,0.2695437010345295,0.6,10,4.254521963824289,42.54521963824289,0.1,10,3.143410852713178,31.43410852713178,11.11111111111111,31.43410852713178,31.55684754521964,31.89922480620155,42.54521963824289,42.54521963824289
1,497,-0.14671172968205426,0.7000000000000001,152,4.2409560723514215,644.6253229974161,0.25,58,3.251291989664083,188.5749354005168,456.0503875968993,865.8139534883721,188.5749354005168,188.5749354005168,262.6220930232558,644.6253229974161
1,498,-0.14999094265358937,0.6,150,4.262919896640827,639.437984496124,0.25,63,3.204780361757106,201.90116279069767,437.5368217054264,837.9683462532299,201.90116279069767,201.90116279069767,208.43023255813952,646.4941860465117
1,499,-0.12923321834239107,0.6,126,4.248708010335918,535.3372093023256,0.25,51,3.25,165.75,369.5872093023256,298.04457364341084,165.75,292.2674418604651,256.96317829457365,581.187984496124
1,500,-0.13173030533860883,0.6,120,4.25,510.0,0.25,46,3.20671834625323,147.50904392764858,362.4909560723514,436.37596899224803,147.50904392764858,265.9967700258398,216.96899224806202,674.4147286821706
2,1,-0.08288256367774552,0.9,223,4.2299741602067185,943.2842377260982,0.1,17,3.1789405684754524,54.04198966408269,889.2422480620155,54.04198966408269,761.9282945736434,769.8100775193799,4175.4392764857885,965.171834625323
2,2,0.03724795812124834,0.8,10,4.243540051679586,42.435400516795866,0.1,11,3.147932816537468,34.627260981912144,7.808139534883722,34.627260981912144,35.18863049095607,35.41602067183462,42.706718346253226,42.706718346253226
2,3,-0.13470917434939295,0.4,75,3.204780361757106,240.35852713178295,0.25,42,3.20671834625323,134.68217054263567,105.67635658914728,1429.2894056847545,134.68217054263567,240.35852713178295,333.48837209302326,691.0652454780361
2,4,0.27748712739779113,0.5,10,4.244186046511628,42.441860465116285,0.1,10,3.143410852713178,31.43410852713178,11.007751937984505,31.43410852713178,31.55684754521964,31.89922480620155,42.441860465116285,42.441860465116285
2,5,0.23913732668835816,0.30000000000000004,10,3.167312661498708,31.673126614987083,0.1,10,3.143410852713178,31.43410852713178,0.2390180878553032,31.43410852713178,31.55684754521964,31.918604651162788,42.68733850129199,42.68733850129199
2,6,-0.1269873475271287,0.4,91,3.2474160206718348,295.51485788113695,0.25,51,3.253875968992248,165.94767441860466,129.56718346253228,211.515503875969,165.94767441860466,295.51485788113695,272.30426356589146,627.4702842377261
2,7,-0.0901036902040535,0.2,191,3.195736434108527,610.3856589147287,0.1,14,3.1621447028423773,44.270025839793284,566.1156330749353,44.270025839793284,606.8023255813954,964.6388888888889,742.531007751938,901.1117571059431
2,8,0.04202992676341882,0.30000000000000004,11,3.198966408268734,35.18863049095607,0.1,11,3.147932816537468,34.627260981912144,0.5613695090439279,34.627260981912144,35.18863049095607,35.41602067183462,42.706718346253226,42.706718346253226
2,9,-0.13896260488534723,0.5,67,4.1686046511627906,279.29651162790697,0.25,57,3.204780361757106,182.67248062015506,96.62403100775191,3380.3326873385013,182.67248062015506,182.67248062015506,279.29651162790697,648.6686046511627
2,10,-0.11943014673608364,0.7000000000000001,177,4.263565891472868,754.6511627906976,0.1,38,3.204780361757106,121.78165374677003,632.8695090439276,121.78165374677003,185.47093023255815,327.9890180878553,285.85271317829455,754.6511627906976
2,11,-0.12227265601566555,0.30000000000000004,42,3.210594315245478,134.84496124031008,0.25,42,3.210594315245478,134.84496124031008,0.0,139.1343669250646,134.84496124031008,246.76808785529715,196.10658914728683,693.8029715762275
2,12,-0.13807939608623554,0.8,160,4.20671834625323,673.0749354005168,0.25,30,3.20671834625323,96.2015503875969,576.8733850129199,4977.215762273901,96.2015503875969,179.46770025839794,295.97093023255815,657.1479328165374
2,13,-0.07583001360235903,0.7000000000000001,258,4.270671834625323,1101.8333333333333,0.1,14,3.1621447028423773,44.270025839793284,1057.56330749354,44.270025839793284,921.9250645994831,917.0445736434108,1034.9922480620155,1101.8333333333333
2,14,-0.14083099660860726,0.1,541,3.1621447028423773,1710.720284237726,0.25,58,3.204780361757106,185.87726098191214,1524.843023255814,1710.720284237726,185.87726098191214,185.87726098191214,237.61046511627907,618.9909560723514
2,15,0.0762738920266482,0.1,10,3.147932816537468,31.479328165374678,0.1,10,3.147932816537468,31.479328165374678,0.0,31.479328165374678,31.98320413436693,32.19638242894057,42.700258397932814,42.700258397932814
2,16,-0.14825818665324536,0.6,150,4.262919896640827,639.437984496124,0.25,62,3.204780361757106,198.69638242894058,440.74160206718346,1138.3720930232557,198.69638242894058,198.69638242894058,245.94767441860463,640.3843669250647
2,17,0.17875367107184612,0.8,10,4.242248062015504,42.42248062015504,0.1,10,3.144702842377261,31.447028423772608,10.975452196382435,31.447028423772608,31.692506459948323,32.151162790697676,42.700258397932814,42.700258397932814
2,18,-0.06542514598502744,0.30000000000000004,588,3.2260981912144704,1896.9457364341085,0.1,17,3.1621447028423773,53.75645994832041,1843.189276485788,53.75645994832041,1893.719638242894,1952.2751937984494,1985.6957364341085,1973.050387596899
2,19,0.02297975206744357,0.6,11,4.270671834625323,46.97739018087855,0.1,11,3.147932816537468,34.627260981912144,12.350129198966407,34.627260981912144,35.202842377260986,35.49418604651163,46.97739018087855,46.97739018087855
2,20,0.010853302394750991,0.8,11,4.243540051679586,46.67894056847545,0.1,11,3.147932816537468,34.627260981912144,12.051679586563303,34.627260981912144,35.202842377260986,35.451550387596896,46.97739018087855,46.97739018087855
2,21,-0.12177593309818538,0.6,180,4.252583979328166,765.4651162790698,0.25,49,3.257751937984496,159.6298449612403,605.8352713178294,307.968992248062,159.6298449612403,282.8624031007752,183.58914728682169,702.3158914728683
2,22,-0.011832944728532552,0.5,11,4.308785529715762,47.39664082687339,0.1,11,3.1621447028423773,34.78359173126615,12.613049095607238,34.78359173126615,35.35206718346253,35.65762273901809,47.39664082687339,46.97739018087855
2,23,0.016962593205499643,0.8,11,4.243540051679586,46.67894056847545,0.1,11,3.204134366925065,35.24547803617571,11.433462532299735,35.24547803617571,35.68604651162791,35.68604651162791,46.97739018087855,46.97739018087855
2,24,0.06442124847035852,0.5,10,4.2700258397932815,42.700258397932814,0.1,10,3.147932816537468,31.479328165374678,11.220930232558135,31.479328165374678,32.04134366925065,32.19638242894057,42.700258397932814,42.700258397932814
2,25,-0.1012058988434443,0.5,143,4.197028423772609,600.1750645994831,0.1,19,3.1621447028423773,60.08074935400517,540.0943152454779,60.08074935400517,398.1136950904393,650.5704134366925,600.1750645994831,824.2396640826873
2,26,0.409526871258433,0.2,10,3.1531007751937983,31.531007751937985,0.1,10,3.127906976744186,31.279069767441857,0.25193798449612714,31.279069767441857,31.589147286821703,31.705426356589147,42.25452196382429,42.25452196382429
2,27,-0.1495516312410268,0.8,149,4.213824289405685,627.8598191214471,0.25,59,3.2319121447028425,190.68281653746772,437.1770025839794,1239.7868217054265,190.68281653746772,190.68281653746772,220.9360465116279,646.4941860465117
2,28,-0.1426788899111068,0.5,415,3.795865633074935,1575.2842377260981,0.25,51,3.2474160206718348,165.61821705426357,1409.6660206718345,1573.547157622739,165.61821705426357,165.61821705426357,1575.2842377260981,587.8766149870802
2,29,-0.11077508051176961,0.5,93,4.172480620155039,388.0406976744186,0.1,22,3.1621447028423773,69.5671834625323,318.4735142118863,69.5671834625323,276.11111111111114,467.8979328165375,388.0406976744186,662.6976744186047
2,30,0.11118359278518816,0.2,10,3.1724806201550386,31.724806201550386,0.1,10,3.144702842377261,31.447028423772608,0.27777777777777857,31.447028423772608,31.724806201550386,31.892764857881136,42.700258397932814,42.700258397932814
2,31,-0.09284634529237985,0.1,17,3.204780361757106,54.481266149870805,0.1,17,3.204780361757106,54.481266149870805,0.0,54.481266149870805,559.5555555555555,893.0394056847546,3850.0387596899227,884.0290697674418
2,32,-0.08895831785854556,0.2,200,3.195736434108527,639.1472868217054,0.1,14,3.1621447028423773,44.270025839793284,594.8772609819121,44.270025839793284,632.4870801033592,1006.3010335917313,780.2868217054264,909.6531007751937
2,33,0.21150136224422358,0.6,10,4.2700258397932815,42.700258397932814,0.1,10,3.143410852713178,31.43410852713178,11.266149870801033,31.43410852713178,31.55684754521964,31.95736434108527,42.700258397932814,42.700258397932814
2,34,0.12107576004801904,0.6,10,4.2700258397932815,42.700258397932814,0.1,10,3.144702842377261,31.447028423772608,11.253229974160206,31.447028423772608,31.711886304909562,32.03488372093023,42.700258397932814,42.700258397932814
2,35,0.1765729159987228,0.6,10,4.2700258397932815,42.700258397932814,0.1,10,3.144702842377261,31.447028423772608,11.253229974160206,31.447028423772608,31.692506459948323,32.151162790697676,42.700258397932814,42.700258397932814
2,36,0.14025359248833683,0.6,10,4.2700258397932815,42.700258397932814,0.1,11,3.144702842377261,34.59173126614987,8.108527131782942,34.59173126614987,34.883074935400515,35.22416020671835,42.700258397932814,42.700258397932814
2,37,0.04643353368111883,0.1,11,3.147932816537468,34.627260981912144,0.1,11,3.147932816537468,34.627260981912144,0.0,34.627260981912144,35.18863049095607,35.41602067183462,42.706718346253226,42.706718346253226
2,38,0.3998650480009798,0.2,10,3.145348837209302,31.45348837209302,0.1,10,3.1382428940568476,31.382428940568477,0.0710594315245423,31.382428940568477,31.60206718346253,31.718346253229974,42.25452196382429,42.25452196382429
2,39,0.018174782864109923,0.30000000000000004,11,3.2002583979328167,35.202842377260986,0.1,11,3.147932816537468,34.627260981912144,0.5755813953488413,34.627260981912144,35.202842377260986,35.47286821705426,46.97739018087855,46.97739018087855
2,40,-0.14911153425460896,0.30000000000000004,66,3.2474160206718348,214.3294573643411,0.25,66,3.2474160206718348,214.3294573643411,0.0,1240.25,214.3294573643411,214.3294573643411,1404.470284237726,646.4941860465117
2,41,-0.12414910886834715,0.1,46,3.1621447028423773,145.45865633074936,0.25,45,3.210594315245478,144.47674418604652,0.9819121447028465,145.45865633074936,144.47674418604652,259.58720930232556,216.96899224806202,586.8565891472869
2,42,-0.1499158870197231,0.8,149,4.213824289405685,627.8598191214471,0.25,62,3.204780361757106,198.69638242894058,429.16343669250654,850.6169250645995,198.69638242894058,198.69638242894058,212.59883720930233,646.4941860465117
2,43,-0.1075783959276169,0.9,202,4.238372093023256,856.1511627906976,0.1,22,3.204780361757106,70.50516795865633,785.6459948320413,70.50516795865633,322.1337209302326,539.0710594315245,412.04651162790697,839.1589147286821
2,44,-0.108438484256139,0.6,192,4.242248062015504,814.5116279069767,0.1,22,3.1621447028423773,69.5671834625323,744.9444444444445,69.5671834625323,305.0064599483204,509.56007751937983,417.2480620155039,785.8914728682171
2,45,-0.046748041297899876,0.6,19,4.270671834625323,81.14276485788113,0.1,12,3.1621447028423773,37.945736434108525,43.19702842377261,37.945736434108525,45.002583979328165,61.614987080103354,77.43023255813954,81.14276485788113
2,46,0.002452604200491648,0.6,11,4.270671834625323,46.97739018087855,0.1,11,3.147932816537468,34.627260981912144,12.350129198966407,34.627260981912144,35.202842377260986,35.46576227390181,48.36304909560724,46.97739018087855
2,47,0.05849152466502566,0.2,11,3.198966408268734,35.18863049095607,0.1,11,3.147932816537468,34.627260981912144,0.5613695090439279,34.627260981912144,35.18863049095607,35.41602067183462,46.9702842377261,46.9702842377261
2,48,-0.1499348729878258,0.1,272,3.1660206718346253,861.157622739018,0.5,51,4.1686046511627906,212.59883720930233,648.5587855297157,861.157622739018,250.17441860465115,250.17441860465115,212.59883720930233,646.4941860465117
2,49,-0.03532176484335606,0.6,11,4.270671834625323,46.97739018087855,0.1,11,3.1660206718346253,34.826227390180875,12.151162790697676,34.826227390180875,35.3875968992248,35.487080103359176,47.31847545219638,46.97739018087855
2,50,-0.08696870479094304,0.2,202,3.199612403100775,646.3217054263565,0.1,13,3.1621447028423773,41.1078811369509,605.2138242894056,41.1078811369509,639.93669250646,647.8875968992248,684.3262273901809,926.735788113695
2,51,-0.1499999410269009,0.4,82,3.2474160206718348,266.28811369509043,0.25,82,3.2474160206718348,266.28811369509043,0.0,1112.0587855297158,266.28811369509043,266.28811369509043,1378.3682170542636,646.4941860465117
2,52,-0.026252496480585336,0.6,11,4.270671834625323,46.97739018087855,0.1,11,3.1621447028423773,34.78359173126615,12.193798449612402,34.78359173126615,35.35917312661499,35.75710594315245,47.31847545219638,46.97739018087855
2,53,0.09655720600987408,0.2,11,3.197674418604651,35.17441860465116,0.1,11,3.147932816537468,34.627260981912144,0.5471576227390145,34.627260981912144,35.17441860465116,35.41602067183462,46.9702842377261,46.9702842377261
2,54,0.24276735386215229,0.4,10,3.191860465116279,31.918604651162788,0.1,10,3.143410852713178,31.43410852713178,0.4844961240310077,31.43410852713178,31.55684754521964,31.918604651162788,42.68733850129199,42.68733850129199
2,55,-0.14045227646939462,0.1,618,3.1621447028423773,1954.2054263565892,0.25,59,3.204780361757106,189.08204134366926,1765.12338501292,1954.2054263565892,189.08204134366926,189.08204134366926,254.28488372093022,627.4702842377261
2,56,0.340496918935688,0.6,10,4.244186046511628,42.441860465116285,0.1,10,3.200904392764858,32.00904392764858,10.432816537467708,32.00904392764858,32.02196382428941,32.08010335917313,42.441860465116285,42.441860465116285
2,57,-0.1499962008622926,0.6,150,4.262919896640827,639.437984496124,0.25,64,3.204780361757106,205.10594315245478,434.3320413436693,834.8062015503876,205.10594315245478,205.10594315245478,208.43023255813952,646.4941860465117
2,58,0.013060800747227597,0.6,11,4.270671834625323,46.97739018087855,0.1,11,3.147932816537468,34.627260981912144,12.350129198966407,34.627260981912144,35.202842377260986,35.50129198966408,46.97739018087855,46.97739018087855
2,59,0.011854800722277181,0.6,11,4.270671834625323,46.97739018087855,0.1,11,3.147932816537468,34.627260981912144,12.350129198966407,34.627260981912144,35.202842377260986,35.451550387596896,46.97739018087855,46.97739018087855
2,60,0.012810911211111387,0.2,11,3.233204134366925,35.565245478036175,0.1,11,3.204134366925065,35.24547803617571,0.31976744186046346,35.24547803617571,35.68604651162791,35.671834625322994,46.97739018087855,46.97739018087855
2,61,-0.06449699554845968,0.7000000000000001,506,4.270671834625323,2160.9599483204133,0.1,19,3.1621447028423773,60.08074935400517,2100.8791989664082,60.08074935400517,2096.9638242894057,2188.7661498708007,2174.4011627906975,2160.9599483204133
2,62,-0.1414718919983098,0.30000000000000004,55,3.204780361757106,176.26291989664082,0.25,55,3.204780361757106,176.26291989664082,0.0,1350.235788113695,176.26291989664082,176.26291989664082,233.44186046511626,592.1059431524549
2,63,0.2766075255272199,0.6,10,4.244186046511628,42.441860465116285,0.1,10,3.200904392764858,32.00904392764858,10.432816537467708,32.00904392764858,32.02196382428941,32.1124031007752,42.441860465116285,42.441860465116285
2,64,-0.1423476775837351,0.2,59,3.1925064599483206,188.3578811369509,0.25,54,3.204780361757106,173.05813953488374,15.299741602067172,926.5083979328165,173.05813953488374,173.05813953488374,258.45348837209303,587.8766149870802
2,65,-0.14257326181060795,0.6,120,4.231912144702842,507.82945736434107,0.25,56,3.204780361757106,179.46770025839794,328.3617571059431,809.5090439276486,179.46770025839794,179.46770025839794,1575.2842377260981,587.8766149870802
2,66,0.34223534139282574,0.2,10,3.155684754521964,31.55684754521964,0.1,10,3.143410852713178,31.43410852713178,0.12273901808785936,31.43410852713178,31.524547803617573,31.89922480620155,42.441860465116285,42.441860465116285
2,67,0.3859897307563517,0.2,10,3.155684754521964,31.55684754521964,0.1,10,3.143410852713178,31.43410852713178,0.12273901808785936,31.43410852713178,31.647286821705425,31.89922480620155,42.435400516795866,42.435400516795866
2,68,0.1753539904432195,0.6,10,4.2700258397932815,42.700258397932814,0.1,10,3.144702842377261,31.447028423772608,11.253229974160206,31.447028423772608,31.692506459948323,32.151162790697676,42.700258397932814,42.700258397932814
2,69,-0.13850670345958072,0.4,52,3.204780361757106,166.6485788113695,0.25,28,3.20671834625323,89.78811369509044,76.86046511627906,4072.8423772609817,89.78811369509044,166.6485788113695,287.6337209302325,652.90826873385
2,70,-0.1374647237312488,0.2,35,3.1944444444444446,111.80555555555556,0.25,34,3.20671834625323,109.02842377260983,2.7771317829457303,7007.312661498708,109.02842377260983,198.69638242894058,304.3081395348837,665.6272609819121
2,71,-0.14989191334111138,0.2,59,3.1925064599483206,188.3578811369509,0.25,62,3.204780361757106,198.69638242894058,-10.338501291989672,850.6169250645995,198.69638242894058,198.69638242894058,212.59883720930233,646.4941860465117
2,72,0.31202449784229913,0.2,10,3.202196382428941,32.02196382428941,0.1,10,3.197674418604651,31.97674418604651,0.045219638242897986,31.97674418604651,32.02196382428941,32.235142118863045,42.441860465116285,42.441860465116285
2,73,-0.08710999221144505,0.2,201,3.199612403100775,643.1220930232558,0.1,13,3.1621447028423773,41.1078811369509,602.0142118863049,41.1078811369509,636.7209302325581,644.6802325581396,726.3094315245478,926.735788113695
2,74,0.22041476766729504,0.2,10,3.155684754521964,31.55684754521964,0.1,10,3.143410852713178,31.43410852713178,0.12273901808785936,31.43410852713178,31.55684754521964,31.95090439276486,42.68733850129199,42.68733850129199
2,75,-0.14773423677822867,0.2,55,3.235142118863049,177.9328165374677,0.25,57,3.2474160206718348,185.10271317829458,-7.169896640826892,1342.8029715762275,185.10271317829458,185.10271317829458,1431.0413436692506,640.3843669250647
2,76,-0.12616948497165395,0.2,49,3.198966408268734,156.74935400516796,0.25,49,3.210594315245478,157.31912144702844,-0.5697674418604777,167.593669250646,157.31912144702844,278.8158914728682,225.31395348837208,582.4270025839793
2,77,0.3631057136611219,0.2,10,3.155684754521964,31.55684754521964,0.1,10,3.143410852713178,31.43410852713178,0.12273901808785936,31.43410852713178,31.65374677002584,31.89922480620155,42.441860465116285,42.441860465116285
2,78,-0.14725869189702084,0.2,57,3.1925064599483206,181.97286821705427,0.25,59,3.204780361757106,189.08204134366926,-7.109173126614991,1324.938630490956,189.08204134366926,189.08204134366926,258.45348837209303,644.6253229974161
2,79,-0.08486416194961928,0.2,198,3.248708010335917,643.2441860465116,0.1,14,3.204780361757106,44.866925064599485,598.3772609819121,44.866925064599485,719.9631782945736,728.0,3997.5193798449613,943.8184754521964
2,80,0.27194911616905826,0.30000000000000004,10,3.165374677002584,31.65374677002584,0.1,10,3.143410852713178,31.43410852713178,0.2196382428940602,31.43410852713178,31.55684754521964,31.89922480620155,42.54521963824289,42.54521963824289
2,81,-0.055774570953872796,0.2,6436,3.20671834625323,20638.439276485788,0.1,872,3.1621447028423773,2757.390180878553,17881.049095607235,2757.390180878553,19366.124031007752,9585.843669250646,20464.932816537468,18645.753229974158
2,82,0.40104266207493366,0.9,10,4.198966408268734,41.98966408268734,0.1,10,3.1382428940568476,31.382428940568477,10.607235142118864,31.382428940568477,31.60206718346253,31.718346253229974,42.25452196382429,42.25452196382429
2,83,0.3259836422446035,0.6,10,4.244186046511628,42.441860465116285,0.1,10,3.143410852713178,31.43410852713178,11.007751937984505,31.43410852713178,31.524547803617573,31.89922480620155,42.441860465116285,42.441860465116285
2,84,-0.08201335185075048,0.2,220,3.2454780361757107,714.0051679586563,0.1,16,3.1789405684754524,50.86304909560724,663.1421188630491,50.86304909560724,713.7209302325581,712.7260981912145,940.4476744186047,973.7131782945736
2,85,-0.1035151397059247,0.30000000000000004,116,3.20671834625323,371.9793281653747,0.1,19,3.1621447028423773,60.08074935400517,311.89857881136953,60.08074935400517,366.0077519379845,602.4987080103359,484.0077519379845,807.156976744186
2,86,-0.04572419193963728,0.30000000000000004,12,3.25968992248062,39.116279069767444,0.1,12,3.204780361757106,38.457364341085274,0.6589147286821699,38.457364341085274,39.12403100775194,39.116279069767444,69.18604651162791,64.06007751937985
2,87,0.3153820785020731,0.9,10,4.217700258397933,42.17700258397933,0.25,10,3.1421188630490957,31.421188630490956,10.755813953488374,31.43410852713178,31.421188630490956,31.89922480620155,42.441860465116285,42.441860465116285
2,88,0.11108740499160921,0.6,10,4.2700258397932815,42.700258397932814,0.1,10,3.144702842377261,31.447028423772608,11.253229974160206,31.447028423772608,31.724806201550386,31.892764857881136,42.700258397932814,42.700258397932814
2,89,-0.04822554253032585,0.9,23,4.2299741602067185,97.28940568475453,0.1,13,3.1621447028423773,41.1078811369509,56.181524547803626,41.1078811369509,51.43152454780362,74.58656330749353,90.33527131782945,93.9547803617571
2,90,-0.1474514961122379,0.6,150,4.262919896640827,639.437984496124,0.25,60,3.204780361757106,192.28682170542635,447.1511627906977,1283.830749354005,192.28682170542635,192.28682170542635,254.28488372093022,640.3843669250647
2,91,-0.11745926498283013,0.4,111,3.204780361757106,355.73062015503876,0.1,33,3.1621447028423773,104.35077519379846,251.3798449612403,104.35077519379846,205.4780361757106,355.73062015503876,250.3488372093023,788.7596899224806
2,92,-0.13082789972276695,0.6,121,4.25,514.25,0.25,48,3.20671834625323,153.92248062015506,360.32751937984494,363.6466408268734,153.92248062015506,269.2015503875969,221.14147286821705,691.0652454780361
2,93,-0.14966562827982074,0.8,149,4.213824289405685,627.8598191214471,0.25,56,3.204780361757106,179.46770025839794,448.3921188630492,894.8869509043927,179.46770025839794,179.46770025839794,220.9360465116279,646.4941860465117
2,94,-0.1499924893951576,0.30000000000000004,63,3.204780361757106,201.90116279069767,0.25,63,3.204780361757106,201.90116279069767,0.0,834.8062015503876,201.90116279069767,201.90116279069767,208.43023255813952,646.4941860465117
2,95,-0.13918482235393717,0.30000000000000004,56,3.2474160206718348,181.85529715762274,0.25,56,3.2474160206718348,181.85529715762274,0.0,4329.6582687338505,181.85529715762274,181.85529715762274,324.79005167958655,644.4289405684754
2,96,-0.06386844152426058,0.8,534,4.243540051679586,2266.050387596899,0.1,18,3.1621447028423773,56.91860465116279,2209.131782945736,56.91860465116279,2267.9470284237727,2359.612403100775,2333.0852713178297,2314.704134366925
2,97,-0.14988084800197682,0.6,150,4.262919896640827,639.437984496124,0.25,61,3.204780361757106,195.49160206718346,443.9463824289406,853.7790697674419,195.49160206718346,195.49160206718346,212.59883720930233,646.4941860465117
2,98,-0.06509901475663481,0.5,440,3.852067183462532,1694.9095607235142,0.1,24,3.204780361757106,76.91472868217055,1617.9948320413437,76.91472868217055,2147.7906976744184,2077.656976744186,1694.9095607235142,2037.1104651162789
2,99,-0.08534755171844427,0.30000000000000004,216,3.210594315245478,693.4883720930233,0.1,12,3.1621447028423773,37.945736434108525,655.5426356589147,37.945736434108525,688.173126614987,692.7906976744185,553.922480620155,939.547803617571
2,100,-0.12444813687286362,0.2,48,3.2416020671834627,155.5968992248062,0.25,48,3.253875968992248,156.18604651162792,-0.5891472868217136,163.44379844961242,156.18604651162792,279.27777777777777,213.43669250645993,586.8565891472869
2,101,0.11861411285023468,0.1,10,3.144702842377261,31.447028423772608,0.1,10,3.144702842377261,31.447028423772608,0.0,31.447028423772608,31.711886304909562,32.03488372093023,42.700258397932814,42.700258397932814
2,102,-0.0990938828609132,0.30000000000000004,136,3.20671834625323,436.1136950904393,0.1,18,3.1621447028423773,56.91860465116279,379.1950904392765,56.91860465116279,430.21963824289406,698.6421188630491,641.9476744186046,837.0516795865633
2,103,-0.05700856478815669,0.2,3140,3.20671834625323,10069.095607235142,0.1,283,3.1621447028423773,894.8869509043927,9174.20865633075,894.8869509043927,9459.29715762274,5533.333333333333,10124.89211886305,9147.77906976744
2,104,0.06482653572110392,0.9,11,4.231266149870801,46.54392764857881,0.1,11,3.147932816537468,34.627260981912144,11.916666666666664,34.627260981912144,35.24547803617571,35.41602067183462,46.9702842377261,46.9702842377261
2,105,-0.14927856123551522,0.6,150,4.262919896640827,639.437984496124,0.25,58,3.204780361757106,185.87726098191214,453.5607235142119,958.1298449612403,185.87726098191214,185.87726098191214,229.27325581395348,646.4941860465117
2,106,0.27526632209942425,0.6,10,4.254521963824289,42.54521963824289,0.1,10,3.143410852713178,31.43410852713178,11.11111111111111,31.43410852713178,31.55684754521964,31.89922480620155,42.54521963824289,42.54521963824289
2,107,-0.14998834333352926,0.4,72,3.248708010335917,233.90697674418604,0.5,50,4.1686046511627906,208.43023255813952,25.476744186046517,804.562015503876,233.90697674418604,233.90697674418604,208.43023255813952,646.4941860465117
2,108,0.2531306342165508,0.4,10,3.191860465116279,31.918604651162788,0.1,10,3.143410852713178,31.43410852713178,0.4844961240310077,31.43410852713178,31.55684754521964,31.918604651162788,42.571059431524546,42.571059431524546
2,109,-0.13899710915534877,0.1,1052,3.1621447028423773,3326.576227390181,0.25,57,3.204780361757106,182.67248062015506,3143.903746770026,3326.576227390181,182.67248062015506,182.67248062015506,279.29651162790697,648.6686046511627
2,110,-0.09632203809229392,0.9,252,4.238372093023256,1068.0697674418604,0.1,16,3.1621447028423773,50.594315245478036,1017.4754521963824,50.594315245478036,478.37855297157626,769.1472868217054,713.0555555555555,858.4050387596899
2,111,-0.06911961981326085,0.4,431,3.2655038759689923,1407.4321705426357,0.1,22,3.20671834625323,70.54780361757106,1336.8843669250646,70.54780361757106,1330.9005167958655,1407.4321705426357,1479.6220930232557,1486.1937984496124
2,112,-0.01826780207161008,0.9,11,4.2299741602067185,46.5297157622739,0.1,11,3.204780361757106,35.252583979328165,11.277131782945737,35.252583979328165,35.86369509043927,35.85658914728682,42.41537467700258,46.97739018087855
2,113,0.40742617573332907,0.30000000000000004,10,3.202196382428941,32.02196382428941,0.1,10,3.2002583979328167,32.002583979328165,0.01937984496124301,32.002583979328165,32.02196382428941,32.22222222222222,42.25452196382429,42.25452196382429
2,114,-0.02804859256973427,0.9,11,4.2299741602067185,46.5297157622739,0.1,11,3.1621447028423773,34.78359173126615,11.746124031007753,34.78359173126615,35.35917312661499,35.75710594315245,42.41537467700258,46.97739018087855
2,115,-0.14975675587093015,0.9,155,4.1866925064599485,648.9373385012921,0.25,55,3.2319121447028425,177.75516795865633,471.18217054263573,1211.1763565891474,177.75516795865633,177.75516795865633,216.7674418604651,646.4941860465117
2,116,0.376849788475771,0.9,10,4.217054263565892,42.17054263565892,0.1,10,3.143410852713178,31.43410852713178,10.736434108527138,31.43410852713178,31.65374677002584,31.89922480620155,42.435400516795866,42.435400516795866
2,117,-0.004485255055533821,0.30000000000000004,11,3.24031007751938,35.64341085271318,0.1,11,3.189922480620155,35.08914728682171,0.5542635658914747,35.08914728682171,35.64341085271318,35.64341085271318,42.571705426356594,46.97739018087855
2,118,0.1298994418558714,0.4,11,3.202842377260982,35.231266149870805,0.1,11,3.144702842377261,34.59173126614987,0.639534883720934,34.59173126614987,34.883074935400515,35.231266149870805,46.9702842377261,46.9702842377261
2,119,-0.13201192125880012,0.30000000000000004,46,3.20671834625323,147.50904392764858,0.25,46,3.20671834625323,147.50904392764858,0.0,439.53811369509043,147.50904392764858,262.7919896640827,216.96899224806202,674.4147286821706
2,120,0.20763608905311823,0.30000000000000004,10,3.152454780361757,31.524547803617573,0.1,10,3.143410852713178,31.43410852713178,0.09043927648579242,31.43410852713178,31.55684754521964,31.95736434108527,42.700258397932814,42.700258397932814
2,121,0.06746237928839094,0.6,10,4.2700258397932815,42.700258397932814,0.1,11,3.147932816537468,34.627260981912144,8.07299741602067,34.627260981912144,35.24547803617571,35.41602067183462,42.700258397932814,42.700258397932814
2,122,-0.13666499044899325,0.4,67,3.204780361757106,214.7202842377261,0.25,37,3.20671834625323,118.64857881136952,96.07170542635659,13217.764857881137,118.64857881136952,214.7202842377261,312.64534883720927,674.1065891472867
2,123,0.01792129655691485,0.9,11,4.2299741602067185,46.5297157622739,0.1,11,3.147932816537468,34.627260981912144,11.902454780361758,34.627260981912144,35.202842377260986,35.47286821705426,46.97739018087855,46.97739018087855
2,124,-0.14361859892940412,0.9,154,4.2009043927648575,646.939276485788,0.25,60,3.204780361757106,192.28682170542635,454.65245478036167,755.7525839793282,192.28682170542635,192.28682170542635,266.7906976744186,593.0103359173127
2,125,-0.14642442239243506,0.30000000000000004,71,3.2474160206718348,230.56653746770027,0.25,71,3.2474160206718348,230.56653746770027,0.0,910.157622739018,230.56653746770027,230.56653746770027,1472.7958656330748,644.6253229974161
2,126,0.22639589740052415,0.30000000000000004,10,3.152454780361757,31.524547803617573,0.1,10,3.143410852713178,31.43410852713178,0.09043927648579242,31.43410852713178,31.55684754521964,31.918604651162788,42.68733850129199,42.68733850129199
2,127,-0.129602695468933,0.30000000000000004,48,3.20671834625323,153.92248062015506,0.25,48,3.20671834625323,153.92248062015506,0.0,294.07945736434107,153.92248062015506,275.61111111111114,225.31395348837208,581.187984496124
2,128,0.024544331727972768,0.30000000000000004,11,3.2002583979328167,35.202842377260986,0.1,11,3.147932816537468,34.627260981912144,0.5755813953488413,34.627260981912144,35.202842377260986,35.43023255813954,46.97739018087855,46.97739018087855
2,129,0.08348698686874964,0.30000000000000004,11,3.1983204134366927,35.18152454780362,0.1,11,3.147932816537468,34.627260981912144,0.5542635658914747,34.627260981912144,35.18152454780362,35.41602067183462,46.9702842377261,46.9702842377261
2,130,0.058595645417300835,0.30000000000000004,11,3.202842377260982,35.231266149870805,0.1,11,3.147932816537468,34.627260981912144,0.6040051679586611,34.627260981912144,35.18863049095607,35.41602067183462,46.9702842377261,46.9702842377261
2,131,0.3391289826909407,0.4,10,3.189922480620155,31.89922480620155,0.1,10,3.143410852713178,31.43410852713178,0.46511627906976827,31.43410852713178,31.524547803617573,31.89922480620155,42.441860465116285,42.441860465116285
2,132,0.3345896059329905,0.4,10,3.189922480620155,31.89922480620155,0.1,10,3.143410852713178,31.43410852713178,0.46511627906976827,31.43410852713178,31.524547803617573,31.89922480620155,42.441860465116285,42.441860465116285
2,133,-0.1497920966401841,0.4,60,3.204780361757106,192.28682170542635,0.25,60,3.204780361757106,192.28682170542635,0.0,869.5897932816538,192.28682170542635,192.28682170542635,216.7674418604651,646.4941860465117
2,134,-0.1389601314137168,0.4,50,3.2474160206718348,162.37080103359173,0.25,50,3.2474160206718348,162.37080103359173,0.0,4695.003229974161,162.37080103359173,162.37080103359173,324.79005167958655,648.6686046511627
2,135,0.23595932032126019,0.4,10,3.191860465116279,31.918604651162788,0.1,10,3.143410852713178,31.43410852713178,0.4844961240310077,31.43410852713178,31.55684754521964,31.918604651162788,42.68733850129199,42.68733850129199
2,136,0.22828519006841771,0.4,10,3.2112403100775193,32.1124031007752,0.1,10,3.197674418604651,31.97674418604651,0.13565891472868685,31.97674418604651,31.996124031007753,32.1124031007752,42.68733850129199,42.68733850129199
2,137,0.08228870353285411,0.4,11,3.242248062015504,35.66472868217054,0.1,11,3.204134366925065,35.24547803617571,0.4192506459948291,35.24547803617571,35.66472868217054,35.66472868217054,46.9702842377261,46.9702842377261
2,138,-0.14746589351641717,0.4,60,3.204780361757106,192.28682170542635,0.25,60,3.204780361757106,192.28682170542635,0.0,1286.9928940568475,192.28682170542635,192.28682170542635,254.28488372093022,640.3843669250647
2,139,0.0744637464577291,0.4,11,3.2196382428940566,35.41602067183462,0.1,11,3.147932816537468,34.627260981912144,0.7887596899224789,34.627260981912144,35.18152454780362,35.41602067183462,46.9702842377261,46.9702842377261
2,140,0.12008788128496842,0.4,10,3.203488372093023,32.03488372093023,0.1,10,3.144702842377261,31.447028423772608,0.5878552971576241,31.447028423772608,31.711886304909562,32.03488372093023,42.700258397932814,42.700258397932814
2,141,-0.01718733067454911,0.6,11,4.270671834625323,46.97739018087855,0.1,11,3.208010335917313,35.288113695090445,11.689276485788106,35.288113695090445,35.906330749354005,35.89922480620155,47.304263565891475,46.97739018087855
2,142,-0.05675057347142247,0.6,2409,4.270671834625323,10288.048449612403,0.1,191,3.1621447028423773,603.969638242894,9684.078811369509,603.969638242894,10657.002583979327,6179.961240310077,11372.753875968994,10288.048449612403
2,143,-0.09851655345046835,0.6,200,4.260981912144703,852.1963824289406,0.1,15,3.1621447028423773,47.43217054263566,804.764211886305,47.43217054263566,439.8514211886305,714.6660206718346,654.5348837209302,845.5930232558139
2,144,-0.0815987936395811,0.4,245,3.212532299741602,787.0704134366925,0.1,13,3.1621447028423773,41.1078811369509,745.9625322997416,41.1078811369509,778.6834625322997,787.0704134366925,1198.6821705426357,977.9838501291989
2,145,-0.14737215339937557,0.30000000000000004,61,3.2474160206718348,198.09237726098192,0.25,61,3.2474160206718348,198.09237726098192,0.0,1227.4308785529715,198.09237726098192,198.09237726098192,1438.6330749354004,640.3843669250647
2,146,0.3037811521699867,0.30000000000000004,10,3.199612403100775,31.996124031007753,0.1,10,3.1983204134366927,31.98320413436693,0.012919896640823936,31.98320413436693,31.996124031007753,32.093023255813954,42.441860465116285,42.441860465116285
2,147,0.15638257252027735,0.30000000000000004,10,3.169250645994832,31.692506459948323,0.1,10,3.144702842377261,31.447028423772608,0.24547803617571518,31.447028423772608,31.692506459948323,31.996124031007753,42.700258397932814,42.700258397932814
2,148,0.26912730150482367,0.30000000000000004,10,3.202196382428941,32.02196382428941,0.1,10,3.197674418604651,31.97674418604651,0.045219638242897986,31.97674418604651,32.02196382428941,32.12532299741602,42.54521963824289,42.54521963824289
2,149,-0.13522436084878092,0.30000000000000004,41,3.20671834625323,131.47545219638243,0.25,41,3.20671834625323,131.47545219638243,0.0,2890.200258397933,131.47545219638243,233.94896640826875,329.31976744186045,686.8255813953488
2,150,-0.1307420558634866,0.30000000000000004,48,3.20671834625323,153.92248062015506,0.25,48,3.20671834625323,153.92248062015506,0.0,313.05232558139534,153.92248062015506,272.406330749354,221.14147286821705,695.3049095607234
2,151,-0.1499366991724343,0.30000000000000004,65,3.251291989664083,211.33397932816538,0.25,65,3.251291989664083,211.33397932816538,0.0,1077.4573643410854,211.33397932816538,211.33397932816538,212.59883720930233,646.4941860465117
2,152,-0.12090573545632531,0.30000000000000004,52,3.2073643410852712,166.7829457364341,0.1,37,3.1621447028423773,116.99935400516796,49.78359173126614,116.99935400516796,163.74031007751938,291.63501291989667,162.72674418604652,719.34173126615
2,153,0.022587930300235315,0.30000000000000004,11,3.2002583979328167,35.202842377260986,0.1,11,3.147932816537468,34.627260981912144,0.5755813953488413,34.627260981912144,35.202842377260986,35.49418604651163,46.97739018087855,46.97739018087855
2,154,-0.14692579683772652,0.30000000000000004,57,3.204780361757106,182.67248062015506,0.25,57,3.204780361757106,182.67248062015506,0.0,1388.1815245478035,182.67248062015506,182.67248062015506,258.45348837209303,640.3843669250647
2,155,-0.14094811021063922,0.30000000000000004,57,3.204780361757106,182.67248062015506,0.25,57,3.204780361757106,182.67248062015506,0.0,1641.1531007751937,182.67248062015506,182.67248062015506,229.27325581395348,618.9909560723514
2,156,-0.12280787932688543,0.30000000000000004,52,3.2338501291989665,168.16020671834627,0.25,51,3.238372093023256,165.15697674418604,3.0032299741602344,206.6311369509044,165.15697674418604,290.87209302325584,228.68217054263565,506.2112403100775
2,157,-0.10052972714831426,0.30000000000000004,129,3.20671834625323,413.6666666666667,0.1,18,3.1621447028423773,56.91860465116279,356.7480620155039,56.91860465116279,407.7454780361757,666.594315245478,612.766149870801,828.5103359173127
2,158,-0.13592307507268003,0.30000000000000004,39,3.20671834625323,125.06201550387597,0.25,39,3.20671834625323,125.06201550387597,0.0,31621.447028423772,125.06201550387597,224.33462532299743,355.3585271317829,678.1395348837209
2,159,-0.09614120122590009,0.30000000000000004,239,3.251291989664083,777.0587855297158,0.1,20,3.20671834625323,64.1343669250646,712.9244186046512,64.1343669250646,482.05167958656335,777.0587855297158,717.25,862.6757105943152
2,160,0.20656192830655498,0.30000000000000004,10,3.152454780361757,31.524547803617573,0.1,10,3.143410852713178,31.43410852713178,0.09043927648579242,31.43410852713178,31.55684754521964,31.95736434108527,42.700258397932814,42.700258397932814
2,161,-0.13845329309948276,0.30000000000000004,27,3.20671834625323,86.5813953488372,0.25,27,3.20671834625323,86.5813953488372,0.0,4174.031007751938,86.5813953488372,160.2390180878553,287.6337209302325,657.1479328165374
2,162,0.3531250159803514,0.30000000000000004,10,3.1770025839793283,31.770025839793284,0.1,10,3.143410852713178,31.43410852713178,0.33591731266150404,31.43410852713178,31.666666666666664,31.89922480620155,42.441860465116285,42.441860465116285
2,163,-0.0018210043642201135,0.30000000000000004,11,3.2002583979328167,35.202842377260986,0.1,11,3.147932816537468,34.627260981912144,0.5755813953488413,34.627260981912144,35.202842377260986,35.46576227390181,47.68087855297158,46.97739018087855
2,164,-0.13597056694077492,0.30000000000000004,39,3.20671834625323,125.06201550387597,0.25,39,3.20671834625323,125.06201550387597,0.0,31621.447028423772,125.06201550387597,224.33462532299743,320.9825581395349,678.1395348837209
2,165,0.007202259088566615,0.30000000000000004,11,3.2002583979328167,35.202842377260986,0.1,11,3.147932816537468,34.627260981912144,0.5755813953488413,34.627260981912144,35.202842377260986,35.46576227390181,46.97739018087855,46.97739018087855
2,166,-0.1418329680274757,0.30000000000000004,59,3.248708010335917,191.6737726098191,0.25,59,3.248708010335917,191.6737726098191,0.0,1503.34496124031,191.6737726098191,191.6737726098191,250.11627906976744,587.8766149870802
2,167,-0.14474002077251413,0.30000000000000004,63,3.2319121447028425,203.61046511627907,0.25,63,3.2319121447028425,203.61046511627907,0.0,607.1776485788114,203.61046511627907,203.61046511627907,1506.9586563307494,640.5794573643411
2,168,-0.14993076557957635,0.30000000000000004,63,3.204780361757106,201.90116279069767,0.25,63,3.204780361757106,201.90116279069767,0.0,847.4547803617571,201.90116279069767,201.90116279069767,212.59883720930233,646.4941860465117
2,169,-0.046972555328080506,0.30000000000000004,12,3.2196382428940566,38.63565891472868,0.1,12,3.1621447028423773,37.945736434108525,0.6899224806201545,37.945736434108525,41.78811369509044,61.614987080103354,73.12855297157623,76.87209302325581
2,170,-0.14542566195020568,0.30000000000000004,63,3.251291989664083,204.83139534883722,0.25,63,3.251291989664083,204.83139534883722,0.0,497.2416020671835,204.83139534883722,204.83139534883722,266.7906976744186,640.3843669250647
2,171,-0.14527540770231373,0.30000000000000004,59,3.204780361757106,189.08204134366926,0.25,59,3.204780361757106,189.08204134366926,0.0,1476.7215762273902,189.08204134366926,189.08204134366926,266.7906976744186,640.3843669250647
2,172,-0.14950340427017111,0.30000000000000004,48,3.204780361757106,153.8294573643411,0.25,48,3.204780361757106,153.8294573643411,0.0,917.0219638242894,153.8294573643411,153.8294573643411,225.1046511627907,646.4941860465117
2,173,-0.13512357130113595,0.30000000000000004,41,3.20671834625323,131.47545219638243,0.25,41,3.20671834625323,131.47545219638243,0.0,2517.0671834625323,131.47545219638243,233.94896640826875,329.31976744186045,686.8255813953488
2,174,-0.01542425955415655,0.30000000000000004,11,3.2196382428940566,35.41602067183462,0.1,11,3.1621447028423773,34.78359173126615,0.6324289405684738,34.78359173126615,35.41602067183462,35.65762273901809,47.39664082687339,46.97739018087855
2,175,-0.0071758653186495824,0.30000000000000004,11,3.2138242894056845,35.35206718346253,0.1,11,3.1621447028423773,34.78359173126615,0.5684754521963811,34.78359173126615,35.35206718346253,35.65762273901809,47.36821705426356,46.97739018087855
2,176,0.05971065727744265,0.30000000000000004,11,3.202842377260982,35.231266149870805,0.1,11,3.147932816537468,34.627260981912144,0.6040051679586611,34.627260981912144,35.18863049095607,35.41602067183462,46.9702842377261,46.9702842377261
2,177,-0.09355335230200393,0.30000000000000004,263,3.2319121447028425,849.9928940568476,0.1,15,3.1789405684754524,47.684108527131784,802.3087855297158,47.684108527131784,527.749354005168,849.9928940568476,3774.5478036175714,879.7583979328165
2,178,0.0606090397554582,0.30000000000000004,11,3.2235142118863047,35.45865633074935,0.1,11,3.1750645994832043,34.92571059431525,0.532945736434101,34.92571059431525,35.45865633074935,35.55103359173127,46.9702842377261,46.9702842377261
2,179,0.12611949599851616,0.30000000000000004,11,3.1711886304909562,34.883074935400515,0.1,11,3.144702842377261,34.59173126614987,0.2913436692506437,34.59173126614987,34.883074935400515,35.231266149870805,46.9702842377261,46.9702842377261
2,180,0.15194807868652319,0.30000000000000004,11,3.169250645994832,34.861757105943155,0.1,11,3.144702842377261,34.59173126614987,0.2700258397932842,34.59173126614987,34.861757105943155,35.202842377260986,46.9702842377261,46.9702842377261
2,181,-0.0374186214494036,0.30000000000000004,11,3.2196382428940566,35.41602067183462,0.1,11,3.1621447028423773,34.78359173126615,0.6324289405684738,34.78359173126615,35.35917312661499,35.671834625322994,47.31847545219638,46.97739018087855
2,182,-0.14857469695979902,0.30000000000000004,62,3.204780361757106,198.69638242894058,0.25,62,3.204780361757106,198.69638242894058,0.0,1078.2913436692506,198.69638242894058,198.69638242894058,241.77906976744185,640.3843669250647
2,183,-0.14752699706163214,0.30000000000000004,75,3.2474160206718348,243.5562015503876,0.25,75,3.2474160206718348,243.5562015503876,0.0,1259.4786821705427,243.5562015503876,243.5562015503876,1431.0413436692506,640.3843669250647
2,184,-0.08458525857635908,0.30000000000000004,222,3.253875968992248,722.3604651162791,0.1,16,3.20671834625323,51.30749354005168,671.0529715762274,51.30749354005168,714.296511627907,722.3604651162791,774.657622739018,948.0891472868217
2,185,-0.03802607210914859,0.30000000000000004,11,3.2196382428940566,35.41602067183462,0.1,11,3.1621447028423773,34.78359173126615,0.6324289405684738,34.78359173126615,35.35917312661499,35.671834625322994,47.31847545219638,46.97739018087855
2,186,0.19886385526688447,0.30000000000000004,10,3.155684754521964,31.55684754521964,0.1,10,3.143410852713178,31.43410852713178,0.12273901808785936,31.43410852713178,31.55684754521964,31.95736434108527,42.700258397932814,42.700258397932814
2,187,0.3411493622033209,0.30000000000000004,10,3.1770025839793283,31.770025839793284,0.1,10,3.143410852713178,31.43410852713178,0.33591731266150404,31.43410852713178,31.524547803617573,31.89922480620155,42.441860465116285,42.441860465116285
2,188,-0.14557101443848805,0.30000000000000004,58,3.204780361757106,185.87726098191214,0.25,58,3.204780361757106,185.87726098191214,0.0,1606.3695090439276,185.87726098191214,185.87726098191214,266.7906976744186,640.3843669250647
2,189,-0.11002632958565545,0.30000000000000004,90,3.2525839793281652,292.7325581395349,0.1,24,3.204780361757106,76.91472868217055,215.81782945736433,76.91472868217055,292.8488372093023,493.6072351421189,381.52454780361757,675.8527131782946
2,190,-0.07863414464306148,0.30000000000000004,241,3.2151162790697674,774.8430232558139,0.1,12,3.1621447028423773,37.945736434108525,736.8972868217054,37.945736434108525,776.2441860465116,774.8430232558139,1069.3488372093022,1029.2319121447028
2,191,-0.12364159020149458,0.30000000000000004,46,3.2525839793281652,149.6188630490956,0.1,43,3.204780361757106,137.80555555555557,11.813307493540037,137.80555555555557,149.6782945736434,266.28811369509043,221.0594315245478,510.4651162790698
2,192,-0.02730808837082674,0.30000000000000004,11,3.25968992248062,35.85658914728682,0.1,11,3.204780361757106,35.252583979328165,0.604005167958654,35.252583979328165,35.86369509043927,35.85658914728682,42.41537467700258,46.97739018087855
2,193,0.1590092837095289,0.30000000000000004,10,3.169250645994832,31.692506459948323,0.1,10,3.144702842377261,31.447028423772608,0.24547803617571518,31.447028423772608,31.692506459948323,32.03488372093023,42.700258397932814,42.700258397932814
2,194,0.3385495047961178,0.30000000000000004,10,3.1770025839793283,31.770025839793284,0.1,10,3.143410852713178,31.43410852713178,0.33591731266150404,31.43410852713178,31.524547803617573,31.89922480620155,42.441860465116285,42.441860465116285
2,195,-0.10818892433114834,0.4,160,3.204780361757106,512.764857881137,0.1,19,3.1621447028423773,60.08074935400517,452.68410852713185,60.08074935400517,308.2170542635659,512.764857881137,421.4205426356589,790.139534883721
2,196,-0.03950107851704052,0.30000000000000004,11,3.2196382428940566,35.41602067183462,0.1,11,3.1621447028423773,34.78359173126615,0.6324289405684738,34.78359173126615,35.35917312661499,38.91472868217054,47.31847545219638,51.248062015503876
2,197,-0.1499772994200912,0.30000000000000004,63,3.204780361757106,201.90116279069767,0.25,63,3.204780361757106,201.90116279069767,0.0,837.9683462532299,201.90116279069767,201.90116279069767,208.43023255813952,646.4941860465117
2,198,-0.14766334758001334,0.4,61,3.204780361757106,195.49160206718346,0.25,61,3.204780361757106,195.49160206718346,0.0,1245.8850129198966,195.49160206718346,195.49160206718346,254.28488372093022,640.3843669250647
2,199,0.08168961100331737,0.4,11,3.2196382428940566,35.41602067183462,0.1,11,3.147932816537468,34.627260981912144,0.7887596899224789,34.627260981912144,35.18152454780362,35.41602067183462,46.9702842377261,46.9702842377261
2,200,0.14734171497224127,0.4,10,3.200904392764858,32.00904392764858,0.1,10,3.144702842377261,31.447028423772608,0.5620155038759691,31.447028423772608,31.692506459948323,32.00904392764858,42.700258397932814,42.700258397932814
2,201,-0.14708216033817562,0.4,58,3.204780361757106,185.87726098191214,0.25,58,3.204780361757106,185.87726098191214,0.0,1359.7222222222222,185.87726098191214,185.87726098191214,258.45348837209303,640.3843669250647
2,202,-0.14234554077497663,0.4,54,3.204780361757106,173.05813953488374,0.25,54,3.204780361757106,173.05813953488374,0.0,923.3462532299742,173.05813953488374,173.05813953488374,258.45348837209303,587.8766149870802
2,203,0.04585413318799314,0.4,11,3.2196382428940566,35.41602067183462,0.1,11,3.147932816537468,34.627260981912144,0.7887596899224789,34.627260981912144,35.18863049095607,35.41602067183462,46.97739018087855,46.97739018087855
2,204,-0.02025046085119167,0.4,11,3.244186046511628,35.68604651162791,0.1,11,3.1621447028423773,34.78359173126615,0.902454780361758,34.78359173126615,35.41602067183462,35.68604651162791,47.304263565891475,46.97739018087855
2,205,-0.03823518080876327,0.4,11,3.242894056847545,35.671834625322994,0.1,11,3.1621447028423773,34.78359173126615,0.8882428940568445,34.78359173126615,35.35917312661499,35.671834625322994,47.31847545219638,46.97739018087855
2,206,0.19779528547188094,0.4,10,3.195736434108527,31.95736434108527,0.1,10,3.143410852713178,31.43410852713178,0.5232558139534902,31.43410852713178,31.55684754521964,31.95736434108527,42.700258397932814,42.700258397932814
2,207,-0.0548260239926921,0.4,10000,3.193152454780362,31931.52454780362,0.1,5234,3.1621447028423773,16550.665374677003,15380.859173126617,16550.665374677003,32196.382428940567,31931.52454780362,43003.87596899225,42706.71834625323
2,208,-0.1363651544708937,0.4,68,3.204780361757106,217.92506459948322,0.25,38,3.20671834625323,121.85529715762274,96.06976744186048,19070.894702842375,121.85529715762274,217.92506459948322,316.8139534883721,674.1065891472867
2,209,-0.1481233344081852,0.2,60,3.1925064599483206,191.55038759689924,0.25,62,3.204780361757106,198.69638242894058,-7.145994832041339,1160.5071059431525,198.69638242894058,198.69638242894058,245.94767441860463,640.3843669250647
2,210,-0.14825645728112954,0.30000000000000004,62,3.204780361757106,198.69638242894058,0.25,62,3.204780361757106,198.69638242894058,0.0,1138.3720930232557,198.69638242894058,198.69638242894058,245.94767441860463,640.3843669250647
2,211,0.44432836765339434,0.30000000000000004,10,3.15374677002584,31.5374677002584,0.1,10,3.122093023255814,31.220930232558143,0.3165374677002575,31.220930232558143,31.5374677002584,31.5374677002584,42.12532299741602,42.12532299741602
2,212,0.2017473914306995,0.4,10,3.195736434108527,31.95736434108527,0.1,10,3.143410852713178,31.43410852713178,0.5232558139534902,31.43410852713178,31.55684754521964,31.95736434108527,42.700258397932814,42.700258397932814
2,213,-0.11986887691379437,0.6,185,4.251937984496124,786.6085271317829,0.1,38,3.1621447028423773,120.16149870801034,666.4470284237726,120.16149870801034,176.5826873385013,314.06847545219637,204.45155038759688,746.1240310077519
2,214,-0.0769528966080558,0.30000000000000004,267,3.2177002583979326,859.125968992248,0.1,13,3.1621447028423773,41.1078811369509,818.018087855297,41.1078811369509,863.9018087855296,859.125968992248,1052.1705426356589,1067.6679586563307
2,215,0.22954689255856572,0.6,10,4.268733850129199,42.68733850129199,0.1,10,3.143410852713178,31.43410852713178,11.25322997416021,31.43410852713178,31.55684754521964,31.918604651162788,42.68733850129199,42.68733850129199
2,216,0.13991213997877092,0.30000000000000004,10,3.1711886304909562,31.711886304909562,0.1,10,3.144702842377261,31.447028423772608,0.26485788113695463,31.447028423772608,31.711886304909562,32.02196382428941,42.700258397932814,42.700258397932814
2,217,-0.11393253779113569,0.9,191,4.237080103359173,809.2822997416022,0.1,26,3.1621447028423773,82.2157622739018,727.0665374677004,82.2157622739018,244.00516795865633,416.6214470284238,296.24612403100775,856.9767441860464
2,218,-0.041713541589433356,0.6,13,4.270671834625323,55.518733850129195,0.1,11,3.1621447028423773,34.78359173126615,20.735142118863045,34.78359173126615,35.35917312661499,42.15762273901809,55.921834625322994,55.518733850129195
2,219,-0.03737269999749668,0.8,11,4.243540051679586,46.67894056847545,0.1,11,3.204780361757106,35.252583979328165,11.426356589147282,35.252583979328165,35.86369509043927,35.85658914728682,42.41537467700258,46.97739018087855
2,220,-0.13513455948468853,0.30000000000000004,43,3.249354005167959,139.72222222222223,0.25,43,3.25,139.75,-0.027777777777771462,1974.1447028423772,139.75,250.05103359173128,221.73385012919897,686.8255813953488
2,221,-0.013772919158482583,0.9,11,4.2299741602067185,46.5297157622739,0.1,11,3.1621447028423773,34.78359173126615,11.746124031007753,34.78359173126615,35.35206718346253,35.65762273901809,47.39664082687339,46.97739018087855
2,222,-0.12545939234592554,0.9,144,4.227390180878553,608.7441860465116,0.1,47,3.1621447028423773,148.62080103359173,460.1233850129198,148.62080103359173,154.10852713178295,275.61111111111114,202.00258397932816,586.8565891472869
2,223,0.28146962010241383,0.30000000000000004,10,3.202196382428941,32.02196382428941,0.1,10,3.197674418604651,31.97674418604651,0.045219638242897986,31.97674418604651,32.02196382428941,32.26744186046511,42.441860465116285,42.441860465116285
2,224,-0.023997768653085838,0.4,11,3.25968992248062,35.85658914728682,0.1,11,3.204780361757106,35.252583979328165,0.604005167958654,35.252583979328165,35.86369509043927,35.85658914728682,42.41537467700258,46.97739018087855
2,225,-0.14643252376646337,0.4,64,3.2474160206718348,207.83462532299743,0.25,64,3.2474160206718348,207.83462532299743,0.0,926.1815245478036,207.83462532299743,207.83462532299743,1465.204134366925,640.3843669250647
2,226,0.03692528674952292,0.8,11,4.243540051679586,46.67894056847545,0.1,11,3.147932816537468,34.627260981912144,12.051679586563303,34.627260981912144,35.18863049095607,35.41602067183462,46.97739018087855,46.97739018087855
2,227,-0.14380451923365753,0.30000000000000004,65,3.248708010335917,211.16602067183462,0.25,65,3.248708010335917,211.16602067183462,0.0,663.5232558139535,211.16602067183462,211.16602067183462,266.7906976744186,593.0103359173127
2,228,-0.09923338208070392,0.30000000000000004,136,3.20671834625323,436.1136950904393,0.1,17,3.1621447028423773,53.75645994832041,382.3572351421189,53.75645994832041,430.21963824289406,698.6421188630491,637.7519379844961,837.0516795865633
2,229,-0.1435556653094291,0.30000000000000004,60,3.2474160206718348,194.84496124031008,0.25,60,3.2474160206718348,194.84496124031008,0.0,1211.406976744186,194.84496124031008,194.84496124031008,1544.9173126614987,593.0103359173127
2,230,-0.14339337773771324,0.2,59,3.235142118863049,190.8733850129199,0.25,59,3.2474160206718348,191.59754521963825,-0.7241602067183521,1275.5025839793282,191.59754521963825,191.59754521963825,1548.7131782945735,593.0103359173127
2,231,-0.13826754662796764,0.5,70,4.1686046511627906,291.80232558139534,0.25,28,3.20671834625323,89.78811369509044,202.0142118863049,4550.326227390181,89.78811369509044,163.44379844961242,291.80232558139534,657.1479328165374
2,232,-0.002156155838458629,0.6,11,4.270671834625323,46.97739018087855,0.1,11,3.147932816537468,34.627260981912144,12.350129198966407,34.627260981912144,35.202842377260986,35.46576227390181,47.68087855297158,46.97739018087855
2,233,-0.07265226828662621,0.30000000000000004,311,3.250645994832041,1010.9509043927649,0.1,16,3.1789405684754524,50.86304909560724,960.0878552971576,50.86304909560724,1010.9509043927649,1103.6821705426357,1366.9664082687339,1238.4948320413437
2,234,0.19844289591054518,0.9,10,4.242248062015504,42.42248062015504,0.1,10,3.143410852713178,31.43410852713178,10.988372093023262,31.43410852713178,31.55684754521964,31.95736434108527,42.700258397932814,42.700258397932814
2,235,-0.024340827973587886,0.30000000000000004,11,3.25968992248062,35.85658914728682,0.1,11,3.204780361757106,35.252583979328165,0.604005167958654,35.252583979328165,35.86369509043927,35.85658914728682,42.41537467700258,46.97739018087855
2,236,-0.1469536995938868,0.2,55,3.1925064599483206,175.58785529715763,0.25,57,3.204780361757106,182.67248062015506,-7.084625322997425,1381.857235142119,182.67248062015506,182.67248062015506,1453.8165374677,640.3843669250647
2,237,-0.06168607816965953,0.4,957,3.25968992248062,3119.5232558139537,0.1,73,3.204780361757106,233.94896640826875,2885.574289405685,233.94896640826875,3358.874031007752,3119.5232558139537,2700.299095607235,3049.2596899224804
2,238,0.14555794827002042,0.30000000000000004,10,3.169250645994832,31.692506459948323,0.1,10,3.144702842377261,31.447028423772608,0.24547803617571518,31.447028423772608,31.692506459948323,32.00904392764858,42.700258397932814,42.700258397932814
2,239,-0.11462206455357571,0.30000000000000004,75,3.2073643410852712,240.55232558139534,0.1,28,3.1621447028423773,88.54005167958657,152.01227390180878,88.54005167958657,234.3733850129199,403.80232558139534,287.90116279069764,839.9224806201549
2,240,0.02086623286666303,0.30000000000000004,11,3.2002583979328167,35.202842377260986,0.1,11,3.147932816537468,34.627260981912144,0.5755813953488413,34.627260981912144,35.202842377260986,35.50129198966408,46.97739018087855,46.97739018087855
2,241,-0.06400211318520269,0.30000000000000004,696,3.2260981912144704,2245.3643410852715,0.1,16,3.1621447028423773,50.594315245478036,2194.7700258397936,50.594315245478036,2245.3643410852715,2330.600775193798,1949.1459948320412,2289.080103359173
2,242,-0.0834008154135854,0.30000000000000004,235,3.210594315245478,754.4896640826873,0.1,13,3.1621447028423773,41.1078811369509,713.3817829457364,41.1078811369509,746.0568475452196,753.7306201550388,791.8953488372093,956.6304909560723
2,243,0.08907392036227935,0.30000000000000004,11,3.197674418604651,35.17441860465116,0.1,11,3.147932816537468,34.627260981912144,0.5471576227390145,34.627260981912144,35.17441860465116,35.41602067183462,46.9702842377261,46.9702842377261
2,244,0.06999012303629376,0.30000000000000004,11,3.202842377260982,35.231266149870805,0.1,11,3.147932816537468,34.627260981912144,0.6040051679586611,34.627260981912144,35.24547803617571,35.41602067183462,46.9702842377261,46.9702842377261
2,245,0.04318868978632989,0.30000000000000004,11,3.198966408268734,35.18863049095607,0.1,11,3.147932816537468,34.627260981912144,0.5613695090439279,34.627260981912144,35.18863049095607,35.41602067183462,46.97739018087855,46.97739018087855
2,246,-0.028364913830231347,0.30000000000000004,11,3.2196382428940566,35.41602067183462,0.1,11,3.1621447028423773,34.78359173126615,0.6324289405684738,34.78359173126615,35.35917312661499,35.75710594315245,47.31847545219638,46.97739018087855
2,247,-0.030464913925983328,0.30000000000000004,11,3.25968992248062,35.85658914728682,0.1,11,3.204780361757106,35.252583979328165,0.604005167958654,35.252583979328165,35.86369509043927,35.85658914728682,42.41537467700258,46.97739018087855
2,248,-0.09731590660232775,0.30000000000000004,145,3.20671834625323,464.97416020671835,0.1,17,3.1621447028423773,53.75645994832041,411.21770025839794,53.75645994832041,459.1149870801034,743.5090439276486,679.7093023255813,849.8636950904393
2,249,-0.009312656511985623,0.30000000000000004,11,3.2177002583979326,35.39470284237726,0.1,11,3.1660206718346253,34.826227390180875,0.5684754521963811,34.826227390180875,35.39470284237726,35.75,47.39664082687339,46.97739018087855
2,250,0.034339400757885774,0.30000000000000004,11,3.198966408268734,35.18863049095607,0.1,11,3.147932816537468,34.627260981912144,0.5613695090439279,34.627260981912144,35.18863049095607,35.42312661498708,46.97739018087855,46.97739018087855
2,251,0.060474101216593024,0.30000000000000004,11,3.202842377260982,35.231266149870805,0.1,11,3.147932816537468,34.627260981912144,0.6040051679586611,34.627260981912144,35.18863049095607,35.41602067183462,46.9702842377261,46.9702842377261
2,252,0.14366229660522115,0.30000000000000004,10,3.1711886304909562,31.711886304909562,0.1,10,3.144702842377261,31.447028423772608,0.26485788113695463,31.447028423772608,31.711886304909562,32.02196382428941,42.700258397932814,42.700258397932814
2,253,-0.0957031232389974,0.30000000000000004,154,3.20671834625323,493.83462532299745,0.1,15,3.1621447028423773,47.43217054263566,446.4024547803618,47.43217054263566,488.01033591731266,788.3759689922481,725.6388888888889,862.6757105943152
2,254,-0.14863214756211562,0.30000000000000004,62,3.204780361757106,198.69638242894058,0.25,62,3.204780361757106,198.69638242894058,0.0,1068.8049095607234,198.69638242894058,198.69638242894058,241.77906976744185,640.3843669250647
2,255,-0.11861247478531112,0.30000000000000004,61,3.2073643410852712,195.64922480620154,0.1,29,3.1621447028423773,91.70219638242894,103.94702842377261,91.70219638242894,192.63565891472868,339.70671834625324,233.65891472868216,767.4418604651162
2,256,-0.011421546530871601,0.30000000000000004,11,3.2138242894056845,35.35206718346253,0.1,11,3.1621447028423773,34.78359173126615,0.5684754521963811,34.78359173126615,35.35206718346253,35.65762273901809,47.39664082687339,46.97739018087855
2,257,-0.048814683436890785,0.30000000000000004,14,3.2196382428940566,45.07493540051679,0.1,13,3.1621447028423773,41.1078811369509,3.967054263565892,41.1078811369509,54.645994832041346,81.08850129198967,98.93863049095607,102.49612403100775
2,258,0.32915370439845637,0.30000000000000004,10,3.1770025839793283,31.770025839793284,0.1,10,3.143410852713178,31.43410852713178,0.33591731266150404,31.43410852713178,31.524547803617573,31.89922480620155,42.441860465116285,42.441860465116285
2,259,0.12628212534253283,0.30000000000000004,10,3.1711886304909562,31.711886304909562,0.1,10,3.144702842377261,31.447028423772608,0.26485788113695463,31.447028423772608,31.711886304909562,32.02842377260982,42.700258397932814,42.700258397932814
2,260,-0.14953743950396475,0.6,150,4.262919896640827,639.437984496124,0.25,48,3.204780361757106,153.8294573643411,485.6085271317829,913.859819121447,153.8294573643411,153.8294573643411,220.9360465116279,642.2687338501293
2,261,-0.032508471262360256,0.30000000000000004,11,3.2196382428940566,35.41602067183462,0.1,11,3.1621447028423773,34.78359173126615,0.6324289405684738,34.78359173126615,35.35917312661499,35.671834625322994,47.31847545219638,46.97739018087855
2,262,-0.12811451694311995,0.6,117,4.25,497.25,0.25,53,3.238372093023256,171.63372093023256,325.6162790697674,454.5885012919897,171.63372093023256,300.5678294573643,225.31395348837208,623.2306201550388
2,263,-0.14291859355374648,0.30000000000000004,58,3.204780361757106,185.87726098191214,0.25,58,3.204780361757106,185.87726098191214,0.0,600.8074935400517,185.87726098191214,185.87726098191214,262.6220930232558,583.6472868217055
2,264,-0.12738490620931012,0.30000000000000004,49,3.210594315245478,157.31912144702844,0.25,49,3.210594315245478,157.31912144702844,0.0,221.3501291989664,157.31912144702844,278.8158914728682,225.31395348837208,623.2306201550388
2,265,-0.14892190487598603,0.6,150,4.262919896640827,639.437984496124,0.25,80,3.2474160206718348,259.79328165374676,379.6447028423773,1291.5264857881136,259.79328165374676,259.79328165374676,1404.470284237726,644.6253229974161
2,266,-0.02902835801320236,0.30000000000000004,11,3.2635658914728682,35.89922480620155,0.1,11,3.20671834625323,35.27390180878553,0.6253229974160206,35.27390180878553,35.89922480620155,35.89922480620155,47.31847545219638,46.97739018087855
2,267,0.39072669057751674,0.30000000000000004,10,3.1731266149870803,31.7312661498708,0.1,10,3.140826873385013,31.40826873385013,0.322997416020673,31.40826873385013,31.6343669250646,31.7312661498708,42.435400516795866,42.435400516795866
2,268,0.3383525524265959,0.6,10,4.244186046511628,42.441860465116285,0.1,10,3.143410852713178,31.43410852713178,11.007751937984505,31.43410852713178,31.524547803617573,31.89922480620155,42.441860465116285,42.441860465116285
2,269,0.11724998201365913,0.6,10,4.2700258397932815,42.700258397932814,0.1,11,3.144702842377261,34.59173126614987,8.108527131782942,34.59173126614987,34.883074935400515,35.08204134366925,42.700258397932814,42.700258397932814
2,270,-0.01616604735853233,0.6,11,4.270671834625323,46.97739018087855,0.1,11,3.1621447028423773,34.78359173126615,12.193798449612402,34.78359173126615,35.41602067183462,35.68604651162791,47.304263565891475,46.97739018087855
2,271,0.03552103642610094,0.6,11,4.270671834625323,46.97739018087855,0.1,11,3.147932816537468,34.627260981912144,12.350129198966407,34.627260981912144,35.18863049095607,35.41602067183462,46.97739018087855,46.97739018087855
2,272,-0.01827178821423603,0.6,11,4.270671834625323,46.97739018087855,0.1,11,3.204780361757106,35.252583979328165,11.724806201550386,35.252583979328165,35.86369509043927,35.85658914728682,42.41537467700258,46.97739018087855
2,273,-0.13507568401163905,0.6,133,4.246124031007752,564.734496124031,0.25,78,3.2319121447028425,252.0891472868217,312.6453488372093,867.4832041343669,252.0891472868217,252.0891472868217,329.31976744186045,686.8255813953488
2,274,-0.1477873693605586,0.6,150,4.262919896640827,639.437984496124,0.25,61,3.251291989664083,198.32881136950905,441.109173126615,1148.0051679586563,198.32881136950905,198.32881136950905,250.11627906976744,644.6253229974161
2,275,0.16293517713978076,0.6,10,4.2700258397932815,42.700258397932814,0.1,10,3.144702842377261,31.447028423772608,11.253229974160206,31.447028423772608,31.692506459948323,32.151162790697676,42.700258397932814,42.700258397932814
2,276,-0.06966297823823692,0.6,337,4.270671834625323,1439.2164082687339,0.1,17,3.204780361757106,54.481266149870805,1384.735142118863,54.481266149870805,1370.6511627906978,1399.2383720930234,882.4192506459948,1439.2164082687339
2,277,-0.1383732565450257,0.30000000000000004,23,3.20671834625323,73.75452196382429,0.25,23,3.20671834625323,73.75452196382429,0.0,4338.462532299742,73.75452196382429,137.80555555555557,287.6337209302325,652.90826873385
2,278,-0.07432212029280073,0.30000000000000004,313,3.2177002583979326,1007.1401808785529,0.1,14,3.1621447028423773,44.270025839793284,962.8701550387595,44.270025839793284,1015.406976744186,1007.1401808785529,983.4573643410852,1153.081395348837
2,279,-0.029046492819054276,0.30000000000000004,11,3.2196382428940566,35.41602067183462,0.1,11,3.1621447028423773,34.78359173126615,0.6324289405684738,34.78359173126615,35.35917312661499,35.671834625322994,47.31847545219638,46.97739018087855
2,280,0.17602468465467233,0.30000000000000004,10,3.169250645994832,31.692506459948323,0.1,10,3.144702842377261,31.447028423772608,0.24547803617571518,31.447028423772608,31.692506459948323,32.151162790697676,42.700258397932814,42.700258397932814
2,281,-0.14921681652821475,0.30000000000000004,59,3.204780361757106,189.08204134366926,0.25,59,3.204780361757106,189.08204134366926,0.0,967.6162790697674,189.08204134366926,189.08204134366926,229.27325581395348,642.2687338501293
2,282,0.05176504082054115,0.30000000000000004,11,3.202842377260982,35.231266149870805,0.1,11,3.147932816537468,34.627260981912144,0.6040051679586611,34.627260981912144,35.18863049095607,35.41602067183462,46.9702842377261,46.9702842377261
2,283,0.0846489483157575,0.30000000000000004,11,3.197674418604651,35.17441860465116,0.1,11,3.147932816537468,34.627260981912144,0.5471576227390145,34.627260981912144,35.17441860465116,35.41602067183462,42.700258397932814,42.700258397932814
2,284,-0.1461507119696994,0.6,149,4.26421188630491,635.3675710594316,0.25,70,3.2474160206718348,227.31912144702844,408.04844961240315,810.8094315245478,227.31912144702844,227.31912144702844,1476.5917312661497,640.3843669250647
2,285,-0.08129005457972881,0.30000000000000004,253,3.255167958656331,823.5574935400517,0.1,15,3.204780361757106,48.07170542635659,775.4857881136951,48.07170542635659,814.922480620155,823.5574935400517,952.0581395348838,982.2545219638242
2,286,-0.08611835070319789,0.30000000000000004,212,3.25,689.0,0.1,15,3.204780361757106,48.07170542635659,640.9282945736434,48.07170542635659,680.8701550387597,689.0,876.5019379844962,931.0064599483204
2,287,0.05515612472670553,0.30000000000000004,11,3.242894056847545,35.671834625322994,0.1,11,3.204134366925065,35.24547803617571,0.42635658914728225,35.24547803617571,35.671834625322994,35.70025839793282,46.9702842377261,46.9702842377261
2,288,-0.09979816539380595,0.30000000000000004,133,3.20671834625323,426.4935400516796,0.1,17,3.1621447028423773,53.75645994832041,372.7370801033592,53.75645994832041,420.58785529715766,682.6182170542636,629.3604651162791,832.781007751938
2,289,-0.0798572718042112,0.30000000000000004,225,3.2151162790697674,723.4011627906976,0.1,13,3.1621447028423773,41.1078811369509,682.2932816537467,41.1078811369509,724.7093023255813,723.4011627906976,990.7596899224807,1007.8785529715761
2,290,-0.09012089219840652,0.30000000000000004,298,3.251291989664083,968.8850129198967,0.1,19,3.20671834625323,60.92764857881137,907.9573643410853,60.92764857881137,608.9580103359173,968.8850129198967,742.531007751938,905.3824289405684
2,291,0.35678491380563593,0.30000000000000004,10,3.1770025839793283,31.770025839793284,0.1,10,3.143410852713178,31.43410852713178,0.33591731266150404,31.43410852713178,31.666666666666664,31.89922480620155,42.441860465116285,42.441860465116285
2,292,-0.13469342792073344,0.30000000000000004,42,3.20671834625323,134.68217054263567,0.25,42,3.20671834625323,134.68217054263567,0.0,1426.127260981912,134.68217054263567,240.35852713178295,337.656976744186,691.0652454780361
2,293,-0.08606771186989676,0.30000000000000004,210,3.210594315245478,674.2248062015505,0.1,12,3.1621447028423773,37.945736434108525,636.2790697674419,37.945736434108525,665.6627906976744,673.546511627907,524.06330749354,935.2771317829457
2,294,-0.12288340413073015,0.30000000000000004,31,3.210594315245478,99.52842377260983,0.25,31,3.210594315245478,99.52842377260983,0.0,135.97222222222223,99.52842377260983,185.87726098191214,204.45155038759688,506.2112403100775
2,295,-0.14996575212137708,0.30000000000000004,63,3.204780361757106,201.90116279069767,0.25,63,3.204780361757106,201.90116279069767,0.0,841.1304909560723,201.90116279069767,201.90116279069767,212.59883720930233,646.4941860465117
2,296,-0.08261383356797936,0.30000000000000004,243,3.210594315245478,780.1744186046512,0.1,12,3.1621447028423773,37.945736434108525,742.2286821705427,37.945736434108525,774.9987080103359,782.5968992248062,1181.5581395348838,969.4425064599483
2,297,-0.10836030416129254,0.30000000000000004,98,3.249354005167959,318.43669250645996,0.1,20,3.204780361757106,64.09560723514213,254.34108527131784,64.09560723514213,315.6259689922481,526.0813953488372,404.4160206718346,790.139534883721
2,298,-0.14035088668356202,0.30000000000000004,59,3.204780361757106,189.08204134366926,0.25,59,3.204780361757106,189.08204134366926,0.0,2023.7726098191215,189.08204134366926,189.08204134366926,208.43023255813952,627.4702842377261
2,299,-0.010472061367294117,0.30000000000000004,11,3.25968992248062,35.85658914728682,0.1,11,3.204780361757106,35.252583979328165,0.604005167958654,35.252583979328165,35.86369509043927,35.85658914728682,42.41537467700258,46.97739018087855
2,300,0.34255358296793004,0.30000000000000004,10,3.199612403100775,31.996124031007753,0.1,10,3.197674418604651,31.97674418604651,0.01937984496124301,31.97674418604651,31.996124031007753,32.08656330749354,39.17312661498708,42.441860465116285
2,301,0.02334741208075433,0.30000000000000004,11,3.2002583979328167,35.202842377260986,0.1,11,3.147932816537468,34.627260981912144,0.5755813953488413,34.627260981912144,35.202842377260986,35.49418604651163,46.97739018087855,46.97739018087855
2,302,0.20881253070649095,0.30000000000000004,10,3.1983204134366927,31.98320413436693,0.1,10,3.19702842377261,31.970284237726098,0.012919896640831041,31.970284237726098,31.98320413436693,32.08010335917313,42.700258397932814,42.700258397932814
2,303,-0.14999892798019893,0.30000000000000004,70,3.2474160206718348,227.31912144702844,0.25,70,3.2474160206718348,227.31912144702844,0.0,1092.830103359173,227.31912144702844,227.31912144702844,1378.3682170542636,646.4941860465117
2,304,-0.13926351252718247,0.30000000000000004,58,3.204780361757106,185.87726098191214,0.25,58,3.204780361757106,185.87726098191214,0.0,2991.3888888888887,185.87726098191214,185.87726098191214,270.9593023255814,644.4289405684754
2,305,0.37973390081735003,0.30000000000000004,10,3.189922480620155,31.89922480620155,0.1,10,3.143410852713178,31.43410852713178,0.46511627906976827,31.43410852713178,31.65374677002584,31.89922480620155,42.435400516795866,42.435400516795866
2,306,-0.059036361128350354,0.30000000000000004,1567,3.2196382428940566,5045.173126614986,0.4,995,3.2170542635658914,3200.968992248062,1844.2041343669243,16202.829457364342,5041.953488372093,3200.968992248062,5533.621447028424,4928.355297157623
2,307,-0.11386845622126532,0.30000000000000004,77,3.2073643410852712,246.9670542635659,0.1,28,3.1621447028423773,88.54005167958657,158.42700258397934,88.54005167958657,244.00516795865633,416.6214470284238,343.3720930232558,856.9767441860464
2,308,0.05871799045206122,0.30000000000000004,11,3.202842377260982,35.231266149870805,0.1,11,3.147932816537468,34.627260981912144,0.6040051679586611,34.627260981912144,35.18863049095607,35.41602067183462,46.9702842377261,46.9702842377261
2,309,0.1484324694306249,0.30000000000000004,10,3.169250645994832,31.692506459948323,0.1,10,3.144702842377261,31.447028423772608,0.24547803617571518,31.447028423772608,31.692506459948323,32.002583979328165,42.700258397932814,42.700258397932814
2,310,-0.12708247247861693,0.30000000000000004,49,3.210594315245478,157.31912144702844,0.25,49,3.210594315245478,157.31912144702844,0.0,218.18798449612402,157.31912144702844,278.8158914728682,225.31395348837208,627.4702842377261
2,311,-0.013588882755548759,0.30000000000000004,11,3.2138242894056845,35.35206718346253,0.1,11,3.1621447028423773,34.78359173126615,0.5684754521963811,34.78359173126615,35.35206718346253,35.65762273901809,47.39664082687339,46.97739018087855
2,312,0.0001208059605345424,0.30000000000000004,11,3.2002583979328167,35.202842377260986,0.1,11,3.147932816537468,34.627260981912144,0.5755813953488413,34.627260981912144,35.202842377260986,35.46576227390181,48.36304909560724,46.97739018087855
2,313,-0.08736972250339683,0.30000000000000004,332,3.251291989664083,1079.4289405684756,0.1,15,3.208010335917313,48.12015503875969,1031.3087855297158,48.12015503875969,680.7351421188631,1079.4289405684756,843.2131782945737,926.735788113695
2,314,-0.035746173676135556,0.30000000000000004,11,3.2196382428940566,35.41602067183462,0.1,11,3.1621447028423773,34.78359173126615,0.6324289405684738,34.78359173126615,35.35917312661499,35.671834625322994,47.31847545219638,46.97739018087855
2,315,-0.08074994050050455,0.30000000000000004,254,3.259043927648579,827.7971576227391,0.1,17,3.20671834625323,54.51421188630491,773.2829457364342,54.51421188630491,819.1550387596899,834.3152454780362,1039.5994832041345,990.7958656330749
2,316,-0.05805883393610663,0.30000000000000004,2031,3.2196382428940566,6539.085271317829,0.1,1031,3.1621447028423773,3260.171188630491,3278.914082687338,3260.171188630491,6539.085271317829,3979.4961240310076,7082.691214470285,6350.489018087855
2,317,0.2581822045657679,0.2,10,3.155684754521964,31.55684754521964,0.1,10,3.143410852713178,31.43410852713178,0.12273901808785936,31.43410852713178,31.55684754521964,31.918604651162788,42.571059431524546,42.571059431524546
2,318,0.07654354588512649,0.30000000000000004,11,3.1983204134366927,35.18152454780362,0.1,11,3.147932816537468,34.627260981912144,0.5542635658914747,34.627260981912144,35.18152454780362,35.41602067183462,42.700258397932814,42.700258397932814
2,319,-0.05791948060947033,0.6,1555,4.270671834625323,6640.894702842377,0.1,886,3.1621447028423773,2801.660206718346,3839.234496124031,2801.660206718346,6838.511627906976,4137.131782945737,7396.8081395348845,6640.894702842377
2,320,0.19047204710827745,0.30000000000000004,10,3.169250645994832,31.692506459948323,0.1,10,3.144702842377261,31.447028423772608,0.24547803617571518,31.447028423772608,31.692506459948323,32.105943152454785,42.700258397932814,42.700258397932814
2,321,-0.018052130155762763,0.30000000000000004,11,3.2196382428940566,35.41602067183462,0.1,11,3.1621447028423773,34.78359173126615,0.6324289405684738,34.78359173126615,35.41602067183462,35.68604651162791,47.304263565891475,46.97739018087855
2,322,0.11253436522231827,0.30000000000000004,11,3.1724806201550386,34.89728682170542,0.1,11,3.144702842377261,34.59173126614987,0.30555555555555003,34.59173126614987,34.89728682170542,35.08204134366925,42.700258397932814,42.700258397932814
2,323,-0.05736735131778335,0.30000000000000004,2558,3.2196382428940566,8235.834625322997,0.1,481,3.1621447028423773,1520.9916020671835,6714.843023255814,1520.9916020671835,8235.834625322997,4880.271317829457,8851.212532299742,7973.344315245477
2,324,0.25436833919702817,0.8,10,4.23062015503876,42.3062015503876,0.1,10,3.143410852713178,31.43410852713178,10.872093023255818,31.43410852713178,31.55684754521964,31.918604651162788,42.571059431524546,42.571059431524546
2,325,-0.11176007690486275,0.4,143,3.2474160206718348,464.3804909560724,0.1,14,3.204780361757106,44.866925064599485,419.5135658914729,44.866925064599485,273.3255813953488,464.3804909560724,366.26356589147287,637.2093023255815
2,326,0.049962061811756,0.30000000000000004,11,3.202842377260982,35.231266149870805,0.1,11,3.147932816537468,34.627260981912144,0.6040051679586611,34.627260981912144,35.18863049095607,35.41602067183462,46.9702842377261,46.9702842377261
2,327,-0.0022536578159043086,0.30000000000000004,11,3.2002583979328167,35.202842377260986,0.1,11,3.147932816537468,34.627260981912144,0.5755813953488413,34.627260981912144,35.202842377260986,35.46576227390181,47.68087855297158,46.97739018087855
2,328,-0.14241477555035775,0.30000000000000004,55,3.204780361757106,176.26291989664082,0.25,55,3.204780361757106,176.26291989664082,0.0,891.7248062015503,176.26291989664082,176.26291989664082,258.45348837209303,587.8766149870802
2,329,-0.1015071781192937,0.4,201,3.204780361757106,644.1608527131783,0.1,18,3.1621447028423773,56.91860465116279,587.2422480620155,56.91860465116279,394.9031007751938,644.1608527131783,595.9780361757105,819.968992248062
2,330,-0.1451948857932482,0.30000000000000004,60,3.204780361757106,192.28682170542635,0.25,60,3.204780361757106,192.28682170542635,0.0,1441.937984496124,192.28682170542635,192.28682170542635,266.7906976744186,644.6253229974161
2,331,-0.04533052851189773,0.30000000000000004,11,3.2196382428940566,35.41602067183462,0.1,11,3.1621447028423773,34.78359173126615,0.6324289405684738,34.78359173126615,35.35917312661499,48.643410852713174,69.18604651162791,64.06007751937985
2,332,-0.05608901259024236,0.30000000000000004,4776,3.2196382428940566,15376.992248062015,0.1,599,3.1621447028423773,1894.124677002584,13482.86757105943,1894.124677002584,15376.992248062015,8731.08527131783,16299.656330749356,14819.231266149869
2,333,-0.14106407205554755,0.2,62,3.1925064599483206,197.93540051679588,0.25,57,3.204780361757106,182.67248062015506,15.262919896640824,1571.5859173126614,182.67248062015506,182.67248062015506,212.59883720930233,614.7512919896641
2,334,-0.14998814871880456,0.9,155,4.1866925064599485,648.9373385012921,0.25,63,3.204780361757106,201.90116279069767,447.0361757105944,837.9683462532299,201.90116279069767,201.90116279069767,1378.3682170542636,646.4941860465117
2,335,-0.09633705960129141,0.2,146,3.257751937984496,475.63178294573646,0.1,25,3.20671834625323,80.16795865633075,395.4638242894057,80.16795865633075,475.53746770025845,770.5562015503876,708.8611111111112,858.4050387596899
2,336,-0.030473575590062446,0.5,11,4.301679586563307,47.31847545219638,0.1,11,3.1621447028423773,34.78359173126615,12.534883720930232,34.78359173126615,35.35917312661499,35.671834625322994,47.31847545219638,46.97739018087855
2,337,-0.02239688700029721,0.30000000000000004,11,3.2196382428940566,35.41602067183462,0.1,11,3.1621447028423773,34.78359173126615,0.6324289405684738,34.78359173126615,35.41602067183462,35.68604651162791,47.304263565891475,46.97739018087855
2,338,-0.003067063021591626,0.2,11,3.1892764857881137,35.08204134366925,0.1,11,3.147932816537468,34.627260981912144,0.4547803617571091,34.627260981912144,35.202842377260986,35.46576227390181,47.68087855297158,46.97739018087855
2,339,0.08180114655517268,0.30000000000000004,11,3.1983204134366927,35.18152454780362,0.1,11,3.147932816537468,34.627260981912144,0.5542635658914747,34.627260981912144,35.18152454780362,35.41602067183462,46.9702842377261,46.9702842377261
2,340,0.12607809200653172,0.9,10,4.231266149870801,42.31266149870801,0.1,10,3.144702842377261,31.447028423772608,10.865633074935403,31.447028423772608,31.711886304909562,32.02842377260982,42.700258397932814,42.700258397932814
2,341,0.23454669535621062,0.30000000000000004,10,3.151808785529716,31.51808785529716,0.1,10,3.143410852713178,31.43410852713178,0.08397932816538045,31.43410852713178,31.55684754521964,31.918604651162788,42.68733850129199,42.68733850129199
2,342,-0.14995485390987698,0.30000000000000004,63,3.204780361757106,201.90116279069767,0.25,63,3.204780361757106,201.90116279069767,0.0,841.1304909560723,201.90116279069767,201.90116279069767,212.59883720930233,646.4941860465117
2,343,-0.00818227490238338,0.5,11,4.3062015503875966,47.36821705426356,0.1,11,3.1621447028423773,34.78359173126615,12.584625322997411,34.78359173126615,35.35206718346253,35.65762273901809,47.36821705426356,46.97739018087855
2,344,-0.14356373294790617,0.2,58,3.235142118863049,187.63824289405684,0.25,60,3.2474160206718348,194.84496124031008,-7.20671834625324,1208.202196382429,194.84496124031008,194.84496124031008,1544.9173126614987,593.0103359173127
2,345,0.34517287046811895,0.8,10,4.233204134366925,42.33204134366925,0.1,10,3.143410852713178,31.43410852713178,10.897932816537473,31.43410852713178,31.524547803617573,31.89922480620155,42.441860465116285,42.441860465116285
2,346,-0.09963747711255717,0.30000000000000004,133,3.20671834625323,426.4935400516796,0.1,17,3.1621447028423773,53.75645994832041,372.7370801033592,53.75645994832041,420.58785529715766,685.8229974160207,629.3604651162791,837.0516795865633
2,347,-0.11409653334177641,0.30000000000000004,77,3.2073643410852712,246.9670542635659,0.1,26,3.1621447028423773,82.2157622739018,164.75129198966408,82.2157622739018,240.79457364341087,413.4166666666667,296.24612403100775,852.7131782945736
2,348,-0.14760527776246493,0.30000000000000004,61,3.204780361757106,195.49160206718346,0.25,61,3.204780361757106,195.49160206718346,0.0,1255.3714470284237,195.49160206718346,195.49160206718346,254.28488372093022,640.3843669250647
2,349,-0.14923088952315133,0.30000000000000004,58,3.204780361757106,185.87726098191214,0.25,58,3.204780361757106,185.87726098191214,0.0,970.7784237726098,185.87726098191214,185.87726098191214,229.27325581395348,646.4941860465117
2,350,0.09918457956931936,0.30000000000000004,10,3.1731266149870803,31.7312661498708,0.1,10,3.144702842377261,31.447028423772608,0.2842377260981941,31.447028423772608,31.7312661498708,31.912144702842376,42.700258397932814,42.700258397932814
2,351,-0.11866985532417251,0.30000000000000004,61,3.2073643410852712,195.64922480620154,0.1,34,3.1621447028423773,107.51291989664082,88.13630490956072,107.51291989664082,192.63565891472868,336.5019379844961,229.48643410852713,767.4418604651162
2,352,0.08161881617483258,0.30000000000000004,11,3.1983204134366927,35.18152454780362,0.1,11,3.147932816537468,34.627260981912144,0.5542635658914747,34.627260981912144,35.18152454780362,35.41602067183462,46.9702842377261,46.9702842377261
2,353,-0.11937822189886446,0.30000000000000004,57,3.2525839793281652,185.39728682170542,0.1,37,3.204780361757106,118.57687338501292,66.8204134366925,118.57687338501292,185.47093023255815,327.9890180878553,285.85271317829455,754.6511627906976
2,354,-0.12145275022642935,0.30000000000000004,49,3.2073643410852712,157.1608527131783,0.1,39,3.1621447028423773,123.32364341085271,33.837209302325576,123.32364341085271,154.10852713178295,275.61111111111114,171.07170542635657,710.8288113695091
2,355,-0.1426747050881899,0.30000000000000004,56,3.204780361757106,179.46770025839794,0.25,56,3.204780361757106,179.46770025839794,0.0,752.5904392764858,179.46770025839794,179.46770025839794,262.6220930232558,587.8766149870802
2,356,0.13133610994670733,0.30000000000000004,10,3.1711886304909562,31.711886304909562,0.1,10,3.144702842377261,31.447028423772608,0.26485788113695463,31.447028423772608,31.711886304909562,32.02842377260982,42.700258397932814,42.700258397932814
2,357,-0.006931026378635463,0.30000000000000004,11,3.2138242894056845,35.35206718346253,0.1,11,3.1621447028423773,34.78359173126615,0.5684754521963811,34.78359173126615,35.35206718346253,35.65762273901809,47.36821705426356,46.97739018087855
2,358,0.06326460264216416,0.30000000000000004,11,3.202842377260982,35.231266149870805,0.1,11,3.147932816537468,34.627260981912144,0.6040051679586611,34.627260981912144,35.24547803617571,35.41602067183462,46.9702842377261,46.9702842377261
2,359,-0.04498845642061135,0.30000000000000004,11,3.2196382428940566,35.41602067183462,0.1,11,3.1621447028423773,34.78359173126615,0.6324289405684738,34.78359173126615,35.35917312661499,45.40051679586563,60.223514211886304,64.06007751937985
2,360,-0.14570897271838812,0.30000000000000004,62,3.251291989664083,201.58010335917314,0.25,62,3.251291989664083,201.58010335917314,0.0,497.2416020671835,201.58010335917314,201.58010335917314,266.7906976744186,640.3843669250647
2,361,-0.12202078458430389,0.30000000000000004,45,3.210594315245478,144.47674418604652,0.1,39,3.1621447028423773,123.32364341085271,21.153100775193806,123.32364341085271,144.47674418604652,256.3824289405685,191.93410852713177,702.3158914728683
2,362,0.008470709504362434,0.30000000000000004,11,3.2002583979328167,35.202842377260986,0.1,11,3.147932816537468,34.627260981912144,0.5755813953488413,34.627260981912144,35.202842377260986,35.46576227390181,46.97739018087855,46.97739018087855
2,363,0.09752461457299191,0.30000000000000004,11,3.197674418604651,35.17441860465116,0.1,11,3.147932816537468,34.627260981912144,0.5471576227390145,34.627260981912144,35.17441860465116,35.41602067183462,42.700258397932814,42.700258397932814
2,364,-0.06826675265469728,0.30000000000000004,447,3.2260981912144704,1442.0658914728683,0.1,15,3.1621447028423773,47.43217054263566,1394.6337209302326,47.43217054263566,1442.0658914728683,1510.9192506459947,1569.6860465116279,1571.6072351421187
2,365,0.1808805391454741,0.30000000000000004,10,3.169250645994832,31.692506459948323,0.1,10,3.144702842377261,31.447028423772608,0.24547803617571518,31.447028423772608,31.692506459948323,32.151162790697676,42.700258397932814,42.700258397932814
2,366,-0.05439838066410797,0.30000000000000004,431,3.25968992248062,1404.9263565891472,0.1,283,3.204780361757106,906.952842377261,497.97351421188614,906.952842377261,1379.1220930232557,1404.9263565891472,3116.3223514211886,3151.755813953488
2,367,-0.12704626919975193,0.30000000000000004,51,3.2525839793281652,165.88178294573643,0.25,51,3.253875968992248,165.94767441860466,-0.0658914728682305,217.92506459948322,165.94767441860466,292.2674418604651,272.30426356589146,627.4702842377261
2,368,0.23173575730789173,0.30000000000000004,10,3.151808785529716,31.51808785529716,0.1,10,3.143410852713178,31.43410852713178,0.08397932816538045,31.43410852713178,31.55684754521964,31.918604651162788,42.68733850129199,42.68733850129199
2,369,-0.14947477222876196,0.30000000000000004,68,3.2474160206718348,220.82428940568477,0.25,68,3.2474160206718348,220.82428940568477,0.0,1176.154392764858,220.82428940568477,220.82428940568477,1393.0826873385013,646.4941860465117
2,370,-0.0274026766293584,0.30000000000000004,11,3.2196382428940566,35.41602067183462,0.1,11,3.1621447028423773,34.78359173126615,0.6324289405684738,34.78359173126615,35.35917312661499,35.75710594315245,47.31847545219638,46.97739018087855
2,371,0.11043542191427372,0.30000000000000004,11,3.1724806201550386,34.89728682170542,0.1,10,3.144702842377261,31.447028423772608,3.4502583979328136,31.447028423772608,34.89728682170542,35.08204134366925,42.700258397932814,42.700258397932814
2,372,0.022088747330585662,0.30000000000000004,11,3.2002583979328167,35.202842377260986,0.1,11,3.147932816537468,34.627260981912144,0.5755813953488413,34.627260981912144,35.202842377260986,35.49418604651163,46.97739018087855,46.97739018087855
2,373,-0.043460061262670754,0.30000000000000004,11,3.25968992248062,35.85658914728682,0.1,11,3.204780361757106,35.252583979328165,0.604005167958654,35.252583979328165,35.86369509043927,35.85658914728682,61.49870801033592,59.78940568475452
2,374,0.3905920519396703,0.30000000000000004,10,3.1731266149870803,31.7312661498708,0.1,10,3.140826873385013,31.40826873385013,0.322997416020673,31.40826873385013,31.6343669250646,31.7312661498708,42.435400516795866,42.435400516795866
2,375,-0.12954781108398788,0.30000000000000004,49,3.20671834625323,157.12919896640827,0.25,49,3.20671834625323,157.12919896640827,0.0,237.1608527131783,157.12919896640827,275.61111111111114,225.31395348837208,585.4302325581396
2,376,-0.14757675560795008,0.30000000000000004,60,3.204780361757106,192.28682170542635,0.25,60,3.204780361757106,192.28682170542635,0.0,1258.5335917312661,192.28682170542635,192.28682170542635,254.28488372093022,640.3843669250647
2,377,0.046263401425119505,0.30000000000000004,11,3.202842377260982,35.231266149870805,0.1,11,3.147932816537468,34.627260981912144,0.6040051679586611,34.627260981912144,35.18863049095607,35.41602067183462,46.97739018087855,46.97739018087855
2,378,-0.06989837829883663,0.30000000000000004,391,3.2260981912144704,1261.404392764858,0.1,13,3.1621447028423773,41.1078811369509,1220.296511627907,41.1078811369509,1261.404392764858,1333.7325581395348,1411.0019379844962,1417.863049095607
2,379,0.019759645763256478,0.30000000000000004,11,3.2002583979328167,35.202842377260986,0.1,11,3.147932816537468,34.627260981912144,0.5755813953488413,34.627260981912144,35.202842377260986,35.50129198966408,46.97739018087855,46.97739018087855
2,380,0.014450802765363646,0.30000000000000004,11,3.2002583979328167,35.202842377260986,0.1,11,3.147932816537468,34.627260981912144,0.5755813953488413,34.627260981912144,35.202842377260986,35.47286821705426,46.97739018087855,46.97739018087855
2,381,-0.08702770507365265,0.30000000000000004,201,3.210594315245478,645.3294573643411,0.1,14,3.1621447028423773,44.270025839793284,601.0594315245478,44.270025839793284,639.93669250646,644.6802325581396,680.1279069767443,926.735788113695
2,382,0.2953914310021679,0.30000000000000004,10,3.202196382428941,32.02196382428941,0.1,10,3.197674418604651,31.97674418604651,0.045219638242897986,31.97674418604651,32.02196382428941,32.235142118863045,42.441860465116285,42.441860465116285
2,383,0.03539531656537559,0.30000000000000004,11,3.198966408268734,35.18863049095607,0.1,11,3.147932816537468,34.627260981912144,0.5613695090439279,34.627260981912144,35.18863049095607,35.41602067183462,46.97739018087855,46.97739018087855
2,384,-0.015573670944794449,0.30000000000000004,11,3.2196382428940566,35.41602067183462,0.1,11,3.1621447028423773,34.78359173126615,0.6324289405684738,34.78359173126615,35.41602067183462,35.68604651162791,47.304263565891475,46.97739018087855
2,385,0.09613734980006433,0.30000000000000004,10,3.197674418604651,31.97674418604651,0.1,10,3.147932816537468,31.479328165374678,0.49741602067183166,31.479328165374678,31.97674418604651,32.19638242894057,42.700258397932814,42.700258397932814
2,386,-0.017814404299435038,0.30000000000000004,11,3.2196382428940566,35.41602067183462,0.1,11,3.1621447028423773,34.78359173126615,0.6324289405684738,34.78359173126615,35.41602067183462,35.68604651162791,47.304263565891475,46.97739018087855
2,387,0.11211945002315252,0.30000000000000004,11,3.1724806201550386,34.89728682170542,0.1,11,3.144702842377261,34.59173126614987,0.30555555555555003,34.59173126614987,34.89728682170542,35.08204134366925,46.9702842377261,46.9702842377261
2,388,-0.0708881423480761,0.30000000000000004,361,3.2260981912144704,1164.6214470284237,0.1,15,3.1621447028423773,47.43217054263566,1117.189276485788,47.43217054263566,1164.6214470284237,1243.5284237726098,1325.2267441860465,1340.9909560723513
2,389,0.41152611111756154,0.30000000000000004,10,3.1705426356589146,31.705426356589147,0.1,10,3.127906976744186,31.279069767441857,0.42635658914728936,31.279069767441857,31.589147286821703,31.705426356589147,42.13824289405685,42.13824289405685
2,390,-0.13138349336949343,0.30000000000000004,47,3.20671834625323,150.71576227390182,0.25,47,3.20671834625323,150.71576227390182,0.0,347.8359173126615,150.71576227390182,265.9967700258398,221.14147286821705,678.6563307493541
2,391,-0.12807925137639373,0.30000000000000004,49,3.210594315245478,157.31912144702844,0.25,49,3.210594315245478,157.31912144702844,0.0,230.83656330749355,157.31912144702844,278.8158914728682,225.31395348837208,623.2306201550388
2,392,-0.14487329419574324,0.30000000000000004,60,3.204780361757106,192.28682170542635,0.25,60,3.204780361757106,192.28682170542635,0.0,1305.9657622739019,192.28682170542635,192.28682170542635,270.9593023255814,640.5794573643411
2,393,0.17252535939134847,0.30000000000000004,10,3.169250645994832,31.692506459948323,0.1,10,3.144702842377261,31.447028423772608,0.24547803617571518,31.447028423772608,31.692506459948323,32.151162790697676,39.41860465116279,42.700258397932814
2,394,-0.08400546310859507,0.30000000000000004,232,3.25,754.0,0.1,15,3.204780361757106,48.07170542635659,705.9282945736434,48.07170542635659,746.0251937984497,754.0,4077.015503875969,952.359819121447
2,395,-0.10720954417553177,0.30000000000000004,103,3.249354005167959,334.68346253229976,0.1,22,3.204780361757106,70.50516795865633,264.1782945736434,70.50516795865633,328.6414728682171,545.5658914728682,415.8617571059431,843.4186046511627
2,396,0.12221899309920672,0.30000000000000004,11,3.1711886304909562,34.883074935400515,0.1,11,3.144702842377261,34.59173126614987,0.2913436692506437,34.59173126614987,34.883074935400515,35.23837209302326,46.9702842377261,46.9702842377261
2,397,0.022015504953848297,0.30000000000000004,11,3.2002583979328167,35.202842377260986,0.1,11,3.147932816537468,34.627260981912144,0.5755813953488413,34.627260981912144,35.202842377260986,35.49418604651163,46.97739018087855,46.97739018087855
2,398,-0.13988696427067732,0.30000000000000004,59,3.204780361757106,189.08204134366926,0.25,59,3.204780361757106,189.08204134366926,0.0,2381.09496124031,189.08204134366926,189.08204134366926,250.11627906976744,631.7099483204134
2,399,-0.1400639187941995,0.30000000000000004,59,3.204780361757106,189.08204134366926,0.25,59,3.204780361757106,189.08204134366926,0.0,2235.6363049095607,189.08204134366926,189.08204134366926,241.77906976744185,627.4702842377261
2,400,-0.09634012526469107,0.30000000000000004,151,3.20671834625323,484.21447028423773,0.1,15,3.1621447028423773,47.43217054263566,436.78229974160206,47.43217054263566,478.37855297157626,769.1472868217054,713.0555555555555,862.6757105943152
2,401,0.3235697676775934,0.30000000000000004,10,3.1770025839793283,31.770025839793284,0.1,10,3.143410852713178,31.43410852713178,0.33591731266150404,31.43410852713178,31.524547803617573,31.89922480620155,42.441860465116285,42.441860465116285
2,402,-0.13448360421596028,0.30000000000000004,82,3.248708010335917,266.3940568475452,0.25,47,3.251291989664083,152.8107235142119,113.58333333333329,13055.701550387597,152.8107235142119,266.3940568475452,337.656976744186,691.0652454780361
2,403,0.16052831511278423,0.30000000000000004,10,3.169250645994832,31.692506459948323,0.1,10,3.144702842377261,31.447028423772608,0.24547803617571518,31.447028423772608,31.692506459948323,32.151162790697676,42.700258397932814,42.700258397932814
2,404,-0.0112760334422983,0.30000000000000004,11,3.2138242894056845,35.35206718346253,0.1,11,3.1621447028423773,34.78359173126615,0.5684754521963811,34.78359173126615,35.35206718346253,35.65762273901809,47.39664082687339,46.97739018087855
2,405,-0.01733938913575256,0.30000000000000004,11,3.2196382428940566,35.41602067183462,0.1,11,3.1621447028423773,34.78359173126615,0.6324289405684738,34.78359173126615,35.41602067183462,35.68604651162791,47.304263565891475,46.97739018087855
2,406,0.019362580712651623,0.30000000000000004,11,3.2002583979328167,35.202842377260986,0.1,11,3.147932816537468,34.627260981912144,0.5755813953488413,34.627260981912144,35.202842377260986,35.50129198966408,46.97739018087855,46.97739018087855
2,407,-0.14977323382897995,0.30000000000000004,59,3.204780361757106,189.08204134366926,0.25,59,3.204780361757106,189.08204134366926,0.0,872.7519379844961,189.08204134366926,189.08204134366926,216.7674418604651,646.4941860465117
2,408,-0.13912206560231613,0.30000000000000004,50,3.2474160206718348,162.37080103359173,0.25,50,3.2474160206718348,162.37080103359173,0.0,4445.030361757106,162.37080103359173,162.37080103359173,324.79005167958655,644.4289405684754
2,409,-0.00885452512489504,0.30000000000000004,11,3.2138242894056845,35.35206718346253,0.1,11,3.1621447028423773,34.78359173126615,0.5684754521963811,34.78359173126615,35.35206718346253,35.65762273901809,47.39664082687339,46.97739018087855
2,410,-0.037808487423934695,0.30000000000000004,11,3.2196382428940566,35.41602067183462,0.1,11,3.1621447028423773,34.78359173126615,0.6324289405684738,34.78359173126615,35.35917312661499,35.671834625322994,47.31847545219638,46.97739018087855
2,411,-0.09993356055364201,0.30000000000000004,132,3.20671834625323,423.28682170542635,0.1,18,3.1621447028423773,56.91860465116279,366.36821705426354,56.91860465116279,417.3772609819122,679.4134366925065,625.1647286821706,832.781007751938
2,412,0.22341591572507266,0.30000000000000004,10,3.202196382428941,32.02196382428941,0.1,10,3.197674418604651,31.97674418604651,0.045219638242897986,31.97674418604651,32.02196382428941,32.12532299741602,42.68733850129199,42.68733850129199
2,413,0.06047576341336408,0.30000000000000004,11,3.202842377260982,35.231266149870805,0.1,11,3.147932816537468,34.627260981912144,0.6040051679586611,34.627260981912144,35.18863049095607,35.41602067183462,46.9702842377261,46.9702842377261
2,414,-0.08856890596506309,0.30000000000000004,192,3.25,624.0,0.1,15,3.204780361757106,48.07170542635659,575.9282945736434,48.07170542635659,615.8372093023255,624.0,516.6279069767442,913.923772609819
2,415,0.06040147725808931,0.30000000000000004,11,3.202842377260982,35.231266149870805,0.1,11,3.147932816537468,34.627260981912144,0.6040051679586611,34.627260981912144,35.18863049095607,35.41602067183462,46.9702842377261,46.9702842377261
2,416,0.04342507920002711,0.30000000000000004,11,3.198966408268734,35.18863049095607,0.1,11,3.147932816537468,34.627260981912144,0.5613695090439279,34.627260981912144,35.18863049095607,35.41602067183462,46.97739018087855,46.97739018087855
2,417,-0.02863966396211634,0.30000000000000004,11,3.2635658914728682,35.89922480620155,0.1,11,3.20671834625323,35.27390180878553,0.6253229974160206,35.27390180878553,35.89922480620155,35.89922480620155,47.31847545219638,46.97739018087855
2,418,-0.1463697221011428,0.30000000000000004,49,3.204780361757106,157.03423772609818,0.25,49,3.204780361757106,157.03423772609818,0.0,1511.5051679586563,157.03423772609818,157.03423772609818,1469.0,640.3843669250647
2,419,-0.06075546863768326,0.30000000000000004,1115,3.25968992248062,3634.5542635658917,0.5,821,3.852067183462532,3162.5471576227387,472.00710594315296,32047.80361757106,3913.790051679586,3634.5542635658917,3162.5471576227387,3519.033591731266
2,420,0.033537103116315,0.30000000000000004,11,3.198966408268734,35.18863049095607,0.1,11,3.147932816537468,34.627260981912144,0.5613695090439279,34.627260981912144,35.18863049095607,35.42312661498708,46.97739018087855,46.97739018087855
2,421,0.10266859724828611,0.30000000000000004,11,3.1731266149870803,34.90439276485788,0.1,11,3.144702842377261,34.59173126614987,0.3126614987080103,34.59173126614987,34.90439276485788,35.08914728682171,46.9702842377261,46.9702842377261
2,422,0.14823807227421223,0.30000000000000004,10,3.169250645994832,31.692506459948323,0.1,10,3.144702842377261,31.447028423772608,0.24547803617571518,31.447028423772608,31.692506459948323,32.002583979328165,42.700258397932814,42.700258397932814
2,423,-0.1431500511956193,0.30000000000000004,59,3.204780361757106,189.08204134366926,0.25,59,3.204780361757106,189.08204134366926,0.0,328.8630490956072,189.08204134366926,189.08204134366926,266.7906976744186,593.0103359173127
2,424,-0.13670216932547258,0.30000000000000004,39,3.249354005167959,126.7248062015504,0.25,39,3.25,126.75,-0.025193798449606675,16744.97739018088,126.75,230.56653746770027,347.71640826873386,674.1065891472867
2,425,-0.08244201424784553,0.30000000000000004,245,3.210594315245478,786.5956072351421,0.1,13,3.1621447028423773,41.1078811369509,745.4877260981912,41.1078811369509,778.2144702842377,785.8042635658915,1185.8391472868218,969.4425064599483
2,426,0.4011894755523726,0.30000000000000004,10,3.191860465116279,31.918604651162788,0.25,10,3.191860465116279,31.918604651162788,0.0,31.93798449612403,31.918604651162788,32.17054263565891,42.25452196382429,42.25452196382429
2,427,-0.1353837341139816,0.30000000000000004,43,3.249354005167959,139.72222222222223,0.25,43,3.25,139.75,-0.027777777777771462,3669.4735142118866,139.75,246.80361757105945,225.55684754521963,682.5859173126614
2,428,0.033853511124186025,0.30000000000000004,11,3.2435400516795867,35.678940568475454,0.1,11,3.204134366925065,35.24547803617571,0.4334625322997425,35.24547803617571,35.678940568475454,35.72868217054263,46.97739018087855,46.97739018087855
2,429,-0.01439476744195653,0.30000000000000004,11,3.2635658914728682,35.89922480620155,0.1,11,3.20671834625323,35.27390180878553,0.6253229974160206,35.27390180878553,35.906330749354005,35.89922480620155,47.39664082687339,46.97739018087855
2,430,-0.04358924566089199,0.30000000000000004,11,3.25968992248062,35.85658914728682,0.4,11,3.25968992248062,35.85658914728682,0.0,38.457364341085274,35.86369509043927,35.85658914728682,65.34237726098192,59.78940568475452
2,431,-0.13841259636698802,0.30000000000000004,60,3.2474160206718348,194.84496124031008,0.25,60,3.2474160206718348,194.84496124031008,0.0,5816.676356589147,194.84496124031008,194.84496124031008,332.4321705426356,652.90826873385
2,432,-0.14985587905717052,0.30000000000000004,69,3.2474160206718348,224.0717054263566,0.25,69,3.2474160206718348,224.0717054263566,0.0,1118.46834625323,224.0717054263566,224.0717054263566,1374.5710594315244,646.4941860465117
2,433,-0.09553206394531638,0.30000000000000004,155,3.20671834625323,497.04134366925064,0.1,15,3.1621447028423773,47.43217054263566,449.60917312661496,47.43217054263566,491.22093023255815,791.5807493540052,729.8333333333334,866.9463824289405
2,434,0.3462368952410044,0.30000000000000004,10,3.1770025839793283,31.770025839793284,0.1,10,3.143410852713178,31.43410852713178,0.33591731266150404,31.43410852713178,31.524547803617573,31.89922480620155,42.441860465116285,42.441860465116285
2,435,0.179138542740477,0.30000000000000004,10,3.169250645994832,31.692506459948323,0.1,10,3.144702842377261,31.447028423772608,0.24547803617571518,31.447028423772608,31.692506459948323,32.151162790697676,42.700258397932814,42.700258397932814
2,436,-0.12320569988700296,0.30000000000000004,39,3.210594315245478,125.21317829457365,0.25,39,3.210594315245478,125.21317829457365,0.0,145.45865633074936,125.21317829457365,230.74418604651163,208.62403100775194,506.2112403100775
2,437,-0.13406664790387893,0.30000000000000004,43,3.20671834625323,137.88888888888889,0.25,43,3.20671834625323,137.88888888888889,0.0,932.8326873385013,137.88888888888889,246.76808785529715,341.8255813953488,695.3049095607234
2,438,0.022702522034281525,0.30000000000000004,11,3.2002583979328167,35.202842377260986,0.1,11,3.147932816537468,34.627260981912144,0.5755813953488413,34.627260981912144,35.202842377260986,35.49418604651163,46.97739018087855,46.97739018087855
2,439,-0.09442079173687062,0.30000000000000004,162,3.20671834625323,519.4883720930233,0.1,16,3.1621447028423773,50.594315245478036,468.89405684754524,50.594315245478036,510.484496124031,823.6285529715763,3684.713178294574,871.2170542635658
2,440,0.09968685207746095,0.30000000000000004,10,3.1731266149870803,31.7312661498708,0.1,10,3.144702842377261,31.447028423772608,0.2842377260981941,31.447028423772608,31.7312661498708,31.912144702842376,42.700258397932814,42.700258397932814
2,441,0.21967159160281,0.30000000000000004,10,3.152454780361757,31.524547803617573,0.1,10,3.143410852713178,31.43410852713178,0.09043927648579242,31.43410852713178,31.55684754521964,31.95090439276486,42.68733850129199,42.68733850129199
2,442,-0.04758826749669212,0.30000000000000004,12,3.2196382428940566,38.63565891472868,0.1,12,3.1621447028423773,37.945736434108525,0.6899224806201545,37.945736434108525,45.002583979328165,61.614987080103354,77.43023255813954,81.14276485788113
2,443,0.20578501812973107,0.30000000000000004,10,3.152454780361757,31.524547803617573,0.1,10,3.143410852713178,31.43410852713178,0.09043927648579242,31.43410852713178,31.55684754521964,31.95736434108527,42.700258397932814,42.700258397932814
2,444,-0.045394142867475354,0.30000000000000004,11,3.2196382428940566,35.41602067183462,0.1,11,3.1621447028423773,34.78359173126615,0.6324289405684738,34.78359173126615,38.57364341085271,51.88630490956072,64.5251937984496,68.33074935400516
2,445,-0.14983271168972637,0.30000000000000004,69,3.2474160206718348,224.0717054263566,0.25,69,3.2474160206718348,224.0717054263566,0.0,1118.46834625323,224.0717054263566,224.0717054263566,1382.1653746770025,646.4941860465117
2,446,-0.14671037313650162,0.30000000000000004,54,3.204780361757106,173.05813953488374,0.25,54,3.204780361757106,173.05813953488374,0.0,1435.6136950904393,173.05813953488374,173.05813953488374,262.6220930232558,640.3843669250647
2,447,-0.021058582465786152,0.30000000000000004,10,3.2196382428940566,32.19638242894057,0.1,10,3.1621447028423773,31.621447028423773,0.574935400516793,31.621447028423773,32.19638242894057,32.44186046511628,43.00387596899225,42.706718346253226
2,448,-0.05368404347941594,0.30000000000000004,73,3.2196382428940566,235.03359173126614,0.1,49,3.1621447028423773,154.9450904392765,80.08850129198964,154.9450904392765,321.4470284237726,309.7357881136951,567.8217054263565,606.4354005167959
2,449,-0.14559246328430991,0.30000000000000004,58,3.204780361757106,185.87726098191214,0.25,58,3.204780361757106,185.87726098191214,0.0,1609.53165374677,185.87726098191214,185.87726098191214,266.7906976744186,640.3843669250647
2,450,-0.027641946917449214,0.30000000000000004,11,3.2196382428940566,35.41602067183462,0.1,11,3.1621447028423773,34.78359173126615,0.6324289405684738,34.78359173126615,35.35917312661499,35.75710594315245,47.31847545219638,46.97739018087855
2,451,-0.07035601739273288,0.30000000000000004,380,3.2661498708010335,1241.1369509043927,0.1,15,3.204780361757106,48.07170542635659,1193.065245478036,48.07170542635659,1291.953488372093,1334.0058139534883,801.4987080103359,1383.6976744186045
2,452,-0.12646812430875495,0.30000000000000004,49,3.210594315245478,157.31912144702844,0.25,49,3.210594315245478,157.31912144702844,0.0,173.91795865633074,157.31912144702844,278.8158914728682,225.31395348837208,582.4270025839793
2,453,0.0517618796886056,0.30000000000000004,11,3.202842377260982,35.231266149870805,0.1,11,3.147932816537468,34.627260981912144,0.6040051679586611,34.627260981912144,35.18863049095607,35.41602067183462,42.700258397932814,42.700258397932814
2,454,0.21443741957767057,0.30000000000000004,10,3.152454780361757,31.524547803617573,0.1,10,3.143410852713178,31.43410852713178,0.09043927648579242,31.43410852713178,31.55684754521964,31.95736434108527,42.700258397932814,42.700258397932814
2,455,-0.14747585497504379,0.30000000000000004,60,3.204780361757106,192.28682170542635,0.25,60,3.204780361757106,192.28682170542635,0.0,1277.5064599483203,192.28682170542635,192.28682170542635,254.28488372093022,640.3843669250647
2,456,0.35017159546890764,0.30000000000000004,10,3.1770025839793283,31.770025839793284,0.1,10,3.143410852713178,31.43410852713178,0.33591731266150404,31.43410852713178,31.51808785529716,31.89922480620155,42.441860465116285,42.441860465116285
2,457,-0.1260135052734613,0.30000000000000004,53,3.237080103359173,171.56524547803616,0.25,53,3.238372093023256,171.63372093023256,-0.06847545219639528,340.1466408268734,171.63372093023256,303.7997416020672,279.9748062015504,578.1757105943152
2,458,-0.14443017416177953,0.30000000000000004,60,3.204780361757106,192.28682170542635,0.25,60,3.204780361757106,192.28682170542635,0.0,1122.561369509044,192.28682170542635,192.28682170542635,270.9593023255814,593.0103359173127
2,459,-0.12713861702134116,0.30000000000000004,49,3.210594315245478,157.31912144702844,0.25,49,3.210594315245478,157.31912144702844,0.0,202.37726098191214,157.31912144702844,278.8158914728682,225.31395348837208,627.4702842377261
2,460,-0.12103415773338203,0.30000000000000004,50,3.2525839793281652,162.62919896640827,0.1,39,3.204780361757106,124.98643410852713,37.64276485788113,124.98643410852713,162.69379844961242,289.0200258397933,243.92764857881136,715.0852713178296
2,461,-0.143886263853613,0.30000000000000004,60,3.204780361757106,192.28682170542635,0.25,60,3.204780361757106,192.28682170542635,0.0,885.4005167958657,192.28682170542635,192.28682170542635,266.7906976744186,593.0103359173127
2,462,-0.13099644120917955,0.30000000000000004,50,3.249354005167959,162.46770025839794,0.25,50,3.25,162.5,-0.03229974160205984,362.140180878553,162.5,285.77260981912144,252.48837209302326,691.0652454780361
2,463,-0.1422500645960541,0.30000000000000004,55,3.2474160206718348,178.6078811369509,0.25,55,3.2474160206718348,178.6078811369509,0.0,1765.8339793281655,178.6078811369509,178.6078811369509,1590.4677002583978,587.8766149870802
2,464,-0.149950153230877,0.30000000000000004,63,3.204780361757106,201.90116279069767,0.25,63,3.204780361757106,201.90116279069767,0.0,841.1304909560723,201.90116279069767,201.90116279069767,212.59883720930233,646.4941860465117
2,465,-0.004205373372571125,0.30000000000000004,11,3.244186046511628,35.68604651162791,0.1,11,3.204134366925065,35.24547803617571,0.4405684754521957,35.24547803617571,35.68604651162791,35.68604651162791,47.68087855297158,46.97739018087855
2,466,0.05467760734229443,0.30000000000000004,11,3.242894056847545,35.671834625322994,0.1,11,3.204134366925065,35.24547803617571,0.42635658914728225,35.24547803617571,35.671834625322994,35.71447028423773,46.9702842377261,46.9702842377261
2,467,-0.11787915277051966,0.30000000000000004,64,3.2073643410852712,205.27131782945736,0.1,28,3.1621447028423773,88.54005167958657,116.73126614987079,88.54005167958657,202.2674418604651,349.32105943152453,242.00387596899225,784.4961240310076
2,468,0.37640342985552344,0.30000000000000004,10,3.1925064599483206,31.925064599483207,0.1,10,3.143410852713178,31.43410852713178,0.4909560723514268,31.43410852713178,31.65374677002584,31.89922480620155,42.435400516795866,42.435400516795866
2,469,0.015715426540157562,0.30000000000000004,11,3.2002583979328167,35.202842377260986,0.1,11,3.147932816537468,34.627260981912144,0.5755813953488413,34.627260981912144,35.202842377260986,35.47286821705426,42.706718346253226,42.706718346253226
2,470,0.15802502474062455,0.30000000000000004,10,3.169250645994832,31.692506459948323,0.1,10,3.144702842377261,31.447028423772608,0.24547803617571518,31.447028423772608,31.692506459948323,32.03488372093023,42.700258397932814,42.700258397932814
2,471,-0.11109184683210857,0.30000000000000004,87,3.2073643410852712,279.0406976744186,0.1,25,3.1621447028423773,79.05361757105943,199.98708010335918,79.05361757105943,272.90051679586566,464.6931524547804,383.86821705426354,649.953488372093
2,472,-0.1454301716752202,0.30000000000000004,59,3.204780361757106,189.08204134366926,0.25,59,3.204780361757106,189.08204134366926,0.0,1543.12661498708,189.08204134366926,189.08204134366926,266.7906976744186,640.3843669250647
2,473,0.33250519297225845,0.30000000000000004,10,3.197674418604651,31.97674418604651,0.1,10,3.186046511627907,31.86046511627907,0.11627906976744029,31.86046511627907,31.98320413436693,32.325581395348834,39.17312661498708,42.441860465116285
2,474,0.05426715367496668,0.30000000000000004,11,3.202842377260982,35.231266149870805,0.1,11,3.147932816537468,34.627260981912144,0.6040051679586611,34.627260981912144,35.18863049095607,35.41602067183462,46.9702842377261,46.9702842377261
2,475,-0.14792871485471118,0.30000000000000004,62,3.204780361757106,198.69638242894058,0.25,62,3.204780361757106,198.69638242894058,0.0,1195.2906976744187,198.69638242894058,198.69638242894058,250.11627906976744,644.6253229974161
2,476,-0.09663428450480997,0.30000000000000004,241,3.2474160206718348,782.6272609819122,0.1,17,3.204780361757106,54.481266149870805,728.1459948320414,54.481266149870805,484.7312661498708,782.6272609819122,564.7519379844962,858.4050387596899
2,477,-0.03130155125208395,0.30000000000000004,11,3.2196382428940566,35.41602067183462,0.1,11,3.1621447028423773,34.78359173126615,0.6324289405684738,34.78359173126615,35.35917312661499,35.671834625322994,47.31847545219638,46.97739018087855
2,478,-0.11824221029380172,0.30000000000000004,62,3.2073643410852712,198.85658914728683,0.1,32,3.1621447028423773,101.18863049095607,97.66795865633075,101.18863049095607,195.84625322997417,342.91149870801036,237.8313953488372,775.9689922480619
2,479,-0.05660927052646651,0.30000000000000004,3580,3.25968992248062,11669.68992248062,0.1,550,3.204780361757106,1762.6291989664082,9907.060723514212,1762.6291989664082,12567.215762273901,11669.68992248062,10581.628552971575,10992.70930232558
2,480,0.24613290792774847,0.30000000000000004,10,3.167312661498708,31.673126614987083,0.1,10,3.143410852713178,31.43410852713178,0.2390180878553032,31.43410852713178,31.55684754521964,31.918604651162788,42.571059431524546,42.571059431524546
2,481,-0.1483463465107068,0.2,60,3.1925064599483206,191.55038759689924,0.25,62,3.204780361757106,198.69638242894058,-7.145994832041339,1119.3992248062016,198.69638242894058,198.69638242894058,241.77906976744185,640.3843669250647
2,482,-0.08466251312995765,0.4,226,3.25,734.5,0.1,14,3.204780361757106,44.866925064599485,689.6330749354005,44.866925064599485,726.4786821705426,734.5,4024.018087855297,948.0891472868217
2,483,-0.1293798355071104,0.30000000000000004,51,3.249354005167959,165.7170542635659,0.25,51,3.25,165.75,-0.032945736434101036,282.0206718346253,165.75,292.2674418604651,253.12790697674419,585.4302325581396
2,484,-0.14673923989577,0.30000000000000004,54,3.204780361757106,173.05813953488374,0.25,54,3.204780361757106,173.05813953488374,0.0,1432.4515503875969,173.05813953488374,173.05813953488374,258.45348837209303,640.3843669250647
2,485,-0.14345360720700662,0.30000000000000004,60,3.2474160206718348,194.84496124031008,0.25,60,3.2474160206718348,194.84496124031008,0.0,1256.2739018087855,194.84496124031008,194.84496124031008,1548.7131782945735,593.0103359173127
2,486,-0.14223580771184266,0.30000000000000004,53,3.204780361757106,169.85335917312662,0.25,53,3.204780361757106,169.85335917312662,0.0,983.4270025839793,169.85335917312662,169.85335917312662,258.45348837209303,587.8766149870802
2,487,0.08338041446108288,0.30000000000000004,11,3.1983204134366927,35.18152454780362,0.1,11,3.147932816537468,34.627260981912144,0.5542635658914747,34.627260981912144,35.18152454780362,35.41602067183462,42.700258397932814,42.700258397932814
2,488,-0.05147979292802428,0.30000000000000004,22,3.2196382428940566,70.83204134366925,0.1,18,3.1621447028423773,56.91860465116279,13.913436692506458,56.91860465116279,93.21963824289406,145.9593023255814,167.765503875969,175.09754521963822
2,489,0.07328865202841045,0.30000000000000004,10,3.1983204134366927,31.98320413436693,0.1,10,3.147932816537468,31.479328165374678,0.5038759689922507,31.479328165374678,31.98320413436693,32.19638242894057,42.700258397932814,42.700258397932814
2,490,-0.13363027031007824,0.30000000000000004,46,3.237080103359173,148.90568475452196,0.25,46,3.238372093023256,148.96511627906978,-0.059431524547818526,31789.405684754525,148.96511627906978,265.01679586563307,237.02583979328165,695.3049095607234
2,491,0.26394270286409494,0.30000000000000004,10,3.165374677002584,31.65374677002584,0.1,10,3.143410852713178,31.43410852713178,0.2196382428940602,31.43410852713178,31.55684754521964,31.918604651162788,42.54521963824289,42.54521963824289
2,492,-0.14248916958719465,0.30000000000000004,55,3.2319121447028425,177.75516795865633,0.25,55,3.2319121447028425,177.75516795865633,0.0,1331.9760981912145,177.75516795865633,177.75516795865633,258.45348837209303,587.8766149870802
2,493,0.02789301241418815,0.30000000000000004,11,3.199612403100775,35.195736434108525,0.1,11,3.147932816537468,34.627260981912144,0.5684754521963811,34.627260981912144,35.195736434108525,35.42312661498708,46.97739018087855,46.97739018087855
2,494,-0.14386831204623446,0.30000000000000004,62,3.2319121447028425,200.37855297157623,0.25,62,3.2319121447028425,200.37855297157623,0.0,766.124677002584,200.37855297157623,200.37855297157623,1537.3255813953488,593.0103359173127
2,495,-0.1432024218348589,0.30000000000000004,59,3.204780361757106,189.08204134366926,0.25,59,3.204780361757106,189.08204134366926,0.0,449.02454780361757,189.08204134366926,189.08204134366926,266.7906976744186,593.0103359173127
2,496,-0.05389954741854895,0.30000000000000004,90,3.2196382428940566,289.7674418604651,0.1,59,3.1621447028423773,186.56653746770027,103.20090439276484,186.56653746770027,401.80878552971575,386.3714470284238,709.7771317829457,760.1795865633075
2,497,-0.14775943502303607,0.30000000000000004,61,3.204780361757106,195.49160206718346,0.25,61,3.204780361757106,195.49160206718346,0.0,1226.9121447028424,195.49160206718346,195.49160206718346,250.11627906976744,644.6253229974161
2,498,-0.09245643472970624,0.30000000000000004,280,3.2474160206718348,909.2764857881137,0.1,14,3.204780361757106,44.866925064599485,864.4095607235142,44.866925064599485,569.3152454780362,909.2764857881137,685.0103359173127,888.2997416020671
2,499,0.17397000314443342,0.30000000000000004,10,3.169250645994832,31.692506459948323,0.1,10,3.144702842377261,31.447028423772608,0.24547803617571518,31.447028423772608,31.692506459948323,32.151162790697676,42.700258397932814,42.700258397932814
2,500,-0.026093943792569477,0.30000000000000004,11,3.2196382428940566,35.41602067183462,0.1,11,3.1621447028423773,34.78359173126615,0.6324289405684738,34.78359173126615,35.35917312661499,35.68604651162791,47.31847545219638,46.97739018087855
