trial,instance,diagonal_shift,bandit_theta,bandit_iterations,bandit_cum_nnz_AP,bandit_WU,best_fixed_theta,best_fixed_iterations,best_fixed_cum_nnz_AP,best_fixed_WU,regret,theta_0.10_WU,theta_0.25_WU,theta_0.40_WU,theta_0.50_WU,theta_0.70_WU
1,1,-0.12462117572248728,0.30000000000000004,49,3.2525839793281652,159.3766149870801,0.1,46,3.204780361757106,147.41989664082686,11.95671834625324,147.41989664082686,159.43992248062017,282.5251937984496,213.43669250645993,586.8565891472869
1,2,0.013531093909363578,0.6,10,4.270671834625323,42.706718346253226,0.1,11,3.147932816537468,34.627260981912144,8.079457364341081,34.627260981912144,35.202842377260986,35.50129198966408,42.706718346253226,42.706718346253226
1,3,0.12535771702094553,0.7000000000000001,10,4.2700258397932815,42.700258397932814,0.1,10,3.144702842377261,31.447028423772608,11.253229974160206,31.447028423772608,31.711886304909562,32.03488372093023,42.700258397932814,42.700258397932814
1,4,-0.05476195747900779,0.6,10000,4.270671834625323,42706.71834625323,0.1,6967,3.1621447028423773,22030.66214470284,20676.056201550386,22030.66214470284,32196.382428940567,31931.52454780362,43003.87596899225,42706.71834625323
1,5,-0.04645288251637546,0.1,12,3.1789405684754524,38.14728682170543,0.25,11,3.244186046511628,35.68604651162791,2.461240310077521,38.14728682170543,35.68604651162791,35.68604651162791,73.12855297157623,72.60142118863048
1,6,-0.04118173007989524,0.9,11,4.2299741602067185,46.5297157622739,0.1,11,3.1621447028423773,34.78359173126615,11.746124031007753,34.78359173126615,35.35917312661499,35.671834625322994,47.31847545219638,46.97739018087855
1,7,0.20227124923692222,0.8,10,4.242248062015504,42.42248062015504,0.1,10,3.143410852713178,31.43410852713178,10.988372093023262,31.43410852713178,31.55684754521964,31.95736434108527,42.700258397932814,42.700258397932814
1,8,-0.1348522276941342,0.8,162,4.204780361757106,681.1744186046511,0.25,35,3.253875968992248,113.88565891472868,567.2887596899225,11985.12661498708,113.88565891472868,208.0826873385013,333.48837209302326,686.8255813953488
1,9,-0.038765136305500825,0.4,11,3.242894056847545,35.671834625322994,0.1,11,3.1621447028423773,34.78359173126615,0.8882428940568445,34.78359173126615,35.35917312661499,35.671834625322994,47.31847545219638,46.97739018087855
1,10,-0.11976764767812186,0.4,99,3.2474160206718348,321.49418604651163,0.1,35,3.204780361757106,112.16731266149871,209.3268733850129,112.16731266149871,182.2170542635659,321.49418604651163,282.04134366925064,750.3875968992247
1,11,0.045984646756720204,0.1,11,3.147932816537468,34.627260981912144,0.1,11,3.147932816537468,34.627260981912144,0.0,34.627260981912144,35.18863049095607,35.41602067183462,46.97739018087855,46.97739018087855
1,12,-0.10251375707797397,0.4,195,3.204780361757106,624.9321705426356,0.1,18,3.1621447028423773,56.91860465116279,568.0135658914728,56.91860465116279,378.85012919896644,624.9321705426356,529.7409560723514,815.6983204134366
1,13,-0.0903876933278285,0.5,175,4.195090439276486,734.140826873385,0.1,21,3.20671834625323,67.34108527131784,666.7997416020671,67.34108527131784,599.188630490956,955.8798449612403,734.140826873385,901.1117571059431
1,14,-0.08987572754769105,0.4,303,3.204780361757106,971.0484496124031,0.1,15,3.1621447028423773,47.43217054263566,923.6162790697675,47.43217054263566,610.0129198966408,971.0484496124031,746.7260981912145,901.1117571059431
1,15,0.15447068999567357,0.2,10,3.169250645994832,31.692506459948323,0.1,10,3.144702842377261,31.447028423772608,0.24547803617571518,31.447028423772608,31.692506459948323,31.996124031007753,42.700258397932814,42.700258397932814
1,16,-0.054468004763000274,0.9,1349,4.2299741602067185,5706.235142118863,0.1,525,3.1789405684754524,1668.9437984496126,4037.2913436692506,1668.9437984496126,2137.9186046511627,2137.9186046511627,5516.160206718346,5590.309431524547
1,17,-0.00021514180637938196,0.30000000000000004,11,3.2002583979328167,35.202842377260986,0.1,11,3.147932816537468,34.627260981912144,0.5755813953488413,34.627260981912144,35.202842377260986,35.46576227390181,48.36304909560724,46.97739018087855
1,18,0.1627588619624247,0.2,11,3.169250645994832,34.861757105943155,0.1,11,3.144702842377261,34.59173126614987,0.2700258397932842,34.59173126614987,34.861757105943155,35.366279069767444,46.9702842377261,46.9702842377261
1,19,-0.06558876227299099,0.2,594,3.231266149870801,1919.3720930232557,0.1,17,3.1660206718346253,53.82235142118863,1865.5497416020671,53.82235142118863,1870.15503875969,1955.798449612403,1602.4599483204133,1947.4263565891472
1,20,0.029418313237280114,0.8,11,4.243540051679586,46.67894056847545,0.1,11,3.147932816537468,34.627260981912144,12.051679586563303,34.627260981912144,35.195736434108525,35.42312661498708,46.97739018087855,46.97739018087855
1,21,-0.004885142177394969,0.2,11,3.1892764857881137,35.08204134366925,0.1,11,3.147932816537468,34.627260981912144,0.4547803617571091,34.627260981912144,35.202842377260986,35.46576227390181,47.36821705426356,46.97739018087855
1,22,0.027333378145265486,0.4,11,3.2202842377260983,35.42312661498708,0.1,11,3.147932816537468,34.627260981912144,0.7958656330749392,34.627260981912144,35.195736434108525,35.42312661498708,46.97739018087855,46.97739018087855
1,23,0.014261572671948636,0.30000000000000004,11,3.2002583979328167,35.202842377260986,0.1,11,3.147932816537468,34.627260981912144,0.5755813953488413,34.627260981912144,35.202842377260986,35.479974160206716,46.97739018087855,46.97739018087855
1,24,-0.1104773733819454,0.30000000000000004,89,3.2073643410852712,285.45542635658916,0.1,25,3.1621447028423773,79.05361757105943,206.40180878552974,79.05361757105943,279.3217054263566,474.30749354005167,392.21317829457365,663.1007751937984
1,25,-0.09722668442083857,0.30000000000000004,146,3.20671834625323,468.1808785529716,0.1,15,3.1621447028423773,47.43217054263566,420.7487080103359,47.43217054263566,462.3255813953489,746.7138242894057,687.8888888888889,854.1343669250646
1,26,-0.04267972791598339,0.4,12,3.242894056847545,38.91472868217054,0.1,11,3.1621447028423773,34.78359173126615,4.131136950904391,34.78359173126615,35.35917312661499,38.91472868217054,51.62015503875969,55.518733850129195
1,27,0.06318091228045158,0.1,11,3.147932816537468,34.627260981912144,0.1,11,3.147932816537468,34.627260981912144,0.0,34.627260981912144,35.24547803617571,35.41602067183462,42.700258397932814,42.700258397932814
1,28,-0.13016929133056782,0.7000000000000001,155,4.2409560723514215,657.3481912144704,0.25,48,3.20671834625323,153.92248062015506,503.4257105943153,290.9173126614987,153.92248062015506,275.61111111111114,225.31395348837208,657.3481912144704
1,29,-0.07489814105235561,0.7000000000000001,265,4.270671834625323,1131.7280361757105,0.1,13,3.1621447028423773,41.1078811369509,1090.6201550387595,41.1078811369509,979.9483204134366,971.7454780361757,1009.2248062015503,1131.7280361757105
1,30,-0.04926916405101507,0.2,19,3.202196382428941,60.84173126614988,0.1,15,3.1621447028423773,47.43217054263566,13.409560723514218,47.43217054263566,61.0749354005168,94.06266149870801,111.84366925064599,115.30813953488371
1,31,-0.008630941024088734,0.2,11,3.201550387596899,35.21705426356589,0.1,11,3.1621447028423773,34.78359173126615,0.4334625322997425,34.78359173126615,35.35206718346253,35.65762273901809,47.36821705426356,46.97739018087855
1,32,0.030150208122134037,0.30000000000000004,11,3.199612403100775,35.195736434108525,0.1,11,3.147932816537468,34.627260981912144,0.5684754521963811,34.627260981912144,35.195736434108525,35.42312661498708,46.97739018087855,46.97739018087855
1,33,-0.08469486013322865,0.1,15,3.204780361757106,48.07170542635659,0.1,15,3.204780361757106,48.07170542635659,0.0,48.07170542635659,723.2209302325581,731.25,4012.66149870801,943.8184754521964
1,34,0.004367075059278053,0.7000000000000001,11,4.270671834625323,46.97739018087855,0.1,11,3.147932816537468,34.627260981912144,12.350129198966407,34.627260981912144,35.202842377260986,35.46576227390181,48.36304909560724,46.97739018087855
1,35,-0.11422532726073317,0.7000000000000001,199,4.263565891472868,848.4496124031007,0.1,42,3.208010335917313,134.73643410852713,713.7131782945735,134.73643410852713,231.3003875968992,399.9089147286822,292.0736434108527,848.4496124031007
1,36,0.05503973790943595,0.2,11,3.198966408268734,35.18863049095607,0.1,11,3.147932816537468,34.627260981912144,0.5613695090439279,34.627260981912144,35.18863049095607,35.41602067183462,46.9702842377261,46.9702842377261
1,37,-0.05876919228469778,0.8,1217,4.243540051679586,5164.388242894056,0.4,1048,3.2170542635658914,3371.4728682170544,1792.9153746770016,8683.249354005167,5380.0155038759685,3371.4728682170544,5882.162144702843,5248.655684754522
1,38,0.11852052111717223,0.4,10,3.202196382428941,32.02196382428941,0.1,10,3.2002583979328167,32.002583979328165,0.01937984496124301,32.002583979328165,32.151162790697676,32.02196382428941,42.700258397932814,42.700258397932814
1,39,0.007097652738478122,0.5,11,4.270671834625323,46.97739018087855,0.1,11,3.147932816537468,34.627260981912144,12.350129198966407,34.627260981912144,35.202842377260986,35.46576227390181,46.97739018087855,46.97739018087855
1,40,-0.044569222217861706,0.5,14,4.301679586563307,60.223514211886304,0.1,11,3.1621447028423773,34.78359173126615,25.439922480620154,34.78359173126615,35.35917312661499,48.643410852713174,60.223514211886304,64.06007751937985
1,41,-0.08821826041179634,0.30000000000000004,207,3.20671834625323,663.7906976744187,0.1,13,3.1621447028423773,41.1078811369509,622.6828165374677,41.1078811369509,654.9612403100775,1038.3488372093022,805.4573643410853,918.1944444444443
1,42,-0.01630196165599407,0.5,11,3.8559431524547803,42.41537467700258,0.1,11,3.204780361757106,35.252583979328165,7.162790697674417,35.252583979328165,35.86369509043927,35.85658914728682,42.41537467700258,46.97739018087855
1,43,0.008702712360900922,0.5,11,4.270671834625323,46.97739018087855,0.1,11,3.147932816537468,34.627260981912144,12.350129198966407,34.627260981912144,35.202842377260986,35.46576227390181,46.97739018087855,46.97739018087855
1,44,-0.014582600314657662,0.5,11,3.8559431524547803,42.41537467700258,0.1,11,3.204780361757106,35.252583979328165,7.162790697674417,35.252583979328165,35.86369509043927,35.85658914728682,42.41537467700258,46.97739018087855
1,45,0.16022050050477168,0.30000000000000004,10,3.169250645994832,31.692506459948323,0.1,10,3.144702842377261,31.447028423772608,0.24547803617571518,31.447028423772608,31.692506459948323,32.151162790697676,42.700258397932814,42.700258397932814
1,46,0.019790182775177606,0.4,11,3.227390180878553,35.50129198966408,0.1,11,3.147932816537468,34.627260981912144,0.8740310077519382,34.627260981912144,35.202842377260986,35.50129198966408,46.97739018087855,46.97739018087855
1,47,-0.013351458817421974,0.2,11,3.251937984496124,35.77131782945737,0.1,11,3.208010335917313,35.288113695090445,0.4832041343669218,35.288113695090445,35.906330749354005,35.89922480620155,47.39664082687339,46.97739018087855
1,48,0.06650620938504759,0.5,10,4.2700258397932815,42.700258397932814,0.1,10,3.147932816537468,31.479328165374678,11.220930232558135,31.479328165374678,32.04134366925065,32.19638242894057,42.700258397932814,42.700258397932814
1,49,0.004398579524757029,0.30000000000000004,11,3.2002583979328167,35.202842377260986,0.1,11,3.147932816537468,34.627260981912144,0.5755813953488413,34.627260981912144,35.202842377260986,35.46576227390181,48.36304909560724,46.97739018087855
1,50,0.018707592848817678,0.1,11,3.147932816537468,34.627260981912144,0.1,11,3.147932816537468,34.627260981912144,0.0,34.627260981912144,35.202842377260986,35.47286821705426,46.97739018087855,46.97739018087855
1,51,0.1932674761103201,0.1,10,3.143410852713178,31.43410852713178,0.1,10,3.143410852713178,31.43410852713178,0.0,31.43410852713178,31.55684754521964,31.95736434108527,42.700258397932814,42.700258397932814
1,52,-0.06724025753498694,0.4,479,3.2674418604651163,1565.1046511627908,0.1,22,3.205426356589147,70.51937984496124,1494.5852713178297,70.51937984496124,1591.4302325581396,1565.1046511627908,1698.3488372093022,1695.4567183462532
1,53,-0.07879489023544414,0.5,266,3.87015503875969,1029.4612403100775,0.1,14,3.204780361757106,44.866925064599485,984.594315245478,44.866925064599485,796.1524547803618,794.8914728682171,1029.4612403100775,1024.9612403100775
1,54,0.027885602300391416,0.5,11,4.270671834625323,46.97739018087855,0.1,11,3.147932816537468,34.627260981912144,12.350129198966407,34.627260981912144,35.195736434108525,35.42312661498708,46.97739018087855,46.97739018087855
1,55,0.22021394685228826,0.2,10,3.155684754521964,31.55684754521964,0.1,10,3.143410852713178,31.43410852713178,0.12273901808785936,31.43410852713178,31.55684754521964,31.95090439276486,42.68733850129199,42.68733850129199
1,56,0.21854553594860063,0.5,10,4.268733850129199,42.68733850129199,0.1,10,3.143410852713178,31.43410852713178,11.25322997416021,31.43410852713178,31.55684754521964,31.95736434108527,42.68733850129199,42.68733850129199
1,57,-0.13750285303792614,0.1,2161,3.1621447028423773,6833.394702842377,0.25,34,3.20671834625323,109.02842377260983,6724.366279069767,6833.394702842377,109.02842377260983,198.69638242894058,304.3081395348837,665.6272609819121
1,58,0.024313694131075092,0.5,11,4.270671834625323,46.97739018087855,0.1,11,3.147932816537468,34.627260981912144,12.350129198966407,34.627260981912144,35.202842377260986,35.43023255813954,46.97739018087855,46.97739018087855
1,59,-0.08835012634635124,0.30000000000000004,205,3.20671834625323,657.3772609819122,0.1,14,3.1621447028423773,44.270025839793284,613.1072351421188,44.270025839793284,648.5400516795866,1028.734496124031,801.2622739018088,913.923772609819
1,60,-0.1226452340467093,0.9,166,4.227390180878553,701.7467700258397,0.25,38,3.210594315245478,122.00258397932816,579.7441860465116,142.29651162790697,122.00258397932816,221.1298449612403,204.45155038759688,506.2112403100775
1,61,0.03956233334340048,0.4,11,3.2196382428940566,35.41602067183462,0.1,11,3.147932816537468,34.627260981912144,0.7887596899224789,34.627260981912144,35.18863049095607,35.41602067183462,46.97739018087855,46.97739018087855
1,62,0.00978386761658534,0.7000000000000001,11,4.270671834625323,46.97739018087855,0.1,11,3.147932816537468,34.627260981912144,12.350129198966407,34.627260981912144,35.202842377260986,35.451550387596896,46.97739018087855,46.97739018087855
1,63,-0.14009488424100852,0.1,1006,3.204780361757106,3224.0090439276487,0.25,61,3.2474160206718348,198.09237726098192,3025.916666666667,3224.0090439276487,198.09237726098192,198.09237726098192,317.14793281653743,631.7099483204134
1,64,-0.011401305149336488,0.5,11,4.308785529715762,47.39664082687339,0.1,11,3.1621447028423773,34.78359173126615,12.613049095607238,34.78359173126615,35.35206718346253,35.65762273901809,47.39664082687339,46.97739018087855
1,65,0.07150426881660485,0.30000000000000004,11,3.1983204134366927,35.18152454780362,0.1,11,3.147932816537468,34.627260981912144,0.5542635658914747,34.627260981912144,35.18152454780362,35.41602067183462,42.700258397932814,42.700258397932814
1,66,-0.06970551753857351,0.2,408,3.2545219638242893,1327.84496124031,0.1,15,3.204780361757106,48.07170542635659,1279.7732558139535,48.07170542635659,1367.3720930232557,1399.2383720930234,882.4192506459948,1439.2164082687339
1,67,4.830862296223426e-05,0.2,11,3.1892764857881137,35.08204134366925,0.1,11,3.147932816537468,34.627260981912144,0.4547803617571091,34.627260981912144,35.202842377260986,35.46576227390181,48.36304909560724,46.97739018087855
1,68,0.16494136482173813,0.2,10,3.169250645994832,31.692506459948323,0.1,10,3.144702842377261,31.447028423772608,0.24547803617571518,31.447028423772608,31.692506459948323,32.151162790697676,42.700258397932814,42.700258397932814
1,69,-0.02926518592858557,0.7000000000000001,11,4.270671834625323,46.97739018087855,0.1,11,3.1621447028423773,34.78359173126615,12.193798449612402,34.78359173126615,35.35917312661499,35.671834625322994,47.31847545219638,46.97739018087855
1,70,-0.11488876466830539,0.5,87,3.8152454780361755,331.92635658914725,0.1,30,3.204780361757106,96.14341085271317,235.78294573643407,96.14341085271317,237.5329457364341,409.1744186046512,331.92635658914725,835.6589147286821
1,71,0.09644197292964951,0.30000000000000004,10,3.197674418604651,31.97674418604651,0.1,10,3.147932816537468,31.479328165374678,0.49741602067183166,31.479328165374678,31.97674418604651,32.19638242894057,42.700258397932814,42.700258397932814
1,72,0.0071102695013526285,0.2,11,3.1892764857881137,35.08204134366925,0.1,11,3.147932816537468,34.627260981912144,0.4547803617571091,34.627260981912144,35.202842377260986,35.46576227390181,46.97739018087855,46.97739018087855
1,73,-0.003791512386296103,0.4,11,3.24031007751938,35.64341085271318,0.1,11,3.2002583979328167,35.202842377260986,0.4405684754521957,35.202842377260986,35.64341085271318,35.64341085271318,47.68087855297158,46.97739018087855
1,74,-0.07452337983304903,0.9,269,4.2299741602067185,1137.8630490956073,0.1,17,3.1789405684754524,54.04198966408269,1083.8210594315246,54.04198966408269,993.7093023255815,985.6434108527131,1259.4521963824288,1148.8107235142118
1,75,-0.018930634585159395,0.2,11,3.202196382428941,35.22416020671835,0.1,11,3.1621447028423773,34.78359173126615,0.4405684754522028,34.78359173126615,35.41602067183462,35.68604651162791,47.304263565891475,46.97739018087855
1,76,-0.05877173098335972,0.30000000000000004,1649,3.2635658914728682,5381.62015503876,0.1,767,3.20671834625323,2459.5529715762273,2922.0671834625323,2459.5529715762273,5740.282299741602,5381.62015503876,5899.374031007753,5261.467700258398
1,77,-0.08038014532047152,0.5,243,4.295865633074936,1043.8953488372094,0.1,13,3.1621447028423773,41.1078811369509,1002.7874677002585,41.1078811369509,830.1666666666666,838.4709302325582,1043.8953488372094,999.3372093023255
1,78,-0.10706823164269642,0.7000000000000001,183,4.270671834625323,781.532945736434,0.1,21,3.1621447028423773,66.40503875968992,715.1279069767442,66.40503875968992,321.0594315245478,535.1983204134367,433.93798449612405,781.532945736434
1,79,-0.05926290816183781,0.7000000000000001,1103,4.270671834625323,4710.551033591731,0.1,1254,3.204780361757106,4018.794573643411,691.7564599483198,4018.794573643411,5304.344315245477,4922.131782945737,4322.019379844961,4710.551033591731
1,80,-0.0672263527551351,0.2,512,3.2138242894056845,1645.4780361757105,0.1,14,3.1621447028423773,44.270025839793284,1601.2080103359172,44.270025839793284,1590.4664082687339,1652.6686046511627,1702.637596899225,1699.7273901808785
1,81,-0.05918719960881287,0.30000000000000004,1528,3.25968992248062,4980.806201550387,0.1,1163,3.204780361757106,3727.1595607235145,1253.646640826873,3727.1595607235145,5369.628552971576,4980.806201550387,4375.948320413437,4761.799095607234
1,82,0.002887473954448827,0.1,11,3.204134366925065,35.24547803617571,0.1,11,3.204134366925065,35.24547803617571,0.0,35.24547803617571,35.68604651162791,35.68604651162791,48.36304909560724,46.97739018087855
1,83,0.3395356401144839,0.1,10,3.143410852713178,31.43410852713178,0.1,10,3.143410852713178,31.43410852713178,0.0,31.43410852713178,31.524547803617573,31.89922480620155,42.441860465116285,42.441860465116285
1,84,0.02341156700074412,0.1,11,3.147932816537468,34.627260981912144,0.1,11,3.147932816537468,34.627260981912144,0.0,34.627260981912144,35.202842377260986,35.49418604651163,46.97739018087855,46.97739018087855
1,85,-0.05141560068447952,0.5,39,4.301679586563307,167.765503875969,0.1,18,3.1621447028423773,56.91860465116279,110.84689922480621,56.91860465116279,93.21963824289406,145.9593023255814,167.765503875969,175.09754521963822
1,86,-0.01681824642496202,0.5,11,4.300387596899225,47.304263565891475,0.1,11,3.208010335917313,35.288113695090445,12.01614987080103,35.288113695090445,35.906330749354005,35.89922480620155,47.304263565891475,46.97739018087855
1,87,-0.002499080927014452,0.2,11,3.1892764857881137,35.08204134366925,0.1,11,3.147932816537468,34.627260981912144,0.4547803617571091,34.627260981912144,35.202842377260986,35.46576227390181,47.68087855297158,46.97739018087855
1,88,-0.0059436288676187055,0.2,11,3.1892764857881137,35.08204134366925,0.1,11,3.147932816537468,34.627260981912144,0.4547803617571091,34.627260981912144,35.202842377260986,35.46576227390181,47.36821705426356,46.97739018087855
1,89,0.004411583338286673,0.5,11,4.396640826873385,48.36304909560724,0.1,11,3.147932816537468,34.627260981912144,13.735788113695094,34.627260981912144,35.202842377260986,35.46576227390181,48.36304909560724,46.97739018087855
1,90,-0.07988537937914302,0.5,243,4.295865633074936,1043.8953488372094,0.1,14,3.1621447028423773,44.270025839793284,999.6253229974161,44.270025839793284,724.7093023255813,723.4011627906976,1043.8953488372094,1003.6078811369508
1,91,-0.001904973433670798,0.5,11,4.334625322997416,47.68087855297158,0.1,11,3.147932816537468,34.627260981912144,13.053617571059434,34.627260981912144,35.202842377260986,35.46576227390181,47.68087855297158,46.97739018087855
1,92,0.041883971907849815,0.1,11,3.147932816537468,34.627260981912144,0.1,11,3.147932816537468,34.627260981912144,0.0,34.627260981912144,35.18863049095607,35.41602067183462,46.97739018087855,46.97739018087855
1,93,0.05902497370923909,0.5,11,4.2700258397932815,46.9702842377261,0.1,11,3.147932816537468,34.627260981912144,12.343023255813954,34.627260981912144,35.18863049095607,35.41602067183462,46.9702842377261,46.9702842377261
1,94,0.028128119795398893,0.5,11,4.270671834625323,46.97739018087855,0.1,11,3.147932816537468,34.627260981912144,12.350129198966407,34.627260981912144,35.195736434108525,35.42312661498708,46.97739018087855,46.97739018087855
1,95,-0.03634405502786625,0.5,11,3.8559431524547803,42.41537467700258,0.1,11,3.1621447028423773,34.78359173126615,7.631782945736433,34.78359173126615,35.35917312661499,35.671834625322994,42.41537467700258,46.97739018087855
1,96,0.08353606328919164,0.5,11,4.2700258397932815,46.9702842377261,0.1,11,3.147932816537468,34.627260981912144,12.343023255813954,34.627260981912144,35.18152454780362,35.41602067183462,46.9702842377261,46.9702842377261
1,97,-0.10795258517301215,0.5,102,4.172480620155039,425.59302325581393,0.1,19,3.1621447028423773,60.08074935400517,365.5122739018088,60.08074935400517,311.4276485788114,519.1744186046511,425.59302325581393,718.1408268733851
1,98,-0.012285440778913248,0.5,11,3.8559431524547803,42.41537467700258,0.1,11,3.204780361757106,35.252583979328165,7.162790697674417,35.252583979328165,35.86369509043927,35.85658914728682,42.41537467700258,46.97739018087855
1,99,-0.09460464488192952,0.5,890,4.112403100775194,3660.0387596899227,0.1,16,3.1621447028423773,50.594315245478036,3609.444444444445,50.594315245478036,507.2739018087855,817.218992248062,3660.0387596899227,871.2170542635658
1,100,-0.09305005172313667,0.2,171,3.195736434108527,546.4709302325581,0.1,15,3.1621447028423773,47.43217054263566,499.0387596899224,47.43217054263566,539.3798449612403,865.2906976744187,794.8578811369509,879.7583979328165
1,101,0.23634913026555973,0.1,10,3.143410852713178,31.43410852713178,0.1,10,3.143410852713178,31.43410852713178,0.0,31.43410852713178,31.55684754521964,31.918604651162788,42.68733850129199,42.68733850129199
1,102,-0.0014277602564363723,0.2,11,3.193152454780362,35.12467700258398,0.1,11,3.1531007751937983,34.684108527131784,0.4405684754521957,34.684108527131784,35.24547803617571,35.50129198966408,47.68087855297158,46.97739018087855
1,103,-0.011252128958902097,0.5,11,4.308785529715762,47.39664082687339,0.1,11,3.1621447028423773,34.78359173126615,12.613049095607238,34.78359173126615,35.35206718346253,35.65762273901809,47.39664082687339,46.97739018087855
1,104,0.008702521374669536,0.7000000000000001,11,4.270671834625323,46.97739018087855,0.1,11,3.147932816537468,34.627260981912144,12.350129198966407,34.627260981912144,35.202842377260986,35.46576227390181,46.97739018087855,46.97739018087855
1,105,-9.223087042373179e-05,0.7000000000000001,11,4.270671834625323,46.97739018087855,0.1,11,3.147932816537468,34.627260981912144,12.350129198966407,34.627260981912144,35.202842377260986,35.46576227390181,48.36304909560724,46.97739018087855
1,106,0.15334851219423298,0.5,10,4.2700258397932815,42.700258397932814,0.1,10,3.144702842377261,31.447028423772608,11.253229974160206,31.447028423772608,31.692506459948323,32.002583979328165,42.700258397932814,42.700258397932814
1,107,-0.09293211850524667,0.1,17,3.204780361757106,54.481266149870805,0.1,17,3.204780361757106,54.481266149870805,0.0,54.481266149870805,559.5555555555555,889.7919896640827,3842.4896640826873,884.0290697674418
1,108,0.17242906365450714,0.5,10,4.2700258397932815,42.700258397932814,0.1,10,3.2002583979328167,32.002583979328165,10.697674418604649,32.002583979328165,32.13178294573643,32.11886304909561,42.700258397932814,42.700258397932814
1,109,0.08256979249541349,0.1,11,3.147932816537468,34.627260981912144,0.1,11,3.147932816537468,34.627260981912144,0.0,34.627260981912144,35.18152454780362,35.41602067183462,46.9702842377261,46.9702842377261
1,110,-0.06416905461773385,0.8,516,4.243540051679586,2189.6666666666665,0.1,19,3.1621447028423773,60.08074935400517,2129.5859173126614,60.08074935400517,2180.842377260982,2272.577519379845,2251.5988372093025,2237.832041343669
1,111,-0.03224823749495084,0.5,11,3.8559431524547803,42.41537467700258,0.1,11,3.204780361757106,35.252583979328165,7.162790697674417,35.252583979328165,35.86369509043927,35.85658914728682,42.41537467700258,46.97739018087855
1,112,-0.11696076408516937,0.2,67,3.2416020671834627,217.187338501292,0.1,31,3.204780361757106,99.34819121447029,117.83914728682171,99.34819121447029,214.75581395348837,373.452842377261,312.8501291989664,797.2868217054263
1,113,-0.11891060912678689,0.2,60,3.195736434108527,191.74418604651163,0.1,35,3.1621447028423773,110.6750645994832,81.06912144702842,110.6750645994832,189.42506459948322,330.0923772609819,225.31395348837208,763.1782945736434
1,114,-0.10937308590333919,0.4,154,3.204780361757106,493.5361757105943,0.1,22,3.1621447028423773,69.5671834625323,423.968992248062,69.5671834625323,292.1640826873385,493.5361757105943,404.73062015503876,768.8992248062016
1,115,0.1682488331307652,0.5,10,4.2700258397932815,42.700258397932814,0.1,10,3.144702842377261,31.447028423772608,11.253229974160206,31.447028423772608,31.692506459948323,32.151162790697676,42.700258397932814,42.700258397932814
1,116,-0.04057306119123552,0.5,12,4.301679586563307,51.62015503875969,0.1,11,3.1621447028423773,34.78359173126615,16.83656330749354,34.78359173126615,35.35917312661499,42.15762273901809,51.62015503875969,55.518733850129195
1,117,0.17418393372343696,0.5,10,4.2700258397932815,42.700258397932814,0.1,10,3.144702842377261,31.447028423772608,11.253229974160206,31.447028423772608,31.692506459948323,32.151162790697676,42.700258397932814,42.700258397932814
1,118,0.030869871308202984,0.5,10,4.270671834625323,42.706718346253226,0.1,11,3.147932816537468,34.627260981912144,8.079457364341081,34.627260981912144,35.195736434108525,35.42312661498708,42.706718346253226,42.706718346253226
1,119,-0.06954483377958665,0.4,426,3.2215762273901807,1372.391472868217,0.1,13,3.1621447028423773,41.1078811369509,1331.2835917312661,41.1078811369509,1300.1175710594316,1372.391472868217,1441.0232558139535,1452.0284237726098
1,120,-0.07123415834566357,0.30000000000000004,355,3.2661498708010335,1159.4832041343668,0.1,16,3.204780361757106,51.276485788113696,1108.2067183462532,51.276485788113696,1196.860465116279,1258.9883720930234,1466.8010335917313,1319.6375968992247
1,121,0.006004908750925297,0.2,11,3.1892764857881137,35.08204134366925,0.1,11,3.147932816537468,34.627260981912144,0.4547803617571091,34.627260981912144,35.202842377260986,35.46576227390181,46.97739018087855,46.97739018087855
1,122,-0.05034687356444524,0.5,29,4.301679586563307,124.74870801033592,0.1,15,3.1621447028423773,47.43217054263566,77.31653746770026,47.43217054263566,67.50387596899225,107.03682170542636,124.74870801033592,128.1201550387597
1,123,0.26806646588889205,0.4,10,3.189922480620155,31.89922480620155,0.1,10,3.143410852713178,31.43410852713178,0.46511627906976827,31.43410852713178,31.55684754521964,31.89922480620155,42.54521963824289,42.54521963824289
1,124,-0.06138969443597583,0.5,843,4.302971576227391,3627.4050387596903,0.1,33,3.1621447028423773,104.35077519379846,3523.0542635658917,104.35077519379846,3197.100775193798,3247.348837209302,3627.4050387596903,3181.6505167958653
1,125,-0.058233161763869876,0.2,2063,3.20671834625323,6615.459948320414,0.4,1185,3.2170542635658914,3812.209302325581,2803.2506459948327,3996.9509043927646,6223.5607235142115,3812.209302325581,6755.6653746770035,6051.541989664082
1,126,-0.0075339899908880015,0.2,11,3.248062015503876,35.72868217054263,0.1,11,3.204780361757106,35.252583979328165,0.4760981912144686,35.252583979328165,35.86369509043927,35.85658914728682,42.41537467700258,46.97739018087855
1,127,-0.05179347075928463,0.2,25,3.2642118863049094,81.60529715762273,0.1,21,3.20671834625323,67.34108527131784,14.264211886304892,67.34108527131784,81.5891472868217,81.5891472868217,184.9722222222222,192.18023255813952
1,128,-0.024955598291541564,0.2,11,3.202196382428941,35.22416020671835,0.1,11,3.1621447028423773,34.78359173126615,0.4405684754522028,34.78359173126615,35.41602067183462,35.68604651162791,47.304263565891475,46.97739018087855
1,129,-0.01786965345944383,0.2,11,3.202196382428941,35.22416020671835,0.1,11,3.1621447028423773,34.78359173126615,0.4405684754522028,34.78359173126615,35.41602067183462,35.68604651162791,47.304263565891475,46.97739018087855
1,130,0.10825445824983052,0.2,11,3.212532299741602,35.337855297157624,0.1,11,3.1963824289405687,35.16020671834625,0.17764857881137175,35.16020671834625,35.337855297157624,35.18152454780362,42.700258397932814,42.700258397932814
1,131,0.10956496204941277,0.2,10,3.1724806201550386,31.724806201550386,0.1,10,3.144702842377261,31.447028423772608,0.27777777777777857,31.447028423772608,31.724806201550386,31.89922480620155,42.700258397932814,42.700258397932814
1,132,-0.022089917770441225,0.2,11,3.2642118863049094,35.906330749354005,0.1,11,3.20671834625323,35.27390180878553,0.6324289405684738,35.27390180878553,35.906330749354005,35.89922480620155,47.304263565891475,46.97739018087855
1,133,0.026779060675171495,0.2,11,3.199612403100775,35.195736434108525,0.1,11,3.147932816537468,34.627260981912144,0.5684754521963811,34.627260981912144,35.195736434108525,35.42312661498708,46.97739018087855,46.97739018087855
1,134,-0.13176003287175272,0.2,47,3.2118863049095605,150.95865633074933,0.25,47,3.210594315245478,150.89793281653746,0.0607235142118725,449.5749354005168,150.89793281653746,269.52713178294573,216.96899224806202,674.4147286821706
1,135,-0.08656560855111384,0.2,205,3.199612403100775,655.9205426356589,0.1,14,3.1621447028423773,44.270025839793284,611.6505167958655,44.270025839793284,649.5839793281654,657.5096899224806,743.1027131782946,926.735788113695
1,136,0.05891559842072561,0.2,11,3.198966408268734,35.18863049095607,0.1,11,3.147932816537468,34.627260981912144,0.5613695090439279,34.627260981912144,35.18863049095607,35.41602067183462,46.9702842377261,46.9702842377261
1,137,0.07239794525914076,0.2,11,3.1983204134366927,35.18152454780362,0.1,11,3.147932816537468,34.627260981912144,0.5542635658914747,34.627260981912144,35.18152454780362,35.41602067183462,46.9702842377261,46.9702842377261
1,138,0.061456255529186016,0.2,11,3.198966408268734,35.18863049095607,0.1,11,3.147932816537468,34.627260981912144,0.5613695090439279,34.627260981912144,35.24547803617571,35.41602067183462,46.9702842377261,46.9702842377261
1,139,-0.09335716531015795,0.2,170,3.195736434108527,543.2751937984495,0.1,13,3.1621447028423773,41.1078811369509,502.16731266149867,41.1078811369509,536.1692506459948,858.8811369509044,790.6744186046511,884.0290697674418
1,140,-0.10039526129878212,0.2,130,3.195736434108527,415.44573643410854,0.1,18,3.1621447028423773,56.91860465116279,358.52713178294573,56.91860465116279,410.9560723514212,669.7990956072351,457.90697674418607,828.5103359173127
1,141,-0.0576415537029701,0.2,2456,3.248708010335917,7978.826873385013,0.1,162,3.1789405684754524,514.9883720930233,7463.83850129199,514.9883720930233,7419.453488372093,7419.453488372093,8063.76873385013,7251.600775193798
1,142,0.01930223049020685,0.2,11,3.2002583979328167,35.202842377260986,0.1,11,3.147932816537468,34.627260981912144,0.5755813953488413,34.627260981912144,35.202842377260986,35.50129198966408,46.97739018087855,46.97739018087855
1,143,-0.004080616313143937,0.5,11,4.334625322997416,47.68087855297158,0.1,11,3.2002583979328167,35.202842377260986,12.478036175710592,35.202842377260986,35.64341085271318,35.64341085271318,47.68087855297158,46.97739018087855
1,144,-0.06931015436675281,0.2,421,3.2138242894056845,1353.020025839793,0.1,15,3.1621447028423773,47.43217054263566,1305.5878552971574,47.43217054263566,1319.4741602067184,1388.4993540051678,1090.1350129198966,1464.8404392764858
1,145,-0.09640925691062124,0.2,150,3.195736434108527,479.36046511627904,0.1,17,3.1621447028423773,53.75645994832041,425.60400516795863,53.75645994832041,475.16795865633077,765.9425064599484,708.8611111111112,858.4050387596899
1,146,0.020528591901298576,0.2,11,3.2002583979328167,35.202842377260986,0.1,11,3.147932816537468,34.627260981912144,0.5755813953488413,34.627260981912144,35.202842377260986,35.50129198966408,46.97739018087855,46.97739018087855
1,147,0.01607052864977304,0.2,11,3.2002583979328167,35.202842377260986,0.1,11,3.147932816537468,34.627260981912144,0.5755813953488413,34.627260981912144,35.202842377260986,35.47286821705426,46.97739018087855,46.97739018087855
1,148,-0.01182458964920649,0.2,11,3.201550387596899,35.21705426356589,0.1,11,3.1621447028423773,34.78359173126615,0.4334625322997425,34.78359173126615,35.35206718346253,35.65762273901809,47.39664082687339,46.97739018087855
1,149,-0.01406141453578405,0.2,11,3.201550387596899,35.21705426356589,0.1,11,3.1621447028423773,34.78359173126615,0.4334625322997425,34.78359173126615,35.35206718346253,35.65762273901809,47.39664082687339,46.97739018087855
1,150,0.14125996485466544,0.2,10,3.1711886304909562,31.711886304909562,0.1,10,3.144702842377261,31.447028423772608,0.26485788113695463,31.447028423772608,31.711886304909562,32.02196382428941,42.700258397932814,42.700258397932814
1,151,-0.05069362730152993,0.2,24,3.202196382428941,76.85271317829458,0.1,17,3.1621447028423773,53.75645994832041,23.096253229974167,53.75645994832041,77.14728682170542,123.25452196382429,141.95542635658913,145.20284237726096
1,152,-0.057048177580578494,0.2,3095,3.20671834625323,9924.793281653747,0.1,306,3.1621447028423773,967.6162790697674,8957.17700258398,967.6162790697674,9324.072351421188,5462.558139534884,9987.197028423774,9015.388242894056
1,153,0.18888121157370816,0.7000000000000001,10,4.2700258397932815,42.700258397932814,0.1,10,3.144702842377261,31.447028423772608,11.253229974160206,31.447028423772608,31.692506459948323,32.105943152454785,42.700258397932814,42.700258397932814
1,154,-0.1252406538615442,0.2,53,3.239018087855297,171.66795865633074,0.25,53,3.238372093023256,171.63372093023256,0.03423772609818343,276.5678294573644,171.63372093023256,307.03165374677,205.81395348837208,586.8565891472869
1,155,-0.007002370709183081,0.2,11,3.201550387596899,35.21705426356589,0.1,11,3.1621447028423773,34.78359173126615,0.4334625322997425,34.78359173126615,35.35206718346253,35.65762273901809,47.36821705426356,46.97739018087855
1,156,0.10107902048613496,0.2,11,3.1731266149870803,34.90439276485788,0.1,11,3.144702842377261,34.59173126614987,0.3126614987080103,34.59173126614987,34.90439276485788,35.08914728682171,42.700258397932814,42.700258397932814
1,157,0.05168312764606303,0.8,10,4.243540051679586,42.435400516795866,0.25,10,3.198966408268734,31.98966408268734,10.445736434108525,34.627260981912144,31.98966408268734,35.41602067183462,42.700258397932814,42.700258397932814
1,158,-0.07228597824108611,0.2,335,3.2545219638242893,1090.264857881137,0.1,15,3.204780361757106,48.07170542635659,1042.1931524547804,48.07170542635659,1098.4883720930234,1180.7093023255813,1390.0051679586563,1255.577519379845
1,159,0.04983295623235179,0.2,11,3.198966408268734,35.18863049095607,0.1,11,3.147932816537468,34.627260981912144,0.5613695090439279,34.627260981912144,35.18863049095607,35.41602067183462,46.9702842377261,46.9702842377261
1,160,0.20689350483846633,0.4,10,3.195736434108527,31.95736434108527,0.1,10,3.143410852713178,31.43410852713178,0.5232558139534902,31.43410852713178,31.55684754521964,31.95736434108527,42.700258397932814,42.700258397932814
1,161,-0.12588111698048896,0.1,62,3.1660206718346253,196.29328165374676,0.25,48,3.214470284237726,154.29457364341084,41.99870801033592,196.29328165374676,154.29457364341084,275.94444444444446,225.31395348837208,578.1757105943152
1,162,-0.06444759335329926,0.2,688,3.2138242894056845,2211.111111111111,0.1,18,3.1621447028423773,56.91860465116279,2154.192506459948,56.91860465116279,2113.094315245478,2204.8837209302324,2187.267441860465,2173.7719638242893
1,163,0.10154562381255453,0.1,10,3.144702842377261,31.447028423772608,0.1,10,3.144702842377261,31.447028423772608,0.0,31.447028423772608,31.7312661498708,31.89922480620155,42.700258397932814,42.700258397932814
1,164,0.02589103008738,0.5,11,4.270671834625323,46.97739018087855,0.1,11,3.147932816537468,34.627260981912144,12.350129198966407,34.627260981912144,35.202842377260986,35.42312661498708,46.97739018087855,46.97739018087855
1,165,-0.1124318427203489,0.5,87,4.172480620155039,363.00581395348837,0.1,23,3.1621447028423773,72.72932816537468,290.2764857881137,72.72932816537468,260.0581395348837,439.0549095607235,363.00581395348837,518.2635658914729
1,166,-0.03554443720363373,0.5,11,4.301679586563307,47.31847545219638,0.1,11,3.1621447028423773,34.78359173126615,12.534883720930232,34.78359173126615,35.35917312661499,35.671834625322994,47.31847545219638,46.97739018087855
1,167,0.09978427746805182,0.5,11,4.2700258397932815,46.9702842377261,0.1,11,3.149870801033592,34.64857881136951,12.321705426356587,34.64857881136951,34.947028423772615,35.13888888888889,46.9702842377261,46.9702842377261
1,168,-0.016065128990733812,0.5,11,4.300387596899225,47.304263565891475,0.1,11,3.1621447028423773,34.78359173126615,12.520671834625325,34.78359173126615,35.41602067183462,35.68604651162791,47.304263565891475,46.97739018087855
1,169,-0.026780581118446042,0.5,11,4.301679586563307,47.31847545219638,0.1,11,3.1621447028423773,34.78359173126615,12.534883720930232,34.78359173126615,35.35917312661499,35.75710594315245,47.31847545219638,46.97739018087855
1,170,-0.021461981622644788,0.5,11,4.300387596899225,47.304263565891475,0.1,11,3.1621447028423773,34.78359173126615,12.520671834625325,34.78359173126615,35.41602067183462,35.68604651162791,47.304263565891475,46.97739018087855
1,171,-0.07189692266832819,0.5,293,4.288759689922481,1256.6065891472867,0.1,13,3.1621447028423773,41.1078811369509,1215.4987080103358,41.1078811369509,1083.968992248062,1166.2105943152453,1256.6065891472867,1276.9308785529715
1,172,-0.04967134659853828,0.5,33,3.843669250645995,126.84108527131784,0.1,17,3.204780361757106,54.481266149870805,72.35981912144703,54.481266149870805,61.94638242894057,61.934108527131784,126.84108527131784,123.84948320413436
1,173,-0.10107360410071276,0.5,144,4.197028423772609,604.3720930232557,0.1,17,3.1621447028423773,53.75645994832041,550.6156330749353,53.75645994832041,401.32428940568474,653.7751937984497,604.3720930232557,824.2396640826873
1,174,-0.0833129276397098,0.5,190,4.189922480620155,796.0852713178296,0.1,13,3.1621447028423773,41.1078811369509,754.9773901808786,41.1078811369509,749.2726098191214,756.937984496124,796.0852713178296,960.9011627906976
1,175,0.04839625658288868,0.5,10,4.2700258397932815,42.700258397932814,0.1,11,3.147932816537468,34.627260981912144,8.07299741602067,34.627260981912144,35.18863049095607,35.41602067183462,42.700258397932814,42.700258397932814
1,176,-0.020611734114242636,0.5,11,4.300387596899225,47.304263565891475,0.1,11,3.20671834625323,35.27390180878553,12.030361757105943,35.27390180878553,35.906330749354005,35.89922480620155,47.304263565891475,46.97739018087855
1,177,0.0014267943355906199,0.5,11,4.396640826873385,48.36304909560724,0.1,11,3.147932816537468,34.627260981912144,13.735788113695094,34.627260981912144,35.202842377260986,35.46576227390181,48.36304909560724,46.97739018087855
1,178,-0.07788060353082078,0.5,248,4.294573643410852,1065.0542635658915,0.1,12,3.1621447028423773,37.945736434108525,1027.108527131783,37.945736434108525,811.6744186046511,806.9941860465116,1065.0542635658915,1046.3145994832041
1,179,0.03783136050043545,0.5,11,4.270671834625323,46.97739018087855,0.1,11,3.147932816537468,34.627260981912144,12.350129198966407,34.627260981912144,35.18863049095607,35.41602067183462,46.97739018087855,46.97739018087855
1,180,0.06414200582961682,0.5,11,4.2700258397932815,46.9702842377261,0.1,11,3.147932816537468,34.627260981912144,12.343023255813954,34.627260981912144,35.24547803617571,35.41602067183462,46.9702842377261,46.9702842377261
1,181,-0.07062921247545176,0.5,315,4.288759689922481,1350.9593023255813,0.1,12,3.1621447028423773,37.945736434108525,1313.0135658914728,37.945736434108525,1193.656330749354,1269.301033591731,1350.9593023255813,1362.344315245478
1,182,0.0528972493944978,0.5,10,4.2700258397932815,42.700258397932814,0.1,10,3.2073643410852712,32.07364341085271,10.626614987080103,32.07364341085271,32.428940568475454,32.46770025839793,42.700258397932814,42.700258397932814
1,183,-0.06824017827153443,0.5,366,4.288759689922481,1569.6860465116279,0.1,15,3.1621447028423773,47.43217054263566,1522.2538759689921,47.43217054263566,1445.2919896640828,1514.1408268733849,1569.6860465116279,1575.877906976744
1,184,0.025043934916479327,0.5,11,4.270671834625323,46.97739018087855,0.1,11,3.147932816537468,34.627260981912144,12.350129198966407,34.627260981912144,35.202842377260986,35.42312661498708,46.97739018087855,46.97739018087855
1,185,0.07460561087364836,0.5,10,4.2700258397932815,42.700258397932814,0.1,10,3.204134366925065,32.04134366925065,10.658914728682163,32.04134366925065,32.42248062015504,32.42248062015504,42.700258397932814,42.700258397932814
1,186,0.022178897303032463,0.5,11,4.270671834625323,46.97739018087855,0.1,11,3.147932816537468,34.627260981912144,12.350129198966407,34.627260981912144,35.202842377260986,35.49418604651163,46.97739018087855,46.97739018087855
1,187,-0.11916869084000338,0.5,53,4.172480620155039,221.14147286821705,0.1,34,3.1621447028423773,107.51291989664082,113.62855297157623,107.51291989664082,186.21447028423773,326.88759689922483,221.14147286821705,763.1782945736434
1,188,0.04489942685326967,0.5,10,4.270671834625323,42.706718346253226,0.1,10,3.147932816537468,31.479328165374678,11.227390180878547,31.479328165374678,31.98966408268734,32.19638242894057,42.706718346253226,42.706718346253226
1,189,0.20164839407978716,0.5,10,4.2700258397932815,42.700258397932814,0.1,10,3.143410852713178,31.43410852713178,11.266149870801033,31.43410852713178,31.55684754521964,31.95736434108527,42.700258397932814,42.700258397932814
1,190,-0.09963248412111664,0.5,125,3.815891472868217,476.98643410852713,0.1,18,3.204780361757106,57.68604651162791,419.3003875968992,57.68604651162791,436.01937984496124,704.6892764857881,476.98643410852713,837.0516795865633
1,191,0.0589067224277417,0.5,11,4.2700258397932815,46.9702842377261,0.1,11,3.204134366925065,35.24547803617571,11.724806201550386,35.24547803617571,35.671834625322994,35.71447028423773,46.9702842377261,46.9702842377261
1,192,-0.11884079841763642,0.5,55,4.172480620155039,229.48643410852713,0.1,28,3.1621447028423773,88.54005167958657,140.94638242894058,88.54005167958657,189.42506459948322,333.297157622739,229.48643410852713,767.4418604651162
1,193,-0.03397250574661545,0.5,11,3.8559431524547803,42.41537467700258,0.1,11,3.204780361757106,35.252583979328165,7.162790697674417,35.252583979328165,35.86369509043927,35.85658914728682,42.41537467700258,46.97739018087855
1,194,-0.05970995163849353,0.5,1117,4.302971576227391,4806.419250645995,0.1,162,3.1621447028423773,512.2674418604652,4294.151808785529,512.2674418604652,4340.072351421189,3311.872739018088,4806.419250645995,4262.130490956072
1,195,-0.03560828468997594,0.1,11,3.20671834625323,35.27390180878553,0.1,11,3.20671834625323,35.27390180878553,0.0,35.27390180878553,35.89922480620155,35.89922480620155,47.31847545219638,46.97739018087855
1,196,0.14909750094093602,0.5,10,4.2700258397932815,42.700258397932814,0.1,10,3.144702842377261,31.447028423772608,11.253229974160206,31.447028423772608,31.692506459948323,32.002583979328165,42.700258397932814,42.700258397932814
1,197,0.18263019109723852,0.5,10,4.2700258397932815,42.700258397932814,0.1,10,3.144702842377261,31.447028423772608,11.253229974160206,31.447028423772608,31.692506459948323,32.151162790697676,42.700258397932814,42.700258397932814
1,198,-0.057384691806066146,0.5,2040,4.302971576227391,8778.062015503876,0.1,490,3.1621447028423773,1549.4509043927649,7228.611111111111,1549.4509043927649,8165.002583979328,4841.666666666667,8778.062015503876,7905.013565891472
1,199,-0.03385304190276228,0.2,11,3.202196382428941,35.22416020671835,0.1,11,3.1621447028423773,34.78359173126615,0.4405684754522028,34.78359173126615,35.35917312661499,35.671834625322994,47.31847545219638,46.97739018087855
1,200,-0.06456011322129082,0.5,504,4.288759689922481,2161.5348837209303,0.1,18,3.1621447028423773,56.91860465116279,2104.6162790697676,56.91860465116279,2084.059431524548,2175.8720930232557,2161.5348837209303,2148.1479328165374
1,201,-0.06859425508815158,0.1,15,3.1621447028423773,47.43217054263566,0.1,15,3.1621447028423773,47.43217054263566,0.0,47.43217054263566,1403.3527131782946,1472.2603359173127,1531.0872093023256,1537.4418604651162
1,202,-0.03163717154409794,0.1,11,3.1621447028423773,34.78359173126615,0.1,11,3.1621447028423773,34.78359173126615,0.0,34.78359173126615,35.35917312661499,35.671834625322994,47.31847545219638,46.97739018087855
1,203,0.1265019673309288,0.1,11,3.144702842377261,34.59173126614987,0.1,11,3.144702842377261,34.59173126614987,0.0,34.59173126614987,34.883074935400515,35.231266149870805,42.700258397932814,42.700258397932814
1,204,-0.04391023982499613,0.1,11,3.1621447028423773,34.78359173126615,0.1,11,3.1621447028423773,34.78359173126615,0.0,34.78359173126615,35.35917312661499,42.15762273901809,51.62015503875969,55.518733850129195
1,205,0.08736683573529563,0.1,11,3.147932816537468,34.627260981912144,0.1,11,3.147932816537468,34.627260981912144,0.0,34.627260981912144,35.17441860465116,35.41602067183462,46.9702842377261,46.9702842377261
1,206,0.02362123714895037,0.1,11,3.151808785529716,34.66989664082688,0.1,11,3.151808785529716,34.66989664082688,0.0,34.66989664082688,35.24547803617571,35.479974160206716,42.706718346253226,42.706718346253226
1,207,0.12528119392006035,0.1,11,3.144702842377261,34.59173126614987,0.1,11,3.144702842377261,34.59173126614987,0.0,34.59173126614987,34.883074935400515,35.23837209302326,42.700258397932814,42.700258397932814
1,208,-0.10921727412817447,0.1,23,3.204780361757106,73.70994832041343,0.1,23,3.204780361757106,73.70994832041343,0.0,73.70994832041343,302.61046511627904,509.84431524547807,396.78552971576227,768.8992248062016
1,209,-0.0058352413601289455,0.1,11,3.147932816537468,34.627260981912144,0.1,11,3.147932816537468,34.627260981912144,0.0,34.627260981912144,35.202842377260986,35.46576227390181,47.36821705426356,46.97739018087855
1,210,-0.0684438702957641,0.1,15,3.1621447028423773,47.43217054263566,0.1,15,3.1621447028423773,47.43217054263566,0.0,47.43217054263566,1422.7093023255813,1491.5897932816536,1548.2422480620155,1554.5245478036175
1,211,-0.0934591972059122,0.1,16,3.1621447028423773,50.594315245478036,0.1,16,3.1621447028423773,50.594315245478036,0.0,50.594315245478036,529.7480620155039,852.4715762273902,3770.7732558139537,879.7583979328165
1,212,0.12245373875285451,0.1,10,3.144702842377261,31.447028423772608,0.1,10,3.144702842377261,31.447028423772608,0.0,31.447028423772608,31.711886304909562,32.03488372093023,42.700258397932814,42.700258397932814
1,213,-0.006953504142707456,0.1,11,3.204780361757106,35.252583979328165,0.1,11,3.204780361757106,35.252583979328165,0.0,35.252583979328165,35.86369509043927,35.85658914728682,42.41537467700258,46.97739018087855
1,214,0.01873263795264274,0.1,11,3.147932816537468,34.627260981912144,0.1,11,3.147932816537468,34.627260981912144,0.0,34.627260981912144,35.202842377260986,35.47286821705426,46.97739018087855,46.97739018087855
1,215,-0.10374786614011895,0.1,20,3.1621447028423773,63.24289405684755,0.1,20,3.1621447028423773,63.24289405684755,0.0,63.24289405684755,362.797157622739,596.0891472868217,479.83527131782944,802.8863049095606
1,216,-0.00528527245995028,0.1,11,3.147932816537468,34.627260981912144,0.1,11,3.147932816537468,34.627260981912144,0.0,34.627260981912144,35.202842377260986,35.46576227390181,47.36821705426356,46.97739018087855
1,217,-0.028733418930606602,0.1,11,3.1621447028423773,34.78359173126615,0.1,11,3.1621447028423773,34.78359173126615,0.0,34.78359173126615,35.35917312661499,35.671834625322994,47.31847545219638,46.97739018087855
1,218,0.14835122181549662,0.1,10,3.2002583979328167,32.002583979328165,0.4,10,3.1983204134366927,31.98320413436693,0.019379844961235904,32.002583979328165,32.105943152454785,31.98320413436693,42.700258397932814,42.700258397932814
1,219,0.13455142065887535,0.7000000000000001,10,4.2700258397932815,42.700258397932814,0.1,10,3.144702842377261,31.447028423772608,11.253229974160206,31.447028423772608,31.711886304909562,32.02196382428941,42.700258397932814,42.700258397932814
1,220,0.04813578699008142,0.7000000000000001,11,4.2700258397932815,46.9702842377261,0.1,11,3.147932816537468,34.627260981912144,12.343023255813954,34.627260981912144,35.18863049095607,35.41602067183462,46.9702842377261,46.9702842377261
1,221,-0.024548841543119176,0.2,11,3.248062015503876,35.72868217054263,0.1,11,3.204780361757106,35.252583979328165,0.4760981912144686,35.252583979328165,35.86369509043927,35.85658914728682,42.41537467700258,46.97739018087855
1,222,-0.02514082547588206,0.2,11,3.202196382428941,35.22416020671835,0.1,11,3.1621447028423773,34.78359173126615,0.4405684754522028,34.78359173126615,35.41602067183462,35.68604651162791,47.304263565891475,46.97739018087855
1,223,-0.0512656211707348,0.2,22,3.2642118863049094,71.81266149870801,0.1,19,3.20671834625323,60.92764857881137,10.885012919896639,60.92764857881137,71.7984496124031,71.7984496124031,159.16214470284237,162.28552971576227
1,224,0.20344303190384713,0.2,10,3.202196382428941,32.02196382428941,0.1,10,3.197674418604651,31.97674418604651,0.045219638242897986,31.97674418604651,32.02196382428941,32.12532299741602,42.700258397932814,42.700258397932814
1,225,-0.08571294022027566,0.2,212,3.198966408268734,678.1808785529715,0.1,14,3.1621447028423773,44.270025839793284,633.9108527131782,44.270025839793284,675.3100775193798,679.9612403100775,660.0490956072351,935.2771317829457
1,226,-0.048204752714260266,0.2,14,3.248062015503876,45.47286821705426,0.1,14,3.204780361757106,44.866925064599485,0.6059431524547776,44.866925064599485,45.64470284237726,45.63565891472868,92.24806201550388,89.68410852713178
1,227,-0.01968141034611215,0.2,11,3.248062015503876,35.72868217054263,0.1,11,3.204780361757106,35.252583979328165,0.4760981912144686,35.252583979328165,35.86369509043927,35.85658914728682,42.41537467700258,46.97739018087855
1,228,-0.12256004155285415,0.2,41,3.195736434108527,131.0251937984496,0.25,39,3.210594315245478,125.21317829457365,5.812015503875955,135.97222222222223,125.21317829457365,227.5394056847545,200.27906976744185,693.8029715762275
1,229,0.10984262701733125,0.2,10,3.1724806201550386,31.724806201550386,0.1,10,3.144702842377261,31.447028423772608,0.27777777777777857,31.447028423772608,31.724806201550386,31.892764857881136,42.700258397932814,42.700258397932814
1,230,0.07718905464140541,0.2,11,3.1983204134366927,35.18152454780362,0.1,11,3.147932816537468,34.627260981912144,0.5542635658914747,34.627260981912144,35.18152454780362,35.41602067183462,46.9702842377261,46.9702842377261
1,231,0.015590841748240936,0.2,11,3.2002583979328167,35.202842377260986,0.1,11,3.147932816537468,34.627260981912144,0.5755813953488413,34.627260981912144,35.202842377260986,35.47286821705426,46.97739018087855,46.97739018087855
1,232,-0.027184420610300963,0.2,11,3.202196382428941,35.22416020671835,0.1,11,3.1621447028423773,34.78359173126615,0.4405684754522028,34.78359173126615,35.35917312661499,35.75710594315245,47.31847545219638,46.97739018087855
1,233,0.21786936953351535,0.2,10,3.155684754521964,31.55684754521964,0.1,10,3.143410852713178,31.43410852713178,0.12273901808785936,31.43410852713178,31.55684754521964,31.95736434108527,42.68733850129199,42.68733850129199
1,234,-0.09597919756863665,0.2,153,3.195736434108527,488.94767441860466,0.1,14,3.1621447028423773,44.270025839793284,444.6776485788114,44.270025839793284,484.7997416020672,781.9664082687339,721.4444444444445,862.6757105943152
1,235,0.1625468329037015,0.2,10,3.169250645994832,31.692506459948323,0.1,10,3.144702842377261,31.447028423772608,0.24547803617571518,31.447028423772608,31.692506459948323,32.151162790697676,42.700258397932814,42.700258397932814
1,236,-0.033506942418767865,0.2,11,3.248062015503876,35.72868217054263,0.1,11,3.204780361757106,35.252583979328165,0.4760981912144686,35.252583979328165,35.86369509043927,35.85658914728682,42.41537467700258,46.97739018087855
1,237,0.21236136888412413,0.2,10,3.155684754521964,31.55684754521964,0.1,10,3.143410852713178,31.43410852713178,0.12273901808785936,31.43410852713178,31.55684754521964,31.95736434108527,42.700258397932814,42.700258397932814
1,238,0.02473236898963521,0.2,11,3.2002583979328167,35.202842377260986,0.1,11,3.147932816537468,34.627260981912144,0.5755813953488413,34.627260981912144,35.202842377260986,35.42312661498708,46.97739018087855,46.97739018087855
1,239,0.044773542769398544,0.5,10,4.270671834625323,42.706718346253226,0.1,11,3.147932816537468,34.627260981912144,8.079457364341081,34.627260981912144,35.18863049095607,35.41602067183462,42.706718346253226,42.706718346253226
1,240,-0.008472055761432479,0.5,11,4.3062015503875966,47.36821705426356,0.1,11,3.1621447028423773,34.78359173126615,12.584625322997411,34.78359173126615,35.35206718346253,35.65762273901809,47.36821705426356,46.97739018087855
1,241,0.09063999762885186,0.5,10,4.2700258397932815,42.700258397932814,0.1,10,3.147932816537468,31.479328165374678,11.220930232558135,31.479328165374678,31.97674418604651,32.19638242894057,42.700258397932814,42.700258397932814
1,242,0.08363162148195574,0.5,11,4.2700258397932815,46.9702842377261,0.1,11,3.147932816537468,34.627260981912144,12.343023255813954,34.627260981912144,35.17441860465116,35.41602067183462,46.9702842377261,46.9702842377261
1,243,-0.03899287934951802,0.5,11,4.301679586563307,47.31847545219638,0.1,11,3.1621447028423773,34.78359173126615,12.534883720930232,34.78359173126615,35.35917312661499,35.671834625322994,47.31847545219638,46.97739018087855
1,244,0.002953107626385204,0.5,11,4.396640826873385,48.36304909560724,0.1,11,3.147932816537468,34.627260981912144,13.735788113695094,34.627260981912144,35.202842377260986,35.46576227390181,48.36304909560724,46.97739018087855
1,245,0.15134196651121198,0.5,10,4.2700258397932815,42.700258397932814,0.1,10,3.144702842377261,31.447028423772608,11.253229974160206,31.447028423772608,31.692506459948323,32.002583979328165,42.700258397932814,42.700258397932814
1,246,0.07511923358032047,0.5,10,4.2700258397932815,42.700258397932814,0.1,11,3.147932816537468,34.627260981912144,8.07299741602067,34.627260981912144,35.18152454780362,35.41602067183462,42.700258397932814,42.700258397932814
1,247,-0.06400081111468191,0.5,535,4.288759689922481,2294.486434108527,0.1,19,3.1621447028423773,60.08074935400517,2234.405684754522,60.08074935400517,2226.0077519379847,2317.706718346253,2294.486434108527,2280.5387596899222
1,248,0.14561328556780892,0.5,10,4.2700258397932815,42.700258397932814,0.1,10,3.144702842377261,31.447028423772608,11.253229974160206,31.447028423772608,31.692506459948323,32.00904392764858,42.700258397932814,42.700258397932814
1,249,-0.09867651692633207,0.5,155,4.195736434108527,650.3391472868217,0.1,16,3.1621447028423773,50.594315245478036,599.7448320413437,50.594315245478036,436.64082687338504,711.4612403100775,650.3391472868217,841.3223514211886
1,250,-0.04026422932469251,0.5,12,4.301679586563307,51.62015503875969,0.1,11,3.1621447028423773,34.78359173126615,16.83656330749354,34.78359173126615,35.35917312661499,38.91472868217054,51.62015503875969,51.248062015503876
1,251,0.015483051970351769,0.5,11,4.270671834625323,46.97739018087855,0.1,11,3.147932816537468,34.627260981912144,12.350129198966407,34.627260981912144,35.202842377260986,35.47286821705426,46.97739018087855,46.97739018087855
1,252,0.05434640532222959,0.5,11,4.2700258397932815,46.9702842377261,0.1,11,3.147932816537468,34.627260981912144,12.343023255813954,34.627260981912144,35.18863049095607,35.41602067183462,46.9702842377261,46.9702842377261
1,253,0.028482076748325147,0.5,11,4.270671834625323,46.97739018087855,0.1,11,3.147932816537468,34.627260981912144,12.350129198966407,34.627260981912144,35.195736434108525,35.42312661498708,46.97739018087855,46.97739018087855
1,254,-0.03968209045697568,0.5,11,4.301679586563307,47.31847545219638,0.1,11,3.1621447028423773,34.78359173126615,12.534883720930232,34.78359173126615,35.35917312661499,38.91472868217054,47.31847545219638,51.248062015503876
1,255,-0.07786588321137212,0.5,248,4.294573643410852,1065.0542635658915,0.1,12,3.1621447028423773,37.945736434108525,1027.108527131783,37.945736434108525,811.6744186046511,806.9941860465116,1065.0542635658915,1046.3145994832041
1,256,0.03611122140272527,0.5,11,4.270671834625323,46.97739018087855,0.1,11,3.147932816537468,34.627260981912144,12.350129198966407,34.627260981912144,35.18863049095607,35.41602067183462,46.97739018087855,46.97739018087855
1,257,0.0389921387481631,0.5,11,4.270671834625323,46.97739018087855,0.1,11,3.147932816537468,34.627260981912144,12.350129198966407,34.627260981912144,35.18863049095607,35.41602067183462,46.97739018087855,46.97739018087855
1,258,0.020524465680724552,0.5,11,4.270671834625323,46.97739018087855,0.1,11,3.147932816537468,34.627260981912144,12.350129198966407,34.627260981912144,35.202842377260986,35.50129198966408,46.97739018087855,46.97739018087855
1,259,0.020648294567875425,0.5,10,4.270671834625323,42.706718346253226,0.1,11,3.147932816537468,34.627260981912144,8.079457364341081,34.627260981912144,35.202842377260986,35.50129198966408,42.706718346253226,42.706718346253226
1,260,-0.01800972578237703,0.5,11,4.300387596899225,47.304263565891475,0.1,11,3.1621447028423773,34.78359173126615,12.520671834625325,34.78359173126615,35.41602067183462,35.68604651162791,47.304263565891475,46.97739018087855
1,261,-0.03829737761529774,0.5,11,4.301679586563307,47.31847545219638,0.1,11,3.1621447028423773,34.78359173126615,12.534883720930232,34.78359173126615,35.35917312661499,35.671834625322994,47.31847545219638,46.97739018087855
1,262,-0.0572131330844578,0.5,2096,3.852067183462532,8073.932816537467,0.1,273,3.204780361757106,874.9050387596899,7199.027777777777,874.9050387596899,9629.425064599483,8941.329457364342,8073.932816537467,8447.388888888889
1,263,0.05024963894157397,0.2,11,3.198966408268734,35.18863049095607,0.1,11,3.147932816537468,34.627260981912144,0.5613695090439279,34.627260981912144,35.18863049095607,35.41602067183462,46.9702842377261,46.9702842377261
1,264,-0.008958050615219898,0.2,11,3.201550387596899,35.21705426356589,0.1,11,3.1621447028423773,34.78359173126615,0.4334625322997425,34.78359173126615,35.35206718346253,35.65762273901809,47.39664082687339,46.97739018087855
1,265,-0.0873468071366938,0.2,194,3.2435400516795867,629.2467700258399,0.1,18,3.1789405684754524,57.220930232558146,572.0258397932816,57.220930232558146,628.9961240310078,633.9612403100775,910.7958656330749,922.4651162790697
1,266,0.14109007051089953,0.2,10,3.1711886304909562,31.711886304909562,0.1,10,3.144702842377261,31.447028423772608,0.26485788113695463,31.447028423772608,31.711886304909562,32.02196382428941,42.700258397932814,42.700258397932814
1,267,0.039318623436332856,0.2,11,3.198966408268734,35.18863049095607,0.1,11,3.147932816537468,34.627260981912144,0.5613695090439279,34.627260981912144,35.18863049095607,35.41602067183462,46.97739018087855,46.97739018087855
1,268,0.014423426348154605,0.2,11,3.2002583979328167,35.202842377260986,0.1,11,3.147932816537468,34.627260981912144,0.5755813953488413,34.627260981912144,35.202842377260986,35.47286821705426,46.97739018087855,46.97739018087855
1,269,-0.008882047577912,0.2,11,3.201550387596899,35.21705426356589,0.1,11,3.1621447028423773,34.78359173126615,0.4334625322997425,34.78359173126615,35.35206718346253,35.65762273901809,47.39664082687339,46.97739018087855
1,270,-0.10389100324742095,0.2,111,3.244832041343669,360.17635658914725,0.1,29,3.20671834625323,92.99483204134367,267.1815245478036,92.99483204134367,358.28165374677,591.7351421188631,479.83527131782944,802.8863049095606
1,271,-0.07764746930294124,0.2,264,3.2525839793281652,858.6821705426356,0.1,14,3.204780361757106,44.866925064599485,813.8152454780361,44.866925064599485,851.6220930232558,847.015503875969,1125.0594315245478,1050.5852713178294
1,272,-0.08972164971445433,0.2,195,3.2416020671834627,632.1124031007752,0.1,15,3.204780361757106,48.07170542635659,584.0406976744185,48.07170542635659,634.3798449612403,1003.451550387597,539.5891472868217,905.3824289405684
1,273,-0.07158890697010263,0.2,349,3.2138242894056845,1121.624677002584,0.1,14,3.1621447028423773,44.270025839793284,1077.3546511627906,44.270025839793284,1106.5516795865633,1185.5400516795864,1273.7616279069769,1294.0135658914728
1,274,0.015611680527494454,0.2,11,3.2002583979328167,35.202842377260986,0.1,11,3.147932816537468,34.627260981912144,0.5755813953488413,34.627260981912144,35.202842377260986,35.47286821705426,46.97739018087855,46.97739018087855
1,275,0.05486403566086295,0.2,11,3.198966408268734,35.18863049095607,0.1,11,3.147932816537468,34.627260981912144,0.5613695090439279,34.627260981912144,35.18863049095607,35.41602067183462,42.700258397932814,42.700258397932814
1,276,-0.08125871149961149,0.2,212,3.2093023255813953,680.3720930232558,0.1,13,3.1621447028423773,41.1078811369509,639.2642118863049,41.1078811369509,791.5542635658915,799.920542635659,1207.2441860465117,982.2545219638242
1,277,0.12500911239480803,0.2,10,3.1711886304909562,31.711886304909562,0.1,10,3.144702842377261,31.447028423772608,0.26485788113695463,31.447028423772608,31.711886304909562,32.03488372093023,42.700258397932814,42.700258397932814
1,278,0.08671125466971502,0.2,11,3.2280361757105944,35.508397932816536,0.1,11,3.204134366925065,35.24547803617571,0.26291989664082394,35.24547803617571,35.62919896640827,35.62919896640827,46.9702842377261,46.9702842377261
1,279,0.0450170029121158,0.2,11,3.198966408268734,35.18863049095607,0.1,11,3.147932816537468,34.627260981912144,0.5613695090439279,34.627260981912144,35.18863049095607,35.41602067183462,42.706718346253226,42.706718346253226
1,280,0.20972348305081004,0.2,10,3.155684754521964,31.55684754521964,0.1,10,3.143410852713178,31.43410852713178,0.12273901808785936,31.43410852713178,31.55684754521964,31.95736434108527,42.700258397932814,42.700258397932814
1,281,-0.05625000518987951,0.2,4607,3.20671834625323,14773.35142118863,0.1,492,3.1621447028423773,1555.7751937984497,13217.57622739018,1555.7751937984497,13870.201550387595,7913.953488372093,14724.768733850131,13371.473514211886
1,282,-0.05384107663277425,0.5,155,4.301679586563307,666.7603359173127,0.1,56,3.1621447028423773,177.08010335917314,489.68023255813955,177.08010335917314,376.093023255814,364.01937984496124,666.7603359173127,713.202196382429
1,283,-0.035704070267518415,0.1,11,3.1621447028423773,34.78359173126615,0.1,11,3.1621447028423773,34.78359173126615,0.0,34.78359173126615,35.35917312661499,35.671834625322994,47.31847545219638,46.97739018087855
1,284,-0.13044471618349826,0.1,91,3.1621447028423773,287.75516795865633,0.25,48,3.20671834625323,153.92248062015506,133.83268733850127,287.75516795865633,153.92248062015506,272.406330749354,221.14147286821705,657.3481912144704
1,285,0.20920822185380525,0.1,10,3.143410852713178,31.43410852713178,0.1,10,3.143410852713178,31.43410852713178,0.0,31.43410852713178,31.55684754521964,31.95736434108527,42.700258397932814,42.700258397932814
1,286,-0.015335171063478065,0.1,11,3.1621447028423773,34.78359173126615,0.1,11,3.1621447028423773,34.78359173126615,0.0,34.78359173126615,35.41602067183462,35.65762273901809,47.39664082687339,46.97739018087855
1,287,-0.08403488238720347,0.1,13,3.1621447028423773,41.1078811369509,0.1,13,3.1621447028423773,41.1078811369509,0.0,41.1078811369509,726.7622739018087,731.2790697674418,758.3759689922481,952.359819121447
1,288,0.0856117472351953,0.1,10,3.147932816537468,31.479328165374678,0.1,10,3.147932816537468,31.479328165374678,0.0,31.479328165374678,31.97674418604651,32.19638242894057,42.700258397932814,42.700258397932814
1,289,-0.08724373343614422,0.1,14,3.204780361757106,44.866925064599485,0.1,14,3.204780361757106,44.866925064599485,0.0,44.866925064599485,651.5503875968992,659.75,933.7571059431524,926.735788113695
1,290,0.16163141034736914,0.1,10,3.144702842377261,31.447028423772608,0.1,10,3.144702842377261,31.447028423772608,0.0,31.447028423772608,31.692506459948323,32.151162790697676,42.700258397932814,42.700258397932814
1,291,0.03812144394397696,0.1,11,3.147932816537468,34.627260981912144,0.1,11,3.147932816537468,34.627260981912144,0.0,34.627260981912144,35.18863049095607,35.41602067183462,46.97739018087855,46.97739018087855
1,292,0.023619057463697413,0.1,11,3.147932816537468,34.627260981912144,0.1,11,3.147932816537468,34.627260981912144,0.0,34.627260981912144,35.202842377260986,35.44444444444444,46.97739018087855,46.97739018087855
1,293,0.06506328375603349,0.1,11,3.147932816537468,34.627260981912144,0.1,11,3.147932816537468,34.627260981912144,0.0,34.627260981912144,35.24547803617571,35.41602067183462,42.700258397932814,42.700258397932814
1,294,-0.011556295733430644,0.1,11,3.1621447028423773,34.78359173126615,0.1,11,3.1621447028423773,34.78359173126615,0.0,34.78359173126615,35.35206718346253,35.3733850129199,47.39664082687339,46.97739018087855
1,295,0.051078276299551695,0.1,11,3.147932816537468,34.627260981912144,0.1,11,3.147932816537468,34.627260981912144,0.0,34.627260981912144,35.18863049095607,35.41602067183462,42.700258397932814,42.700258397932814
1,296,-0.018181293178096497,0.1,11,3.1621447028423773,34.78359173126615,0.1,11,3.1621447028423773,34.78359173126615,0.0,34.78359173126615,35.41602067183462,35.68604651162791,47.304263565891475,46.97739018087855
1,297,0.10636209328571791,0.1,10,3.144702842377261,31.447028423772608,0.1,10,3.144702842377261,31.447028423772608,0.0,31.447028423772608,31.724806201550386,31.89922480620155,42.700258397932814,42.700258397932814
1,298,0.16955713463657576,0.1,10,3.144702842377261,31.447028423772608,0.1,10,3.144702842377261,31.447028423772608,0.0,31.447028423772608,31.692506459948323,32.151162790697676,42.700258397932814,42.700258397932814
1,299,-0.07943867905929114,0.1,17,3.202842377260982,54.44832041343669,0.1,17,3.202842377260982,54.44832041343669,0.0,54.44832041343669,747.2086563307494,742.7674418604652,1048.1912144702842,1016.4198966408268
1,300,-0.0031311671718548817,0.1,11,3.147932816537468,34.627260981912144,0.1,11,3.147932816537468,34.627260981912144,0.0,34.627260981912144,35.202842377260986,35.46576227390181,47.68087855297158,46.97739018087855
1,301,-0.032538655799593044,0.1,11,3.1621447028423773,34.78359173126615,0.1,11,3.1621447028423773,34.78359173126615,0.0,34.78359173126615,35.35917312661499,35.671834625322994,47.31847545219638,46.97739018087855
1,302,-0.050753303749579606,0.1,17,3.20671834625323,54.51421188630491,0.1,17,3.20671834625323,54.51421188630491,0.0,54.51421188630491,62.007751937984494,62.007751937984494,137.65374677002583,140.93217054263565
1,303,-0.11360564972875062,0.1,23,3.1621447028423773,72.72932816537468,0.1,23,3.1621447028423773,72.72932816537468,0.0,72.72932816537468,247.21576227390182,423.031007751938,350.48837209302326,865.5038759689921
1,304,-0.07358629557771347,0.1,15,3.204780361757106,48.07170542635659,0.1,15,3.204780361757106,48.07170542635659,0.0,48.07170542635659,1086.5523255813955,1081.5736434108528,1309.3695090439276,1187.2467700258396
1,305,0.010069688303115054,0.1,11,3.147932816537468,34.627260981912144,0.1,11,3.147932816537468,34.627260981912144,0.0,34.627260981912144,35.202842377260986,35.451550387596896,46.97739018087855,46.97739018087855
1,306,0.14593111847269555,0.1,10,3.144702842377261,31.447028423772608,0.1,10,3.144702842377261,31.447028423772608,0.0,31.447028423772608,31.692506459948323,32.00904392764858,42.700258397932814,42.700258397932814
1,307,-0.10817844615091832,0.1,24,3.204780361757106,76.91472868217055,0.1,24,3.204780361757106,76.91472868217055,0.0,76.91472868217055,315.6259689922481,526.0813953488372,408.2312661498708,785.8914728682171
1,308,-0.09369296383435734,0.1,22,3.20671834625323,70.54780361757106,0.1,22,3.20671834625323,70.54780361757106,0.0,70.54780361757106,527.546511627907,848.5872093023256,778.1240310077519,875.4877260981912
1,309,-0.07123247298809467,0.1,13,3.1621447028423773,41.1078811369509,0.1,13,3.1621447028423773,41.1078811369509,0.0,41.1078811369509,1138.812661498708,1220.9773901808785,1303.7829457364342,1319.6375968992247
1,310,0.04946380563914121,0.1,11,3.147932816537468,34.627260981912144,0.1,11,3.147932816537468,34.627260981912144,0.0,34.627260981912144,35.18863049095607,35.41602067183462,42.700258397932814,42.700258397932814
1,311,0.08551623281486737,0.7000000000000001,11,4.2700258397932815,46.9702842377261,0.1,11,3.147932816537468,34.627260981912144,12.343023255813954,34.627260981912144,35.17441860465116,35.41602067183462,46.9702842377261,46.9702842377261
1,312,-0.07400048104486295,0.7000000000000001,274,4.270671834625323,1170.1640826873384,0.1,14,3.1621447028423773,44.270025839793284,1125.894056847545,44.270025839793284,1034.7480620155038,1026.4463824289405,974.8682170542635,1170.1640826873384
1,313,-0.11091298217809958,0.1,24,3.204780361757106,76.91472868217055,0.1,24,3.204780361757106,76.91472868217055,0.0,76.91472868217055,283.08720930232556,477.3701550387597,377.7093023255814,658.4496124031009
1,314,0.00014658442582463072,0.1,11,3.147932816537468,34.627260981912144,0.1,11,3.147932816537468,34.627260981912144,0.0,34.627260981912144,35.202842377260986,35.46576227390181,48.36304909560724,46.97739018087855
1,315,-0.025874334760282447,0.7000000000000001,11,4.270671834625323,46.97739018087855,0.1,11,3.1621447028423773,34.78359173126615,12.193798449612402,34.78359173126615,35.35917312661499,35.68604651162791,47.31847545219638,46.97739018087855
1,316,-0.05156258439420007,0.7000000000000001,43,4.270671834625323,183.63888888888889,0.1,19,3.1621447028423773,60.08074935400517,123.55813953488371,60.08074935400517,96.43410852713178,155.68992248062017,176.3688630490956,183.63888888888889
1,317,-0.04219802067826961,0.2,11,3.248062015503876,35.72868217054263,0.1,11,3.204780361757106,35.252583979328165,0.4760981912144686,35.252583979328165,35.86369509043927,35.85658914728682,57.65503875968992,55.518733850129195
1,318,-0.14046815046983416,0.2,62,3.2196382428940566,199.6175710594315,0.25,59,3.2319121447028425,190.68281653746772,8.934754521963782,1929.5122739018088,190.68281653746772,190.68281653746772,254.28488372093022,627.4702842377261
1,319,0.056087445654362134,0.2,11,3.198966408268734,35.18863049095607,0.1,11,3.147932816537468,34.627260981912144,0.5613695090439279,34.627260981912144,35.18863049095607,35.41602067183462,42.700258397932814,42.700258397932814
1,320,0.15537617741124984,0.2,10,3.169250645994832,31.692506459948323,0.1,10,3.144702842377261,31.447028423772608,0.24547803617571518,31.447028423772608,31.692506459948323,31.996124031007753,42.700258397932814,42.700258397932814
1,321,-0.11665021742948509,0.2,68,3.195736434108527,217.31007751937983,0.1,30,3.1621447028423773,94.86434108527132,122.44573643410851,94.86434108527132,215.10981912144703,371.7545219638243,262.8662790697674,801.5503875968991
1,322,-0.060160848770565836,0.2,1315,3.20671834625323,4216.834625322997,0.1,62,3.1621447028423773,196.05297157622738,4020.78165374677,196.05297157622738,3979.472868217054,4043.0781653746767,3555.458010335917,3920.4767441860463
1,323,0.08177606014336822,0.1,11,3.147932816537468,34.627260981912144,0.1,11,3.147932816537468,34.627260981912144,0.0,34.627260981912144,35.18152454780362,35.41602067183462,46.9702842377261,46.9702842377261
1,324,-0.09728411731857187,0.1,16,3.1621447028423773,50.594315245478036,0.1,16,3.1621447028423773,50.594315245478036,0.0,50.594315245478036,459.1149870801034,746.7138242894057,679.7093023255813,854.1343669250646
1,325,0.043718008782853424,0.1,11,3.147932816537468,34.627260981912144,0.1,11,3.147932816537468,34.627260981912144,0.0,34.627260981912144,35.18863049095607,35.41602067183462,46.97739018087855,46.97739018087855
1,326,0.006579010655722528,0.1,11,3.147932816537468,34.627260981912144,0.1,11,3.147932816537468,34.627260981912144,0.0,34.627260981912144,35.202842377260986,35.46576227390181,46.97739018087855,46.97739018087855
1,327,0.012220925792235632,0.1,11,3.147932816537468,34.627260981912144,0.1,11,3.147932816537468,34.627260981912144,0.0,34.627260981912144,35.202842377260986,35.451550387596896,46.97739018087855,46.97739018087855
1,328,0.037008701200310745,0.1,11,3.147932816537468,34.627260981912144,0.1,11,3.147932816537468,34.627260981912144,0.0,34.627260981912144,35.18863049095607,35.41602067183462,46.97739018087855,46.97739018087855
1,329,-0.002692814382837666,0.1,11,3.147932816537468,34.627260981912144,0.1,11,3.147932816537468,34.627260981912144,0.0,34.627260981912144,35.202842377260986,35.46576227390181,47.68087855297158,46.97739018087855
1,330,0.05682234647396217,0.7000000000000001,10,4.2700258397932815,42.700258397932814,0.1,10,3.203488372093023,32.03488372093023,10.665374677002582,32.03488372093023,32.39018087855297,32.428940568475454,42.700258397932814,42.700258397932814
1,331,0.06170442020169836,0.7000000000000001,11,4.2700258397932815,46.9702842377261,0.1,11,3.204134366925065,35.24547803617571,11.724806201550386,35.24547803617571,35.671834625322994,35.71447028423773,46.9702842377261,46.9702842377261
1,332,-0.02720581583494823,0.7000000000000001,11,4.270671834625323,46.97739018087855,0.1,11,3.1621447028423773,34.78359173126615,12.193798449612402,34.78359173126615,35.35917312661499,35.75710594315245,47.31847545219638,46.97739018087855
1,333,0.014715910719081737,0.2,11,3.2002583979328167,35.202842377260986,0.1,11,3.147932816537468,34.627260981912144,0.5755813953488413,34.627260981912144,35.202842377260986,35.47286821705426,46.97739018087855,46.97739018087855
1,334,0.1606383682124317,0.2,10,3.169250645994832,31.692506459948323,0.1,10,3.144702842377261,31.447028423772608,0.24547803617571518,31.447028423772608,31.692506459948323,32.151162790697676,42.700258397932814,42.700258397932814
1,335,0.04091663076054303,0.2,11,3.198966408268734,35.18863049095607,0.1,11,3.147932816537468,34.627260981912144,0.5613695090439279,34.627260981912144,35.18863049095607,35.41602067183462,46.97739018087855,46.97739018087855
1,336,0.0453761506844281,0.2,11,3.198966408268734,35.18863049095607,0.1,11,3.147932816537468,34.627260981912144,0.5613695090439279,34.627260981912144,35.18863049095607,35.41602067183462,42.706718346253226,42.706718346253226
1,337,0.021068732736326257,0.2,11,3.2002583979328167,35.202842377260986,0.1,11,3.147932816537468,34.627260981912144,0.5755813953488413,34.627260981912144,35.202842377260986,35.50129198966408,46.97739018087855,46.97739018087855
1,338,0.1666503541079852,0.2,10,3.169250645994832,31.692506459948323,0.1,10,3.144702842377261,31.447028423772608,0.24547803617571518,31.447028423772608,31.692506459948323,32.151162790697676,42.700258397932814,42.700258397932814
1,339,0.023920667254635153,0.2,11,3.2002583979328167,35.202842377260986,0.1,11,3.147932816537468,34.627260981912144,0.5755813953488413,34.627260981912144,35.202842377260986,35.44444444444444,46.97739018087855,46.97739018087855
1,340,-0.032621515699187684,0.2,11,3.202196382428941,35.22416020671835,0.1,11,3.1621447028423773,34.78359173126615,0.4405684754522028,34.78359173126615,35.35917312661499,35.671834625322994,47.31847545219638,46.97739018087855
1,341,-0.06836771336758941,0.2,456,3.2545219638242893,1484.062015503876,0.1,17,3.204780361757106,54.481266149870805,1429.580749354005,54.481266149870805,1541.1627906976744,1546.0116279069769,1197.9928940568475,1563.065891472868
1,342,-0.07615715438495413,0.2,293,3.205426356589147,939.1899224806201,0.1,14,3.1621447028423773,44.270025839793284,894.9198966408268,44.270025839793284,905.8074935400516,900.9560723514211,1039.2868217054263,1089.0213178294573
1,343,-0.07425774621594965,0.2,331,3.205426356589147,1060.9961240310076,0.1,13,3.1621447028423773,41.1078811369509,1019.8882428940567,41.1078811369509,1018.6304909560723,1013.5755813953488,983.4573643410852,1161.6227390180877
1,344,0.1126315030795669,0.7000000000000001,11,4.2700258397932815,46.9702842377261,0.1,11,3.144702842377261,34.59173126614987,12.378552971576227,34.59173126614987,34.89728682170542,35.08204134366925,46.9702842377261,46.9702842377261
1,345,-0.03532004953004203,0.2,11,3.202196382428941,35.22416020671835,0.1,11,3.1621447028423773,34.78359173126615,0.4405684754522028,34.78359173126615,35.35917312661499,35.671834625322994,47.31847545219638,46.97739018087855
1,346,0.07172712829198541,0.2,11,3.1983204134366927,35.18152454780362,0.1,11,3.147932816537468,34.627260981912144,0.5542635658914747,34.627260981912144,35.18152454780362,35.41602067183462,46.9702842377261,46.9702842377261
1,347,-0.014423946192180431,0.2,11,3.248062015503876,35.72868217054263,0.1,11,3.204780361757106,35.252583979328165,0.4760981912144686,35.252583979328165,35.86369509043927,35.85658914728682,42.41537467700258,46.97739018087855
1,348,-0.04215047620627631,0.2,11,3.202196382428941,35.22416020671835,0.1,11,3.1621447028423773,34.78359173126615,0.4405684754522028,34.78359173126615,35.35917312661499,42.15762273901809,55.921834625322994,55.518733850129195
1,349,0.014242137092052076,0.2,11,3.2002583979328167,35.202842377260986,0.1,11,3.147932816537468,34.627260981912144,0.5755813953488413,34.627260981912144,35.202842377260986,35.479974160206716,42.706718346253226,42.706718346253226
1,350,-0.009041181518056857,0.2,11,3.248062015503876,35.72868217054263,0.1,11,3.204780361757106,35.252583979328165,0.4760981912144686,35.252583979328165,35.86369509043927,35.85658914728682,42.41537467700258,46.97739018087855
1,351,-0.08419573378656843,0.2,201,3.202196382428941,643.6414728682171,0.1,13,3.1621447028423773,41.1078811369509,602.5335917312661,41.1078811369509,720.3307493540051,728.0717054263565,749.9961240310079,948.0891472868217
1,352,-0.034055983208927124,0.2,11,3.248062015503876,35.72868217054263,0.1,11,3.204780361757106,35.252583979328165,0.4760981912144686,35.252583979328165,35.86369509043927,35.85658914728682,42.41537467700258,46.97739018087855
1,353,0.13276141255338728,0.2,10,3.1711886304909562,31.711886304909562,0.1,10,3.144702842377261,31.447028423772608,0.26485788113695463,31.447028423772608,31.711886304909562,32.02842377260982,42.700258397932814,42.700258397932814
1,354,-0.04523194181598934,0.2,11,3.202196382428941,35.22416020671835,0.1,11,3.1621447028423773,34.78359173126615,0.4405684754522028,34.78359173126615,35.35917312661499,48.643410852713174,60.223514211886304,64.06007751937985
1,355,0.09639860836854727,0.2,10,3.2002583979328167,32.002583979328165,0.1,10,3.147932816537468,31.479328165374678,0.5232558139534866,31.479328165374678,32.002583979328165,31.905684754521964,42.700258397932814,42.700258397932814
1,356,-0.003972582772327565,0.2,11,3.1892764857881137,35.08204134366925,0.1,11,3.147932816537468,34.627260981912144,0.4547803617571091,34.627260981912144,35.202842377260986,35.46576227390181,47.68087855297158,46.97739018087855
1,357,-0.10611446134054442,0.2,106,3.195736434108527,338.7480620155039,0.1,18,3.1621447028423773,56.91860465116279,281.82945736434107,56.91860465116279,333.90180878552974,551.2222222222223,450.62790697674416,790.0742894056847
1,358,-0.052104387154073104,0.2,36,3.202196382428941,115.27906976744187,0.1,22,3.1621447028423773,69.5671834625323,45.71188630490957,69.5671834625323,118.93540051679587,194.6124031007752,219.38565891472868,226.3456072351421
1,359,0.06488916412926932,0.2,11,3.198966408268734,35.18863049095607,0.1,11,3.147932816537468,34.627260981912144,0.5613695090439279,34.627260981912144,35.24547803617571,35.41602067183462,46.9702842377261,46.9702842377261
1,360,-0.03645035758197962,0.2,11,3.231266149870801,35.54392764857881,0.1,11,3.1892764857881137,35.08204134366925,0.4618863049095552,35.08204134366925,35.678940568475454,35.671834625322994,47.31847545219638,46.97739018087855
1,361,-0.09111069099505104,0.2,179,3.257751937984496,583.1375968992248,0.1,21,3.20671834625323,67.34108527131784,515.796511627907,67.34108527131784,582.906330749354,929.8695090439277,713.1653746770025,896.8410852713178
1,362,-0.02854609394079738,0.2,11,3.251937984496124,35.77131782945737,0.1,11,3.208010335917313,35.288113695090445,0.4832041343669218,35.288113695090445,35.89922480620155,35.89922480620155,47.31847545219638,46.97739018087855
1,363,-0.076409504029238,0.2,289,3.205426356589147,926.3682170542636,0.1,11,3.1621447028423773,34.78359173126615,891.5846253229975,34.78359173126615,896.1369509043927,891.3029715762274,1052.1705426356589,1089.0213178294573
1,364,0.06697406662534183,0.2,11,3.198966408268734,35.18863049095607,0.1,11,3.147932816537468,34.627260981912144,0.5613695090439279,34.627260981912144,35.24547803617571,35.41602067183462,46.9702842377261,46.9702842377261
1,365,-0.06979360269894709,0.2,404,3.2545219638242893,1314.826873385013,0.1,16,3.204780361757106,51.276485788113696,1263.5503875968993,51.276485788113696,1354.2558139534883,1386.1918604651162,867.0058139534884,1426.404392764858
1,366,0.11526001118828808,0.2,11,3.1711886304909562,34.883074935400515,0.1,11,3.144702842377261,34.59173126614987,0.2913436692506437,34.59173126614987,34.883074935400515,35.08204134366925,46.9702842377261,46.9702842377261
1,367,-0.05039238127700414,0.2,21,3.202196382428941,67.24612403100775,0.1,15,3.1621447028423773,47.43217054263566,19.813953488372093,47.43217054263566,67.50387596899225,103.79328165374677,124.74870801033592,128.1201550387597
1,368,-0.09199442468532854,0.2,178,3.2416020671834627,577.0051679586563,0.1,16,3.204780361757106,51.276485788113696,525.7286821705426,51.276485788113696,579.0749354005168,922.2661498708011,704.1447028423772,888.2997416020671
1,369,0.05370009717057728,0.2,11,3.242894056847545,35.671834625322994,0.1,11,3.204134366925065,35.24547803617571,0.42635658914728225,35.24547803617571,35.671834625322994,35.71447028423773,46.9702842377261,46.9702842377261
1,370,-0.025898694826981566,0.2,11,3.202196382428941,35.22416020671835,0.1,11,3.1621447028423773,34.78359173126615,0.4405684754522028,34.78359173126615,35.35917312661499,35.68604651162791,47.31847545219638,46.97739018087855
1,371,-0.06677108095601914,0.2,515,3.2777777777777777,1688.0555555555554,0.1,24,3.20671834625323,76.96124031007753,1611.094315245478,76.96124031007753,1644.8229974160206,1644.8229974160206,1762.6802325581396,1759.516795865633
1,372,0.02335364033051196,0.2,11,3.2002583979328167,35.202842377260986,0.1,11,3.147932816537468,34.627260981912144,0.5755813953488413,34.627260981912144,35.202842377260986,35.49418604651163,46.97739018087855,46.97739018087855
1,373,0.09536710839533591,0.2,11,3.197674418604651,35.17441860465116,0.1,11,3.147932816537468,34.627260981912144,0.5471576227390145,34.627260981912144,35.17441860465116,35.41602067183462,46.9702842377261,46.9702842377261
1,374,-0.07096593555052431,0.2,369,3.2545219638242893,1200.9186046511627,0.1,14,3.204780361757106,44.866925064599485,1156.0516795865633,44.866925064599485,1226.3720930232557,1281.8197674418604,732.1382428940568,1340.9909560723513
1,375,-0.10179530741922092,0.2,124,3.195736434108527,396.27131782945736,0.1,17,3.1621447028423773,53.75645994832041,342.51485788113695,53.75645994832041,391.69250645994833,640.9560723514212,542.2545219638243,819.968992248062
1,376,0.13882207798387688,0.2,10,3.1711886304909562,31.711886304909562,0.1,10,3.144702842377261,31.447028423772608,0.26485788113695463,31.447028423772608,31.711886304909562,32.02196382428941,42.700258397932814,42.700258397932814
1,377,-0.07462833329352583,0.2,323,3.205426356589147,1035.3527131782946,0.1,13,3.1621447028423773,41.1078811369509,994.2448320413437,41.1078811369509,996.0658914728682,987.8339793281654,1000.6356589147287,1144.5400516795864
1,378,0.011433780942412708,0.2,11,3.2002583979328167,35.202842377260986,0.1,11,3.147932816537468,34.627260981912144,0.5755813953488413,34.627260981912144,35.202842377260986,35.22416020671835,46.97739018087855,46.97739018087855
1,379,-0.04574182319679242,0.2,12,3.202196382428941,38.42635658914729,0.1,11,3.1621447028423773,34.78359173126615,3.64276485788114,34.78359173126615,38.57364341085271,51.88630490956072,64.5251937984496,68.33074935400516
1,380,0.025275483814732824,0.2,11,3.2002583979328167,35.202842377260986,0.1,11,3.147932816537468,34.627260981912144,0.5755813953488413,34.627260981912144,35.202842377260986,35.42312661498708,46.97739018087855,46.97739018087855
1,381,-0.05534464917589994,0.2,3658,3.248062015503876,11881.410852713178,0.1,2113,3.204780361757106,6771.700904392765,5109.709948320413,6771.700904392765,12131.709948320413,12438.976744186046,28278.02519379845,28972.23772609819
1,382,0.0665205312844119,0.1,11,3.147932816537468,34.627260981912144,0.1,11,3.147932816537468,34.627260981912144,0.0,34.627260981912144,35.24547803617571,35.41602067183462,46.9702842377261,46.9702842377261
1,383,0.03463782777585128,0.1,11,3.147932816537468,34.627260981912144,0.1,11,3.147932816537468,34.627260981912144,0.0,34.627260981912144,35.18863049095607,35.42312661498708,46.97739018087855,46.97739018087855
1,384,-0.04183866586858588,0.1,11,3.204780361757106,35.252583979328165,0.1,11,3.204780361757106,35.252583979328165,0.0,35.252583979328165,35.86369509043927,35.85658914728682,57.65503875968992,55.518733850129195
1,385,-0.03941130345597674,0.1,11,3.1621447028423773,34.78359173126615,0.1,11,3.1621447028423773,34.78359173126615,0.0,34.78359173126615,35.35917312661499,38.91472868217054,47.31847545219638,51.248062015503876
1,386,0.07307776622752754,0.1,10,3.147932816537468,31.479328165374678,0.1,10,3.147932816537468,31.479328165374678,0.0,31.479328165374678,31.98320413436693,32.19638242894057,42.700258397932814,42.700258397932814
1,387,0.04637476236812932,0.1,11,3.147932816537468,34.627260981912144,0.1,11,3.147932816537468,34.627260981912144,0.0,34.627260981912144,35.18863049095607,35.41602067183462,46.97739018087855,46.97739018087855
1,388,0.07958185094318238,0.1,11,3.147932816537468,34.627260981912144,0.1,11,3.147932816537468,34.627260981912144,0.0,34.627260981912144,35.18152454780362,35.41602067183462,46.9702842377261,46.9702842377261
1,389,0.1777147523179092,0.1,10,3.144702842377261,31.447028423772608,0.1,10,3.144702842377261,31.447028423772608,0.0,31.447028423772608,31.692506459948323,32.151162790697676,42.700258397932814,42.700258397932814
1,390,0.08047331194258461,0.1,11,3.147932816537468,34.627260981912144,0.1,11,3.147932816537468,34.627260981912144,0.0,34.627260981912144,35.18152454780362,35.41602067183462,46.9702842377261,46.9702842377261
1,391,-0.0020334407324331116,0.1,11,3.1905684754521966,35.09625322997416,0.1,11,3.1905684754521966,35.09625322997416,0.0,35.09625322997416,35.64341085271318,35.64341085271318,42.571705426356594,46.97739018087855
1,392,-0.02996124494144317,0.1,11,3.1621447028423773,34.78359173126615,0.1,11,3.1621447028423773,34.78359173126615,0.0,34.78359173126615,35.35917312661499,35.671834625322994,47.31847545219638,46.97739018087855
1,393,-0.02171807346171803,0.1,11,3.1621447028423773,34.78359173126615,0.1,11,3.1621447028423773,34.78359173126615,0.0,34.78359173126615,35.41602067183462,35.68604651162791,47.304263565891475,46.97739018087855
1,394,-0.0983047674420415,0.1,17,3.1621447028423773,53.75645994832041,0.1,17,3.1621447028423773,53.75645994832041,0.0,53.75645994832041,443.06201550387595,717.8708010335918,658.7306201550388,845.5930232558139
1,395,-0.052194096916063526,0.1,22,3.1621447028423773,69.5671834625323,0.1,22,3.1621447028423773,69.5671834625323,0.0,69.5671834625323,115.72093023255815,188.12532299741602,215.08397932816536,222.07493540051678
1,396,-0.03701500059269461,0.1,11,3.1621447028423773,34.78359173126615,0.1,11,3.1621447028423773,34.78359173126615,0.0,34.78359173126615,35.35917312661499,35.671834625322994,47.31847545219638,46.97739018087855
1,397,-0.02415299231451415,0.1,11,3.20671834625323,35.27390180878553,0.1,11,3.20671834625323,35.27390180878553,0.0,35.27390180878553,35.906330749354005,35.89922480620155,47.304263565891475,46.97739018087855
1,398,0.005817827148717036,0.1,11,3.147932816537468,34.627260981912144,0.1,11,3.147932816537468,34.627260981912144,0.0,34.627260981912144,35.202842377260986,35.46576227390181,46.97739018087855,46.97739018087855
1,399,-0.09425107440917331,0.1,14,3.1621447028423773,44.270025839793284,0.1,14,3.1621447028423773,44.270025839793284,0.0,44.270025839793284,516.905684754522,830.0381136950905,3729.949612403101,875.4877260981912
1,400,-0.06703323109692502,0.1,16,3.1621447028423773,50.594315245478036,0.1,16,3.1621447028423773,50.594315245478036,0.0,50.594315245478036,1613.0490956072351,1678.4412144702842,1724.0813953488373,1721.080749354005
1,401,-0.030106823149016165,0.1,11,3.1621447028423773,34.78359173126615,0.1,11,3.1621447028423773,34.78359173126615,0.0,34.78359173126615,35.35917312661499,35.671834625322994,47.31847545219638,46.97739018087855
1,402,0.034252808043353455,0.1,11,3.147932816537468,34.627260981912144,0.1,11,3.147932816537468,34.627260981912144,0.0,34.627260981912144,35.18863049095607,35.42312661498708,46.97739018087855,46.97739018087855
1,403,-0.011389473137362327,0.1,11,3.204780361757106,35.252583979328165,0.1,11,3.204780361757106,35.252583979328165,0.0,35.252583979328165,35.86369509043927,35.85658914728682,42.41537467700258,46.97739018087855
1,404,-0.011388516324875114,0.1,11,3.1621447028423773,34.78359173126615,0.1,11,3.1621447028423773,34.78359173126615,0.0,34.78359173126615,35.35206718346253,35.65762273901809,47.39664082687339,46.97739018087855
1,405,0.05844435880098764,0.1,11,3.147932816537468,34.627260981912144,0.1,11,3.147932816537468,34.627260981912144,0.0,34.627260981912144,35.18863049095607,35.41602067183462,46.9702842377261,46.9702842377261
1,406,-0.06070773188761071,0.1,45,3.1621447028423773,142.29651162790697,0.1,45,3.1621447028423773,142.29651162790697,0.0,142.29651162790697,3586.677002583979,3643.6027131782944,4031.884366925065,3548.928294573643
1,407,0.01162958012789772,0.1,11,3.147932816537468,34.627260981912144,0.1,11,3.147932816537468,34.627260981912144,0.0,34.627260981912144,35.202842377260986,35.451550387596896,46.97739018087855,46.97739018087855
1,408,0.0009905992290332455,0.1,11,3.147932816537468,34.627260981912144,0.1,11,3.147932816537468,34.627260981912144,0.0,34.627260981912144,35.202842377260986,35.46576227390181,48.36304909560724,46.97739018087855
1,409,0.07061640281689285,0.1,11,3.147932816537468,34.627260981912144,0.1,11,3.147932816537468,34.627260981912144,0.0,34.627260981912144,35.18152454780362,35.41602067183462,46.9702842377261,46.9702842377261
1,410,0.16181000648729824,0.1,10,3.144702842377261,31.447028423772608,0.1,10,3.144702842377261,31.447028423772608,0.0,31.447028423772608,31.692506459948323,32.151162790697676,42.700258397932814,42.700258397932814
1,411,-0.08043389291081131,0.1,13,3.204780361757106,41.662144702842376,0.1,13,3.204780361757106,41.662144702842376,0.0,41.662144702842376,730.8940568475452,726.4786821705426,975.2790697674419,999.3372093023255
1,412,0.08253938353951007,0.1,10,3.147932816537468,31.479328165374678,0.1,10,3.147932816537468,31.479328165374678,0.0,31.479328165374678,31.98320413436693,32.19638242894057,42.700258397932814,42.700258397932814
1,413,-0.07004530314595545,0.1,14,3.1621447028423773,44.270025839793284,0.1,14,3.1621447028423773,44.270025839793284,0.0,44.270025839793284,1245.2739018087855,1317.624677002584,1393.8468992248063,1405.051033591731
1,414,-0.06439322267338145,0.1,19,3.1621447028423773,60.08074935400517,0.1,19,3.1621447028423773,60.08074935400517,0.0,60.08074935400517,2125.998708010336,2214.5542635658912,2200.133720930233,2186.5839793281652
1,415,0.044674232376141904,0.1,11,3.2002583979328167,35.202842377260986,0.1,11,3.2002583979328167,35.202842377260986,0.0,35.202842377260986,35.62919896640827,35.65762273901809,42.706718346253226,42.706718346253226
1,416,0.18230718287556671,0.1,10,3.144702842377261,31.447028423772608,0.1,10,3.144702842377261,31.447028423772608,0.0,31.447028423772608,31.692506459948323,32.151162790697676,42.700258397932814,42.700258397932814
1,417,0.008205722817745231,0.1,11,3.147932816537468,34.627260981912144,0.1,11,3.147932816537468,34.627260981912144,0.0,34.627260981912144,35.202842377260986,35.46576227390181,46.97739018087855,46.97739018087855
1,418,-0.07507967526870869,0.7000000000000001,264,4.270671834625323,1127.4573643410852,0.1,12,3.1621447028423773,37.945736434108525,1089.5116279069766,37.945736434108525,970.2777777777777,962.0923772609818,1017.813953488372,1127.4573643410852
1,419,0.12735169850707753,0.1,10,3.144702842377261,31.447028423772608,0.1,10,3.144702842377261,31.447028423772608,0.0,31.447028423772608,31.711886304909562,32.02842377260982,42.700258397932814,42.700258397932814
1,420,0.13613884280408942,0.1,10,3.144702842377261,31.447028423772608,0.1,10,3.144702842377261,31.447028423772608,0.0,31.447028423772608,31.711886304909562,32.02196382428941,42.700258397932814,42.700258397932814
1,421,-0.11895779730960965,0.1,37,3.1621447028423773,116.99935400516796,0.1,37,3.1621447028423773,116.99935400516796,0.0,116.99935400516796,189.42506459948322,330.0923772609819,225.31395348837208,758.9147286821704
1,422,-0.007493498195083437,0.7000000000000001,11,4.270671834625323,46.97739018087855,0.1,11,3.1621447028423773,34.78359173126615,12.193798449612402,34.78359173126615,35.35206718346253,35.65762273901809,47.36821705426356,46.97739018087855
1,423,-0.04441845681466371,0.7000000000000001,15,4.270671834625323,64.06007751937985,0.1,11,3.1621447028423773,34.78359173126615,29.276485788113696,34.78359173126615,35.35917312661499,48.643410852713174,60.223514211886304,64.06007751937985
1,424,0.0845515592408232,0.7000000000000001,10,4.2700258397932815,42.700258397932814,0.1,10,3.147932816537468,31.479328165374678,11.220930232558135,31.479328165374678,31.97674418604651,32.19638242894057,42.700258397932814,42.700258397932814
1,425,-0.11778990160247263,0.2,58,3.2325581395348837,187.48837209302326,0.1,55,3.208010335917313,176.4405684754522,11.047803617571049,176.4405684754522,185.6918604651163,328.3804909560724,246.17635658914728,784.4961240310076
1,426,-0.12233650781915592,0.2,43,3.195736434108527,137.41666666666666,0.25,42,3.210594315245478,134.84496124031008,2.571705426356573,142.29651162790697,134.84496124031008,243.56330749354007,196.10658914728683,693.8029715762275
1,427,-0.07857067495694764,0.2,246,3.2093023255813953,789.4883720930233,0.1,11,3.1621447028423773,34.78359173126615,754.7047803617571,34.78359173126615,782.6860465116279,778.0581395348837,1069.3488372093022,1033.5025839793282
1,428,-0.06896637132683045,0.7000000000000001,352,4.270671834625323,1503.2764857881136,0.1,13,3.1621447028423773,41.1078811369509,1462.1686046511627,41.1078811369509,1364.639534883721,1430.3798449612402,1496.7771317829458,1503.2764857881136
1,429,-0.06101417025008196,0.1,39,3.1621447028423773,123.32364341085271,0.1,39,3.1621447028423773,123.32364341085271,0.0,123.32364341085271,3399.937984496124,3453.5297157622736,3020.0206718346253,3373.830749354005
1,430,-0.0566136636061533,0.1,283,3.1621447028423773,894.8869509043927,0.1,283,3.1621447028423773,894.8869509043927,0.0,894.8869509043927,11355.664082687337,6556.356589147286,12104.25904392765,10962.814599483203
1,431,0.06284178725822748,0.1,11,3.147932816537468,34.627260981912144,0.1,11,3.147932816537468,34.627260981912144,0.0,34.627260981912144,35.24547803617571,35.41602067183462,46.9702842377261,46.9702842377261
1,432,-0.032498802179701636,0.1,11,3.1621447028423773,34.78359173126615,0.1,11,3.1621447028423773,34.78359173126615,0.0,34.78359173126615,35.35917312661499,35.671834625322994,47.31847545219638,46.97739018087855
1,433,0.03480698415758382,0.1,11,3.147932816537468,34.627260981912144,0.1,11,3.147932816537468,34.627260981912144,0.0,34.627260981912144,35.18863049095607,35.42312661498708,46.97739018087855,46.97739018087855
1,434,0.007598094848619064,0.1,11,3.147932816537468,34.627260981912144,0.1,11,3.147932816537468,34.627260981912144,0.0,34.627260981912144,35.202842377260986,35.46576227390181,46.97739018087855,46.97739018087855
1,435,-0.04764673983596937,0.1,13,3.20671834625323,41.68733850129199,0.1,13,3.20671834625323,41.68733850129199,0.0,41.68733850129199,45.689922480620154,45.689922480620154,86.03359173126614,93.9547803617571
1,436,-0.11902784886730847,0.7000000000000001,178,4.263565891472868,758.9147286821704,0.1,35,3.1621447028423773,110.6750645994832,648.2396640826872,110.6750645994832,186.21447028423773,330.0923772609819,225.31395348837208,758.9147286821704
1,437,0.1345430983952046,0.1,10,3.144702842377261,31.447028423772608,0.1,10,3.144702842377261,31.447028423772608,0.0,31.447028423772608,31.711886304909562,32.02196382428941,42.700258397932814,42.700258397932814
1,438,-0.12666414504403442,0.1,51,3.1621447028423773,161.26937984496124,0.25,49,3.210594315245478,157.31912144702844,3.9502583979327994,161.26937984496124,157.31912144702844,278.8158914728682,225.31395348837208,631.7099483204134
1,439,-0.13378479245794875,0.7000000000000001,164,4.239664082687338,695.3049095607234,0.25,46,3.25,149.5,545.8049095607234,15924.547803617572,149.5,266.28811369509043,341.8255813953488,695.3049095607234
1,440,-0.08577673453296993,0.1,13,3.1621447028423773,41.1078811369509,0.1,13,3.1621447028423773,41.1078811369509,0.0,41.1078811369509,672.094315245478,679.9612403100775,660.0490956072351,935.2771317829457
1,441,-0.018060628821212815,0.1,11,3.1621447028423773,34.78359173126615,0.1,11,3.1621447028423773,34.78359173126615,0.0,34.78359173126615,35.41602067183462,35.68604651162791,47.304263565891475,46.97739018087855
1,442,-0.08037603610560445,0.7000000000000001,233,4.270671834625323,995.0665374677002,0.1,15,3.204780361757106,48.07170542635659,946.9948320413436,48.07170542635659,737.5658914728682,723.2209302325581,975.2790697674419,995.0665374677002
1,443,0.04796289001062087,0.1,11,3.147932816537468,34.627260981912144,0.1,11,3.147932816537468,34.627260981912144,0.0,34.627260981912144,35.18863049095607,35.41602067183462,46.9702842377261,46.9702842377261
1,444,-0.10712262262872013,0.1,22,3.1621447028423773,69.5671834625323,0.1,22,3.1621447028423773,69.5671834625323,0.0,69.5671834625323,317.84883720930236,531.9935400516796,433.93798449612405,781.532945736434
1,445,0.04764696545401806,0.1,11,3.147932816537468,34.627260981912144,0.1,11,3.147932816537468,34.627260981912144,0.0,34.627260981912144,35.18863049095607,35.41602067183462,46.9702842377261,46.9702842377261
1,446,-0.07737669131493445,0.7000000000000001,248,4.270671834625323,1059.12661498708,0.1,12,3.204780361757106,38.457364341085274,1020.6692506459948,38.457364341085274,877.8992248062016,860.046511627907,1136.5788113695091,1059.12661498708
1,447,0.013116136512500653,0.1,11,3.147932816537468,34.627260981912144,0.1,11,3.147932816537468,34.627260981912144,0.0,34.627260981912144,35.202842377260986,35.50129198966408,46.97739018087855,46.97739018087855
1,448,-0.06350640132180463,0.1,21,3.1621447028423773,66.40503875968992,0.1,21,3.1621447028423773,66.40503875968992,0.0,66.40503875968992,2364.729974160207,2456.317829457364,2423.149224806202,2408.6589147286822
1,449,-0.07733926862558732,0.1,12,3.1621447028423773,37.945736434108525,0.1,12,3.1621447028423773,37.945736434108525,0.0,37.945736434108525,847.7842377260981,843.0374677002584,1060.7596899224804,1059.12661498708
1,450,0.11501457832999126,0.7000000000000001,10,4.2700258397932815,42.700258397932814,0.1,10,3.144702842377261,31.447028423772608,11.253229974160206,31.447028423772608,31.711886304909562,31.892764857881136,42.700258397932814,42.700258397932814
1,451,-0.01070739541322363,0.7000000000000001,11,4.270671834625323,46.97739018087855,0.1,11,3.1621447028423773,34.78359173126615,12.193798449612402,34.78359173126615,35.35206718346253,35.65762273901809,47.39664082687339,46.97739018087855
1,452,0.034417710065942186,0.7000000000000001,10,4.270671834625323,42.706718346253226,0.1,11,3.147932816537468,34.627260981912144,8.079457364341081,34.627260981912144,35.18863049095607,35.42312661498708,42.706718346253226,42.706718346253226
1,453,0.24407667490346294,0.7000000000000001,10,4.268733850129199,42.68733850129199,0.1,10,3.143410852713178,31.43410852713178,11.25322997416021,31.43410852713178,31.55684754521964,31.918604651162788,42.68733850129199,42.68733850129199
1,454,-0.004147577350076731,0.2,11,3.1892764857881137,35.08204134366925,0.1,11,3.147932816537468,34.627260981912144,0.4547803617571091,34.627260981912144,35.202842377260986,35.46576227390181,47.68087855297158,46.97739018087855
1,455,0.04017228649299426,0.2,11,3.198966408268734,35.18863049095607,0.1,11,3.147932816537468,34.627260981912144,0.5613695090439279,34.627260981912144,35.18863049095607,35.41602067183462,42.706718346253226,42.706718346253226
1,456,0.016337938697760124,0.2,11,3.244186046511628,35.68604651162791,0.1,11,3.204134366925065,35.24547803617571,0.4405684754521957,35.24547803617571,35.68604651162791,35.68604651162791,46.97739018087855,46.97739018087855
1,457,0.11205833860359884,0.2,11,3.1724806201550386,34.89728682170542,0.1,11,3.144702842377261,34.59173126614987,0.30555555555555003,34.59173126614987,34.89728682170542,35.08204134366925,46.9702842377261,46.9702842377261
1,458,-0.06325639221660043,0.2,797,3.2138242894056845,2561.4179586563305,0.1,21,3.1621447028423773,66.40503875968992,2495.0129198966406,66.40503875968992,2442.1563307493543,2536.9056847545216,2496.0581395348836,2481.2603359173127
1,459,0.06852401140273884,0.1,11,3.147932816537468,34.627260981912144,0.1,11,3.147932816537468,34.627260981912144,0.0,34.627260981912144,35.24547803617571,35.41602067183462,46.9702842377261,46.9702842377261
1,460,-0.06203754997592438,0.1,27,3.1621447028423773,85.37790697674419,0.1,27,3.1621447028423773,85.37790697674419,0.0,85.37790697674419,2894.454780361757,2941.888888888889,2920.6453488372094,2899.7861757105943
1,461,-0.08624961158894474,0.7000000000000001,218,4.270671834625323,931.0064599483204,0.1,14,3.1621447028423773,44.270025839793284,886.7364341085271,44.270025839793284,659.2312661498707,667.1317829457364,503.2558139534884,931.0064599483204
1,462,-0.0031271681528333706,0.1,11,3.147932816537468,34.627260981912144,0.1,11,3.147932816537468,34.627260981912144,0.0,34.627260981912144,35.202842377260986,35.46576227390181,47.68087855297158,46.97739018087855
1,463,-0.026527979398028215,0.1,11,3.1621447028423773,34.78359173126615,0.1,11,3.1621447028423773,34.78359173126615,0.0,34.78359173126615,35.35917312661499,35.75710594315245,43.01679586563307,42.706718346253226
1,464,-0.0714978323916456,0.1,13,3.1621447028423773,41.1078811369509,0.1,13,3.1621447028423773,41.1078811369509,0.0,41.1078811369509,1116.2299741602067,1195.204780361757,1282.3391472868218,1302.5549095607234
1,465,-0.0968753396367523,0.7000000000000001,200,4.270671834625323,854.1343669250646,0.1,16,3.1621447028423773,50.594315245478036,803.5400516795866,50.594315245478036,468.7467700258398,756.328165374677,692.0833333333334,854.1343669250646
1,466,-0.09680849845607842,0.1,17,3.1621447028423773,53.75645994832041,0.1,17,3.1621447028423773,53.75645994832041,0.0,53.75645994832041,468.7467700258398,756.328165374677,692.0833333333334,854.1343669250646
1,467,0.06148919275260073,0.1,11,3.147932816537468,34.627260981912144,0.1,11,3.147932816537468,34.627260981912144,0.0,34.627260981912144,35.24547803617571,35.41602067183462,46.9702842377261,46.9702842377261
1,468,-0.06097973884959641,0.7000000000000001,794,4.270671834625323,3390.9134366925064,0.1,328,3.204780361757106,1051.1679586563307,2339.745478036176,1051.1679586563307,3763.6363049095607,3494.3875968992247,3039.281007751938,3390.9134366925064
1,469,-0.004630495593271972,0.1,11,3.204134366925065,35.24547803617571,0.1,11,3.204134366925065,35.24547803617571,0.0,35.24547803617571,35.68604651162791,35.68604651162791,47.36821705426356,46.97739018087855
1,470,-0.04370312759366332,0.1,11,3.20671834625323,35.27390180878553,0.1,11,3.20671834625323,35.27390180878553,0.0,35.27390180878553,35.89922480620155,35.8921188630491,55.921834625322994,59.78940568475452
1,471,0.08610162949932532,0.1,11,3.147932816537468,34.627260981912144,0.1,11,3.147932816537468,34.627260981912144,0.0,34.627260981912144,35.17441860465116,35.41602067183462,42.700258397932814,42.700258397932814
1,472,-0.11001069951405763,0.1,24,3.1621447028423773,75.89147286821705,0.1,24,3.1621447028423773,75.89147286821705,0.0,75.89147286821705,285.74289405684755,480.7170542635659,396.38565891472865,675.8527131782946
1,473,-0.13007958100006087,0.1,105,3.1621447028423773,332.0251937984496,0.25,48,3.20671834625323,153.92248062015506,178.10271317829455,332.0251937984496,153.92248062015506,272.406330749354,221.14147286821705,653.107235142119
1,474,-0.03993224299252075,0.1,11,3.204780361757106,35.252583979328165,0.1,11,3.204780361757106,35.252583979328165,0.0,35.252583979328165,35.86369509043927,35.85658914728682,53.81136950904393,51.248062015503876
1,475,-0.013774985695919284,0.1,11,3.1621447028423773,34.78359173126615,0.1,11,3.1621447028423773,34.78359173126615,0.0,34.78359173126615,35.35206718346253,35.65762273901809,47.39664082687339,46.97739018087855
1,476,0.15872906111976423,0.1,10,3.144702842377261,31.447028423772608,0.1,10,3.144702842377261,31.447028423772608,0.0,31.447028423772608,31.692506459948323,32.03488372093023,42.700258397932814,42.700258397932814
1,477,-0.004850630657524918,0.1,11,3.1905684754521966,35.09625322997416,0.1,11,3.1905684754521966,35.09625322997416,0.0,35.09625322997416,35.64341085271318,35.64341085271318,42.571705426356594,46.97739018087855
1,478,-0.07164791470145127,0.1,18,3.208010335917313,57.74418604651163,0.1,18,3.208010335917313,57.74418604651163,0.0,57.74418604651163,1085.6485788113694,1165.7848837209303,1273.7616279069769,1289.7428940568475
1,479,-0.07746993049111456,0.1,12,3.1621447028423773,37.945736434108525,0.1,12,3.1621447028423773,37.945736434108525,0.0,37.945736434108525,841.3372093023255,836.6020671834625,1060.7596899224804,1054.8559431524548
1,480,-0.07388748463578071,0.1,13,3.1621447028423773,41.1078811369509,0.1,13,3.1621447028423773,41.1078811369509,0.0,41.1078811369509,945.2467700258399,1040.5691214470285,1294.0103359173127,1174.4347545219637
1,481,0.11737661819138293,0.1,10,3.144702842377261,31.447028423772608,0.1,10,3.144702842377261,31.447028423772608,0.0,31.447028423772608,31.711886304909562,31.892764857881136,42.700258397932814,42.700258397932814
1,482,-0.0793015911669735,0.1,14,3.204780361757106,44.866925064599485,0.1,14,3.204780361757106,44.866925064599485,0.0,44.866925064599485,776.5749354005169,772.0872093023256,1013.9806201550388,1016.4198966408268
1,483,-0.08439340581535756,0.1,15,3.204780361757106,48.07170542635659,0.1,15,3.204780361757106,48.07170542635659,0.0,48.07170542635659,732.9941860465117,741.0,4039.160206718346,948.0891472868217
1,484,-0.0005660110364800741,0.7000000000000001,10,4.270671834625323,42.706718346253226,0.1,11,3.204134366925065,35.24547803617571,7.461240310077514,35.24547803617571,35.65762273901809,35.65762273901809,43.34625322997417,42.706718346253226
1,485,0.07312102158315484,0.7000000000000001,10,4.2700258397932815,42.700258397932814,0.1,11,3.147932816537468,34.627260981912144,8.07299741602067,34.627260981912144,35.18152454780362,35.41602067183462,42.700258397932814,42.700258397932814
1,486,-0.06971863981982253,0.7000000000000001,335,4.270671834625323,1430.6750645994832,0.1,15,3.1621447028423773,47.43217054263566,1383.2428940568475,47.43217054263566,1277.5348837209303,1349.8404392764858,874.7125322997416,1430.6750645994832
1,487,-0.00478848844404145,0.1,11,3.147932816537468,34.627260981912144,0.1,11,3.147932816537468,34.627260981912144,0.0,34.627260981912144,35.202842377260986,35.46576227390181,43.06201550387597,42.706718346253226
1,488,-0.0823349152372177,0.1,14,3.1621447028423773,44.270025839793284,0.1,14,3.1621447028423773,44.270025839793284,0.0,44.270025839793284,781.4302325581394,789.0116279069767,1185.8391472868218,969.4425064599483
1,489,0.16555056397445297,0.1,11,3.1873385012919897,35.06072351421189,0.1,11,3.1873385012919897,35.06072351421189,0.0,35.06072351421189,35.30232558139535,35.17441860465116,39.41860465116279,42.700258397932814
1,490,0.03130014098656114,0.7000000000000001,11,4.270671834625323,46.97739018087855,0.1,11,3.147932816537468,34.627260981912144,12.350129198966407,34.627260981912144,35.195736434108525,35.42312661498708,46.97739018087855,46.97739018087855
1,491,-0.055596545388027,0.7000000000000001,5119,4.270671834625323,21861.569121447028,0.1,1277,3.208010335917313,4096.629198966409,17764.93992248062,4096.629198966409,24094.12273901809,22609.98449612403,23971.854651162794,21861.569121447028
1,492,-0.13286525698950466,0.7000000000000001,164,4.2409560723514215,695.5167958656331,0.25,45,3.20671834625323,144.30232558139537,551.2144702842377,622.9425064599483,144.30232558139537,256.3824289405685,350.1627906976744,695.5167958656331
1,493,-0.10639160178538788,0.2,104,3.195736434108527,332.3565891472868,0.1,18,3.1621447028423773,56.91860465116279,275.437984496124,56.91860465116279,327.48062015503876,548.0174418604652,446.45542635658916,790.0742894056847
1,494,-0.07192572148152636,0.2,332,3.2583979328165373,1081.7881136950905,0.1,18,3.208010335917313,57.74418604651163,1024.0439276485788,57.74418604651163,1062.7583979328165,1142.9263565891472,1252.3178294573643,1272.6602067183462
1,495,-0.12767514024421106,0.1,66,3.1621447028423773,208.7015503875969,0.25,49,3.210594315245478,157.31912144702844,51.382428940568474,208.7015503875969,157.31912144702844,278.8158914728682,225.31395348837208,627.4702842377261
1,496,-0.11476740018662371,0.1,27,3.1621447028423773,85.37790697674419,0.1,27,3.1621447028423773,85.37790697674419,0.0,85.37790697674419,234.3733850129199,400.5975452196383,287.90116279069764,839.9224806201549
1,497,0.10558318577941592,0.1,11,3.144702842377261,34.59173126614987,0.1,11,3.144702842377261,34.59173126614987,0.0,34.59173126614987,34.90439276485788,35.08914728682171,46.9702842377261,46.9702842377261
1,498,-0.11967207238895172,0.1,38,3.204780361757106,121.78165374677003,0.1,38,3.204780361757106,121.78165374677003,0.0,121.78165374677003,182.2170542635659,321.49418604651163,282.04134366925064,750.3875968992247
1,499,0.0349970497571003,0.1,11,3.147932816537468,34.627260981912144,0.1,11,3.147932816537468,34.627260981912144,0.0,34.627260981912144,35.18863049095607,35.42312661498708,46.97739018087855,46.97739018087855
1,500,-0.04606744738548406,0.1,13,3.204780361757106,41.662144702842376,0.1,13,3.204780361757106,41.662144702842376,0.0,41.662144702842376,42.3843669250646,42.37596899224806,76.8733850129199,72.60142118863048
2,1,-0.10841903618421464,0.4,159,3.204780361757106,509.56007751937983,0.1,23,3.1621447028423773,72.72932816537468,436.83074935400515,72.72932816537468,305.0064599483204,509.56007751937983,417.2480620155039,781.6434108527133
2,2,-0.01471063771356218,0.9,11,4.2299741602067185,46.5297157622739,0.1,11,3.1621447028423773,34.78359173126615,11.746124031007753,34.78359173126615,35.41602067183462,35.65762273901809,42.41537467700258,46.97739018087855
2,3,-0.089482511990783,0.2,196,3.195736434108527,626.3643410852713,0.1,14,3.1621447028423773,44.270025839793284,582.094315245478,44.270025839793284,619.6447028423772,987.0723514211886,759.311369509044,905.3824289405684
2,4,-0.0019152345930176229,0.5,11,4.334625322997416,47.68087855297158,0.1,11,3.147932816537468,34.627260981912144,13.053617571059434,34.627260981912144,35.202842377260986,35.46576227390181,47.68087855297158,46.97739018087855
2,5,-0.1063301021642502,0.6,147,4.242248062015504,623.6104651162791,0.1,20,3.204780361757106,64.09560723514213,559.514857881137,64.09560723514213,338.33591731266154,561.8029715762274,431.1227390180878,790.0742894056847
2,6,-0.0702458652406866,0.1,14,3.1621447028423773,44.270025839793284,0.1,14,3.1621447028423773,44.270025839793284,0.0,44.270025839793284,1225.9173126614987,1298.2952196382428,1376.6918604651164,1387.9683462532298
2,7,0.07148653421210188,0.30000000000000004,10,3.1983204134366927,31.98320413436693,0.1,10,3.147932816537468,31.479328165374678,0.5038759689922507,31.479328165374678,31.98320413436693,35.41602067183462,42.700258397932814,42.700258397932814
2,8,-0.06350925481372278,0.30000000000000004,734,3.2260981912144704,2367.9560723514214,0.1,19,3.1621447028423773,60.08074935400517,2307.8753229974163,60.08074935400517,2367.9560723514214,2459.5413436692506,2427.437984496124,2408.6589147286822
2,9,0.06719601665136388,0.5,10,4.2700258397932815,42.700258397932814,0.1,11,3.147932816537468,34.627260981912144,8.07299741602067,34.627260981912144,35.24547803617571,35.41602067183462,42.700258397932814,42.700258397932814
2,10,-0.023392736354207938,0.7000000000000001,11,4.270671834625323,46.97739018087855,0.1,11,3.1621447028423773,34.78359173126615,12.193798449612402,34.78359173126615,35.41602067183462,35.68604651162791,47.304263565891475,46.97739018087855
2,11,0.028279028402960454,0.5,11,4.270671834625323,46.97739018087855,0.1,11,3.147932816537468,34.627260981912144,12.350129198966407,34.627260981912144,35.195736434108525,35.42312661498708,46.97739018087855,46.97739018087855
2,12,0.1098847024832448,0.8,10,4.243540051679586,42.435400516795866,0.1,11,3.144702842377261,34.59173126614987,7.843669250645995,34.59173126614987,34.89728682170542,35.08204134366925,42.700258397932814,42.700258397932814
2,13,0.07323797644289559,0.7000000000000001,11,4.2700258397932815,46.9702842377261,0.1,11,3.147932816537468,34.627260981912144,12.343023255813954,34.627260981912144,35.18152454780362,35.41602067183462,46.9702842377261,46.9702842377261
2,14,0.13635187614259578,0.8,10,4.243540051679586,42.435400516795866,0.1,10,3.144702842377261,31.447028423772608,10.988372093023258,31.447028423772608,31.711886304909562,32.02196382428941,42.700258397932814,42.700258397932814
2,15,-0.0059087544051942,0.8,11,4.243540051679586,46.67894056847545,0.1,11,3.1905684754521966,35.09625322997416,11.582687338501287,35.09625322997416,35.64341085271318,35.64341085271318,42.571705426356594,46.97739018087855
2,16,0.000622162655533498,0.9,11,4.2299741602067185,46.5297157622739,0.1,11,3.147932816537468,34.627260981912144,11.902454780361758,34.627260981912144,35.202842377260986,35.46576227390181,48.36304909560724,46.97739018087855
2,17,0.038794903403096576,0.9,11,4.231266149870801,46.54392764857881,0.1,11,3.147932816537468,34.627260981912144,11.916666666666664,34.627260981912144,35.18863049095607,35.41602067183462,46.97739018087855,46.97739018087855
2,18,-0.0951676243385915,0.8,200,4.231266149870801,846.2532299741601,0.1,15,3.1621447028423773,47.43217054263566,798.8210594315245,47.43217054263566,497.6421188630491,801.1950904392766,734.0277777777778,866.9463824289405
2,19,-0.027600054614998176,0.1,11,3.1621447028423773,34.78359173126615,0.1,11,3.1621447028423773,34.78359173126615,0.0,34.78359173126615,35.35917312661499,35.75710594315245,47.31847545219638,46.97739018087855
2,20,-0.12834099278780303,0.9,166,4.22093023255814,700.6744186046512,0.25,49,3.210594315245478,157.31912144702844,543.3552971576228,240.32299741602068,157.31912144702844,278.8158914728682,225.31395348837208,623.2306201550388
2,21,0.09722367519987685,0.5,11,4.2700258397932815,46.9702842377261,0.1,11,3.147932816537468,34.627260981912144,12.343023255813954,34.627260981912144,35.17441860465116,35.41602067183462,46.9702842377261,46.9702842377261
2,22,0.07648305473326028,0.4,11,3.2196382428940566,35.41602067183462,0.1,11,3.147932816537468,34.627260981912144,0.7887596899224789,34.627260981912144,35.18152454780362,35.41602067183462,46.9702842377261,46.9702842377261
2,23,0.18043753585481906,0.9,10,4.232558139534884,42.32558139534884,0.1,10,3.144702842377261,31.447028423772608,10.878552971576234,31.447028423772608,31.692506459948323,32.151162790697676,42.700258397932814,42.700258397932814
2,24,0.019908862237781905,0.7000000000000001,10,4.270671834625323,42.706718346253226,0.1,11,3.147932816537468,34.627260981912144,8.079457364341081,34.627260981912144,35.202842377260986,35.50129198966408,42.706718346253226,42.706718346253226
2,25,0.008037768560691078,0.5,11,4.270671834625323,46.97739018087855,0.1,11,3.147932816537468,34.627260981912144,12.350129198966407,34.627260981912144,35.202842377260986,35.46576227390181,46.97739018087855,46.97739018087855
2,26,0.07184818758270914,0.7000000000000001,10,4.2700258397932815,42.700258397932814,0.1,11,3.204134366925065,35.24547803617571,7.454780361757102,35.24547803617571,35.66472868217054,35.66472868217054,42.700258397932814,42.700258397932814
2,27,-0.032672633293289136,0.6,11,4.270671834625323,46.97739018087855,0.1,11,3.1621447028423773,34.78359173126615,12.193798449612402,34.78359173126615,35.35917312661499,35.671834625322994,47.31847545219638,46.97739018087855
2,28,0.13795338325443615,0.1,10,3.144702842377261,31.447028423772608,0.1,10,3.144702842377261,31.447028423772608,0.0,31.447028423772608,31.711886304909562,32.02196382428941,42.700258397932814,42.700258397932814
2,29,-0.11308163288757789,0.7000000000000001,207,4.264857881136951,882.8255813953489,0.1,26,3.1621447028423773,82.2157622739018,800.6098191214471,82.2157622739018,250.4263565891473,429.4405684754522,354.66085271317826,882.8255813953489
2,30,-0.07906384203281963,0.1,14,3.1621447028423773,44.270025839793284,0.1,14,3.1621447028423773,44.270025839793284,0.0,44.270025839793284,756.9186046511628,755.5523255813953,1048.1912144702842,1020.6905684754521
2,31,-0.1104418406509688,0.9,200,4.237080103359173,847.4160206718346,0.1,23,3.1621447028423773,72.72932816537468,774.68669250646,72.72932816537468,279.3217054263566,474.30749354005167,392.21317829457365,663.1007751937984
2,32,0.16457114963810646,0.5,10,4.2700258397932815,42.700258397932814,0.1,10,3.144702842377261,31.447028423772608,11.253229974160206,31.447028423772608,31.692506459948323,32.151162790697676,42.700258397932814,42.700258397932814
2,33,-0.08609577056776144,0.1,12,3.1621447028423773,37.945736434108525,0.1,12,3.1621447028423773,37.945736434108525,0.0,37.945736434108525,665.6627906976744,670.3391472868217,3698.4625322997417,935.2771317829457
2,34,0.11620778250684663,0.8,10,4.243540051679586,42.435400516795866,0.1,10,3.144702842377261,31.447028423772608,10.988372093023258,31.447028423772608,31.711886304909562,31.892764857881136,42.700258397932814,42.700258397932814
2,35,-0.04967804916492641,0.7000000000000001,26,4.270671834625323,111.03746770025839,0.1,15,3.20671834625323,48.10077519379845,62.93669250645994,48.10077519379845,52.21705426356589,52.21705426356589,107.54198966408268,111.03746770025839
2,36,-0.043109686911689565,0.1,11,3.204780361757106,35.252583979328165,0.1,11,3.204780361757106,35.252583979328165,0.0,35.252583979328165,35.86369509043927,35.85658914728682,61.49870801033592,59.78940568475452
2,37,0.033827584373205044,0.30000000000000004,11,3.198966408268734,35.18863049095607,0.1,11,3.147932816537468,34.627260981912144,0.5613695090439279,34.627260981912144,35.18863049095607,35.42312661498708,46.97739018087855,46.97739018087855
2,38,-0.024589223355806045,0.5,11,4.300387596899225,47.304263565891475,0.1,11,3.1621447028423773,34.78359173126615,12.520671834625325,34.78359173126615,35.41602067183462,35.68604651162791,47.304263565891475,46.97739018087855
2,39,0.039188979928334755,0.2,11,3.198966408268734,35.18863049095607,0.1,11,3.147932816537468,34.627260981912144,0.5613695090439279,34.627260981912144,35.18863049095607,35.41602067183462,46.97739018087855,46.97739018087855
2,40,0.010966031709642304,0.6,11,4.270671834625323,46.97739018087855,0.1,11,3.147932816537468,34.627260981912144,12.350129198966407,34.627260981912144,35.202842377260986,35.451550387596896,46.97739018087855,46.97739018087855
2,41,0.11485159850090407,0.1,10,3.144702842377261,31.447028423772608,0.1,10,3.144702842377261,31.447028423772608,0.0,31.447028423772608,31.718346253229974,31.892764857881136,42.700258397932814,42.700258397932814
2,42,-0.0924568585664487,0.6,208,4.260981912144703,886.2842377260982,0.1,17,3.204780361757106,54.481266149870805,831.8029715762275,54.481266149870805,569.3152454780362,906.0290697674419,983.5064599483204,884.0290697674418
2,43,-0.11983211041516656,0.1,96,3.20671834625323,307.8449612403101,0.25,45,3.257751937984496,146.59883720930233,161.24612403100778,307.8449612403101,146.59883720930233,263.35465116279073,204.45155038759688,746.1240310077519
2,44,0.013070831769385782,0.1,11,3.147932816537468,34.627260981912144,0.1,11,3.147932816537468,34.627260981912144,0.0,34.627260981912144,35.202842377260986,35.50129198966408,42.706718346253226,42.706718346253226
2,45,-0.05904870571560043,0.5,1174,3.852067183462532,4522.326873385013,0.1,1029,3.204780361757106,3297.718992248062,1224.6078811369507,3297.718992248062,5542.631782945737,5143.790697674419,4522.326873385013,4911.2726098191215
2,46,-0.0483389664450784,0.1,12,3.1621447028423773,37.945736434108525,0.1,12,3.1621447028423773,37.945736434108525,0.0,37.945736434108525,48.21705426356589,71.34366925064599,86.03359173126614,89.68410852713178
2,47,-0.03127101267089384,0.7000000000000001,11,4.270671834625323,46.97739018087855,0.1,11,3.1621447028423773,34.78359173126615,12.193798449612402,34.78359173126615,35.35917312661499,35.671834625322994,47.31847545219638,46.97739018087855
2,48,0.013320678347518544,0.1,11,3.147932816537468,34.627260981912144,0.1,11,3.147932816537468,34.627260981912144,0.0,34.627260981912144,35.202842377260986,35.50129198966408,46.97739018087855,46.97739018087855
2,49,0.15922111523303792,0.1,10,3.144702842377261,31.447028423772608,0.1,10,3.144702842377261,31.447028423772608,0.0,31.447028423772608,31.692506459948323,32.03488372093023,42.700258397932814,42.700258397932814
2,50,0.13212247153255227,0.8,10,4.243540051679586,42.435400516795866,0.1,10,3.144702842377261,31.447028423772608,10.988372093023258,31.447028423772608,31.711886304909562,32.02842377260982,42.700258397932814,42.700258397932814
2,51,0.08610779024328719,0.1,11,3.147932816537468,34.627260981912144,0.1,11,3.147932816537468,34.627260981912144,0.0,34.627260981912144,35.17441860465116,35.41602067183462,42.700258397932814,42.700258397932814
2,52,0.006931160900669059,0.1,11,3.147932816537468,34.627260981912144,0.1,11,3.147932816537468,34.627260981912144,0.0,34.627260981912144,35.202842377260986,35.46576227390181,46.97739018087855,46.97739018087855
2,53,0.04865835103781341,0.1,11,3.147932816537468,34.627260981912144,0.1,11,3.147932816537468,34.627260981912144,0.0,34.627260981912144,35.18863049095607,35.41602067183462,46.9702842377261,46.9702842377261
2,54,0.05324122584015106,0.7000000000000001,11,4.2700258397932815,46.9702842377261,0.1,11,3.147932816537468,34.627260981912144,12.343023255813954,34.627260981912144,35.18863049095607,35.41602067183462,46.9702842377261,46.9702842377261
2,55,0.07166231978484561,0.1,11,3.147932816537468,34.627260981912144,0.1,11,3.147932816537468,34.627260981912144,0.0,34.627260981912144,35.18152454780362,35.41602067183462,46.9702842377261,46.9702842377261
2,56,-0.13243195656565648,0.1,163,3.1621447028423773,515.4295865633075,0.25,46,3.20671834625323,147.50904392764858,367.9205426356589,515.4295865633075,147.50904392764858,259.58720930232556,354.3313953488372,661.7906976744187
2,57,-0.012453673705853374,0.1,11,3.1621447028423773,34.78359173126615,0.1,11,3.1621447028423773,34.78359173126615,0.0,34.78359173126615,35.35206718346253,35.65762273901809,47.39664082687339,46.97739018087855
2,58,-0.10488419037785025,0.7000000000000001,187,4.270671834625323,798.6156330749353,0.1,20,3.204780361757106,64.09560723514213,734.5200258397932,64.09560723514213,357.9263565891473,591.0297157622739,450.1989664082687,798.6156330749353
2,59,-0.02449539100153164,0.2,11,3.202196382428941,35.22416020671835,0.1,11,3.1621447028423773,34.78359173126615,0.4405684754522028,34.78359173126615,35.41602067183462,35.68604651162791,42.41537467700258,46.97739018087855
2,60,-0.006143327243187641,0.2,11,3.251937984496124,35.77131782945737,0.1,11,3.208010335917313,35.288113695090445,0.4832041343669218,35.288113695090445,35.906330749354005,35.89922480620155,47.36821705426356,46.97739018087855
2,61,0.20424809149336506,0.1,10,3.143410852713178,31.43410852713178,0.1,10,3.143410852713178,31.43410852713178,0.0,31.43410852713178,31.55684754521964,31.95736434108527,42.700258397932814,42.700258397932814
2,62,-0.104105058241237,0.8,219,4.238372093023256,928.203488372093,0.1,18,3.1621447028423773,56.91860465116279,871.2848837209302,56.91860465116279,359.5865633074935,592.8843669250646,475.6627906976744,802.8863049095606
2,63,-0.038234836677654066,0.1,11,3.1621447028423773,34.78359173126615,0.1,11,3.1621447028423773,34.78359173126615,0.0,34.78359173126615,35.35917312661499,35.671834625322994,47.31847545219638,46.97739018087855
2,64,0.1340735911564365,0.1,10,3.144702842377261,31.447028423772608,0.1,10,3.144702842377261,31.447028423772608,0.0,31.447028423772608,31.711886304909562,32.02196382428941,42.700258397932814,42.700258397932814
2,65,0.03543786298828555,0.1,11,3.204134366925065,35.24547803617571,0.1,11,3.204134366925065,35.24547803617571,0.0,35.24547803617571,35.671834625322994,35.71447028423773,46.97739018087855,46.97739018087855
2,66,-0.1151956386462914,0.1,23,3.1621447028423773,72.72932816537468,0.1,23,3.1621447028423773,72.72932816537468,0.0,72.72932816537468,231.16279069767444,394.18798449612405,279.5562015503876,835.6589147286821
2,67,0.03479479486032319,0.1,11,3.147932816537468,34.627260981912144,0.1,11,3.147932816537468,34.627260981912144,0.0,34.627260981912144,35.18863049095607,35.42312661498708,46.97739018087855,46.97739018087855
2,68,-0.011639134586793526,0.4,11,3.2416020671834627,35.65762273901809,0.1,11,3.1621447028423773,34.78359173126615,0.8740310077519382,34.78359173126615,35.35206718346253,35.65762273901809,47.39664082687339,46.97739018087855
2,69,-0.05761046304443626,0.1,243,3.204780361757106,778.7616279069767,0.1,243,3.204780361757106,778.7616279069767,0.0,778.7616279069767,8327.004521963823,7728.724806201551,6960.685400516796,7315.6608527131775
2,70,0.16281497733338943,0.2,10,3.169250645994832,31.692506459948323,0.1,10,3.144702842377261,31.447028423772608,0.24547803617571518,31.447028423772608,31.692506459948323,32.151162790697676,42.700258397932814,42.700258397932814
2,71,0.21629345669509506,0.1,10,3.143410852713178,31.43410852713178,0.1,10,3.143410852713178,31.43410852713178,0.0,31.43410852713178,31.55684754521964,31.95736434108527,42.68733850129199,42.68733850129199
2,72,-0.04385012935312688,0.1,11,3.1621447028423773,34.78359173126615,0.1,11,3.1621447028423773,34.78359173126615,0.0,34.78359173126615,35.35917312661499,42.15762273901809,55.921834625322994,55.518733850129195
2,73,-0.07416323919625473,0.6,272,4.270671834625323,1161.6227390180877,0.1,13,3.1621447028423773,41.1078811369509,1120.5148578811368,41.1078811369509,1028.3010335917313,1020.0109819121446,983.4573643410852,1161.6227390180877
2,74,0.01634067856454119,0.7000000000000001,11,4.270671834625323,46.97739018087855,0.1,11,3.204134366925065,35.24547803617571,11.73191214470284,35.24547803617571,35.68604651162791,35.68604651162791,46.97739018087855,46.97739018087855
2,75,0.21480160898626113,0.2,10,3.155684754521964,31.55684754521964,0.1,10,3.143410852713178,31.43410852713178,0.12273901808785936,31.43410852713178,31.55684754521964,31.95736434108527,42.700258397932814,42.700258397932814
2,76,-0.0577108831851848,0.1,708,3.1621447028423773,2238.798449612403,0.1,708,3.1621447028423773,2238.798449612403,0.0,2238.798449612403,7321.457364341085,4394.496124031008,7904.558785529716,7102.127260981912
2,77,0.13350435042861777,0.1,11,3.144702842377261,34.59173126614987,0.1,11,3.144702842377261,34.59173126614987,0.0,34.59173126614987,34.883074935400515,35.231266149870805,46.9702842377261,46.9702842377261
2,78,0.04595634034620222,0.4,11,3.2196382428940566,35.41602067183462,0.1,11,3.147932816537468,34.627260981912144,0.7887596899224789,34.627260981912144,35.18863049095607,35.41602067183462,46.97739018087855,46.97739018087855
2,79,-0.07710165715120423,0.4,249,3.210594315245478,799.437984496124,0.1,13,3.1660206718346253,41.15826873385013,758.2797157622739,41.15826873385013,858.1421188630492,799.437984496124,1144.2583979328165,1063.3972868217054
2,80,-0.13777136904939064,0.2,34,3.1866925064599485,108.34754521963825,0.25,33,3.210594315245478,105.94961240310077,2.3979328165374767,5733.663436692506,105.94961240310077,192.51937984496124,300.1395348837209,661.3875968992247
2,81,0.11745029436636714,0.30000000000000004,10,3.1711886304909562,31.711886304909562,0.1,10,3.144702842377261,31.447028423772608,0.26485788113695463,31.447028423772608,31.711886304909562,31.892764857881136,42.700258397932814,42.700258397932814
2,82,-0.03602154363547237,0.5,11,4.301679586563307,47.31847545219638,0.1,11,3.1621447028423773,34.78359173126615,12.534883720930232,34.78359173126615,35.35917312661499,35.671834625322994,47.31847545219638,46.97739018087855
2,83,0.146311529152186,0.4,10,3.200904392764858,32.00904392764858,0.1,10,3.144702842377261,31.447028423772608,0.5620155038759691,31.447028423772608,31.692506459948323,32.00904392764858,42.700258397932814,42.700258397932814
2,84,-0.017507715711645833,0.4,11,3.244186046511628,35.68604651162791,0.1,11,3.1621447028423773,34.78359173126615,0.902454780361758,34.78359173126615,35.41602067183462,35.68604651162791,47.304263565891475,46.97739018087855
2,85,-0.05178094845375468,0.7000000000000001,37,4.270671834625323,158.01485788113695,0.1,17,3.1621447028423773,53.75645994832041,104.25839793281654,53.75645994832041,86.79069767441861,136.22868217054264,154.86046511627907,158.01485788113695
2,86,0.1674558127658766,0.2,10,3.169250645994832,31.692506459948323,0.1,10,3.144702842377261,31.447028423772608,0.24547803617571518,31.447028423772608,31.692506459948323,32.151162790697676,42.700258397932814,42.700258397932814
2,87,-0.028854523553659958,0.2,11,3.202196382428941,35.22416020671835,0.1,11,3.1621447028423773,34.78359173126615,0.4405684754522028,34.78359173126615,35.35917312661499,35.671834625322994,47.31847545219638,46.97739018087855
2,88,0.16671373531480502,0.2,10,3.169250645994832,31.692506459948323,0.1,10,3.144702842377261,31.447028423772608,0.24547803617571518,31.447028423772608,31.692506459948323,32.151162790697676,42.700258397932814,42.700258397932814
2,89,-0.1075915295774493,0.2,95,3.2299741602067185,306.8475452196383,0.1,32,3.205426356589147,102.57364341085271,204.27390180878558,102.57364341085271,309.17958656330745,516.5445736434108,429.765503875969,839.1589147286821
2,90,-0.020186349241815726,0.2,11,3.2603359173126614,35.86369509043927,0.1,11,3.204780361757106,35.252583979328165,0.6111111111111072,35.252583979328165,35.86369509043927,35.85658914728682,42.41537467700258,46.97739018087855
2,91,0.08782628825854885,0.2,11,3.197674418604651,35.17441860465116,0.1,11,3.147932816537468,34.627260981912144,0.5471576227390145,34.627260981912144,35.17441860465116,35.41602067183462,46.9702842377261,46.9702842377261
2,92,0.07435252402973336,0.2,11,3.1983204134366927,35.18152454780362,0.1,11,3.147932816537468,34.627260981912144,0.5542635658914747,34.627260981912144,35.18152454780362,35.41602067183462,46.9702842377261,46.9702842377261
2,93,0.012658734346086775,0.2,11,3.2002583979328167,35.202842377260986,0.1,11,3.147932816537468,34.627260981912144,0.5755813953488413,34.627260981912144,35.202842377260986,35.451550387596896,46.97739018087855,46.97739018087855
2,94,-0.011835835580530418,0.2,11,3.201550387596899,35.21705426356589,0.1,11,3.1621447028423773,34.78359173126615,0.4334625322997425,34.78359173126615,35.35206718346253,35.65762273901809,47.39664082687339,46.97739018087855
2,95,0.17521459048457208,0.2,10,3.169250645994832,31.692506459948323,0.1,10,3.144702842377261,31.447028423772608,0.24547803617571518,31.447028423772608,31.692506459948323,32.151162790697676,42.700258397932814,42.700258397932814
2,96,0.019660176659638373,0.2,11,3.2002583979328167,35.202842377260986,0.1,11,3.147932816537468,34.627260981912144,0.5755813953488413,34.627260981912144,35.202842377260986,35.50129198966408,46.97739018087855,46.97739018087855
2,97,0.09178883373536681,0.2,10,3.197674418604651,31.97674418604651,0.1,10,3.147932816537468,31.479328165374678,0.49741602067183166,31.479328165374678,31.97674418604651,32.19638242894057,42.700258397932814,42.700258397932814
2,98,0.06665702681704119,0.2,10,3.198966408268734,31.98966408268734,0.1,10,3.147932816537468,31.479328165374678,0.5103359173126627,31.479328165374678,32.04134366925065,32.19638242894057,42.700258397932814,42.700258397932814
2,99,-0.038726030554628046,0.2,11,3.202196382428941,35.22416020671835,0.1,11,3.1621447028423773,34.78359173126615,0.4405684754522028,34.78359173126615,35.35917312661499,35.671834625322994,47.31847545219638,46.97739018087855
2,100,0.15364167598577447,0.2,10,3.210594315245478,32.105943152454785,0.25,10,3.210594315245478,32.105943152454785,0.0,32.1124031007752,32.105943152454785,32.286821705426355,42.700258397932814,42.700258397932814
2,101,-0.10508048749070652,0.2,106,3.244832041343669,343.95219638242895,0.1,25,3.20671834625323,80.16795865633075,263.7842377260982,80.16795865633075,341.99612403100775,568.9760981912145,463.14534883720927,798.6156330749353
2,102,-0.07159026253445318,0.2,349,3.2138242894056845,1121.624677002584,0.1,13,3.1621447028423773,41.1078811369509,1080.516795865633,41.1078811369509,1106.5516795865633,1188.7616279069766,1278.0503875968993,1294.0135658914728
2,103,-0.05559041076178442,0.2,7601,3.20671834625323,24374.2661498708,0.1,1101,3.1621447028423773,3481.5213178294575,20892.744832041342,3481.5213178294575,22872.310077519378,11297.37338501292,24126.76162790698,22006.77196382429
2,104,0.010792712960954659,0.4,11,3.2228682170542635,35.451550387596896,0.1,11,3.147932816537468,34.627260981912144,0.8242894056847518,34.627260981912144,35.202842377260986,35.451550387596896,46.97739018087855,46.97739018087855
2,105,0.17912476742027209,0.1,10,3.144702842377261,31.447028423772608,0.1,10,3.144702842377261,31.447028423772608,0.0,31.447028423772608,31.692506459948323,32.151162790697676,42.700258397932814,42.700258397932814
2,106,0.05095545631453802,0.1,11,3.204134366925065,35.24547803617571,0.1,11,3.204134366925065,35.24547803617571,0.0,35.24547803617571,35.64341085271318,35.69315245478036,46.9702842377261,46.9702842377261
2,107,0.14097651063175262,0.1,10,3.144702842377261,31.447028423772608,0.1,10,3.144702842377261,31.447028423772608,0.0,31.447028423772608,31.711886304909562,32.02196382428941,42.700258397932814,42.700258397932814
2,108,-0.06732925099800922,0.2,488,3.2777777777777777,1599.5555555555554,0.1,24,3.20671834625323,76.96124031007753,1522.594315245478,76.96124031007753,1559.8023255813953,1559.8023255813953,1685.4825581395348,1682.6447028423772
2,109,0.1479858954691762,0.2,11,3.169250645994832,34.861757105943155,0.1,11,3.144702842377261,34.59173126614987,0.2700258397932842,34.59173126614987,34.861757105943155,35.202842377260986,46.9702842377261,46.9702842377261
2,110,-0.015455590305992556,0.7000000000000001,11,4.270671834625323,46.97739018087855,0.1,11,3.204780361757106,35.252583979328165,11.724806201550386,35.252583979328165,35.86369509043927,35.85658914728682,42.41537467700258,46.97739018087855
2,111,-0.056066661326935316,0.4,2751,3.2170542635658914,8850.116279069767,0.1,615,3.1621447028423773,1944.718992248062,6905.397286821705,1944.718992248062,15595.92764857881,8850.116279069767,16527.713824289407,15028.494186046511
2,112,-0.08740150559087005,0.4,334,3.204780361757106,1070.3966408268734,0.1,13,3.1621447028423773,41.1078811369509,1029.2887596899225,41.1078811369509,677.4354005167959,1070.3966408268734,834.8229974160207,922.4651162790697
2,113,0.1310214749302088,0.2,10,3.1711886304909562,31.711886304909562,0.25,10,3.1711886304909562,31.711886304909562,0.0,34.59173126614987,31.711886304909562,35.231266149870805,42.700258397932814,42.700258397932814
2,114,0.027699609706209105,0.2,11,3.199612403100775,35.195736434108525,0.1,11,3.147932816537468,34.627260981912144,0.5684754521963811,34.627260981912144,35.195736434108525,35.42312661498708,42.706718346253226,42.706718346253226
2,115,0.022421394341249734,0.30000000000000004,11,3.2002583979328167,35.202842377260986,0.1,11,3.147932816537468,34.627260981912144,0.5755813953488413,34.627260981912144,35.202842377260986,35.49418604651163,46.97739018087855,46.97739018087855
2,116,0.009957057372923184,0.1,11,3.147932816537468,34.627260981912144,0.1,11,3.147932816537468,34.627260981912144,0.0,34.627260981912144,35.202842377260986,35.451550387596896,46.97739018087855,46.97739018087855
2,117,-0.06506698212270977,0.2,639,3.2138242894056845,2053.6337209302324,0.1,18,3.1621447028423773,56.91860465116279,1996.7151162790697,56.91860465116279,1967.919896640827,2026.3714470284237,2050.0271317829456,2041.3811369509042
2,118,-0.02239985327747515,0.7000000000000001,11,4.270671834625323,46.97739018087855,0.1,11,3.1621447028423773,34.78359173126615,12.193798449612402,34.78359173126615,35.41602067183462,35.68604651162791,47.304263565891475,46.97739018087855
2,119,0.014794106405167234,0.5,11,4.270671834625323,46.97739018087855,0.1,11,3.147932816537468,34.627260981912144,12.350129198966407,34.627260981912144,35.202842377260986,35.47286821705426,46.97739018087855,46.97739018087855
2,120,0.19809489598960942,0.5,10,4.2700258397932815,42.700258397932814,0.1,10,3.143410852713178,31.43410852713178,11.266149870801033,31.43410852713178,31.55684754521964,31.95736434108527,42.700258397932814,42.700258397932814
2,121,0.09666456773671195,0.1,11,3.147932816537468,34.627260981912144,0.1,11,3.147932816537468,34.627260981912144,0.0,34.627260981912144,35.17441860465116,35.41602067183462,42.700258397932814,42.700258397932814
2,122,0.03607938049786302,0.1,11,3.147932816537468,34.627260981912144,0.1,11,3.147932816537468,34.627260981912144,0.0,34.627260981912144,35.18863049095607,35.41602067183462,46.97739018087855,46.97739018087855
2,123,0.029390355915347555,0.30000000000000004,11,3.199612403100775,35.195736434108525,0.1,11,3.147932816537468,34.627260981912144,0.5684754521963811,34.627260981912144,35.195736434108525,35.42312661498708,46.97739018087855,46.97739018087855
2,124,0.25664070275079043,0.2,10,3.155684754521964,31.55684754521964,0.1,10,3.143410852713178,31.43410852713178,0.12273901808785936,31.43410852713178,31.55684754521964,31.918604651162788,42.571059431524546,42.571059431524546
2,125,0.05008755334141182,0.1,11,3.151808785529716,34.66989664082688,0.1,11,3.151808785529716,34.66989664082688,0.0,34.66989664082688,35.231266149870805,35.47286821705426,46.9702842377261,46.9702842377261
2,126,-0.09050544512173365,0.8,207,4.231266149870801,875.8720930232557,0.1,15,3.1621447028423773,47.43217054263566,828.4399224806201,47.43217054263566,593.9599483204134,948.6149870801033,729.9457364341085,896.8410852713178
2,127,0.07704147703853989,0.30000000000000004,11,3.1983204134366927,35.18152454780362,0.1,11,3.147932816537468,34.627260981912144,0.5542635658914747,34.627260981912144,35.18152454780362,35.41602067183462,42.700258397932814,42.700258397932814
2,128,0.0913270199637301,0.8,10,4.243540051679586,42.435400516795866,0.1,10,3.147932816537468,31.479328165374678,10.956072351421188,31.479328165374678,31.97674418604651,32.19638242894057,42.700258397932814,42.700258397932814
2,129,0.10708979182639197,0.5,10,4.2700258397932815,42.700258397932814,0.1,10,3.2002583979328167,32.002583979328165,10.697674418604649,32.002583979328165,32.1640826873385,32.1640826873385,42.700258397932814,42.700258397932814
2,130,0.0006337569547780475,0.7000000000000001,11,4.270671834625323,46.97739018087855,0.1,11,3.147932816537468,34.627260981912144,12.350129198966407,34.627260981912144,35.202842377260986,35.46576227390181,48.36304909560724,46.97739018087855
2,131,0.2472505512840513,0.2,10,3.155684754521964,31.55684754521964,0.1,10,3.143410852713178,31.43410852713178,0.12273901808785936,31.43410852713178,31.55684754521964,31.918604651162788,42.571059431524546,42.571059431524546
2,132,-0.06496787242834864,0.1,19,3.1621447028423773,60.08074935400517,0.1,19,3.1621447028423773,60.08074935400517,0.0,60.08074935400517,1990.5025839793282,2045.7009043927646,2071.470930232558,2058.4638242894057
2,133,0.03935972253309045,0.1,11,3.147932816537468,34.627260981912144,0.1,11,3.147932816537468,34.627260981912144,0.0,34.627260981912144,35.18863049095607,35.41602067183462,42.706718346253226,42.706718346253226
2,134,-0.10522950839087684,0.2,109,3.195736434108527,348.33527131782944,0.1,20,3.1621447028423773,63.24289405684755,285.0923772609819,63.24289405684755,343.53359173126614,567.2461240310078,458.97286821705427,794.34496124031
2,135,-0.09006982966784283,0.1,14,3.1621447028423773,44.270025839793284,0.1,14,3.1621447028423773,44.270025839793284,0.0,44.270025839793284,606.8023255813954,964.6388888888889,742.531007751938,905.3824289405684
2,136,-0.029791909917715825,0.5,11,3.8559431524547803,42.41537467700258,0.1,11,3.204780361757106,35.252583979328165,7.162790697674417,35.252583979328165,35.86369509043927,35.85658914728682,42.41537467700258,46.97739018087855
2,137,0.07559824512420465,0.8,11,4.243540051679586,46.67894056847545,0.1,11,3.147932816537468,34.627260981912144,12.051679586563303,34.627260981912144,35.18152454780362,35.41602067183462,46.9702842377261,46.9702842377261
2,138,0.0005630920597078926,0.1,11,3.147932816537468,34.627260981912144,0.1,11,3.147932816537468,34.627260981912144,0.0,34.627260981912144,35.202842377260986,35.46576227390181,48.36304909560724,46.97739018087855
2,139,0.12588098376993348,0.1,10,3.144702842377261,31.447028423772608,0.1,10,3.144702842377261,31.447028423772608,0.0,31.447028423772608,31.711886304909562,32.02842377260982,42.700258397932814,42.700258397932814
2,140,-0.05962099314060049,0.2,1464,3.20671834625323,4694.635658914729,0.1,214,3.1621447028423773,676.6989664082687,4017.9366925064605,676.6989664082687,4427.002583979328,3359.9638242894057,4892.478682170543,4343.273255813953
2,141,-0.07489141128774161,0.30000000000000004,302,3.2177002583979326,971.7454780361757,0.1,13,3.1621447028423773,41.1078811369509,930.6375968992247,41.1078811369509,979.9483204134366,971.7454780361757,1009.2248062015503,1131.7280361757105
2,142,0.08715601616231045,0.5,11,4.2700258397932815,46.9702842377261,0.1,11,3.147932816537468,34.627260981912144,12.343023255813954,34.627260981912144,35.17441860465116,35.41602067183462,46.9702842377261,46.9702842377261
2,143,0.05315947686500577,0.1,10,3.147932816537468,31.479328165374678,0.1,10,3.147932816537468,31.479328165374678,0.0,31.479328165374678,31.98966408268734,32.19638242894057,42.700258397932814,42.700258397932814
2,144,-0.013219005793448535,0.1,11,3.1621447028423773,34.78359173126615,0.1,11,3.1621447028423773,34.78359173126615,0.0,34.78359173126615,35.35206718346253,35.65762273901809,47.39664082687339,46.97739018087855
2,145,-0.029122112181249493,0.1,11,3.1621447028423773,34.78359173126615,0.1,11,3.1621447028423773,34.78359173126615,0.0,34.78359173126615,35.35917312661499,35.671834625322994,47.31847545219638,46.97739018087855
2,146,0.23086114623557183,0.1,10,3.143410852713178,31.43410852713178,0.1,10,3.143410852713178,31.43410852713178,0.0,31.43410852713178,31.55684754521964,31.918604651162788,42.68733850129199,42.68733850129199
2,147,-0.041683679791051434,0.8,13,4.243540051679586,55.16602067183462,0.1,11,3.1621447028423773,34.78359173126615,20.382428940568474,34.78359173126615,35.35917312661499,42.15762273901809,51.62015503875969,55.518733850129195
2,148,-0.12485077962282004,0.1,55,3.1621447028423773,173.91795865633074,0.25,47,3.210594315245478,150.89793281653746,23.020025839793277,173.91795865633074,150.89793281653746,269.2015503875969,221.14147286821705,586.8565891472869
2,149,0.04678558952809769,0.5,11,4.270671834625323,46.97739018087855,0.1,11,3.204134366925065,35.24547803617571,11.73191214470284,35.24547803617571,35.671834625322994,35.71447028423773,46.97739018087855,46.97739018087855
2,150,-0.05900531942464764,0.1,4684,3.1621447028423773,14811.485788113696,0.4,1001,3.2170542635658914,3220.2713178294575,11591.214470284238,14811.485788113696,5083.808785529715,3220.2713178294575,5576.651162790698,4966.791343669251
2,151,-0.029616032141963414,0.5,11,4.301679586563307,47.31847545219638,0.1,11,3.1621447028423773,34.78359173126615,12.534883720930232,34.78359173126615,35.35917312661499,35.671834625322994,47.31847545219638,46.97739018087855
2,152,0.014169207757438823,0.1,11,3.147932816537468,34.627260981912144,0.1,11,3.147932816537468,34.627260981912144,0.0,34.627260981912144,35.202842377260986,35.479974160206716,46.97739018087855,46.97739018087855
2,153,0.06406648960741695,0.7000000000000001,11,4.2700258397932815,46.9702842377261,0.1,11,3.147932816537468,34.627260981912144,12.343023255813954,34.627260981912144,35.24547803617571,35.41602067183462,46.9702842377261,46.9702842377261
2,154,-0.057069592483636564,0.8,2072,4.243540051679586,8792.614987080102,0.1,317,3.1621447028423773,1002.3998708010336,7790.215116279069,1002.3998708010336,9227.483204134367,5407.868217054263,9883.925710594316,8921.433462532299
2,155,-0.007583770826502023,0.5,11,4.3062015503875966,47.36821705426356,0.1,11,3.1621447028423773,34.78359173126615,12.584625322997411,34.78359173126615,35.35206718346253,35.65762273901809,47.36821705426356,46.97739018087855
2,156,0.1648493417069183,0.5,10,4.2700258397932815,42.700258397932814,0.1,10,3.144702842377261,31.447028423772608,11.253229974160206,31.447028423772608,31.692506459948323,32.151162790697676,42.700258397932814,42.700258397932814
2,157,-0.06084425603182429,0.7000000000000001,812,4.270671834625323,3467.785529715762,0.1,42,3.1621447028423773,132.81007751937983,3334.9754521963823,132.81007751937983,3502.9664082687336,3556.6201550387595,3941.5219638242897,3467.785529715762
2,158,-0.008481283638220566,0.5,11,4.3062015503875966,47.36821705426356,0.1,11,3.1621447028423773,34.78359173126615,12.584625322997411,34.78359173126615,35.35206718346253,35.65762273901809,47.36821705426356,46.97739018087855
2,159,-0.13111527482501825,0.9,162,4.204134366925064,681.0697674418604,0.25,47,3.20671834625323,150.71576227390182,530.3540051679586,382.6195090439276,150.71576227390182,269.2015503875969,221.14147286821705,678.6563307493541
2,160,-0.13388477471785967,0.5,82,4.1686046511627906,341.8255813953488,0.25,46,3.253875968992248,149.6782945736434,192.14728682170542,13954.844961240311,149.6782945736434,266.6059431524548,341.8255813953488,695.3049095607234
2,161,0.021377964714169417,0.5,11,4.270671834625323,46.97739018087855,0.1,11,3.147932816537468,34.627260981912144,12.350129198966407,34.627260981912144,35.202842377260986,35.50129198966408,46.97739018087855,46.97739018087855
2,162,-0.08231056434857295,0.5,277,4.2810077519379846,1185.8391472868218,0.1,16,3.1789405684754524,50.86304909560724,1134.9760981912145,50.86304909560724,781.3817829457364,789.2170542635658,1185.8391472868218,969.4425064599483
2,163,-0.09714229866755247,0.9,247,4.238372093023256,1046.8779069767443,0.1,16,3.1621447028423773,50.594315245478036,996.2835917312663,50.594315245478036,462.3255813953489,749.9186046511628,687.8888888888889,854.1343669250646
2,164,0.008038393011367884,0.5,11,4.270671834625323,46.97739018087855,0.1,11,3.147932816537468,34.627260981912144,12.350129198966407,34.627260981912144,35.202842377260986,35.46576227390181,46.97739018087855,46.97739018087855
2,165,0.011283260010067325,0.5,11,4.270671834625323,46.97739018087855,0.1,11,3.147932816537468,34.627260981912144,12.350129198966407,34.627260981912144,35.202842377260986,35.451550387596896,46.97739018087855,46.97739018087855
2,166,0.09024055819206206,0.5,11,4.2700258397932815,46.9702842377261,0.1,11,3.147932816537468,34.627260981912144,12.343023255813954,34.627260981912144,35.17441860465116,35.41602067183462,46.9702842377261,46.9702842377261
2,167,-0.11848517461516665,0.5,77,3.8113695090439275,293.47545219638243,0.1,32,3.204780361757106,102.55297157622739,190.92248062015506,102.55297157622739,198.48643410852713,350.72093023255815,293.47545219638243,771.7054263565891
2,168,-0.053917545622243115,0.5,176,4.301679586563307,757.0956072351421,0.1,62,3.1621447028423773,196.05297157622738,561.0426356589147,196.05297157622738,427.52454780361757,411.9166666666667,757.0956072351421,807.156976744186
2,169,-0.026166100339964096,0.5,11,4.301679586563307,47.31847545219638,0.1,11,3.1621447028423773,34.78359173126615,12.534883720930232,34.78359173126615,35.35917312661499,35.75710594315245,47.31847545219638,46.97739018087855
2,170,-0.004252391391985022,0.5,11,4.334625322997416,47.68087855297158,0.1,11,3.147932816537468,34.627260981912144,13.053617571059434,34.627260981912144,35.202842377260986,35.46576227390181,47.68087855297158,46.97739018087855
2,171,-0.0001837433165128577,0.5,11,4.396640826873385,48.36304909560724,0.1,11,3.147932816537468,34.627260981912144,13.735788113695094,34.627260981912144,35.202842377260986,35.46576227390181,48.36304909560724,46.97739018087855
2,172,0.0068269725722267804,0.5,11,4.270671834625323,46.97739018087855,0.1,11,3.147932816537468,34.627260981912144,12.350129198966407,34.627260981912144,35.202842377260986,35.46576227390181,46.97739018087855,46.97739018087855
2,173,0.11098913698718663,0.5,10,4.2700258397932815,42.700258397932814,0.1,11,3.144702842377261,34.59173126614987,8.108527131782942,34.59173126614987,34.89728682170542,35.08204134366925,42.700258397932814,42.700258397932814
2,174,0.0918698101497312,0.5,10,4.2700258397932815,42.700258397932814,0.1,10,3.147932816537468,31.479328165374678,11.220930232558135,31.479328165374678,31.97674418604651,32.19638242894057,42.700258397932814,42.700258397932814
2,175,0.060137916438977285,0.5,10,4.2700258397932815,42.700258397932814,0.1,11,3.147932816537468,34.627260981912144,8.07299741602067,34.627260981912144,35.18863049095607,35.41602067183462,42.700258397932814,42.700258397932814
2,176,0.023616121677998536,0.5,11,4.270671834625323,46.97739018087855,0.1,11,3.147932816537468,34.627260981912144,12.350129198966407,34.627260981912144,35.202842377260986,35.44444444444444,46.97739018087855,46.97739018087855
2,177,-0.03714774647421766,0.5,11,4.301679586563307,47.31847545219638,0.1,11,3.1621447028423773,34.78359173126615,12.534883720930232,34.78359173126615,35.35917312661499,35.671834625322994,47.31847545219638,46.97739018087855
2,178,-0.018769100610006806,0.5,11,4.300387596899225,47.304263565891475,0.1,11,3.1621447028423773,34.78359173126615,12.520671834625325,34.78359173126615,35.41602067183462,35.68604651162791,47.304263565891475,46.97739018087855
2,179,-0.07094721233775189,0.5,308,4.288759689922481,1320.937984496124,0.1,14,3.1621447028423773,44.270025839793284,1276.6679586563307,44.270025839793284,1161.3953488372094,1240.3068475452196,1320.937984496124,1336.720284237726
2,180,0.17548640390323608,0.5,10,4.2700258397932815,42.700258397932814,0.1,10,3.144702842377261,31.447028423772608,11.253229974160206,31.447028423772608,31.692506459948323,32.151162790697676,42.700258397932814,42.700258397932814
2,181,-0.028711830457905915,0.5,11,4.301679586563307,47.31847545219638,0.1,11,3.1621447028423773,34.78359173126615,12.534883720930232,34.78359173126615,35.35917312661499,35.671834625322994,47.31847545219638,46.97739018087855
2,182,0.12041611925904902,0.5,10,4.2700258397932815,42.700258397932814,0.1,10,3.144702842377261,31.447028423772608,11.253229974160206,31.447028423772608,31.711886304909562,32.03488372093023,42.700258397932814,42.700258397932814
2,183,-0.1222603742441882,0.5,61,3.8113695090439275,232.4935400516796,0.25,40,3.253875968992248,130.15503875968992,102.33850129198967,147.41989664082686,130.15503875968992,233.8139534883721,232.4935400516796,693.8029715762275
2,184,-0.07304897419826764,0.5,349,3.839793281653747,1340.0878552971576,0.1,15,3.204780361757106,48.07170542635659,1292.016149870801,48.07170542635659,1005.0878552971576,1131.7848837209303,1340.0878552971576,1217.141472868217
2,185,0.06479503607389567,0.5,11,4.2700258397932815,46.9702842377261,0.1,11,3.147932816537468,34.627260981912144,12.343023255813954,34.627260981912144,35.24547803617571,35.41602067183462,46.9702842377261,46.9702842377261
2,186,0.03736750195570046,0.5,11,4.270671834625323,46.97739018087855,0.1,11,3.2002583979328167,35.202842377260986,11.774547803617565,35.202842377260986,35.62919896640827,35.72157622739018,46.97739018087855,46.97739018087855
2,187,-0.017580832492022053,0.5,10,3.8559431524547803,38.559431524547804,0.1,11,3.204780361757106,35.252583979328165,3.3068475452196395,35.252583979328165,35.86369509043927,35.85658914728682,38.559431524547804,42.706718346253226
2,188,0.05866549113566688,0.5,11,4.2700258397932815,46.9702842377261,0.1,11,3.147932816537468,34.627260981912144,12.343023255813954,34.627260981912144,35.18863049095607,35.41602067183462,46.9702842377261,46.9702842377261
2,189,-0.08965210621783332,0.5,180,4.195090439276486,755.1162790697674,0.1,15,3.1621447028423773,47.43217054263566,707.6841085271318,47.43217054263566,616.4341085271318,977.4580103359174,755.1162790697674,905.3824289405684
2,190,-0.09830990645457954,0.5,134,3.815891472868217,511.3294573643411,0.1,18,3.204780361757106,57.68604651162791,453.6434108527132,57.68604651162791,455.5426356589147,737.1634366925065,511.3294573643411,845.5930232558139
2,191,-0.09539938297064882,0.5,175,4.194444444444445,734.0277777777778,0.1,19,3.208010335917313,60.952196382428944,673.0755813953489,60.952196382428944,498.3372093023256,803.0691214470285,734.0277777777778,866.9463824289405
2,192,0.0003096044914010221,0.5,11,4.396640826873385,48.36304909560724,0.1,11,3.147932816537468,34.627260981912144,13.735788113695094,34.627260981912144,35.202842377260986,35.46576227390181,48.36304909560724,46.97739018087855
2,193,0.0390623117321906,0.5,11,4.270671834625323,46.97739018087855,0.1,11,3.147932816537468,34.627260981912144,12.350129198966407,34.627260981912144,35.18863049095607,35.41602067183462,46.97739018087855,46.97739018087855
2,194,-0.036842775797881255,0.5,11,4.301679586563307,47.31847545219638,0.1,11,3.1621447028423773,34.78359173126615,12.534883720930232,34.78359173126615,35.35917312661499,35.671834625322994,47.31847545219638,46.97739018087855
2,195,-0.04972555857473586,0.5,25,4.301679586563307,107.54198966408268,0.1,14,3.1621447028423773,44.270025839793284,63.271963824289394,44.270025839793284,61.0749354005168,90.81912144702842,107.54198966408268,111.03746770025839
2,196,0.009211941291671605,0.5,11,4.270671834625323,46.97739018087855,0.1,11,3.147932816537468,34.627260981912144,12.350129198966407,34.627260981912144,35.202842377260986,35.46576227390181,46.97739018087855,46.97739018087855
2,197,0.06482515770684957,0.5,10,4.2700258397932815,42.700258397932814,0.1,11,3.147932816537468,34.627260981912144,8.07299741602067,34.627260981912144,35.24547803617571,35.117571059431526,42.700258397932814,42.700258397932814
2,198,0.13073947768565672,0.5,10,4.2700258397932815,42.700258397932814,0.1,10,3.144702842377261,31.447028423772608,11.253229974160206,31.447028423772608,31.711886304909562,32.02842377260982,42.700258397932814,42.700258397932814
2,199,-0.09365618243620083,0.5,187,4.183462532299742,782.3074935400517,0.1,14,3.1621447028423773,44.270025839793284,738.0374677002584,44.270025839793284,526.5374677002584,846.062015503876,782.3074935400517,879.7583979328165
2,200,-0.11440503175017594,0.5,70,4.172480620155039,292.0736434108527,0.1,28,3.1621447028423773,88.54005167958657,203.53359173126614,88.54005167958657,237.58397932816538,407.00710594315245,292.0736434108527,844.1860465116279
2,201,0.12481838356896849,0.5,10,4.2700258397932815,42.700258397932814,0.1,10,3.144702842377261,31.447028423772608,11.253229974160206,31.447028423772608,31.711886304909562,32.03488372093023,42.700258397932814,42.700258397932814
2,202,-0.022385742355461064,0.5,11,3.8559431524547803,42.41537467700258,0.1,11,3.204780361757106,35.252583979328165,7.162790697674417,35.252583979328165,35.86369509043927,35.85658914728682,42.41537467700258,46.97739018087855
2,203,0.11478216379454317,0.5,11,4.2700258397932815,46.9702842377261,0.1,11,3.144702842377261,34.59173126614987,12.378552971576227,34.59173126614987,34.89018087855297,35.08204134366925,46.9702842377261,46.9702842377261
2,204,-0.050228431151929084,0.5,26,4.301679586563307,111.84366925064599,0.1,14,3.1621447028423773,44.270025839793284,67.5736434108527,44.270025839793284,61.0749354005168,94.06266149870801,111.84366925064599,115.30813953488371
2,205,-0.06361040739107325,0.5,529,3.852067183462532,2037.7435400516795,0.1,31,3.204780361757106,99.34819121447029,1938.3953488372092,99.34819121447029,2567.5116279069766,2390.8217054263564,2037.7435400516795,2378.7642118863046
2,206,-0.013812664920645396,0.5,11,3.8559431524547803,42.41537467700258,0.1,11,3.204780361757106,35.252583979328165,7.162790697674417,35.252583979328165,35.86369509043927,35.85658914728682,42.41537467700258,46.97739018087855
2,207,0.022277650967959223,0.5,10,4.270671834625323,42.706718346253226,0.1,11,3.147932816537468,34.627260981912144,8.079457364341081,34.627260981912144,35.202842377260986,35.49418604651163,42.706718346253226,42.706718346253226
2,208,0.07622776741297554,0.5,11,4.2700258397932815,46.9702842377261,0.1,11,3.147932816537468,34.627260981912144,12.343023255813954,34.627260981912144,35.18152454780362,35.41602067183462,46.9702842377261,46.9702842377261
2,209,0.19292866736462375,0.5,10,4.2700258397932815,42.700258397932814,0.1,10,3.143410852713178,31.43410852713178,11.266149870801033,31.43410852713178,31.55684754521964,31.95736434108527,42.700258397932814,42.700258397932814
2,210,-0.0018893041923535858,0.5,11,4.334625322997416,47.68087855297158,0.1,11,3.147932816537468,34.627260981912144,13.053617571059434,34.627260981912144,35.202842377260986,35.46576227390181,47.68087855297158,46.97739018087855
2,211,0.004667129022895289,0.5,11,4.270671834625323,46.97739018087855,0.1,11,3.147932816537468,34.627260981912144,12.350129198966407,34.627260981912144,35.202842377260986,35.46576227390181,46.97739018087855,46.97739018087855
2,212,-0.1049281248423217,0.5,111,4.172480620155039,463.14534883720927,0.1,19,3.1621447028423773,60.08074935400517,403.0645994832041,60.08074935400517,346.74418604651163,573.655684754522,463.14534883720927,798.6156330749353
2,213,0.004082781187653289,0.5,11,4.396640826873385,48.36304909560724,0.1,11,3.147932816537468,34.627260981912144,13.735788113695094,34.627260981912144,35.202842377260986,35.46576227390181,48.36304909560724,46.97739018087855
2,214,0.061069885231130855,0.5,10,4.2700258397932815,42.700258397932814,0.1,10,3.147932816537468,31.479328165374678,11.220930232558135,31.479328165374678,32.04134366925065,32.19638242894057,42.700258397932814,42.700258397932814
2,215,0.04617842448606935,0.5,11,4.270671834625323,46.97739018087855,0.1,11,3.204134366925065,35.24547803617571,11.73191214470284,35.24547803617571,35.64341085271318,35.68604651162791,46.97739018087855,46.97739018087855
2,216,0.0995504841673045,0.5,10,4.2700258397932815,42.700258397932814,0.1,10,3.144702842377261,31.447028423772608,11.253229974160206,31.447028423772608,31.7312661498708,31.912144702842376,42.700258397932814,42.700258397932814
2,217,-0.11683684582814136,0.5,82,3.8152454780361755,312.8501291989664,0.1,27,3.204780361757106,86.52906976744187,226.32105943152453,86.52906976744187,218.00968992248062,376.7002583979328,312.8501291989664,801.5503875968991
2,218,0.07805195419477562,0.5,11,4.2700258397932815,46.9702842377261,0.1,11,3.147932816537468,34.627260981912144,12.343023255813954,34.627260981912144,35.18152454780362,35.41602067183462,46.9702842377261,46.9702842377261
2,219,0.033068199276306276,0.5,11,4.270671834625323,46.97739018087855,0.1,11,3.147932816537468,34.627260981912144,12.350129198966407,34.627260981912144,35.195736434108525,35.42312661498708,46.97739018087855,46.97739018087855
2,220,-0.042340575350666584,0.5,13,4.301679586563307,55.921834625322994,0.25,11,3.244186046511628,35.68604651162791,20.235788113695087,38.14728682170543,35.68604651162791,35.68604651162791,55.921834625322994,59.78940568475452
2,221,0.0164042938636354,0.5,11,4.270671834625323,46.97739018087855,0.1,11,3.147932816537468,34.627260981912144,12.350129198966407,34.627260981912144,35.202842377260986,35.47286821705426,46.97739018087855,46.97739018087855
2,222,-0.06844039593828538,0.5,361,4.288759689922481,1548.2422480620155,0.1,21,3.205426356589147,67.31395348837209,1480.9282945736434,67.31395348837209,1424.4282945736436,1405.0,1548.2422480620155,1550.2538759689921
2,223,0.16348392089546768,0.5,10,4.2700258397932815,42.700258397932814,0.1,10,3.144702842377261,31.447028423772608,11.253229974160206,31.447028423772608,31.692506459948323,32.151162790697676,42.700258397932814,42.700258397932814
2,224,-0.030943542984529976,0.5,11,4.301679586563307,47.31847545219638,0.1,11,3.1660206718346253,34.826227390180875,12.492248062015506,34.826227390180875,35.45865633074935,35.79974160206718,47.31847545219638,46.97739018087855
2,225,-0.06080065370046313,0.5,921,4.302971576227391,3963.0368217054265,0.1,45,3.1621447028423773,142.29651162790697,3820.7403100775196,142.29651162790697,3525.503875968992,3579.1711886304906,3963.0368217054265,3489.1388888888887
2,226,-0.0464319431519675,0.5,16,4.301679586563307,68.82687338501292,0.25,11,3.244186046511628,35.68604651162791,33.14082687338501,38.14728682170543,35.68604651162791,35.68604651162791,68.82687338501292,72.60142118863048
2,227,0.062289653846813176,0.5,10,4.2700258397932815,42.700258397932814,0.1,11,3.147932816537468,34.627260981912144,8.07299741602067,34.627260981912144,35.24547803617571,35.41602067183462,42.700258397932814,42.700258397932814
2,228,-0.01029001718868236,0.5,11,3.8559431524547803,42.41537467700258,0.1,11,3.204780361757106,35.252583979328165,7.162790697674417,35.252583979328165,35.86369509043927,35.85658914728682,42.41537467700258,46.97739018087855
2,229,-0.03708502797421494,0.5,12,3.8559431524547803,46.27131782945736,0.1,11,3.204780361757106,35.252583979328165,11.018733850129195,35.252583979328165,35.86369509043927,35.85658914728682,46.27131782945736,51.248062015503876
2,230,0.1476890159058468,0.5,10,4.2700258397932815,42.700258397932814,0.1,10,3.144702842377261,31.447028423772608,11.253229974160206,31.447028423772608,31.692506459948323,32.00904392764858,42.700258397932814,42.700258397932814
2,231,0.19317310022761572,0.5,10,4.2700258397932815,42.700258397932814,0.1,10,3.197674418604651,31.97674418604651,10.723514211886304,31.97674418604651,32.02196382428941,31.996124031007753,42.700258397932814,42.700258397932814
2,232,-0.061083546149715354,0.5,883,4.302971576227391,3799.523901808786,0.7,782,4.270671834625323,3339.6653746770025,459.8585271317834,32067.1834625323,3351.6821705426355,3351.6821705426355,3799.523901808786,3339.6653746770025
2,233,0.1329715145110997,0.5,10,4.2700258397932815,42.700258397932814,0.1,10,3.144702842377261,31.447028423772608,11.253229974160206,31.447028423772608,31.711886304909562,32.02842377260982,42.700258397932814,42.700258397932814
2,234,0.14722092553523794,0.5,10,4.2700258397932815,42.700258397932814,0.1,10,3.2002583979328167,32.002583979328165,10.697674418604649,32.002583979328165,32.13178294573643,32.12532299741602,42.700258397932814,42.700258397932814
2,235,-0.025486212388083088,0.5,11,4.300387596899225,47.304263565891475,0.1,11,3.1621447028423773,34.78359173126615,12.520671834625325,34.78359173126615,35.41602067183462,35.68604651162791,47.304263565891475,46.97739018087855
2,236,0.04974517031007156,0.5,11,4.2700258397932815,46.9702842377261,0.1,11,3.147932816537468,34.627260981912144,12.343023255813954,34.627260981912144,35.18863049095607,35.41602067183462,46.9702842377261,46.9702842377261
2,237,-0.10484489185989482,0.5,119,3.8152454780361755,454.0142118863049,0.1,17,3.1621447028423773,53.75645994832041,400.2577519379845,53.75645994832041,349.9547803617571,576.8604651162791,454.0142118863049,798.6156330749353
2,238,-0.07194566461335572,0.5,293,4.288759689922481,1256.6065891472867,0.1,13,3.1621447028423773,41.1078811369509,1215.4987080103358,41.1078811369509,1080.7428940568475,1166.2105943152453,1256.6065891472867,1276.9308785529715
2,239,-0.09394842851024113,0.5,915,4.112403100775194,3762.8488372093025,0.1,13,3.1621447028423773,41.1078811369509,3721.7409560723518,41.1078811369509,526.5374677002584,842.8572351421188,3762.8488372093025,879.7583979328165
2,240,-0.02586861517078251,0.5,11,4.301679586563307,47.31847545219638,0.1,11,3.1621447028423773,34.78359173126615,12.534883720930232,34.78359173126615,35.35917312661499,35.68604651162791,47.31847545219638,46.97739018087855
2,241,0.008204321298890954,0.5,11,4.270671834625323,46.97739018087855,0.1,11,3.147932816537468,34.627260981912144,12.350129198966407,34.627260981912144,35.202842377260986,35.46576227390181,46.97739018087855,46.97739018087855
2,242,0.03397859840531736,0.5,11,4.270671834625323,46.97739018087855,0.1,11,3.147932816537468,34.627260981912144,12.350129198966407,34.627260981912144,35.18863049095607,35.42312661498708,46.97739018087855,46.97739018087855
2,243,-0.013119751178829936,0.1,11,3.204780361757106,35.252583979328165,0.1,11,3.204780361757106,35.252583979328165,0.0,35.252583979328165,35.86369509043927,35.85658914728682,42.41537467700258,46.97739018087855
2,244,0.19155279256609178,0.5,10,4.2700258397932815,42.700258397932814,0.1,10,3.149870801033592,31.498708010335918,11.201550387596896,31.498708010335918,31.7312661498708,32.01550387596899,42.700258397932814,42.700258397932814
2,245,-0.04174570602166734,0.5,15,3.843669250645995,57.65503875968992,0.1,11,3.204780361757106,35.252583979328165,22.402454780361758,35.252583979328165,35.86369509043927,35.85658914728682,57.65503875968992,55.518733850129195
2,246,0.02267579744879672,0.5,11,4.270671834625323,46.97739018087855,0.1,11,3.147932816537468,34.627260981912144,12.350129198966407,34.627260981912144,35.202842377260986,35.49418604651163,46.97739018087855,46.97739018087855
2,247,-0.05526646618691687,0.5,8154,3.852067183462532,31409.75581395349,0.1,2383,3.204780361757106,7636.9916020671835,23772.764211886304,7636.9916020671835,13501.051033591732,13830.864341085271,31409.75581395349,32153.888242894056
2,248,-0.012537656204080594,0.30000000000000004,11,3.244186046511628,35.68604651162791,0.1,11,3.1789405684754524,34.968346253229974,0.717700258397933,34.968346253229974,35.69315245478036,35.68604651162791,42.41537467700258,46.97739018087855
2,249,-0.1195552570308133,0.30000000000000004,58,3.2073643410852712,186.02713178294573,0.1,34,3.1621447028423773,107.51291989664082,78.5142118863049,107.51291989664082,183.00387596899225,320.4780361757106,212.79651162790697,754.6511627906976
2,250,0.12724565137083385,0.30000000000000004,11,3.1711886304909562,34.883074935400515,0.1,11,3.144702842377261,34.59173126614987,0.2913436692506437,34.59173126614987,34.883074935400515,35.231266149870805,42.700258397932814,42.700258397932814
2,251,0.04171092578520541,0.7000000000000001,11,4.270671834625323,46.97739018087855,0.1,11,3.147932816537468,34.627260981912144,12.350129198966407,34.627260981912144,35.18863049095607,35.41602067183462,46.97739018087855,46.97739018087855
2,252,-0.1410094544255761,0.7000000000000001,146,4.239664082687338,618.9909560723514,0.25,57,3.204780361757106,182.67248062015506,436.31847545219637,1600.045219638243,182.67248062015506,182.67248062015506,220.9360465116279,618.9909560723514
2,253,-0.023992766856426373,0.7000000000000001,11,4.270671834625323,46.97739018087855,0.1,11,3.204780361757106,35.252583979328165,11.724806201550386,35.252583979328165,35.86369509043927,35.85658914728682,42.41537467700258,46.97739018087855
2,254,-0.028928303338610073,0.7000000000000001,11,4.270671834625323,46.97739018087855,0.1,11,3.205426356589147,35.25968992248062,11.717700258397933,35.25968992248062,35.87080103359173,35.87080103359173,47.31847545219638,46.97739018087855
2,255,0.0026972665859628653,0.7000000000000001,11,4.270671834625323,46.97739018087855,0.1,11,3.147932816537468,34.627260981912144,12.350129198966407,34.627260981912144,35.202842377260986,35.46576227390181,48.36304909560724,46.97739018087855
2,256,0.10173558343294717,0.7000000000000001,10,4.2700258397932815,42.700258397932814,0.1,10,3.1718346253229974,31.718346253229974,10.98191214470284,31.718346253229974,31.970284237726098,31.970284237726098,38.656330749354005,42.700258397932814
2,257,0.11990987517659521,0.7000000000000001,10,4.2700258397932815,42.700258397932814,0.1,11,3.144702842377261,34.59173126614987,8.108527131782942,34.59173126614987,34.883074935400515,35.23837209302326,42.700258397932814,42.700258397932814
2,258,0.03942087523256199,0.7000000000000001,11,4.270671834625323,46.97739018087855,0.1,11,3.147932816537468,34.627260981912144,12.350129198966407,34.627260981912144,35.18863049095607,35.41602067183462,46.97739018087855,46.97739018087855
2,259,0.08886788268167203,0.7000000000000001,10,4.2700258397932815,42.700258397932814,0.1,11,3.147932816537468,34.627260981912144,8.07299741602067,34.627260981912144,35.17441860465116,35.41602067183462,42.700258397932814,42.700258397932814
2,260,-0.04350024751091029,0.7000000000000001,14,4.270671834625323,59.78940568475452,0.1,11,3.1621447028423773,34.78359173126615,25.00581395348837,34.78359173126615,35.35917312661499,45.40051679586563,55.921834625322994,59.78940568475452
2,261,-0.08502676351090933,0.7000000000000001,221,4.270671834625323,943.8184754521964,0.1,13,3.1621447028423773,41.1078811369509,902.7105943152454,41.1078811369509,694.6046511627907,702.4127906976744,516.1550387596899,943.8184754521964
2,262,-0.035415270473557386,0.7000000000000001,11,4.270671834625323,46.97739018087855,0.1,11,3.1621447028423773,34.78359173126615,12.193798449612402,34.78359173126615,35.35917312661499,35.671834625322994,47.31847545219638,46.97739018087855
2,263,-0.07189401334905335,0.7000000000000001,301,4.270671834625323,1285.4722222222222,0.1,11,3.1621447028423773,34.78359173126615,1250.688630490956,34.78359173126615,1087.1950904392766,1169.4321705426355,1265.184108527132,1285.4722222222222
2,264,0.0339509936362028,0.7000000000000001,10,4.270671834625323,42.706718346253226,0.1,11,3.147932816537468,34.627260981912144,8.079457364341081,34.627260981912144,35.18863049095607,35.42312661498708,42.706718346253226,42.706718346253226
2,265,0.009090693653370063,0.7000000000000001,11,4.270671834625323,46.97739018087855,0.1,11,3.204134366925065,35.24547803617571,11.73191214470284,35.24547803617571,35.65762273901809,35.65762273901809,46.97739018087855,46.97739018087855
2,266,-0.037847627949791324,0.7000000000000001,12,4.270671834625323,51.248062015503876,0.1,11,3.204780361757106,35.252583979328165,15.995478036175712,35.252583979328165,35.86369509043927,35.85658914728682,49.96770025839793,51.248062015503876
2,267,0.018149893228275538,0.7000000000000001,11,4.270671834625323,46.97739018087855,0.1,11,3.147932816537468,34.627260981912144,12.350129198966407,34.627260981912144,35.202842377260986,35.47286821705426,46.97739018087855,46.97739018087855
2,268,-0.1312169056327818,0.7000000000000001,160,4.241602067183463,678.6563307493541,0.25,48,3.210594315245478,154.10852713178295,524.5478036175712,452.7409560723514,154.10852713178295,272.7357881136951,248.66279069767444,678.6563307493541
2,269,-0.11676787548850244,0.7000000000000001,188,4.263565891472868,801.5503875968991,0.1,31,3.204780361757106,99.34819121447029,702.2021963824288,99.34819121447029,218.00968992248062,376.7002583979328,312.8501291989664,801.5503875968991
2,270,0.1313738940717812,0.7000000000000001,10,4.2700258397932815,42.700258397932814,0.1,11,3.144702842377261,34.59173126614987,8.108527131782942,34.59173126614987,34.883074935400515,35.231266149870805,42.700258397932814,42.700258397932814
2,271,0.004711583508478667,0.7000000000000001,11,4.270671834625323,46.97739018087855,0.1,11,3.147932816537468,34.627260981912144,12.350129198966407,34.627260981912144,35.202842377260986,35.46576227390181,46.97739018087855,46.97739018087855
2,272,0.09393681167861173,0.7000000000000001,10,4.2700258397932815,42.700258397932814,0.1,10,3.147932816537468,31.479328165374678,11.220930232558135,31.479328165374678,31.97674418604651,32.19638242894057,42.700258397932814,42.700258397932814
2,273,-0.012836184385648597,0.7000000000000001,11,4.270671834625323,46.97739018087855,0.1,11,3.20671834625323,35.27390180878553,11.70348837209302,35.27390180878553,35.906330749354005,35.89922480620155,47.39664082687339,46.97739018087855
2,274,0.030145278464672298,0.7000000000000001,11,4.270671834625323,46.97739018087855,0.1,11,3.204134366925065,35.24547803617571,11.73191214470284,35.24547803617571,35.678940568475454,35.72868217054263,46.97739018087855,46.97739018087855
2,275,-0.10698273769985098,0.7000000000000001,183,4.270671834625323,781.532945736434,0.1,21,3.1660206718346253,66.48643410852713,715.046511627907,66.48643410852713,324.66149870801036,540.625322997416,419.6770025839793,781.532945736434
2,276,0.13051673069663697,0.7000000000000001,10,4.2700258397932815,42.700258397932814,0.1,10,3.144702842377261,31.447028423772608,11.253229974160206,31.447028423772608,31.711886304909562,32.02842377260982,42.700258397932814,42.700258397932814
2,277,-0.05094500691660596,0.7000000000000001,27,4.270671834625323,115.30813953488371,0.1,15,3.204780361757106,48.07170542635659,67.23643410852712,48.07170542635659,55.42571059431524,55.41472868217054,115.56201550387597,115.30813953488371
2,278,0.0848485570947744,0.7000000000000001,10,4.2700258397932815,42.700258397932814,0.1,10,3.147932816537468,31.479328165374678,11.220930232558135,31.479328165374678,31.97674418604651,32.19638242894057,42.700258397932814,42.700258397932814
2,279,0.008729474295402995,0.7000000000000001,11,4.270671834625323,46.97739018087855,0.1,11,3.147932816537468,34.627260981912144,12.350129198966407,34.627260981912144,35.202842377260986,35.46576227390181,46.97739018087855,46.97739018087855
2,280,-0.08581276790570802,0.7000000000000001,219,4.270671834625323,935.2771317829457,0.1,17,3.1789405684754524,54.04198966408269,881.235142118863,54.04198966408269,671.1453488372093,679.2441860465116,660.0490956072351,935.2771317829457
2,281,-0.06936581706568257,0.7000000000000001,342,4.270671834625323,1460.5697674418604,0.1,15,3.1621447028423773,47.43217054263566,1413.1375968992247,47.43217054263566,1313.0219638242895,1385.2777777777776,1453.889534883721,1460.5697674418604
2,282,-0.002405809057663022,0.7000000000000001,11,4.270671834625323,46.97739018087855,0.1,11,3.204134366925065,35.24547803617571,11.73191214470284,35.24547803617571,35.65762273901809,35.65762273901809,47.68087855297158,46.97739018087855
2,283,-0.012893636984025458,0.7000000000000001,11,4.270671834625323,46.97739018087855,0.1,11,3.1621447028423773,34.78359173126615,12.193798449612402,34.78359173126615,35.35206718346253,35.65762273901809,47.39664082687339,46.97739018087855
2,284,0.024276320896894243,0.7000000000000001,11,4.270671834625323,46.97739018087855,0.1,11,3.147932816537468,34.627260981912144,12.350129198966407,34.627260981912144,35.202842377260986,35.44444444444444,46.97739018087855,46.97739018087855
2,285,0.06571341821577112,0.7000000000000001,11,4.2700258397932815,46.9702842377261,0.1,11,3.1776485788113695,34.95413436692507,12.01614987080103,34.95413436692507,35.47286821705426,35.51550387596899,46.9702842377261,46.9702842377261
2,286,0.12549653215285536,0.7000000000000001,11,4.2700258397932815,46.9702842377261,0.1,11,3.144702842377261,34.59173126614987,12.378552971576227,34.59173126614987,34.883074935400515,35.23837209302326,46.9702842377261,46.9702842377261
2,287,0.09230311634342886,0.7000000000000001,11,4.2700258397932815,46.9702842377261,0.1,11,3.147932816537468,34.627260981912144,12.343023255813954,34.627260981912144,35.17441860465116,35.41602067183462,46.9702842377261,46.9702842377261
2,288,0.04490983075597871,0.7000000000000001,11,4.270671834625323,46.97739018087855,0.1,11,3.147932816537468,34.627260981912144,12.350129198966407,34.627260981912144,35.18863049095607,35.41602067183462,46.97739018087855,46.97739018087855
2,289,0.0840188009531663,0.7000000000000001,10,4.2700258397932815,42.700258397932814,0.1,10,3.147932816537468,31.479328165374678,11.220930232558135,31.479328165374678,31.97674418604651,32.19638242894057,42.700258397932814,42.700258397932814
2,290,-0.04401903372681118,0.7000000000000001,14,4.270671834625323,59.78940568475452,0.1,11,3.1621447028423773,34.78359173126615,25.00581395348837,34.78359173126615,35.35917312661499,45.40051679586563,55.921834625322994,59.78940568475452
2,291,-0.050784256104338996,0.7000000000000001,34,4.270671834625323,145.20284237726096,0.1,19,3.204780361757106,60.890826873385016,84.31201550387595,60.890826873385016,71.72739018087854,71.71317829457364,146.37855297157623,145.20284237726096
2,292,0.01402117979593881,0.7000000000000001,11,4.270671834625323,46.97739018087855,0.1,11,3.147932816537468,34.627260981912144,12.350129198966407,34.627260981912144,35.202842377260986,35.479974160206716,46.97739018087855,46.97739018087855
2,293,-0.05464981784371116,0.7000000000000001,10000,4.270671834625323,42706.71834625323,0.1,10000,3.1621447028423773,31621.447028423772,11085.271317829454,31621.447028423772,32144.70284237726,31931.52454780362,43003.87596899225,42706.71834625323
2,294,0.06053610039068624,0.7000000000000001,11,4.2700258397932815,46.9702842377261,0.1,11,3.147932816537468,34.627260981912144,12.343023255813954,34.627260981912144,35.18863049095607,35.41602067183462,46.9702842377261,46.9702842377261
2,295,0.12433513152196782,0.7000000000000001,10,4.2700258397932815,42.700258397932814,0.1,11,3.144702842377261,34.59173126614987,8.108527131782942,34.59173126614987,34.883074935400515,35.23837209302326,42.700258397932814,42.700258397932814
2,296,-0.07770845578818567,0.30000000000000004,254,3.2151162790697674,816.6395348837209,0.1,11,3.1621447028423773,34.78359173126615,781.8559431524548,34.78359173126615,821.3372093023256,816.6395348837209,1065.0542635658915,1050.5852713178294
2,297,0.13041228183528883,0.9,10,4.231266149870801,42.31266149870801,0.1,10,3.144702842377261,31.447028423772608,10.865633074935403,31.447028423772608,31.711886304909562,32.02842377260982,42.700258397932814,42.700258397932814
2,298,0.05099144997622104,0.7000000000000001,11,4.2700258397932815,46.9702842377261,0.1,11,3.147932816537468,34.627260981912144,12.343023255813954,34.627260981912144,35.18863049095607,35.41602067183462,46.9702842377261,46.9702842377261
2,299,-0.05850220013052705,0.8,1304,4.243540051679586,5533.57622739018,0.1,649,3.204780361757106,2079.902454780362,3453.673772609818,2079.902454780362,6368.4773901808785,5909.8178294573645,5215.6989664082685,5624.47480620155
2,300,0.025903447199873475,0.7000000000000001,11,4.270671834625323,46.97739018087855,0.1,11,3.147932816537468,34.627260981912144,12.350129198966407,34.627260981912144,35.202842377260986,35.42312661498708,46.97739018087855,46.97739018087855
2,301,0.09049927179883938,0.7000000000000001,11,4.2700258397932815,46.9702842377261,0.1,11,3.147932816537468,34.627260981912144,12.343023255813954,34.627260981912144,35.17441860465116,35.41602067183462,46.9702842377261,46.9702842377261
2,302,-0.13859991543825392,0.1,1681,3.204780361757106,5387.235788113695,0.25,57,3.2474160206718348,185.10271317829458,5202.1330749354,5387.235788113695,185.10271317829458,185.10271317829458,328.6111111111111,652.90826873385
2,303,-0.03923230643869864,0.7000000000000001,12,4.270671834625323,51.248062015503876,0.1,11,3.1621447028423773,34.78359173126615,16.464470284237727,34.78359173126615,35.35917312661499,35.671834625322994,47.31847545219638,51.248062015503876
2,304,0.0037652047295827773,0.7000000000000001,11,4.270671834625323,46.97739018087855,0.1,11,3.147932816537468,34.627260981912144,12.350129198966407,34.627260981912144,35.202842377260986,35.46576227390181,48.36304909560724,46.97739018087855
2,305,-0.013931034198716247,0.5,11,4.308785529715762,47.39664082687339,0.1,11,3.1621447028423773,34.78359173126615,12.613049095607238,34.78359173126615,35.35206718346253,35.65762273901809,47.39664082687339,46.97739018087855
2,306,-0.07591741106356625,0.7000000000000001,259,4.270671834625323,1106.1040051679586,0.1,13,3.204780361757106,41.662144702842376,1064.4418604651162,41.662144702842376,942.983850129199,938.2325581395348,1198.015503875969,1106.1040051679586
2,307,-0.05782020287770186,0.30000000000000004,2193,3.2196382428940566,7060.666666666666,0.1,796,3.1621447028423773,2517.0671834625323,4543.599483204134,2517.0671834625323,7060.666666666666,4256.162790697675,7629.168604651163,6850.157622739018
2,308,-0.011361052757855733,0.1,11,3.1621447028423773,34.78359173126615,0.1,11,3.1621447028423773,34.78359173126615,0.0,34.78359173126615,35.35206718346253,35.65762273901809,47.39664082687339,46.97739018087855
2,309,-0.040022044606904186,0.1,11,3.1621447028423773,34.78359173126615,0.1,11,3.1621447028423773,34.78359173126615,0.0,34.78359173126615,35.35917312661499,35.671834625322994,47.31847545219638,46.97739018087855
2,310,-0.01392545191039235,0.7000000000000001,11,4.270671834625323,46.97739018087855,0.1,11,3.204780361757106,35.252583979328165,11.724806201550386,35.252583979328165,35.86369509043927,35.85658914728682,42.41537467700258,46.97739018087855
2,311,-0.11929997243661845,0.7000000000000001,178,4.263565891472868,758.9147286821704,0.1,32,3.1621447028423773,101.18863049095607,657.7260981912144,101.18863049095607,186.21447028423773,323.6828165374677,216.96899224806202,758.9147286821704
2,312,-0.1277727115468982,0.7000000000000001,147,4.239664082687338,623.2306201550388,0.25,49,3.210594315245478,157.31912144702844,465.9114987080103,218.18798449612402,157.31912144702844,278.8158914728682,225.31395348837208,623.2306201550388
2,313,-0.0514538335319525,0.30000000000000004,25,3.25968992248062,81.4922480620155,0.1,21,3.204780361757106,67.30038759689923,14.191860465116278,67.30038759689923,81.50839793281654,81.4922480620155,173.34302325581396,170.8268733850129
2,314,-0.11510098174757982,0.7000000000000001,195,4.263565891472868,831.3953488372092,0.1,28,3.1621447028423773,88.54005167958657,742.8552971576227,88.54005167958657,231.16279069767444,397.39276485788116,283.72868217054264,831.3953488372092
2,315,-0.08670141308968646,0.7000000000000001,217,4.270671834625323,926.735788113695,0.1,13,3.1621447028423773,41.1078811369509,885.627906976744,41.1078811369509,646.3682170542635,654.3023255813953,688.5245478036176,926.735788113695
2,316,-0.01166442855352895,0.7000000000000001,11,4.270671834625323,46.97739018087855,0.1,11,3.1621447028423773,34.78359173126615,12.193798449612402,34.78359173126615,35.35206718346253,35.65762273901809,47.39664082687339,46.97739018087855
2,317,-0.09476038141251875,0.7000000000000001,204,4.270671834625323,871.2170542635658,0.1,16,3.204780361757106,51.276485788113696,819.9405684754521,51.276485788113696,520.5167958656331,834.5859173126615,3869.5736434108526,871.2170542635658
2,318,0.032630611292545214,0.1,11,3.147932816537468,34.627260981912144,0.1,11,3.147932816537468,34.627260981912144,0.0,34.627260981912144,35.195736434108525,35.42312661498708,46.97739018087855,46.97739018087855
2,319,-0.07475057833174358,0.7000000000000001,267,4.270671834625323,1140.2693798449611,0.1,13,3.1621447028423773,41.1078811369509,1099.1614987080102,41.1078811369509,989.6188630490956,981.3985788113695,1004.9302325581394,1140.2693798449611
2,320,0.3031349083801278,0.30000000000000004,10,3.1776485788113695,31.776485788113696,0.1,10,3.143410852713178,31.43410852713178,0.342377260981916,31.43410852713178,31.55684754521964,31.89922480620155,42.441860465116285,42.441860465116285
2,321,-0.09939357470839878,0.30000000000000004,135,3.20671834625323,432.90697674418607,0.1,17,3.1621447028423773,53.75645994832041,379.15051679586566,53.75645994832041,427.0090439276486,692.232558139535,633.5562015503875,837.0516795865633
2,322,-0.0328024320150575,0.7000000000000001,11,4.270671834625323,46.97739018087855,0.1,11,3.1621447028423773,34.78359173126615,12.193798449612402,34.78359173126615,35.35917312661499,35.671834625322994,47.31847545219638,46.97739018087855
2,323,-0.021352674702311447,0.7000000000000001,11,4.270671834625323,46.97739018087855,0.1,11,3.1621447028423773,34.78359173126615,12.193798449612402,34.78359173126615,35.41602067183462,35.68604651162791,47.304263565891475,46.97739018087855
2,324,0.16032676844083546,0.7000000000000001,10,4.2700258397932815,42.700258397932814,0.1,10,3.144702842377261,31.447028423772608,11.253229974160206,31.447028423772608,31.692506459948323,32.151162790697676,42.700258397932814,42.700258397932814
2,325,-0.07864430313296472,0.7000000000000001,241,4.270671834625323,1029.2319121447028,0.1,14,3.204780361757106,44.866925064599485,984.3649870801033,44.866925064599485,802.6782945736435,798.1492248062016,1033.3313953488373,1029.2319121447028
2,326,-0.12565474331169066,0.7000000000000001,138,4.252583979328166,586.8565891472869,0.25,53,3.255167958656331,172.52390180878552,414.33268733850133,852.6434108527131,172.52390180878552,302.1298449612403,225.31395348837208,586.8565891472869
2,327,0.03399870334395133,0.7000000000000001,11,4.270671834625323,46.97739018087855,0.1,11,3.147932816537468,34.627260981912144,12.350129198966407,34.627260981912144,35.18863049095607,35.42312661498708,46.97739018087855,46.97739018087855
2,328,0.002413935231470876,0.7000000000000001,11,4.270671834625323,46.97739018087855,0.1,11,3.147932816537468,34.627260981912144,12.350129198966407,34.627260981912144,35.202842377260986,35.46576227390181,48.36304909560724,46.97739018087855
2,329,-0.032437887124616954,0.7000000000000001,11,4.270671834625323,46.97739018087855,0.1,11,3.1621447028423773,34.78359173126615,12.193798449612402,34.78359173126615,35.35917312661499,35.671834625322994,47.31847545219638,46.97739018087855
2,330,0.10745012476960361,0.7000000000000001,11,4.2700258397932815,46.9702842377261,0.1,11,3.144702842377261,34.59173126614987,12.378552971576227,34.59173126614987,34.89728682170542,35.08914728682171,46.9702842377261,46.9702842377261
2,331,-0.04667329574525671,0.7000000000000001,18,4.270671834625323,76.87209302325581,0.1,12,3.1621447028423773,37.945736434108525,38.92635658914729,37.945736434108525,41.78811369509044,58.372093023255815,73.12855297157623,76.87209302325581
2,332,-0.02742126328179402,0.7000000000000001,11,4.270671834625323,46.97739018087855,0.1,11,3.204780361757106,35.252583979328165,11.724806201550386,35.252583979328165,35.86369509043927,35.85658914728682,42.41537467700258,46.97739018087855
2,333,-0.03877543476557255,0.7000000000000001,12,4.270671834625323,51.248062015503876,0.1,11,3.204780361757106,35.252583979328165,15.995478036175712,35.252583979328165,35.86369509043927,35.85658914728682,53.81136950904393,51.248062015503876
2,334,-0.08388789549942567,0.7000000000000001,223,4.270671834625323,952.359819121447,0.1,13,3.1621447028423773,41.1078811369509,911.2519379844961,41.1078811369509,729.9780361757106,737.6937984496124,4088.3720930232557,952.359819121447
2,335,0.03163010353408938,0.7000000000000001,11,4.270671834625323,46.97739018087855,0.1,11,3.147932816537468,34.627260981912144,12.350129198966407,34.627260981912144,35.195736434108525,35.42312661498708,46.97739018087855,46.97739018087855
2,336,0.012734640557443777,0.7000000000000001,11,4.270671834625323,46.97739018087855,0.1,11,3.147932816537468,34.627260981912144,12.350129198966407,34.627260981912144,35.202842377260986,35.451550387596896,46.97739018087855,46.97739018087855
2,337,-0.09201403502234387,0.7000000000000001,208,4.270671834625323,888.2997416020671,0.1,16,3.1621447028423773,50.594315245478036,837.7054263565891,50.594315245478036,561.8540051679587,897.3385012919897,707.8785529715761,888.2997416020671
2,338,-0.08329404391413442,0.7000000000000001,224,4.270671834625323,956.6304909560723,0.1,15,3.204780361757106,48.07170542635659,908.5587855297157,48.07170542635659,772.0872093023256,776.75,4137.583979328166,956.6304909560723
2,339,0.16967939815815927,0.7000000000000001,10,4.2700258397932815,42.700258397932814,0.1,10,3.144702842377261,31.447028423772608,11.253229974160206,31.447028423772608,31.692506459948323,32.151162790697676,42.700258397932814,42.700258397932814
2,340,0.02319150515075097,0.7000000000000001,11,4.270671834625323,46.97739018087855,0.1,11,3.147932816537468,34.627260981912144,12.350129198966407,34.627260981912144,35.202842377260986,35.49418604651163,46.97739018087855,46.97739018087855
2,341,-0.10372055024453274,0.7000000000000001,189,4.270671834625323,807.156976744186,0.1,19,3.1621447028423773,60.08074935400517,747.0762273901807,60.08074935400517,362.797157622739,599.2939276485788,479.83527131782944,807.156976744186
2,342,0.043747761585813005,0.7000000000000001,10,4.270671834625323,42.706718346253226,0.1,11,3.147932816537468,34.627260981912144,8.079457364341081,34.627260981912144,35.18863049095607,35.41602067183462,42.706718346253226,42.706718346253226
2,343,-0.13302563025661415,0.7000000000000001,164,4.2409560723514215,695.5167958656331,0.25,47,3.25,152.75,542.7667958656331,653.7751937984497,152.75,269.53552971576227,240.8488372093023,695.5167958656331
2,344,-0.03429556008385429,0.7000000000000001,11,4.270671834625323,46.97739018087855,0.1,11,3.1621447028423773,34.78359173126615,12.193798449612402,34.78359173126615,35.35917312661499,35.671834625322994,42.41537467700258,46.97739018087855
2,345,-0.10925910709837924,0.7000000000000001,181,4.248062015503876,768.8992248062016,0.1,21,3.1621447028423773,66.40503875968992,702.4941860465117,66.40503875968992,295.374677002584,496.7409560723514,408.90310077519376,768.8992248062016
2,346,-0.052871802295320486,0.7000000000000001,66,4.270671834625323,281.8643410852713,0.1,26,3.1621447028423773,82.2157622739018,199.64857881136948,82.2157622739018,147.8656330749354,243.265503875969,262.4024547803617,281.8643410852713
2,347,0.1267110344847693,0.7000000000000001,10,4.2700258397932815,42.700258397932814,0.1,11,3.144702842377261,34.59173126614987,8.108527131782942,34.59173126614987,34.883074935400515,35.231266149870805,42.700258397932814,42.700258397932814
2,348,-0.01711907646483915,0.7000000000000001,11,4.270671834625323,46.97739018087855,0.1,11,3.1621447028423773,34.78359173126615,12.193798449612402,34.78359173126615,35.41602067183462,35.68604651162791,47.304263565891475,46.97739018087855
2,349,-0.016725787493184513,0.7000000000000001,11,4.270671834625323,46.97739018087855,0.1,11,3.1621447028423773,34.78359173126615,12.193798449612402,34.78359173126615,35.41602067183462,35.68604651162791,47.304263565891475,46.97739018087855
2,350,0.15963542629678337,0.7000000000000001,10,4.2700258397932815,42.700258397932814,0.1,10,3.144702842377261,31.447028423772608,11.253229974160206,31.447028423772608,31.692506459948323,32.151162790697676,42.700258397932814,42.700258397932814
2,351,-0.00825448786979932,0.7000000000000001,10,4.270671834625323,42.706718346253226,0.1,11,3.1621447028423773,34.78359173126615,7.923126614987076,34.78359173126615,35.35206718346253,35.65762273901809,43.06201550387597,42.706718346253226
2,352,-0.06327739351837068,0.7000000000000001,578,4.270671834625323,2468.4483204134367,0.1,36,3.204780361757106,115.37209302325581,2353.076227390181,115.37209302325581,2679.0,2488.8062015503874,2130.1931524547804,2468.4483204134367
2,353,0.08097716630645893,0.7000000000000001,10,4.2700258397932815,42.700258397932814,0.1,11,3.147932816537468,34.627260981912144,8.07299741602067,34.627260981912144,35.18152454780362,35.41602067183462,42.700258397932814,42.700258397932814
2,354,-0.10613635777283971,0.7000000000000001,185,4.270671834625323,790.0742894056847,0.1,25,3.1815245478036176,79.53811369509044,710.5361757105942,79.53811369509044,327.27131782945736,546.6298449612403,446.45542635658916,790.0742894056847
2,355,0.09227789278678303,0.7000000000000001,11,4.2700258397932815,46.9702842377261,0.1,11,3.147932816537468,34.627260981912144,12.343023255813954,34.627260981912144,35.17441860465116,35.41602067183462,46.9702842377261,46.9702842377261
2,356,-0.0940515263258849,0.7000000000000001,205,4.270671834625323,875.4877260981912,0.1,15,3.1621447028423773,47.43217054263566,828.0555555555555,47.43217054263566,520.1162790697674,836.4476744186047,3742.2868217054265,875.4877260981912
2,357,0.0398774124688937,0.7000000000000001,11,4.270671834625323,46.97739018087855,0.1,11,3.147932816537468,34.627260981912144,12.350129198966407,34.627260981912144,35.18863049095607,35.41602067183462,46.97739018087855,46.97739018087855
2,358,0.11993206352391769,0.7000000000000001,10,4.2700258397932815,42.700258397932814,0.1,10,3.144702842377261,31.447028423772608,11.253229974160206,31.447028423772608,31.711886304909562,32.03488372093023,42.700258397932814,42.700258397932814
2,359,-0.056028121276470236,0.7000000000000001,3613,4.270671834625323,15429.937338501291,0.1,644,3.1621447028423773,2036.4211886304909,13393.5161498708,2036.4211886304909,16017.700258397932,9078.527131782945,16966.6169250646,15429.937338501291
2,360,-0.0707901825150323,0.7000000000000001,316,4.270671834625323,1349.532299741602,0.1,13,3.1621447028423773,41.1078811369509,1308.424418604651,41.1078811369509,1177.5258397932816,1253.1931524547804,1333.8042635658915,1349.532299741602
2,361,0.020104963447249158,0.9,10,4.2299741602067185,42.299741602067186,0.1,11,3.147932816537468,34.627260981912144,7.672480620155042,34.627260981912144,35.202842377260986,35.50129198966408,42.706718346253226,42.706718346253226
2,362,0.14388926817780215,0.5,10,4.2700258397932815,42.700258397932814,0.1,10,3.144702842377261,31.447028423772608,11.253229974160206,31.447028423772608,31.711886304909562,32.02196382428941,42.700258397932814,42.700258397932814
2,363,-0.05799392095206135,0.30000000000000004,2071,3.2196382428940566,6667.870801033591,0.1,959,3.1621447028423773,3032.49677002584,3635.3740310077515,3032.49677002584,6667.870801033591,4047.0542635658912,7216.083333333334,6474.338501291989
2,364,0.1429792363628816,0.7000000000000001,10,4.2700258397932815,42.700258397932814,0.1,10,3.144702842377261,31.447028423772608,11.253229974160206,31.447028423772608,31.711886304909562,32.02196382428941,42.700258397932814,42.700258397932814
2,365,-0.11957534071799217,0.7000000000000001,177,4.263565891472868,754.6511627906976,0.1,36,3.1621447028423773,113.83720930232558,640.813953488372,113.83720930232558,179.79328165374676,317.2732558139535,212.79651162790697,754.6511627906976
2,366,-0.03356598266700851,0.7000000000000001,11,4.270671834625323,46.97739018087855,0.1,11,3.20671834625323,35.27390180878553,11.70348837209302,35.27390180878553,35.89922480620155,35.89922480620155,47.31847545219638,46.97739018087855
2,367,-0.04204408398339006,0.7000000000000001,11,4.270671834625323,46.97739018087855,0.1,11,3.1621447028423773,34.78359173126615,12.193798449612402,34.78359173126615,35.35917312661499,38.91472868217054,47.31847545219638,46.97739018087855
2,368,-0.0957724344811108,0.7000000000000001,202,4.270671834625323,862.6757105943152,0.1,15,3.1621447028423773,47.43217054263566,815.2435400516796,47.43217054263566,488.01033591731266,785.171188630491,721.4444444444445,862.6757105943152
2,369,-0.05229233827990183,0.7000000000000001,55,4.270671834625323,234.88695090439276,0.1,23,3.1621447028423773,72.72932816537468,162.15762273901808,72.72932816537468,125.36434108527132,201.09948320413437,227.9890180878553,234.88695090439276
2,370,-0.05190176287191421,0.7000000000000001,47,4.270671834625323,200.72157622739016,0.1,20,3.1621447028423773,63.24289405684755,137.4786821705426,63.24289405684755,106.07751937984496,168.66408268733852,193.57558139534882,200.72157622739016
2,371,0.04369734201502967,0.7000000000000001,11,4.270671834625323,46.97739018087855,0.1,11,3.147932816537468,34.627260981912144,12.350129198966407,34.627260981912144,35.18863049095607,35.41602067183462,46.97739018087855,46.97739018087855
2,372,-0.0326823688856312,0.7000000000000001,11,4.270671834625323,46.97739018087855,0.1,11,3.20671834625323,35.27390180878553,11.70348837209302,35.27390180878553,35.89922480620155,35.89922480620155,47.31847545219638,46.97739018087855
2,373,0.01698491548262787,0.7000000000000001,10,4.270671834625323,42.706718346253226,0.1,10,3.147932816537468,31.479328165374678,11.227390180878547,31.479328165374678,32.002583979328165,32.248062015503876,42.706718346253226,42.706718346253226
2,374,-0.09059993761028919,0.7000000000000001,210,4.270671834625323,896.8410852713178,0.1,21,3.20671834625323,67.34108527131784,829.4999999999999,67.34108527131784,595.9321705426356,949.3772609819122,725.7506459948321,896.8410852713178
2,375,0.0037747077799986095,0.7000000000000001,11,4.270671834625323,46.97739018087855,0.1,11,3.147932816537468,34.627260981912144,12.350129198966407,34.627260981912144,35.202842377260986,35.46576227390181,48.36304909560724,46.97739018087855
2,376,-0.04431652549631114,0.7000000000000001,15,4.270671834625323,64.06007751937985,0.1,11,3.1660206718346253,34.826227390180875,29.23385012919897,34.826227390180875,35.40180878552972,48.701550387596896,60.223514211886304,64.06007751937985
2,377,0.039183742889728645,0.7000000000000001,11,4.270671834625323,46.97739018087855,0.1,11,3.147932816537468,34.627260981912144,12.350129198966407,34.627260981912144,35.18863049095607,35.41602067183462,46.97739018087855,46.97739018087855
2,378,-0.07863974128367611,0.7000000000000001,241,4.270671834625323,1029.2319121447028,0.1,13,3.1621447028423773,41.1078811369509,988.1240310077519,41.1078811369509,776.2441860465116,771.6279069767442,1065.0542635658915,1029.2319121447028
2,379,0.004582100827251967,0.7000000000000001,11,4.270671834625323,46.97739018087855,0.1,11,3.147932816537468,34.627260981912144,12.350129198966407,34.627260981912144,35.202842377260986,35.46576227390181,46.97739018087855,46.97739018087855
2,380,0.05270484333648384,0.7000000000000001,11,4.2700258397932815,46.9702842377261,0.1,11,3.147932816537468,34.627260981912144,12.343023255813954,34.627260981912144,35.18863049095607,35.41602067183462,46.9702842377261,46.9702842377261
2,381,-0.10796838769837418,0.7000000000000001,169,4.249354005167959,718.1408268733851,0.1,35,3.20671834625323,112.23514211886305,605.9056847545221,112.23514211886305,306.16795865633077,513.7041343669251,421.4205426356589,718.1408268733851
2,382,0.04664997145151989,0.7000000000000001,11,4.270671834625323,46.97739018087855,0.1,11,3.147932816537468,34.627260981912144,12.350129198966407,34.627260981912144,35.18863049095607,35.41602067183462,46.97739018087855,46.97739018087855
2,383,0.14893665513002094,0.7000000000000001,10,4.2700258397932815,42.700258397932814,0.1,10,3.144702842377261,31.447028423772608,11.253229974160206,31.447028423772608,31.692506459948323,32.002583979328165,42.700258397932814,42.700258397932814
2,384,-0.13202771893324156,0.7000000000000001,159,4.241602067183463,674.4147286821706,0.25,46,3.20671834625323,147.50904392764858,526.905684754522,477.48385012919897,147.50904392764858,262.7919896640827,216.96899224806202,674.4147286821706
2,385,0.01687693372679816,0.7000000000000001,10,4.270671834625323,42.706718346253226,0.1,11,3.147932816537468,34.627260981912144,8.079457364341081,34.627260981912144,35.202842377260986,35.47286821705426,42.706718346253226,42.706718346253226
2,386,-0.11681570303041111,0.7000000000000001,188,4.263565891472868,801.5503875968991,0.1,31,3.1621447028423773,98.02648578811369,703.5239018087855,98.02648578811369,211.89922480620154,368.5497416020672,258.6937984496124,801.5503875968991
2,387,0.18999968023567368,0.7000000000000001,10,4.2700258397932815,42.700258397932814,0.1,10,3.144702842377261,31.447028423772608,11.253229974160206,31.447028423772608,31.692506459948323,32.105943152454785,42.700258397932814,42.700258397932814
2,388,0.005124186884664261,0.7000000000000001,11,4.270671834625323,46.97739018087855,0.1,11,3.147932816537468,34.627260981912144,12.350129198966407,34.627260981912144,35.202842377260986,35.46576227390181,46.97739018087855,46.97739018087855
2,389,-0.10116087360864032,0.7000000000000001,193,4.270671834625323,824.2396640826873,0.1,17,3.1621447028423773,53.75645994832041,770.4832041343669,53.75645994832041,398.1136950904393,653.7751937984497,600.1750645994831,824.2396640826873
2,390,-0.086362857201468,0.7000000000000001,218,4.270671834625323,931.0064599483204,0.1,14,3.1621447028423773,44.270025839793284,886.7364341085271,44.270025839793284,656.015503875969,663.9244186046511,751.499354005168,931.0064599483204
2,391,0.07842955013128558,0.7000000000000001,11,4.2700258397932815,46.9702842377261,0.1,11,3.147932816537468,34.627260981912144,12.343023255813954,34.627260981912144,35.18152454780362,35.41602067183462,46.9702842377261,46.9702842377261
2,392,0.07490722041754211,0.7000000000000001,11,4.2700258397932815,46.9702842377261,0.1,11,3.147932816537468,34.627260981912144,12.343023255813954,34.627260981912144,35.18152454780362,35.41602067183462,46.9702842377261,46.9702842377261
2,393,0.010261926263334109,0.7000000000000001,11,4.270671834625323,46.97739018087855,0.1,11,3.147932816537468,34.627260981912144,12.350129198966407,34.627260981912144,35.202842377260986,35.451550387596896,46.97739018087855,46.97739018087855
2,394,0.15396574218701412,0.7000000000000001,10,4.2700258397932815,42.700258397932814,0.1,10,3.144702842377261,31.447028423772608,11.253229974160206,31.447028423772608,31.692506459948323,31.996124031007753,42.700258397932814,42.700258397932814
2,395,-0.08735021004659607,0.7000000000000001,216,4.270671834625323,922.4651162790697,0.1,14,3.1621447028423773,44.270025839793284,878.1950904392763,44.270025839793284,677.4354005167959,1070.3966408268734,834.8229974160207,922.4651162790697
2,396,0.09152414101275444,0.7000000000000001,11,4.2700258397932815,46.9702842377261,0.1,11,3.147932816537468,34.627260981912144,12.343023255813954,34.627260981912144,35.17441860465116,35.41602067183462,46.9702842377261,46.9702842377261
2,397,0.008151274867678637,0.7000000000000001,11,4.270671834625323,46.97739018087855,0.1,11,3.147932816537468,34.627260981912144,12.350129198966407,34.627260981912144,35.202842377260986,35.46576227390181,46.97739018087855,46.97739018087855
2,398,-0.12429746266151138,0.7000000000000001,138,4.252583979328166,586.8565891472869,0.1,45,3.1621447028423773,142.29651162790697,444.5600775193799,142.29651162790697,147.687338501292,262.7919896640827,216.96899224806202,586.8565891472869
2,399,-0.04820537067072436,0.7000000000000001,21,4.270671834625323,89.68410852713178,0.1,12,3.1621447028423773,37.945736434108525,51.73837209302326,37.945736434108525,48.21705426356589,68.10077519379844,81.73191214470283,89.68410852713178
2,400,-0.08269228472607326,0.7000000000000001,226,4.270671834625323,965.171834625323,0.1,18,3.1789405684754524,57.220930232558146,907.9509043927649,57.220930232558146,768.4127906976744,776.2790697674418,1177.2771317829458,965.171834625323
2,401,0.06063299610020306,0.7000000000000001,11,4.2700258397932815,46.9702842377261,0.1,11,3.147932816537468,34.627260981912144,12.343023255813954,34.627260981912144,35.18863049095607,35.41602067183462,46.9702842377261,46.9702842377261
2,402,0.03560436836781225,0.7000000000000001,10,4.270671834625323,42.706718346253226,0.1,10,3.147932816537468,31.479328165374678,11.227390180878547,31.479328165374678,31.98966408268734,32.19638242894057,42.706718346253226,42.706718346253226
2,403,-0.036704181361575425,0.7000000000000001,11,4.270671834625323,46.97739018087855,0.1,11,3.1621447028423773,34.78359173126615,12.193798449612402,34.78359173126615,35.35917312661499,35.671834625322994,47.31847545219638,46.97739018087855
2,404,0.059144692803948185,0.7000000000000001,11,4.2700258397932815,46.9702842377261,0.1,11,3.147932816537468,34.627260981912144,12.343023255813954,34.627260981912144,35.18863049095607,35.41602067183462,46.9702842377261,46.9702842377261
2,405,-0.06940914485802976,0.7000000000000001,342,4.270671834625323,1460.5697674418604,0.1,14,3.1621447028423773,44.270025839793284,1416.2997416020671,44.270025839793284,1309.795865633075,1382.0562015503874,1453.889534883721,1460.5697674418604
2,406,-0.05207173412964032,0.7000000000000001,39,4.270671834625323,166.55620155038758,0.1,16,3.205426356589147,51.286821705426355,115.26937984496124,51.286821705426355,68.48062015503876,68.48062015503876,163.46382428940566,166.55620155038758
2,407,0.02859707215579313,0.7000000000000001,11,4.270671834625323,46.97739018087855,0.1,11,3.147932816537468,34.627260981912144,12.350129198966407,34.627260981912144,35.195736434108525,35.42312661498708,46.97739018087855,46.97739018087855
2,408,-0.04895609265349457,0.7000000000000001,23,4.270671834625323,98.22545219638242,0.1,13,3.1621447028423773,41.1078811369509,57.11757105943152,41.1078811369509,51.43152454780362,77.84496124031008,94.63695090439276,98.22545219638242
2,409,0.12881273072966035,0.7000000000000001,10,4.2700258397932815,42.700258397932814,0.1,10,3.2002583979328167,32.002583979328165,10.697674418604649,32.002583979328165,32.151162790697676,32.151162790697676,42.700258397932814,42.700258397932814
2,410,-0.05765915090071176,0.7000000000000001,1687,4.270671834625323,7204.623385012919,0.1,668,3.1621447028423773,2112.312661498708,5092.310723514211,2112.312661498708,7430.9250645994825,4452.403100775194,8012.133074935401,7204.623385012919
2,411,0.24008262215238377,0.7000000000000001,10,4.268733850129199,42.68733850129199,0.1,10,3.143410852713178,31.43410852713178,11.25322997416021,31.43410852713178,31.55684754521964,31.918604651162788,42.68733850129199,42.68733850129199
2,412,-0.012710811787849996,0.9,11,4.2299741602067185,46.5297157622739,0.1,11,3.1621447028423773,34.78359173126615,11.746124031007753,34.78359173126615,35.35206718346253,35.65762273901809,47.39664082687339,46.97739018087855
2,413,-0.07838279443278631,0.9,241,4.2299741602067185,1019.4237726098191,0.1,13,3.1621447028423773,41.1078811369509,978.3158914728682,41.1078811369509,785.9069767441861,784.4883720930233,1065.0542635658915,1033.5025839793282
2,414,0.17185849765589642,0.9,10,4.232558139534884,42.32558139534884,0.1,10,3.144702842377261,31.447028423772608,10.878552971576234,31.447028423772608,31.692506459948323,32.151162790697676,42.700258397932814,42.700258397932814
2,415,-0.04268787602946794,0.9,13,4.2299741602067185,54.98966408268734,0.1,11,3.1789405684754524,34.968346253229974,20.021317829457367,34.968346253229974,35.68604651162791,35.68604651162791,57.65503875968992,55.518733850129195
2,416,0.13569208116135398,0.9,10,4.231266149870801,42.31266149870801,0.1,10,3.144702842377261,31.447028423772608,10.865633074935403,31.447028423772608,31.711886304909562,32.02196382428941,42.700258397932814,42.700258397932814
2,417,0.02419939723696163,0.9,11,4.2299741602067185,46.5297157622739,0.1,11,3.151808785529716,34.66989664082688,11.859819121447025,34.66989664082688,35.23837209302326,35.231266149870805,46.97739018087855,46.97739018087855
2,418,0.07746910098436532,0.9,11,4.231266149870801,46.54392764857881,0.1,11,3.1531007751937983,34.684108527131784,11.859819121447025,34.684108527131784,35.22416020671835,35.45865633074935,46.9702842377261,46.9702842377261
2,419,-0.021181827462104147,0.9,11,4.2299741602067185,46.5297157622739,0.1,11,3.1621447028423773,34.78359173126615,11.746124031007753,34.78359173126615,35.41602067183462,35.68604651162791,47.304263565891475,46.97739018087855
2,420,-0.08062221472276285,0.9,231,4.2299741602067185,977.1240310077519,0.1,12,3.1621447028423773,37.945736434108525,939.1782945736434,37.945736434108525,820.5135658914728,828.8333333333334,1043.8953488372094,995.0665374677002
2,421,-0.013232770539921529,0.9,11,4.2299741602067185,46.5297157622739,0.1,11,3.204780361757106,35.252583979328165,11.277131782945737,35.252583979328165,35.86369509043927,35.85658914728682,42.41537467700258,46.97739018087855
2,422,-0.031183225166210304,0.9,11,4.2299741602067185,46.5297157622739,0.1,11,3.1621447028423773,34.78359173126615,11.746124031007753,34.78359173126615,35.35917312661499,35.671834625322994,47.31847545219638,46.97739018087855
2,423,-0.09265597442076676,0.9,242,4.228682170542636,1023.341085271318,0.1,13,3.1621447028423773,41.1078811369509,982.233204134367,41.1078811369509,549.0116279069767,878.109819121447,695.3126614987079,888.2997416020671
2,424,0.13523405449777512,0.9,10,4.231266149870801,42.31266149870801,0.1,10,3.144702842377261,31.447028423772608,10.865633074935403,31.447028423772608,31.711886304909562,32.02196382428941,42.700258397932814,42.700258397932814
2,425,-0.06372267869627266,0.9,562,4.2299741602067185,2377.245478036176,0.1,44,3.1789405684754524,139.8733850129199,2237.372093023256,139.8733850129199,2268.9509043927646,2268.9509043927646,2363.1065891472867,2348.8695090439273
2,426,0.07341654731104594,0.9,10,4.231266149870801,42.31266149870801,0.1,10,3.147932816537468,31.479328165374678,10.833333333333332,31.479328165374678,31.98320413436693,32.19638242894057,42.700258397932814,42.700258397932814
2,427,-0.02080782767864789,0.9,11,4.2299741602067185,46.5297157622739,0.1,11,3.1621447028423773,34.78359173126615,11.746124031007753,34.78359173126615,35.41602067183462,35.68604651162791,47.304263565891475,46.97739018087855
2,428,-0.025491830652606517,0.9,11,4.2299741602067185,46.5297157622739,0.1,11,3.1621447028423773,34.78359173126615,11.746124031007753,34.78359173126615,35.41602067183462,35.68604651162791,42.41537467700258,46.97739018087855
2,429,0.02156348699573768,0.9,11,4.2299741602067185,46.5297157622739,0.1,11,3.147932816537468,34.627260981912144,11.902454780361758,34.627260981912144,35.202842377260986,35.50129198966408,46.97739018087855,46.97739018087855
2,430,0.1287229253469133,0.9,11,4.231266149870801,46.54392764857881,0.1,11,3.144702842377261,34.59173126614987,11.952196382428937,34.59173126614987,34.883074935400515,35.231266149870805,46.9702842377261,46.9702842377261
2,431,0.07286423570230913,0.9,10,4.231266149870801,42.31266149870801,0.1,11,3.147932816537468,34.627260981912144,7.685400516795866,34.627260981912144,35.18152454780362,35.41602067183462,42.700258397932814,42.700258397932814
2,432,0.006943634812668631,0.9,11,4.2299741602067185,46.5297157622739,0.1,11,3.147932816537468,34.627260981912144,11.902454780361758,34.627260981912144,35.202842377260986,35.46576227390181,46.97739018087855,46.97739018087855
2,433,-0.05086601435915196,0.9,37,4.2299741602067185,156.50904392764858,0.1,17,3.208010335917313,54.53617571059432,101.97286821705426,54.53617571059432,65.27131782945736,65.27131782945736,146.25710594315245,153.74418604651163
2,434,0.07445377301017539,0.9,11,4.231266149870801,46.54392764857881,0.1,11,3.147932816537468,34.627260981912144,11.916666666666664,34.627260981912144,35.18152454780362,35.41602067183462,46.9702842377261,46.9702842377261
2,435,-0.09946126976721895,0.9,237,4.238372093023256,1004.4941860465116,0.1,14,3.1621447028423773,44.270025839793284,960.2241602067182,44.270025839793284,427.0090439276486,695.4373385012921,637.7519379844961,837.0516795865633
2,436,-0.08587198672961392,0.9,216,4.2299741602067185,913.6744186046512,0.1,16,3.204780361757106,51.276485788113696,862.3979328165375,51.276485788113696,687.3856589147287,695.5,3702.248062015504,931.0064599483204
2,437,-0.009490560051730518,0.9,11,4.2299741602067185,46.5297157622739,0.1,11,3.204780361757106,35.252583979328165,11.277131782945737,35.252583979328165,35.86369509043927,35.85658914728682,42.41537467700258,46.97739018087855
2,438,-0.023052525734380047,0.9,11,4.2299741602067185,46.5297157622739,0.1,11,3.1621447028423773,34.78359173126615,11.746124031007753,34.78359173126615,35.41602067183462,35.68604651162791,47.304263565891475,46.97739018087855
2,439,-0.03338117056662912,0.9,11,4.2299741602067185,46.5297157622739,0.1,11,3.1621447028423773,34.78359173126615,11.746124031007753,34.78359173126615,35.35917312661499,35.671834625322994,47.31847545219638,46.97739018087855
2,440,0.14217228609081475,0.9,10,4.231266149870801,42.31266149870801,0.1,10,3.144702842377261,31.447028423772608,10.865633074935403,31.447028423772608,31.711886304909562,32.02196382428941,42.700258397932814,42.700258397932814
2,441,-0.0542301119439408,0.9,350,4.2299741602067185,1480.4909560723515,0.1,106,3.1621447028423773,335.187338501292,1145.3036175710595,335.187338501292,768.2583979328166,740.811369509044,1573.9418604651164,1447.7577519379845
2,442,-0.00038331485425013856,0.9,11,4.2299741602067185,46.5297157622739,0.1,11,3.147932816537468,34.627260981912144,11.902454780361758,34.627260981912144,35.202842377260986,35.46576227390181,47.68087855297158,46.97739018087855
2,443,-0.07410816493769505,0.9,273,4.2299741602067185,1154.7829457364342,0.1,17,3.208010335917313,54.53617571059432,1100.2467700258399,54.53617571059432,912.3372093023255,1005.7751937984497,979.1627906976744,1165.893410852713
2,444,-0.10014539798324193,0.9,234,4.238372093023256,991.7790697674419,0.1,16,3.204780361757106,51.276485788113696,940.5025839793282,51.276485788113696,429.51162790697674,698.1944444444445,465.5387596899225,832.781007751938
2,445,-0.0391367552977743,0.9,12,4.2299741602067185,50.75968992248062,0.1,11,3.1621447028423773,34.78359173126615,15.976098191214469,34.78359173126615,35.35917312661499,35.671834625322994,47.31847545219638,46.97739018087855
2,446,-0.1176961571773415,0.9,172,4.238372093023256,729.0,0.1,32,3.204780361757106,102.55297157622739,626.4470284237726,102.55297157622739,208.24806201550388,360.46317829457365,293.8236434108527,784.4961240310076
2,447,-0.06257004846914563,0.9,647,4.2299741602067185,2736.793281653747,0.1,40,3.205426356589147,128.2170542635659,2608.576227390181,128.2170542635659,2727.160206718346,2665.705426356589,2723.3624031007753,2699.064599483204
2,448,0.03253760105710515,0.7000000000000001,11,4.270671834625323,46.97739018087855,0.1,11,3.147932816537468,34.627260981912144,12.350129198966407,34.627260981912144,35.195736434108525,35.42312661498708,46.97739018087855,46.97739018087855
2,449,-0.06836727010121577,0.7000000000000001,366,4.270671834625323,1563.065891472868,0.1,19,3.204780361757106,60.890826873385016,1502.175064599483,60.890826873385016,1537.8837209302326,1542.75,1194.1408268733849,1563.065891472868
2,450,-0.117483879301647,0.7000000000000001,185,4.263565891472868,788.7596899224806,0.1,31,3.1621447028423773,98.02648578811369,690.7332041343668,98.02648578811369,205.4780361757106,358.9354005167959,250.3488372093023,788.7596899224806
2,451,-0.05798377463372063,0.7000000000000001,1528,4.270671834625323,6525.586563307493,0.1,406,3.204780361757106,1301.140826873385,5224.445736434108,1301.140826873385,7419.5536175710595,6887.724806201551,6090.118217054263,6525.586563307493
2,452,0.01868540004371705,0.7000000000000001,11,4.270671834625323,46.97739018087855,0.1,11,3.147932816537468,34.627260981912144,12.350129198966407,34.627260981912144,35.202842377260986,35.47286821705426,46.97739018087855,46.97739018087855
2,453,-0.04845768845783974,0.4,23,3.242894056847545,74.58656330749353,0.1,13,3.1621447028423773,41.1078811369509,33.47868217054263,41.1078811369509,51.43152454780362,74.58656330749353,90.33527131782945,93.9547803617571
2,454,0.18009865366339003,0.4,10,3.2151162790697674,32.151162790697676,0.1,10,3.144702842377261,31.447028423772608,0.7041343669250679,31.447028423772608,31.692506459948323,32.151162790697676,42.700258397932814,42.700258397932814
2,455,0.00841805329554221,0.9,11,4.2299741602067185,46.5297157622739,0.1,11,3.147932816537468,34.627260981912144,11.902454780361758,34.627260981912144,35.202842377260986,35.46576227390181,46.97739018087855,46.97739018087855
2,456,-0.1056336483824164,0.9,214,4.238372093023256,907.0116279069767,0.1,21,3.204780361757106,67.30038759689923,839.7112403100775,67.30038759689923,348.16472868217056,574.7926356589147,438.7532299741602,790.0742894056847
2,457,-0.05644253892256833,0.7000000000000001,2802,4.270671834625323,11966.422480620155,0.1,378,3.1621447028423773,1195.2906976744187,10771.131782945737,1195.2906976744187,12402.046511627907,7119.341085271318,13197.213824289407,11966.422480620155
2,458,-0.063016596076083,0.9,610,4.2299741602067185,2580.284237726098,0.1,37,3.208010335917313,118.69638242894058,2461.5878552971576,118.69638242894058,2638.0910852713178,2495.029715762274,2568.967054263566,2549.5910852713178
2,459,0.04279002203066798,0.7000000000000001,11,4.270671834625323,46.97739018087855,0.1,11,3.147932816537468,34.627260981912144,12.350129198966407,34.627260981912144,35.18863049095607,35.41602067183462,46.97739018087855,46.97739018087855
2,460,-0.04211901626768258,0.7000000000000001,13,4.270671834625323,55.518733850129195,0.1,11,3.1621447028423773,34.78359173126615,20.735142118863045,34.78359173126615,35.35917312661499,42.15762273901809,55.921834625322994,55.518733850129195
2,461,0.06451376221974059,0.7000000000000001,11,4.2700258397932815,46.9702842377261,0.1,11,3.147932816537468,34.627260981912144,12.343023255813954,34.627260981912144,35.24547803617571,35.41602067183462,46.9702842377261,46.9702842377261
2,462,-0.06067196689263933,0.7000000000000001,837,4.270671834625323,3574.552325581395,0.1,44,3.1621447028423773,139.1343669250646,3435.4179586563305,139.1343669250646,3612.4341085271317,3669.375322997416,4057.7021963824295,3574.552325581395
2,463,-0.11632609806142993,0.7000000000000001,190,4.263565891472868,810.0775193798448,0.1,62,3.202842377260982,198.5762273901809,611.501291989664,198.5762273901809,204.99418604651163,350.72093023255815,267.0387596899225,810.0775193798448
2,464,-0.003319045517643976,0.7000000000000001,11,4.270671834625323,46.97739018087855,0.1,11,3.147932816537468,34.627260981912144,12.350129198966407,34.627260981912144,35.202842377260986,35.46576227390181,47.68087855297158,46.97739018087855
2,465,0.07917766340654783,0.7000000000000001,10,4.2700258397932815,42.700258397932814,0.1,10,3.147932816537468,31.479328165374678,11.220930232558135,31.479328165374678,31.98320413436693,32.19638242894057,42.700258397932814,42.700258397932814
2,466,-0.09548097919258092,0.7000000000000001,203,4.270671834625323,866.9463824289405,0.1,17,3.204780361757106,54.481266149870805,812.4651162790697,54.481266149870805,507.50387596899225,815.1014211886305,591.4631782945737,866.9463824289405
2,467,0.027723614245746653,0.7000000000000001,11,4.270671834625323,46.97739018087855,0.1,11,3.147932816537468,34.627260981912144,12.350129198966407,34.627260981912144,35.195736434108525,35.42312661498708,46.97739018087855,46.97739018087855
2,468,0.018268410223264586,0.7000000000000001,10,4.270671834625323,42.706718346253226,0.1,11,3.147932816537468,34.627260981912144,8.079457364341081,34.627260981912144,35.202842377260986,35.47286821705426,42.706718346253226,42.706718346253226
2,469,-0.07097915695115938,0.7000000000000001,313,4.270671834625323,1336.720284237726,0.1,14,3.1621447028423773,44.270025839793284,1292.4502583979327,44.270025839793284,1158.169250645995,1237.0852713178294,1320.937984496124,1336.720284237726
2,470,-0.0004998250599665133,0.7000000000000001,11,4.270671834625323,46.97739018087855,0.1,11,3.147932816537468,34.627260981912144,12.350129198966407,34.627260981912144,35.202842377260986,35.46576227390181,47.68087855297158,46.97739018087855
2,471,0.01722847407628761,0.7000000000000001,11,4.270671834625323,46.97739018087855,0.1,11,3.147932816537468,34.627260981912144,12.350129198966407,34.627260981912144,35.202842377260986,35.47286821705426,46.97739018087855,46.97739018087855
2,472,-0.0480473291507931,0.7000000000000001,22,4.270671834625323,93.9547803617571,0.1,13,3.1621447028423773,41.1078811369509,52.8468992248062,41.1078811369509,51.43152454780362,74.58656330749353,90.33527131782945,93.9547803617571
2,473,0.13868296411648615,0.7000000000000001,10,4.2700258397932815,42.700258397932814,0.1,10,3.144702842377261,31.447028423772608,11.253229974160206,31.447028423772608,31.711886304909562,32.02196382428941,42.700258397932814,42.700258397932814
2,474,0.03716515758554839,0.7000000000000001,10,4.270671834625323,42.706718346253226,0.1,11,3.147932816537468,34.627260981912144,8.079457364341081,34.627260981912144,35.18863049095607,35.41602067183462,42.706718346253226,42.706718346253226
2,475,-0.06352330415311251,0.7000000000000001,563,4.270671834625323,2404.3882428940565,0.1,20,3.1621447028423773,63.24289405684755,2341.145348837209,63.24289405684755,2361.5038759689924,2456.317829457364,2423.149224806202,2404.3882428940565
2,476,0.07190539574356486,0.7000000000000001,10,4.2700258397932815,42.700258397932814,0.1,11,3.147932816537468,34.627260981912144,8.07299741602067,34.627260981912144,35.18152454780362,35.41602067183462,42.700258397932814,42.700258397932814
2,477,-0.043233316588091014,0.7000000000000001,14,4.270671834625323,59.78940568475452,0.4,11,3.25968992248062,35.85658914728682,23.9328165374677,38.457364341085274,35.86369509043927,35.85658914728682,61.49870801033592,59.78940568475452
2,478,-0.08385858734638002,0.7000000000000001,224,4.270671834625323,956.6304909560723,0.1,12,3.1621447028423773,37.945736434108525,918.6847545219638,37.945736434108525,733.1937984496124,740.9011627906976,770.9457364341085,956.6304909560723
2,479,-0.10277235590867284,0.7000000000000001,190,4.270671834625323,811.4276485788113,0.1,20,3.1621447028423773,63.24289405684755,748.1847545219637,63.24289405684755,375.63953488372096,618.5226098191215,525.5697674418604,811.4276485788113
2,480,0.03347195405684528,0.7000000000000001,10,4.270671834625323,42.706718346253226,0.1,10,3.147932816537468,31.479328165374678,11.227390180878547,31.479328165374678,31.98966408268734,32.202842377260986,42.706718346253226,42.706718346253226
2,481,-0.09006019014732533,0.7000000000000001,211,4.270671834625323,901.1117571059431,0.1,16,3.204780361757106,51.276485788113696,849.8352713178293,51.276485788113696,624.6201550387598,990.4618863049096,551.1627906976744,901.1117571059431
2,482,-0.011973601286336788,0.7000000000000001,11,4.270671834625323,46.97739018087855,0.1,11,3.204780361757106,35.252583979328165,11.724806201550386,35.252583979328165,35.86369509043927,35.85658914728682,42.41537467700258,46.97739018087855
2,483,-0.010506209334916583,0.7000000000000001,11,4.270671834625323,46.97739018087855,0.1,11,3.1621447028423773,34.78359173126615,12.193798449612402,34.78359173126615,35.35206718346253,35.65762273901809,47.39664082687339,46.97739018087855
2,484,-0.09229812341276201,0.7000000000000001,208,4.270671834625323,888.2997416020671,0.1,15,3.1621447028423773,47.43217054263566,840.8675710594315,47.43217054263566,555.4328165374677,887.7241602067184,703.6899224806201,888.2997416020671
2,485,-0.019087333760665015,0.7000000000000001,11,4.270671834625323,46.97739018087855,0.1,11,3.204780361757106,35.252583979328165,11.724806201550386,35.252583979328165,35.86369509043927,35.85658914728682,42.41537467700258,46.97739018087855
2,486,-0.05834404710455948,0.7000000000000001,1376,4.270671834625323,5876.444444444444,0.1,726,3.205426356589147,2327.139534883721,3549.3049095607234,2327.139534883721,6134.9321705426355,6036.077519379845,6566.334625322998,5876.444444444444
2,487,0.014353036717124124,0.9,11,4.2299741602067185,46.5297157622739,0.1,11,3.204134366925065,35.24547803617571,11.28423772609819,35.24547803617571,35.68604651162791,35.68604651162791,46.97739018087855,46.97739018087855
2,488,0.02504565881370341,0.7000000000000001,11,4.270671834625323,46.97739018087855,0.1,11,3.147932816537468,34.627260981912144,12.350129198966407,34.627260981912144,35.202842377260986,35.42312661498708,46.97739018087855,46.97739018087855
2,489,0.008112104713596108,0.7000000000000001,11,4.270671834625323,46.97739018087855,0.1,11,3.147932816537468,34.627260981912144,12.350129198966407,34.627260981912144,35.202842377260986,35.46576227390181,46.97739018087855,46.97739018087855
2,490,-0.13570324632534803,0.7000000000000001,161,4.238372093023256,682.3779069767442,0.25,40,3.20671834625323,128.2687338501292,554.1091731266149,31621.447028423772,128.2687338501292,227.5394056847545,325.15116279069764,682.3779069767442
2,491,-0.06921409212875611,0.7000000000000001,346,4.270671834625323,1477.6524547803617,0.1,14,3.1621447028423773,44.270025839793284,1433.3824289405684,44.270025839793284,1332.3785529715763,1404.6072351421187,1471.0445736434108,1477.6524547803617
2,492,-0.04874447141808788,0.7000000000000001,23,4.270671834625323,98.22545219638242,0.1,13,3.1621447028423773,41.1078811369509,57.11757105943152,41.1078811369509,54.645994832041346,77.84496124031008,94.63695090439276,98.22545219638242
2,493,-0.05115682599196922,0.7000000000000001,34,4.270671834625323,145.20284237726096,0.1,16,3.1621447028423773,50.594315245478036,94.60852713178292,50.594315245478036,77.14728682170542,123.25452196382429,141.95542635658913,145.20284237726096
2,494,-0.03480761990570376,0.7000000000000001,11,4.270671834625323,46.97739018087855,0.1,11,3.1621447028423773,34.78359173126615,12.193798449612402,34.78359173126615,35.35917312661499,35.671834625322994,47.31847545219638,46.97739018087855
2,495,0.03436450872158031,0.7000000000000001,11,4.270671834625323,46.97739018087855,0.1,11,3.147932816537468,34.627260981912144,12.350129198966407,34.627260981912144,35.18863049095607,35.42312661498708,46.97739018087855,46.97739018087855
2,496,-0.04338196116701486,0.7000000000000001,12,4.270671834625323,51.248062015503876,0.1,11,3.204780361757106,35.252583979328165,15.995478036175712,35.252583979328165,35.86369509043927,35.85658914728682,53.81136950904393,51.248062015503876
2,497,-0.03040437079203176,0.7000000000000001,11,4.270671834625323,46.97739018087855,0.1,11,3.1621447028423773,34.78359173126615,12.193798449612402,34.78359173126615,35.35917312661499,35.671834625322994,47.31847545219638,46.97739018087855
2,498,0.13620510697599472,0.7000000000000001,10,4.2700258397932815,42.700258397932814,0.1,10,3.144702842377261,31.447028423772608,11.253229974160206,31.447028423772608,31.711886304909562,32.02196382428941,42.700258397932814,42.700258397932814
2,499,-0.0233295761782798,0.7000000000000001,11,4.270671834625323,46.97739018087855,0.1,11,3.204780361757106,35.252583979328165,11.724806201550386,35.252583979328165,35.86369509043927,35.85658914728682,42.41537467700258,46.97739018087855
2,500,-0.0212011360620023,0.7000000000000001,10,4.270671834625323,42.706718346253226,0.1,11,3.1621447028423773,34.78359173126615,7.923126614987076,34.78359173126615,35.41602067183462,35.68604651162791,43.00387596899225,42.706718346253226
