i,wu,time_ms,strong_threshold,coarsen_type,interp_type,s1,s2,s3,c_diag
0,29.84092917560914,48.933292,0.5,10,0,0.5060091646347322,0.8421800651717898,0.5400775149806676,3.3226127534008993
1,29.60705718974877,16.661791,0.1,6,0,1.921296115112434,1.5930422827325992,1.7891909714659757,0.10942604682355916
2,20.150233556369145,15.336292,0.1,8,6,0.6499753881857991,0.5909231620457627,1.7134139594625457,4.771610293908322
3,31.156419643984346,14.794709,0.1,10,8,1.2069179527609228,1.4102207411103829,0.9314577752086217,0.089059164580092
4,23.80949375078904,16.866583,0.1,8,0,1.8961904263944047,0.6984621888806102,0.616928893648844,3.338711130143606
5,28.96004292387325,15.244916,0.4,10,0,1.8372596775176286,1.5456198934797623,1.4165166435828274,2.009322673453777
6,26.066311071834363,12.768709,0.1,10,0,0.7361725196693898,0.7041591638423325,1.6599002305315695,1.3011046114293774
7,31.3634010857215,17.33825,0.5,8,6,1.5239813133739466,1.4488650713838376,1.1138349650574586,1.430107451712772
8,26.382748390354752,20.347333,0.4,6,0,1.659525667049118,1.7254495918616108,0.6111265357416558,2.674996348797571
9,26.064038631485925,49.599833,0.4,10,0,1.639398527796664,1.661589416573845,1.3852411630319543,2.5001276241189645
10,27.920622396162102,20.462333,0.5,8,0,1.464453955697702,1.8821035138915938,1.986965740467803,2.282901832316067
11,23.795480368640323,30.185417,0.1,8,0,1.3503804047221415,1.6750833924660316,1.9346299152025075,3.2351686707944403
12,27.952436561040273,52.001334,0.1,6,6,1.7151003138840248,1.722420285435501,1.353534227354324,4.754106347583668
13,27.59165509405378,34.981917,0.1,8,8,1.7580536519361807,1.1538777153285906,1.9620278514612486,4.353577580146267
14,29.834364347935868,20.824541,0.7,10,6,0.5931044031395477,0.6234551202094731,1.9956904426174817,4.722462861379439
15,35.82104532256028,25.724583,0.5,6,8,1.9484525799541599,1.1180279112237173,1.2264153390415256,4.880123056076057
16,28.95398308294407,35.529791,0.4,8,8,1.2779142841770017,1.695185163056732,1.1057159670340602,2.0687427245472434
17,26.370534023481884,86.142417,0.4,6,0,1.556458718080925,1.0631624331444516,0.8820954412688949,4.6617312864557245
18,41.829945713925014,91.614416,0.4,8,0,1.41986188319428,0.5231398809042128,1.3523997765090745,0.3919991599313494
19,35.82047721247317,18.876875,0.5,10,0,1.0595156840946323,1.8057632954130363,0.8487389375722645,3.1490759301601563
20,41.310124984219165,17.101041,0.5,6,8,1.958617835917644,1.6490186252934111,1.1410760841505356,2.191240110239781
21,25.950132559020325,23.259166,0.4,10,0,0.76119867249247,0.7035832667624327,1.678416326333432,2.6720621058396716
22,41.495391995960105,41.307333,0.7,10,6,1.2969484888320435,0.5744298770391421,0.9045294417067063,1.2566545984124955
23,31.315490468375206,17.553542,0.7,8,8,1.3910928100011515,0.7036334674178463,1.9521838867094572,1.8218347159291282
24,35.82104532256028,14.108041,0.7,6,0,1.2452856054859003,0.8746317476854435,1.3827090687247992,3.076888039557233
25,31.103364474182552,22.889625,0.5,8,6,1.5252750430254387,1.05572413054059,1.294140753615709,2.0297803381900725
26,28.272566595126875,73.47175,0.25,6,6,1.1646004455915242,1.6309112545930518,1.672839899352748,2.109904987118496
27,37.170590834490596,22.243833,0.7,10,6,0.8477722584151131,1.7715759114920178,1.642094061471187,1.2083288963201606
28,31.470931700542863,172.520084,0.4,8,0,1.9039956112606928,1.7180758565744534,1.1676050092763726,2.3850772669214915
29,22.584932458022976,42.048792,0.25,8,6,0.7190253924762515,1.7924073755180219,0.8914221548463577,3.161757286983629
30,51.43062744602955,85.178333,0.7,8,0,1.892198529067466,0.5758066599187918,0.5141025215629662,0.4279345186806449
31,36.41178512814039,29.109541,0.7,8,0,0.8844571144208961,0.8868013217193569,1.1924450820345363,0.4778253589022413
32,31.600176745360432,30.717541,0.25,6,6,1.4845867889395443,1.5606117468516696,1.885484923110781,0.9385596315147338
33,35.81934099229895,37.788417,0.7,6,0,1.4453143827794408,1.2235529008095654,0.7423297060058067,4.424730273746213
34,37.01918949627572,36.787667,0.7,10,6,1.1654664325536064,0.9302965890628594,1.1024365411809744,2.2850363157689104
35,35.805706350208304,24.258458,0.5,10,8,0.5988747258546576,0.6962433412126554,0.774807321827152,1.8982841458041406
36,23.534528468627695,20.141542,0.5,8,0,1.4486735376805804,1.03631461474946,0.9129388389230866,3.573445067954048
37,32.91071203130918,26.555209,0.1,8,6,1.504705547024193,1.148830005066327,1.1712636762944597,0.06133953459698693
38,31.674662290114885,23.93025,0.4,6,6,1.2395224318491547,0.7705209545382165,0.8553689699609661,2.069774221838286
39,26.022282540083324,34.027625,0.4,8,8,1.2422170818144966,0.5775399348424486,1.962900435039709,3.0062561892381985
40,27.905851533897234,15.765125,0.7,8,0,1.7747459299056725,1.6082546896610082,1.7045602267459499,2.1527135111342997
41,28.197197323570258,18.427542,0.5,8,6,0.9900379217600415,1.9813026543557575,1.772077150820151,2.9801598416186534
42,35.805706350208304,12.704375,0.5,10,8,1.2601390285472716,1.7257601149435788,0.7008253286372604,4.550814835786446
43,25.12877161974498,15.038583,0.25,8,6,0.5383626446528471,0.685644613991389,1.1526637427515882,1.4227820117880563
44,28.081113495770737,13.088458,0.1,6,8,0.9483631989270194,0.5930003729063182,1.9212488147551976,3.9587480929258896
45,30.808610023986873,16.919042,0.1,10,8,1.8281580709032914,0.6167910003517985,1.1151708766648698,1.3592379050410734
46,22.655472793839163,10.353417,0.25,6,0,0.5991873194362745,1.2363426422118968,1.6862523220382037,3.0302248311788684
47,32.35500568110087,37.882375,0.4,8,8,1.300911307951214,1.8167450606550037,1.7050374006957978,1.0568605135223796
48,25.955813659891426,24.27475,0.4,10,0,1.0891082860815136,0.6127237814283185,1.5823078299608748,3.2695310580796138
49,26.35080797879056,49.080542,0.25,8,0,1.328668931762372,0.5314611118459531,1.754647632704811,2.703624440747492
50,41.622269915414726,22.405333,0.5,6,6,1.9526643738373064,1.598615071570117,1.9626811904439407,1.8167457239600764
51,27.26660143921222,26.606667,0.4,8,0,1.3179603681827134,1.0695298067890886,1.1033291681739246,1.7412262788237332
52,26.648055801035223,40.676666,0.1,10,6,0.9332990969217572,1.6403698175359251,1.9785935116372642,4.077117933630945
53,24.839666708748894,95.5245,0.1,8,6,1.7261924963776916,1.0737958537617058,1.001682402714237,3.9468283035896983
54,35.82047721247317,32.858208,0.5,6,6,1.5913341970416377,0.5089129981857454,1.2251468145732076,4.21265355170963
55,29.665761898750155,77.124167,0.4,6,0,1.13398349177351,1.961462746568904,1.6107141960501052,1.0543607852667631
56,27.881422800151498,18.919458,0.1,6,8,0.9785769580250036,1.0893109588778547,0.5505883003568468,2.3671599266475174
57,31.25394520893827,25.553834,0.4,10,6,1.9872517240310155,1.7780631043809718,0.5567418377410563,0.9347935505726318
58,22.43428859992425,16.6925,0.4,6,0,0.558941260026713,1.494143915411008,1.6571066864607156,2.6171685554475994
59,35.82047721247317,46.479125,0.5,6,6,1.7158870197695917,1.828442398525467,1.6892558875223203,4.883537117636749
60,28.87274334048731,36.950167,0.4,8,8,1.3432447273250556,0.7533483244717107,1.1510173896014888,2.5382681341974997
61,41.13243277363969,28.452417,0.5,6,0,1.7878970515689925,1.105045497406563,1.5792206697201154,3.66021298714732
62,22.928639060724656,73.936459,0.4,8,6,0.5230675871284196,0.6562631450417256,1.3066332340269653,1.993465249852921
63,30.91371039010226,21.05625,0.1,10,8,1.1262819259464958,1.4330400878352614,1.1031201051357222,1.7446853574454468
64,30.83165004418634,22.052084,0.1,10,6,1.9920506500520079,1.842794899804411,1.7243631873091994,3.359641563252649
65,25.955813659891426,28.383208,0.4,10,0,1.6747583325137734,0.8159123435857651,0.6499463525168466,4.927607934977035
66,29.313218028026764,19.018667,0.1,6,0,1.541489642208474,0.6879315828728556,1.3762672088862393,2.4921431947187496
67,35.805706350208304,33.957208,0.5,10,6,0.71336232219436,1.1884175835652195,0.5348250251178519,2.4678968145136517
68,24.849766443630855,81.000625,0.1,8,6,1.6773956009876196,1.7820741775597446,1.7509107760525846,3.483197747119959
69,31.697386693599295,31.107542,0.1,6,6,1.2688947449262633,1.774391342647244,0.9526209826398254,0.7585133393034443
70,18.072718091150108,9.472375,0.25,8,0,0.8193683011235621,1.2080324994147351,0.9517517218698223,3.7120263350476215
71,31.721689180659006,30.9845,0.4,6,8,1.0932073718202657,0.700202358974251,0.6045338041200619,1.0257947207193334
72,25.95098472415099,14.823916,0.1,10,0,1.0615190342557446,0.9444759720231717,0.6027428353235649,3.369504120538151
73,35.82047721247317,38.297875,0.7,10,0,1.0776248647104654,0.5678492848215287,0.5630411977743859,2.8984887833899373
74,27.565269536674663,14.237541,0.4,10,8,1.529811781137352,0.5102688884538252,1.7611593416936226,4.51115796860621
75,41.13243277363969,21.244542,0.5,6,8,1.7339941947197555,0.7084043667404969,0.8956442101574622,3.4940150831806296
76,25.74712788789294,16.281666,0.5,8,0,1.181508053511001,0.8514302360286358,0.5485767852603602,2.4883376673654163
77,27.365294786011866,42.030333,0.1,8,6,1.4034258878062493,0.6166597141057912,0.6980224661126427,2.513674718049544
78,31.827294533518494,19.770042,0.5,6,6,0.9032300308477454,1.6291816173645826,1.8523878929543018,3.8219585109944445
79,27.791282666330005,13.922666,0.1,8,6,1.1685171958816851,1.6211239106624464,1.883189094619992,1.1752700978776849
80,26.37081807852544,13.415917,0.4,6,0,1.7265293640778765,0.8277291365809488,1.112261997089382,4.823386036407186
81,25.1865926019442,19.180792,0.4,8,0,1.1354958944907976,1.0517335764865101,1.161278420897016,2.706130142468244
82,31.590392627193538,17.097708,0.4,6,6,1.1766380795717768,1.271926751192657,1.4209330261896507,0.6476318039283985
83,37.17911248579725,19.064333,0.5,6,8,0.6261755836550418,1.036495287007215,1.267122006663747,0.6973024011440698
84,28.122017422042674,12.453917,0.25,6,6,1.5889893208801806,1.360085319418288,0.7597886266680738,3.663378095139917
85,41.30065648276733,21.160083,0.7,6,0,1.282597753907836,1.0405478591681263,1.7081176770355528,1.717240813571782
86,31.08426966292135,26.13475,0.7,8,8,0.8152445641379634,1.0553871190576443,1.6292000450423332,1.6582362598709062
87,28.226833733114503,21.045292,0.1,6,6,0.8729069999173263,0.5356387289297899,0.8141499169668192,2.4709082414903154
88,41.310124984219165,49.2475,0.5,10,0,1.5523473660352787,1.7942595622778268,1.085803114560425,1.6745405311566959
89,35.805706350208304,18.528458,0.7,10,8,1.1630860940846743,0.8242787085828626,1.2508444696251804,3.676220170191265
90,20.93170054286075,12.276375,0.4,8,0,1.248661312576955,1.5950783104340238,0.5883998343256891,4.2576416662617484
91,36.71809115010731,20.805209,0.5,10,0,1.760386831520083,1.7094636394194518,1.5039191853391198,4.025698029604461
92,37.170590834490596,53.103417,0.5,10,8,1.6915486154794384,1.1889405274265572,0.7231120154858548,2.5622599175528267
93,27.69423052644868,23.229833,0.4,10,6,1.7785325699507273,1.8457349046647076,1.9830629120437708,3.324454126908709
94,31.720300467112736,48.390625,0.7,8,6,1.613267725323324,0.9457588650629676,0.7730282038432084,1.5238723707769808
95,42.12283802550183,31.013791,0.5,10,0,0.7638311700994581,1.5039944364651754,1.3224842881859056,0.1719297381674051
96,23.534149728569624,15.9385,0.4,10,6,0.6740303209973013,1.5726946940093276,1.2701700612945028,4.01282091591767
97,23.651874763287463,15.029542,0.7,8,0,0.9754965958895152,1.6110748737107117,0.6056902031319592,2.916330654747479
98,25.950132559020325,10.898958,0.25,10,0,0.87823677288953,1.1854275395763996,0.8514227355194028,3.0489345843638267
99,42.260446913268524,18.739542,0.7,6,6,1.8937295425366356,1.612748153062411,1.1800030612696728,0.16563609083889874
100,35.82104532256028,20.385542,0.7,6,6,1.1373641123398872,1.3198118248579633,1.264504611592143,2.8286905678196455
101,26.319625047342505,10.100291,0.25,8,0,1.7805486521520486,1.7792298923617407,0.5437475690877585,2.498752434079851
102,28.00839540462063,60.51325,0.25,6,8,0.7753110012805698,1.7037716043832294,1.0407690765261453,0.9800613188615143
103,31.669612422673904,23.253834,0.4,6,8,1.2515414315294142,0.5099246561482913,1.4904443001659655,0.884308138284835
104,26.367977528089888,21.571833,0.25,6,0,1.0803521143455428,0.5618788742122633,0.8682452898071187,2.44922400016893
105,35.82104532256028,19.727375,0.5,6,0,1.9322454687900192,0.8669170540025993,1.5041507605434796,4.720701704831129
106,41.30065648276733,16.482416,0.7,10,8,1.3692954144677665,0.8467457584946618,1.077763996942969,1.924515003994229
107,35.805706350208304,64.731291,0.5,10,6,0.7006248841054448,0.5734986000830012,1.9897856673570116,2.3397907495106103
108,37.170590834490596,20.304875,0.7,6,6,0.8536601374011714,1.477851313660339,0.9146266344635317,1.349045414280647
109,28.174851660143922,18.879125,0.1,6,8,1.1682434587519284,1.5017283548115952,1.550062828480061,2.0566697470773403
110,28.50871102133569,18.62175,0.7,8,6,1.612320225953957,1.5608341335459588,0.9486372454678287,2.9379886921070737
111,42.02404999368767,25.203625,0.5,10,8,1.2912480858896007,0.6361551965416579,1.1627185975393777,0.5077538267593029
112,28.064164878171947,83.575958,0.1,8,8,0.9617162392649563,0.9885812493858765,1.9419467475160401,1.4784943101397525
113,31.827294533518494,167.812375,0.5,10,0,0.5497691840413561,1.355497130019172,1.2074158824807153,2.3006054842450823
114,41.824895846484026,2203.077875,0.4,8,0,1.716363651891655,1.6223154584991843,1.4633705866555666,0.49072313319662886
115,29.834364347935868,91.775959,0.5,6,6,0.5700105646563204,0.8726155386192751,1.3624600236954714,4.441294800729257
116,31.643731852038886,78.892333,0.4,6,8,1.7325030094706833,1.7050104847283507,0.6963776363369722,0.10005879812943097
117,37.01918949627572,91.438208,0.7,10,8,1.4641106448510413,0.5601469708725761,0.9277435951288451,2.8837156235286616
118,35.805706350208304,22.180833,0.7,10,8,1.375793781777581,0.7780758788529014,0.9623940484224499,4.497258638205
119,17.963388461052897,79.845292,0.1,10,8,0.5980974447082725,1.6741474320982386,0.680436591276388,4.455408867685731
120,25.10289104910996,27.75325,0.25,8,6,1.0057600152383268,0.6659946333223092,0.6779764484395322,3.337230718576913
121,27.87659386441106,90.026708,0.25,10,6,0.6185173952222707,1.4004321253159637,1.0566229558613012,1.3861075559353924
122,25.118356268147963,127.9075,0.25,8,6,0.8312437697482382,0.6982656560657146,1.3167118960573987,2.170823756588117
123,41.310124984219165,33.734375,0.7,6,0,1.6805294801392188,1.2960579577331042,1.19449617301358,1.9037377198089915
124,73.2227622774902,98.987,0.5,8,0,1.4915111171311455,0.6368724138402762,1.5645202464337538,0.07152804460170081
125,32.8278310819341,51.154583,0.1,8,6,1.322880115031879,1.1333860817967047,0.8799087202442202,0.15092959685702234
126,30.274207802045197,375.659916,0.1,8,6,0.8950536261072386,1.2328235823026426,1.3261755334869163,0.16529916212456364
127,29.123847998990023,115.932041,0.25,10,0,1.2589182181425511,1.7053018524318992,0.6949539484448846,0.3962425218513699
128,29.84092917560914,101.161333,0.5,10,8,0.7370983730786038,0.8667605087669972,1.2971961845873905,4.717175158145851
129,28.022503471783864,58.646333,0.1,8,8,1.829006901838959,1.239696799794929,1.2979720465617843,3.3658737578503843
130,26.0654589067037,12.180291,0.25,10,0,1.0475148766686202,1.914700397139388,0.6144168812546373,2.198589022342905
131,34.049867440979675,50.607958,0.5,8,8,1.573452420461828,1.192786286423916,1.3021101119372533,0.5558573006844164
132,23.68236333796238,32.489666,0.4,6,8,0.7856018773027438,1.1900078945349546,1.4768442324104454,4.798938376096602
133,28.199564448933216,49.894208,0.25,8,8,1.9214048490876687,1.2727621385336607,1.609424716111294,4.23617935117805
134,35.82047721247317,28.751625,0.5,6,6,1.7105548780143636,1.1532901632288048,1.3258874605887339,4.442994464508679
135,27.824769599798003,37.500417,0.7,8,8,0.9881548244081881,1.3358241413244598,1.620619593375743,4.025813956005574
136,27.644520893826538,49.822959,0.25,10,8,1.208630169378511,1.695555999084704,0.5895476357581242,2.109418523239703
137,26.105068804443885,20.894833,0.5,6,6,0.5100067267644681,0.8956624576987786,1.0526569539677313,4.873530609457713
138,29.84092917560914,34.70175,0.5,6,8,0.702561529543932,0.9625611594807042,0.7714913547391458,4.661088713934554
139,21.251104658502715,15.201208,0.5,8,0,0.7097759937552883,0.9254331520050323,1.7718297438001251,2.6973301787507435
140,27.907555864158564,19.982667,0.1,6,8,1.0561363774058914,1.9885688535253183,1.6267405989264112,1.1726504624444967
141,25.095000631233432,71.6145,0.25,8,6,0.8544943341022663,1.1170450611311473,1.8907287849708605,3.255571903582193
142,27.455908344905946,25.27625,0.1,10,6,1.6377695042664526,1.0236141605948965,0.7560093028872307,3.6579353495884126
143,35.82047721247317,59.185458,0.5,6,6,1.5188019520437017,1.6071849870315957,0.7670838353290411,4.638909049014352
144,25.2561860876152,13.585542,0.1,10,0,1.0876249823329325,1.026091952147243,1.70922084195301,4.578583412992896
145,35.82104532256028,61.652542,0.7,6,6,0.6740964959076562,1.9492905635798623,1.0988090831344182,1.8136629535896915
146,30.908597399318268,27.19575,0.25,8,8,0.9431630582846621,1.4928017618395932,1.342969505589728,0.2197916097228919
147,37.01918949627572,18.854333,0.5,6,0,1.2036724247569033,1.7547009453631792,1.0376166405269767,2.4110154521072378
148,37.01918949627572,21.359,0.5,10,8,1.244238556506556,1.1767204255875736,1.220693308452951,2.5044732890526644
149,25.72055296048479,43.86775,0.4,8,8,1.4666327049009742,0.5571577471865858,1.7494810545950288,4.731047805771892
150,30.94874384547406,15.564041,0.25,10,8,0.6218457300194418,1.046996980274059,1.6811369610796416,0.05359361212177671
151,29.50637545764424,16.641166,0.1,6,0,0.8818621181741966,1.2788488117199355,0.8755732489917989,0.4198789289506999
152,29.314164878171947,17.703333,0.4,6,0,1.9240491984686838,0.7740448330072955,1.2912420066594055,3.766933950936731
153,29.408092412574167,31.169792,0.4,8,6,0.5601532127503879,1.9162118392618184,1.0424872748489538,0.32583635359580865
154,28.340487312208055,31.6075,0.7,8,8,1.6907009797619967,1.4417010703843758,1.3426710055285809,3.1077130946238536
155,26.447796995328872,19.809708,0.25,6,0,1.4590176778534336,0.6886097133728764,1.8084385024650635,2.5230294188741724
156,28.139123847998988,14.026,0.7,8,8,1.3378324041982237,0.7272010712513948,1.0617727639470356,3.3419450224424985
157,25.489458401716956,15.829209,0.4,6,6,0.8686705833499475,1.8725845978328253,1.686435724962887,3.0590481713088535
158,26.0654589067037,16.976958,0.1,10,0,0.8221123894929754,1.3663324921316162,1.386728388459427,1.6829859723171858
159,35.82104532256028,16.528875,0.5,10,0,1.748062869234784,1.64673528577899,1.0588415767192028,4.227215339400922
160,42.11147582375963,74.308625,0.5,10,6,1.515753240147092,1.6343677439046216,1.2487598736526304,0.37980160973716093
161,25.868324706476457,15.138708,0.7,8,0,1.8557274580391234,1.3910897032773417,0.8493170303868756,3.051764138298732
162,41.78702184067668,33.002709,0.7,10,0,1.116572408588484,1.5626462063268054,0.7103792115654354,0.8950456504220089
163,20.15118040651433,296.928667,0.25,8,0,1.053604340792095,0.7205617191952278,1.1371046326981766,4.669324901787928
164,26.34866178512814,12.496291,0.4,6,0,1.3456572996093712,1.1809076386799424,1.6436245337023139,4.544428962616097
165,23.60986617851281,21.194417,0.7,8,0,1.4552477118939593,1.0446785304223907,1.3967108861444488,4.0884236659310655
166,35.82104532256028,37.123917,0.7,6,8,1.7015893316516177,0.5710157922699303,1.6100578269287225,4.27330529534033
167,35.82047721247317,22.458625,0.7,6,6,1.1851301878073288,1.8798828459423624,1.827821906079374,3.3308392718995266
168,31.205024618103778,15.82175,0.25,6,6,1.2127693402786697,0.5434134230797816,1.0126431460310354,2.5575508763325088
169,36.12725665951269,23.315125,0.5,6,8,1.2769431556982889,1.9560192197920663,1.9758059611620247,3.1061175798706504
170,35.82104532256028,30.823833,0.5,6,0,1.9311190766747126,1.0085665560023438,0.7036242687925096,4.504594939073397
171,21.333796237848755,14.707583,0.7,8,0,1.3395223060922397,0.9267264271911162,1.0880664817075807,4.927065504546199
172,28.065585153389723,17.302375,0.7,8,6,0.9354470936068029,0.9315838745086089,1.8796772691665433,3.051609653359507
173,35.805706350208304,14.046125,0.5,10,0,1.1418114245792208,0.7270280362495383,1.2710033618678855,4.609623882176062
174,30.648592349450826,16.419,0.25,10,8,0.7953597115024242,0.7567557655135246,0.642631457000377,1.1242002489842955
175,35.82047721247317,15.180416,0.5,10,8,1.4956380130668894,1.6270051811958155,1.7731272057643053,4.315004698671395
176,27.665540967049616,18.175625,0.4,10,8,0.8007423159094518,1.2627575335215986,1.4774654618716148,1.8937323706591385
177,34.35784623153642,19.008166,0.4,8,6,1.5624450899831683,1.903363865348325,1.7480985672981157,0.1773890307927145
178,37.01918949627572,14.82025,0.5,10,8,1.6813674075004765,1.6095409720164733,1.0466312985235025,3.357742574658249
179,25.271051634894587,21.149333,0.4,8,0,1.5278109341643988,1.9664165659701944,1.0039221368992888,3.074000551676174
180,35.805706350208304,15.467875,0.5,6,8,1.4479802020358712,1.586884105959271,0.9499195287847375,4.773198537528923
181,18.760983461684134,10.20525,0.4,8,0,0.9200271402318427,0.7782369943917993,1.6625412526852612,4.394979619267311
182,29.75861633632117,15.176334,0.4,8,0,0.6439506479884871,1.9915368168322714,1.2621178072741164,0.6095453881397922
183,36.992488322181536,14.215042,0.7,10,6,0.9349680932075409,1.9288116602276038,0.8386000295082177,2.10532841051017
184,30.8010352228254,20.002167,0.4,10,8,1.1459134710421817,1.2969179190955096,0.9206433276006092,1.040212004317123
185,27.90130665320035,18.919584,0.25,10,6,1.8144044696899124,1.1843754419894719,1.6595924831278304,3.289023025183738
186,28.350587047090016,16.39125,0.25,8,6,0.8030166342832747,1.2559316723521348,1.5667253532447019,0.7136423629427074
187,36.71809115010731,22.389542,0.7,6,6,1.5989256208403364,1.8606593381123466,0.5480775240503336,3.69744462479948
188,29.79453351849514,20.611375,0.1,8,0,1.14659607838401,1.5562192507191757,1.8654657581319998,1.1061018058408711
189,27.788505239237466,16.499708,0.7,8,0,1.0235182554571016,1.889525136896185,1.6585943324153956,1.5285492241378535
190,27.65985986617851,13.793,0.25,10,8,1.849103135146727,1.8463799742334284,1.3507260629858004,2.6874388734697963
191,23.806463830324454,21.219542,0.1,8,0,1.8788917769543558,1.4354648385143856,0.5932129468194756,3.3323518524910067
192,28.26726423431385,17.434792,0.25,8,8,1.6999650153419696,0.7475231366783839,0.9171508069507108,3.2883326492948854
193,36.84932458022977,21.012,0.5,10,0,1.1841216475086898,1.767002328006989,1.0761163812040995,2.744177368452875
194,25.10036611538947,22.911041,0.25,8,6,0.7283780553847934,1.1506453545313093,1.5645083084576872,2.2765348465538477
195,41.30065648276733,45.888583,0.5,6,6,1.4520080034246992,1.4533722983844313,0.6445133906256901,2.188772339840358
196,26.67674536043429,19.361042,0.25,6,6,0.9266982901963883,1.0114018892392003,1.3476073402987678,3.9914442247334456
197,31.064890796616588,14.036958,0.25,10,6,1.3433212937510928,1.2506544286300592,1.8726273252729821,0.8012307066392943
198,25.487406893069057,13.776834,0.25,6,0,1.115031665174884,0.5048558704777121,0.6994563787947015,4.472953261960467
199,25.2561860876152,13.771958,0.1,10,0,1.0175882924645645,1.0641584407196674,1.7793730360108233,4.10776787805947
200,29.00883726802171,16.689625,0.4,8,6,0.6269322080039601,0.7713715622187711,1.0208497383605357,1.0521236449081734
201,41.78702184067668,22.835708,0.7,10,6,1.663288532762193,1.2828293464482512,1.6119454721983608,1.2986794790274503
202,27.8871039010226,23.648458,0.25,6,8,1.1486694523794072,0.950430940401642,1.2491616215028754,4.336402592159282
203,30.49299330892564,46.185459,0.1,10,6,1.6926614656887016,1.1193704488032008,1.6820162408835972,1.4960047946933952
204,41.30065648276733,16.8565,0.5,10,6,1.9888341548431812,0.8775648928591786,0.9778317134616761,2.7550011024836256
205,23.794722888524177,13.938583,0.1,8,0,1.4665192464213728,1.8689921058231427,1.9986319417247058,2.806337574250621
206,42.205529604847875,22.772083,0.7,10,6,1.9475823304670408,1.9385808937051356,0.5639549388835974,0.19195619483437731
207,31.499810629970963,19.158625,0.4,6,8,1.8480696852939957,1.6407579403603942,0.9176524602649136,1.2680297089890191
208,31.59752556495392,21.740792,0.4,8,6,1.7388232241211772,0.7926389517069934,1.3247425580617136,1.3014602287740518
209,35.82104532256028,14.202959,0.5,10,6,1.1738221600338958,0.6905513865878246,0.8440024051675228,2.875396189266276
210,26.053528594874383,16.101542,0.25,10,0,1.9878965096161463,1.9642707801821577,1.5436609178632619,4.316650723667565
211,28.007227622774902,17.703709,0.1,8,8,1.176053181260675,0.6132265621154996,0.9810609726489941,2.002654775137729
212,21.385872995833857,9.9555,0.7,8,0,1.0099702350263673,1.6452049929866002,1.9824253675940715,4.226186301554284
213,35.805706350208304,18.9585,0.7,6,6,0.952527933321935,1.0698360613333715,1.0009998762699996,3.540764151565643
214,27.914941295290998,16.29825,0.25,6,8,0.6135305085351503,1.4414119863723103,0.5516283165231902,2.200028171417846
215,28.05062492109582,18.845958,0.1,8,8,0.8851165705367361,1.3904666865372564,0.7074696090925385,1.2762609952024468
216,35.82047721247317,14.8265,0.7,10,0,0.580588395367639,1.9943083243246262,0.7632679965264654,1.9798497073262085
217,31.353680090897615,16.991,0.25,6,6,1.447143624271236,1.2826590176124846,1.3701375834724858,0.6237569947743993
218,27.41756091402601,20.04625,0.1,10,8,0.9055753096484517,1.1342441014786122,0.5334677184347251,3.0521431185744534
219,26.369271556621637,14.628458,0.25,8,0,1.076128229821395,1.0556535643114047,0.9092130960960649,2.024326502042876
220,28.889060724655977,15.753292,0.4,8,6,1.808303199687095,1.2441988879661268,1.5746719770687503,1.5999767964640266
221,12.910996086352734,27.718917,0.1,10,0,0.5974686043441998,1.9741483911582631,1.2405855768923737,2.124576967863187
222,29.728569625047342,13.30375,0.4,6,0,1.0562791976064632,1.0765191792032742,0.7851330107936532,0.10915086407575714
223,22.54658502714304,13.22725,0.1,8,8,0.5786938210655812,1.4269142243580282,1.3286638862051428,3.5070124740313604
224,26.056369145309933,11.882291,0.1,10,0,1.9796957293140676,1.789646384371769,1.875385108002349,4.39200373334173
225,27.538000252493372,17.136791,0.1,10,8,0.8415686118990136,0.5704851748837105,1.2281714113950621,2.4368593903450675
226,23.47102638555738,12.291916,0.1,10,8,0.7364963336036152,1.7094163146263641,1.998994918724677,4.225778417161866
227,20.228001514960233,32.579208,0.25,8,6,0.584602952492694,0.8098901714232865,1.131108090879852,4.590717563845252
228,21.320540335816183,15.023,0.7,8,8,0.508448847340143,0.8038521861160893,0.568214582878409,4.350370420639359
229,31.766475192526194,22.149834,0.7,8,6,1.6901129485480788,1.1410474882748263,1.532642711714146,1.5122781004859114
230,42.20016412069184,24.893542,0.5,10,6,1.104460154153109,1.227725078079481,1.1722238203338076,0.06032400346425659
231,27.801887387956064,18.863542,0.25,10,6,0.8681590791297247,1.4675601896325499,1.298837960550318,1.8323414950749062
232,23.863653579093548,13.217042,0.25,6,6,0.6724279170023357,1.419096234591851,1.448462308319592,3.368801123978345
233,35.7969006438581,18.029791,0.7,10,0,0.7773674327730062,0.9208108231800122,0.9021232850432259,3.3519183614044175
234,27.756154525943693,14.372167,0.4,10,8,1.225637286058867,1.203099423692197,0.5160605608255683,3.566411676860616
235,42.15850271430375,22.472583,0.7,6,8,1.1814291329423865,1.3546552167422687,1.2118645118671412,0.23464434048252159
236,26.964714051256156,30.315667,0.4,8,6,0.5606798647600796,1.6594945233099396,1.0203056390404788,1.5315819599512999
237,35.805706350208304,19.796375,0.7,6,0,0.9051223010532764,1.9878358673499634,0.5807137147648636,3.1389037555641304
238,104.50157808357531,43.076292,0.7,8,0,0.9601937758580033,1.7403587140732317,1.020409344215963,0.04335426796514219
239,27.668854942557758,21.002708,0.5,8,8,0.6180178247030501,0.7513308084587016,1.3667013091236122,1.7745664747092016
240,26.674472920085847,18.389416,0.1,6,6,1.1372567065862829,1.2547263686856056,0.7096461150911237,4.49423174946605
241,33.57956697386693,12.6735,0.7,10,8,0.8996849189360077,0.5067899970422833,1.0998780593193185,4.383961318073398
242,30.871102133568993,19.169875,0.25,8,6,1.820171886528158,1.442613646714712,0.5565981567654821,0.8950567045500002
243,24.249968438328494,13.54125,0.25,8,0,1.952179536391237,0.93114613046712,1.5133319231879134,3.967903731835851
244,28.857467491478346,15.98525,0.4,8,6,1.129676170333803,1.0655758570167626,1.9041028881386695,1.723470266939413
245,30.85936119176872,17.756292,0.25,8,8,1.3172256615463853,1.07842803919755,1.4588912560013676,0.715106174463368
246,31.071834364347936,17.072208,0.1,6,8,1.8124149439283295,1.065670314795999,1.1462121783739228,2.885970494926251
247,30.5097841181669,19.849042,0.1,8,8,1.3451807431232519,1.837560264794385,0.8170982376007598,1.311719893426528
248,74.83177629087237,30.323417,0.7,8,0,1.7281483249306988,1.1686010429954814,0.5531355412787384,0.1879097355401993
249,42.205529604847875,28.286875,0.7,10,6,1.426001853193171,1.8007320172394021,1.4929563242545831,0.0952440934265747
250,36.12725665951269,17.725208,0.7,6,8,0.7759309228387042,0.9425070407661487,0.8308966786683215,1.8484407142323467
251,41.310124984219165,17.683667,0.7,10,0,1.9450219921762972,1.0918968308001016,1.629130277048863,2.19523769601953
252,26.349513950258807,52.916292,0.25,6,0,1.3967009035323126,0.8840753912737066,0.8340255753361507,4.586700992523906
253,42.12094432521147,32.609375,0.5,6,6,1.8182689782822397,0.6292065427567938,1.9426149411222018,0.4007205515056489
254,22.490342128519124,25.911875,0.1,8,6,0.9718647732418608,1.1841213319551884,0.8050331958633141,4.541691666706117
255,30.517453604342883,53.327083,0.25,8,0,1.3871706790087466,0.6150665231671025,1.267772884457021,1.5544515907689433
256,26.370534023481884,19.118958,0.4,6,0,0.6568512945097721,0.7631110130922538,0.6099607944785929,2.0518171519932906
257,28.36983966670875,15.090416,0.7,8,6,0.8852232824985623,1.2539677378210774,1.2625710674912285,1.995982614069246
258,27.719795480368642,14.445334,0.1,10,6,0.601100494746842,1.5744375565850417,0.5535653050333521,1.7755052188449494
259,28.417813407398054,18.929458,0.5,8,6,1.738198223291289,1.135674401774609,0.7814451856808737,4.3754073507141396
260,25.789104910996087,15.586709,0.1,8,0,1.5931799221432206,1.0055490207248141,0.9337051351853505,2.752570412627644
261,37.01918949627572,17.822583,0.7,6,0,1.8438058401860733,1.5922475559002645,1.3508074077477235,3.258274136142707
262,27.783423810124983,16.635584,0.1,10,8,1.2444082934302951,0.8332043321492042,1.1067732157557948,3.337050876633809
263,33.82025628077263,17.07625,0.1,8,0,0.926978711944341,1.1642002310146005,1.7039554679447562,0.42036436774786745
264,38.57581113495771,24.00775,0.7,8,0,1.127842551549617,1.421902060165016,0.5609979981007298,0.6147836399265205
265,41.78702184067668,24.410959,0.7,6,0,1.2257065543057377,1.1247001713005191,1.635056962381766,0.9348892901190781
266,37.14133316500442,17.743791,0.7,6,0,0.5165209715973753,1.913427420404981,1.5821130698487298,1.0331750637569148
267,31.48150486049741,20.169125,0.25,6,6,1.6964741005349375,1.710443435266421,1.431850832117883,1.8574017129745135
268,31.523797500315617,16.385542,0.7,10,8,0.9321356494878251,1.2810247236929078,1.5674887574610863,4.482690317870799
269,30.58767832344401,24.047542,0.1,10,6,1.9066156193400174,0.7638419074254965,1.3931210041020547,0.634277897054269
270,31.881706855195052,46.837209,0.4,6,6,1.8917687799001286,0.69149244997901,1.237082221507443,0.5959102914041442
271,26.04671127382906,11.780209,0.25,10,0,1.7135619793420278,0.5383611677089359,1.7696574571873473,4.799222712636462
272,27.62918192147456,15.950584,0.25,10,8,0.7368336559854621,1.4521091507553672,0.778552390624734,1.269688646663114
273,25.25741699280394,13.781125,0.4,8,0,1.0723671362829321,1.1185723828828151,0.6403706876300459,2.0882593250885337
274,28.467680848377732,15.192458,0.5,8,6,1.37282819403005,0.9459281011306964,1.5222459456513144,3.2648233354478435
275,31.029857341244792,18.526125,0.25,10,6,1.614249029133311,1.03424959349155,0.8257313827236439,0.9779977017486274
276,41.78702184067668,19.279,0.7,6,0,1.980709225641774,1.4052643077758822,0.5018710569417255,1.3698203526089952
277,41.78702184067668,14.771083,0.7,10,6,0.6438676984602781,1.1162020257286973,1.5751274273293614,0.48109593165621245
278,64.56381769978539,28.122584,0.5,8,0,1.5915005187527969,0.5271388694865022,0.521623372315446,0.17617683697063236
279,27.903295038505238,13.032083,0.25,6,6,1.8269345266247985,1.1491248986304088,1.2329675148481671,4.645028383353644
280,22.43428859992425,15.403708,0.4,6,0,0.7213755738615506,1.73695731556897,1.3997495110426357,4.285122107865381
281,35.82047721247317,16.121083,0.7,10,6,1.3315785870523784,1.2210452211131217,0.5669853414247719,3.6595558964489987
282,28.379750031561674,16.66675,0.25,8,6,1.9081519511177976,1.3870914873600417,0.6198125052241014,1.9607500079589664
283,29.50637545764424,18.832416,0.1,6,0,1.016973236436118,1.6541966132612949,1.5815355552077375,0.5996226526994314
284,22.235734124479233,15.9975,0.25,8,0,1.984006458786757,1.5736294937007564,0.6755956712094455,4.536654585142581
285,26.066311071834363,11.115583,0.1,10,0,1.2036865079132364,1.8842184203593886,1.0011577351183552,1.7693846816472774
286,30.85784623153642,15.210333,0.25,8,8,1.2582767611621108,1.0688739531414662,0.8167953560314893,0.5136064799388268
287,35.82104532256028,13.59925,0.7,6,0,1.8141675034082012,1.003843154388359,0.9373905012988852,4.194837830896856
288,22.655472793839163,15.244916,0.4,6,0,0.6748415836769326,1.5283248878015552,0.8367655601979743,3.1086187824024494
289,35.805706350208304,18.484208,0.5,6,0,1.4044718417542563,1.5880233391602723,1.1977903382153379,4.3942813384422905
290,28.054412321676555,32.549291,0.25,6,6,1.080666705588425,0.9679950489606364,1.4425280413484263,2.5932567320404205
291,28.56088246433531,19.938208,0.4,6,8,1.1881210944559868,1.3567505871340069,0.8559462306828833,4.921061297465502
292,26.486712536295926,17.520916,0.25,10,6,1.277608386020916,0.5819103003472887,1.6111334249869769,4.779745216405208
293,30.848062113369522,13.536583,0.1,6,6,1.7477125057922316,1.2346930169937749,1.6835825131750513,3.3309505071034313
294,37.01918949627572,18.99725,0.5,6,8,0.9481611357654702,1.3147851901821253,0.5155141899523146,1.966164436330754
295,31.081934099229894,16.617292,0.4,10,6,1.2816420166725753,0.7135081752367383,1.3299396248386826,0.6065460743186146
296,35.805706350208304,13.058791,0.7,6,0,1.336977423395521,0.9609134870148538,0.6618581547806779,4.820945742305854
297,30.820287842444138,24.177,0.4,10,8,1.4414791453230613,1.8498443883668598,1.8166382760904511,1.405915899275378
298,26.055801035222824,11.727416,0.4,10,0,1.278436562492476,0.6468400988438769,1.5782218854765877,2.8467640742267557
299,26.422232041408915,11.13675,0.1,6,0,1.3552471294105253,1.500368756912728,0.5279059567507276,3.43139614771468
300,37.169170559272814,17.974291,0.5,10,0,1.0425218896302133,0.6782716179085928,1.1381512608108575,1.7356427470794693
301,31.82375962630981,17.717833,0.1,8,0,1.7040390818865188,1.6459474323659555,0.9961076419703734,1.2967550943480215
302,42.17807095063755,19.169292,0.5,10,0,0.8627732291628907,0.9849345565418992,1.7165776331289524,0.13057829865041504
303,36.975445019568234,20.727333,0.7,10,6,0.9035147980103251,1.1128075393157726,1.0064529325507472,2.000219084515409
304,29.49185708875142,13.330917,0.25,6,0,1.6936400391082045,1.9512190133929264,1.263437528376227,1.053521881297466
305,25.307031940411562,18.114875,0.4,8,0,1.0512274425132917,1.5688777935566791,1.0297683137723532,1.8420164807413797
306,23.622522408786768,9.786625,0.4,10,8,0.9247825446010274,1.0649981174069112,0.6068026561058765,4.900630717594435
307,42.02404999368767,20.926208,0.5,10,8,1.9258620542700542,1.885856714603897,1.1393570042372796,0.8098514713164207
308,35.7969006438581,14.438292,0.7,6,8,0.9197209815496252,0.5876800158745421,0.5501865020356573,3.919958809925837
309,27.751609645246813,16.851375,0.25,10,6,1.7112239889136172,1.0977432959103328,0.8035174738397215,3.7809559453521624
310,25.725539704582758,18.454667,0.5,8,0,1.0836534630232613,1.6784978166522198,1.5459202586018976,2.331281606135999
311,27.840234818836006,13.986583,0.4,10,8,0.5887090062927928,1.5696776756495663,1.3192282899879473,1.5935818692325365
312,31.597336194924885,49.233708,0.4,10,6,0.6939415080318826,0.5951474929510692,1.6588635636027353,0.3876258300624147
313,31.078367630349703,16.30025,0.5,8,8,1.9983048422755052,1.9176628512272922,1.989938811720854,2.584832660243447
314,30.008711021335692,12.457416,0.7,8,0,0.9429643047286994,1.941741561620995,0.5613378410377008,1.1269164906685387
315,25.93081681605858,13.346875,0.25,10,0,0.8468122885604583,1.9526553824110255,1.7086700299921782,3.28141920068465
316,30.832596894331523,17.252292,0.25,10,8,0.8300113692769333,1.2235481549475908,1.0527999382627327,0.6886238202944417
317,41.78702184067668,18.049458,0.7,10,0,1.8397556958021917,0.6103390735048245,0.675651589937026,1.3939691880308054
318,28.173147329882593,23.822209,0.25,6,6,1.2863045548590217,1.000205934391977,1.7776483923511883,2.8508685407517707
319,26.382464335311198,15.62,0.4,6,0,1.8748010131504314,1.1537606734773151,0.7880400566427447,3.850053801967808
320,27.943346799646513,19.518875,0.1,8,8,1.7797618662580572,0.5282613909703777,0.9113921415711115,3.3198864837245194
321,26.105068804443885,16.7035,0.4,10,8,0.5568986331175456,1.6247758005783912,1.6798877945938724,4.323925371291038
322,27.442557757858857,12.749458,0.1,10,8,1.1477563582485977,0.7860987364307639,0.600799477842485,4.229748308926452
323,22.654210326978916,12.544,0.4,6,0,0.6288292583946895,0.8779739585388519,1.113703650780696,3.200644741866535
324,28.165193788663046,13.979,0.25,6,6,0.6460469157937121,0.8539083096215785,0.7386036230302042,1.6161850070700368
325,27.76669612422674,14.553583,0.1,8,0,0.5843031683384805,0.6664908263378795,1.2142942864208366,0.7378896734608925
326,26.04671127382906,14.096375,0.1,10,0,1.235572602468877,1.1475993255940549,1.7495283924822547,3.0196858046705617
327,42.06571140007575,15.566291,0.5,10,0,1.6303988128976348,1.3919585722291243,0.9710874311310533,0.5306583851465596
328,34.00328241383664,18.900917,0.5,8,6,1.8759664364883244,1.5140369628467976,1.4755192367573429,1.155702930323081
329,31.536422168918065,17.289417,0.5,6,0,1.0405828262478225,1.2666311470268254,1.1791968748210953,4.962467173420221
330,23.541219542986997,10.711625,0.25,10,6,0.6201172136648792,1.2614084654379383,1.900650444562238,2.901802306067059
331,25.9964019694483,19.371875,0.4,8,6,1.4994370158198813,1.4718577641714212,1.4331027306661692,3.5178147977426306
332,41.622269915414726,20.588625,0.7,6,8,1.8142673880813671,0.5770865647305279,1.6025221421224516,1.670088723584135
333,32.90291629844717,22.364416,0.1,8,6,1.8027089361730262,0.5011946641499905,1.8616395031928008,0.3599677859298095
334,31.23058957202373,13.823916,0.4,10,8,0.8023095773587134,1.901243154965484,0.7060719079726046,0.01683250069507647
335,18.721215755586417,14.425583,0.4,8,0,0.5024127393318587,0.6065025637222636,1.4788383724220826,2.647825175068599
336,35.805706350208304,18.204459,0.7,10,0,1.012698910408766,1.3730890942172487,1.6340869312445854,3.681057527137985
337,26.360876152001012,11.824083,0.25,6,0,1.3852217554029151,1.1197665190377855,0.6402092683359923,4.287042506937194
338,42.12725665951269,24.073667,0.5,6,0,1.9544173023047224,0.5681996810090019,1.455537847119048,0.38455958333096396
339,38.99905314985482,17.548167,0.25,8,0,1.0419029324353954,0.5937409485835541,1.9740134206086566,0.4291064704833092
340,41.78007827294533,30.17375,0.5,10,6,1.8453083934900696,1.2902378687216012,1.830452349511917,1.5851253156788219
341,41.310124984219165,20.396583,0.7,6,0,1.6713067070635135,1.83570148308773,1.4134289788863177,1.7850414238827794
342,41.13243277363969,18.0455,0.5,6,6,1.7406003884582248,0.6225773279635072,0.8482283509885244,3.043908931009854
343,31.258048226234063,21.854834,0.1,6,8,1.099769124999709,1.829604361346006,1.5949417935701937,0.8232855684107299
344,25.814922358288097,16.959167,0.4,8,6,0.9415980588430398,1.3554954780792354,0.5686078687483191,2.874085482463272
345,25.698270420401464,14.81125,0.5,8,0,1.6215591072845854,0.8419439028606849,0.5968951711619875,3.54745873161731
346,41.93820224719101,15.837708,0.7,6,6,1.292673331794932,0.6299402865800227,1.093790501728061,0.7233338917735088
347,31.25994192652443,18.439375,0.7,8,6,1.7895027674225545,1.4155983413916913,1.865861295880686,3.975939695659105
348,30.76284560030299,18.494542,0.4,10,6,0.5443590134484939,0.8024311544497303,1.3649002796788166,0.4989843272835298
349,57.75463956571139,43.897166,0.7,8,0,1.3141035944746653,0.9233959338543392,1.1320826180882255,0.22857319420612643
350,29.098062113369526,27.590958,0.4,8,8,1.324077170550478,1.7293953348609399,1.554260496969497,2.070734847370821
351,24.847241509910365,12.71925,0.1,8,8,0.9591410618377817,0.9270139556465016,1.7599258617470321,3.7150131858408066
352,37.17030677944704,19.610166,0.7,6,0,1.1873209196909995,1.3804049110931556,0.8149145677412636,1.9586223976998307
353,31.130539073349325,13.948917,0.25,6,6,1.5998398431241334,1.0671193617624872,1.1611426949991164,3.334453368594395
354,25.487406893069057,22.327958,0.1,6,0,0.9589027409448889,1.2427137249602387,1.100881833068541,4.404447907129489
355,27.947860118671887,19.871625,0.1,8,8,1.0243051014078133,1.096568027164589,0.7171835748098356,1.7512529629488522
356,27.861538947102638,17.314125,0.4,10,8,1.6284124216756095,1.5341736741309497,1.3029478335599838,3.8490462283129108
357,25.782350713293773,15.938958,0.5,8,0,1.179187767941369,0.9998356644049,1.8584970772630696,2.3053380713940266
358,30.967964903421286,20.156,0.5,8,8,1.3572690082285876,0.8565675569903202,0.8418652989787239,1.9329759045044987
359,37.01918949627572,20.939958,0.7,6,6,1.8410696339173482,1.5106290694881994,1.1562404417508574,3.5872671905717164
360,22.655472793839163,15.943,0.4,6,0,1.041908666347727,1.146624159231988,1.9237609998377865,4.83989425912111
361,17.604595379371293,16.303125,0.1,8,0,0.7764430748241641,0.8925764332384956,1.912509995939871,4.201373738565034
362,28.135368009089763,14.214166,0.1,6,8,0.9626881343396461,0.5741380739969141,1.5640000755630192,3.3007116122200744
363,31.032697891680346,17.364125,0.4,10,8,1.5353824859331788,1.3700343212812258,1.6294902788618992,0.27859080236420697
364,34.5963893447797,20.798041,0.7,8,6,1.3849326089425813,0.9599011336860064,0.8244099525810406,0.15333308151961988
365,27.873185203888397,17.226875,0.25,6,8,1.1218651955179888,0.7087248806023512,0.8536654804792483,2.8989748062032916
366,42.11147582375963,23.524667,0.7,10,8,0.8565247372712245,1.4835247575821877,0.5513313082367151,0.23442420786282558
367,29.841939149097335,11.651667,0.5,10,0,0.6748424588529924,1.654455333030716,0.5209777372763824,3.970560170271274
368,30.952531246054793,19.567875,0.1,6,6,1.8690459133670698,0.8704496830999617,1.8921230167692158,2.8129417005760393
369,28.36273829061987,44.154208,0.25,8,6,0.9641248358829388,0.6121160700905695,1.6178834413559757,0.8150488876892242
370,42.20016412069184,21.505791,0.5,10,6,1.5253137012594415,1.7720597710018846,1.4626469057380687,0.16774376830996973
371,36.63666203762151,22.55025,0.5,8,8,1.336619908163891,0.679015596681394,1.4262822998780502,0.045026098893009014
372,21.47393005933594,12.726542,0.7,8,0,1.196706312886462,1.4729188766910342,1.9637648250321047,4.26385888760089
373,22.654210326978916,15.040208,0.1,6,0,0.9439523809990711,1.587486552525274,0.6240796217579715,4.91551399102689
374,36.84932458022977,15.419208,0.7,10,0,0.7606030710474806,0.8554830132236815,1.9259848838235771,1.714837751337701
375,41.310124984219165,19.177,0.7,10,0,1.7857012706353181,0.6988351319539201,0.7108526232330725,1.7851538795903765
376,29.313218028026764,15.8895,0.1,6,0,1.379707256617932,1.2608551075275474,1.7454402984693826,2.287889936420375
377,28.054096704961495,14.513791,0.1,8,8,0.7876770040740726,1.174245923011493,1.6773717927987084,1.082919738814162
378,27.524933720489837,16.923916,0.1,10,8,1.141697453787884,1.5719031449669578,1.8742312344678462,3.162224048619187
379,23.68665572528721,14.675875,0.1,10,6,0.6429509962814323,0.9229156837871515,1.7156379295557462,4.469203066856323
380,31.140954424946344,14.174708,0.4,6,6,1.4196476023455975,1.4001758639760695,1.849428662099014,2.38733771014831
381,25.656482767327358,19.295875,0.4,8,6,0.909653394952606,0.7848069252687806,1.8778836712292934,2.7877271841416174
382,31.531782603206665,18.698416,0.7,8,6,1.4979614221442943,1.3704122210530023,1.6736972807187716,2.0609221984609793
383,25.487406893069057,10.840875,0.25,6,0,0.9043210337595918,1.3208100161969911,1.9121727519244074,3.7306118197811147
384,33.878676934730464,29.083875,0.5,8,8,0.9934075866771384,0.8749368710880865,1.7795572202456205,0.5829372717128223
385,37.01918949627572,17.553583,0.7,6,0,1.4973823645547748,1.450215599454228,1.4628608178222946,3.042409780960398
386,28.748800656482764,17.150583,0.4,8,8,1.8029188912637812,1.4940245292030516,1.0332191604896919,3.9979630069627143
387,28.081113495770737,18.464916,0.25,6,6,1.9507412046711567,1.7556674878797804,0.7001081906575479,3.816448473287676
388,27.42210579472289,15.869917,0.1,10,8,1.1124722813523338,0.5522215741682597,1.1467926720036634,3.6632468762117987
389,27.50334553717965,11.764667,0.4,10,6,1.1667597599666375,1.9229298366721466,0.8472045934823356,3.187559878295207
390,22.269410427976265,16.157959,0.25,8,0,1.9144455256142847,1.1842229628076861,1.3433767696707082,4.302404260933862
391,29.307536927155663,13.120792,0.1,6,0,1.9458241962963667,0.576124064562324,0.5053847805192231,3.6030031136465315
392,35.82104532256028,20.746541,0.5,10,0,1.2188230693285174,0.7945115386119286,0.8848744535141362,2.84858442836674
393,38.67223204140892,31.000125,0.25,8,0,1.1009225386420671,1.319290534916048,1.1480136123532745,0.5364876422579351
394,17.985229137735132,12.114417,0.25,8,0,0.7530982253957264,1.7708704956664458,0.7187521257922961,4.1400678398579265
395,41.846231536422174,19.784166,0.1,8,0,1.3595669414308809,0.5635456907300449,1.606909545497009,0.5343614507105832
396,26.349229895215252,11.602459,0.1,10,6,1.2542385109884395,0.9072429398813557,1.7290908556001403,4.811113739386327
397,26.064038631485925,15.946042,0.4,10,0,1.6335432531883443,1.7879038145049406,1.4705767222171116,2.8128183921412093
398,25.196250473425074,15.916625,0.5,8,6,0.5673129766766529,1.1408203209294947,1.9461528285961038,2.1876390973415747
399,26.37081807852544,13.719125,0.4,6,0,0.9845621524761066,1.936033444744455,0.6163132653136079,2.8059766792430945
400,23.355636914530994,12.301167,0.1,6,0,0.749643552107336,1.5544311238016355,1.9914105600316687,3.111339503036747
401,28.29608004039894,17.287791,0.25,8,8,1.5405246906470895,1.0899019567097417,0.5689992282891421,2.338746233891924
402,34.44413584143416,20.853458,0.5,8,0,1.1334681456793212,1.6446845498657534,1.4260610576605832,0.6623180246926286
403,31.456571140007576,20.337292,0.25,6,8,1.9398221656732655,1.6720587247474135,0.5013373068412834,1.3332802415110556
404,37.169170559272814,19.501833,0.7,10,6,1.127837214487744,1.0105052301290631,0.7988515363059261,1.88441927750583
405,30.528342381012497,17.359167,0.1,8,8,1.0666677807381721,0.7406566909377292,1.1472078059199253,0.9770038578668699
406,28.396698649160463,30.866667,0.4,6,6,0.7833388555653111,1.4119622041339412,1.4645996348103367,1.098785342621937
407,25.019000126246684,12.048042,0.5,8,6,0.8605019207127688,1.4866163683913802,0.8036005187902795,4.834176777143096
408,29.17055927281909,18.854125,0.4,10,0,1.0340700335853432,0.7386109758773518,1.2801650002329872,0.054820276555549996
409,26.422232041408915,17.193042,0.1,6,0,1.6925146825858954,1.466347038219936,0.7107160762316906,4.4032837109442236
410,31.66266885494256,19.515292,0.4,8,8,1.734811778400481,0.5926563549287356,1.3761802211317395,2.4991911855500577
411,31.110655220300465,17.638833,0.7,8,8,0.5050667306436754,0.8798575914593023,1.965083833019433,0.9082525663784369
412,29.84850397677061,12.876417,0.7,6,6,0.811645555626247,0.5047793000414187,1.1026858874694825,4.100464650049734
413,21.38871354626941,15.294542,0.7,8,0,1.2015721164758097,1.0423227910977695,0.9821581270321347,4.855331902333365
414,25.826600176745362,17.605917,0.4,8,8,1.2073540590026641,1.475260107578457,1.1344466490169933,4.00583100446509
415,32.40954424946345,41.153583,0.25,8,0,0.7134085047115444,1.6781721373115235,1.1623949970667602,0.5519822372910366
416,25.698270420401464,17.78275,0.7,8,0,1.201492965455908,0.983336498578812,1.4082414640801801,2.27677216282319
417,26.422232041408915,15.395,0.1,6,0,1.5346525733428913,1.8487707533264162,1.9102198876218655,4.073055150823582
418,37.01918949627572,16.21025,0.5,10,0,1.0360806202409831,1.463366503747643,0.6351109714836137,1.8629833081677005
419,37.01918949627572,23.066583,0.5,10,0,1.8259352021070594,1.042280762105103,0.9034881946435768,3.6834652521006013
420,29.113748264108068,15.158792,0.4,10,0,1.1511726912481448,0.9353566885439287,1.51945824277947,0.28951619867352896
421,27.65787148087363,17.598875,0.25,10,8,0.77572649668,1.653408508335188,1.832893271566134,1.890455715513197
422,35.805706350208304,22.81925,0.7,6,0,1.0754673964686279,0.733610576566204,1.735809179725125,4.120662831328705
423,24.060030299204644,12.422208,0.4,8,6,0.5354615235131917,1.4014545391973865,0.9288187086603353,2.095290136547396
424,41.30065648276733,22.659875,0.5,10,0,1.228485733223482,1.1193529821919819,1.6843324224550311,1.663275872519769
425,41.927786895594,20.400125,0.5,6,0,0.8201798734420722,1.5096417417478185,1.1901228269973272,0.5238646720401469
426,29.302203004671128,19.277125,0.4,8,6,0.5830506664528352,1.0694508279781447,1.9580020367664184,0.666993788462889
427,29.84092917560914,17.643,0.5,10,0,0.5989935853845378,1.322777698480725,1.0158118921580015,3.890634770617154
428,27.5144236838783,13.056458,0.25,10,6,0.9247027236286662,1.563563180751431,1.2033976450544017,3.1933300999504537
429,28.53427597525565,19.99425,0.7,8,6,1.3854331155674102,1.8162759347216924,1.0521952411483655,2.6579596118115196
430,20.162858224971597,13.405375,0.25,8,0,0.6134436247947246,0.9665003647181647,1.5417842453857677,1.8815691258944516
431,42.17807095063755,16.382417,0.5,10,0,1.5034433355105024,0.9817453467004813,0.9639961051970257,0.20893701641960472
432,27.641396288347433,16.6455,0.25,10,6,1.1653626319105266,1.4386687358377868,1.8251284951946374,3.797324974609007
433,35.82047721247317,19.409375,0.7,6,0,1.5678787932510512,1.625568603217006,0.819674554638372,4.2585131643775105
434,23.59216008079788,11.102791,0.5,8,0,0.6186767738455481,0.8001330856635513,0.9314035841948329,1.3357949979365602
435,32.20710768842318,18.088208,0.5,8,0,1.3234036011903265,1.429321579952225,0.5039066486660333,1.3287300587964195
436,26.04671127382906,15.430084,0.4,10,0,1.1416091199660259,1.3418263238910335,1.3479151715998696,2.842420710956131
437,26.34979800530236,12.947292,0.1,6,0,1.0201249653270898,1.030437246597827,1.9924425378431976,3.593388085286064
438,31.65320035349072,20.6985,0.4,6,8,1.5661025409996652,0.9385552395636323,1.7625110786796327,0.16984581057688575
439,27.770641333165003,14.702875,0.4,10,6,1.2730240597314648,1.1690281827883704,0.9489794343030095,3.093042097039161
440,29.84092917560914,13.667292,0.7,6,6,0.6778094875850084,0.5183982724590577,1.2950263111407523,4.488643046515175
441,30.62807726297185,19.9735,0.25,10,8,0.946265321515922,0.7408605340642194,1.5718854632187858,1.7502232386732708
442,27.85273324075243,16.310292,0.1,8,6,1.1086194977188786,1.8481954394269111,1.2935240771170688,0.9804535415797211
443,30.622711778815805,16.789875,0.1,10,8,0.8881973444418035,0.5431720069512186,1.642894224774138,1.1161638693149452
444,21.223835374321425,32.769125,0.7,8,8,0.5065116165432992,0.947938469886159,1.285068459384156,4.636953580906167
445,27.409607372806462,17.03825,0.25,10,8,1.21016777868384,1.819323218549935,0.9759511911225682,4.437373040039073
446,37.170590834490596,13.957916,0.7,6,0,1.3150139830749046,1.4385369295069597,0.8596855117025289,2.0068207028129597
447,35.805706350208304,18.963791,0.5,6,8,0.5115927992548737,0.7713585706932319,0.8750125861883054,1.9387277374974987
448,18.729169296805956,14.53525,0.4,8,0,0.7696928283361477,0.6619522659125457,0.6549181915656823,3.999368600410387
449,30.337078651685395,17.815041,0.1,8,6,1.974212421641203,1.5099381780962757,1.2810045884189147,0.7614310949749875
450,30.53364474182553,23.227958,0.1,8,8,0.8057450839362787,1.1972485717858454,0.6443921363591526,0.7786055877225934
451,31.827294533518494,14.123917,0.7,10,8,1.1778990647833112,1.3492710972629343,0.6590412655945086,4.7957678958587575
452,41.78702184067668,20.88,0.7,6,0,1.244556363089833,0.8619010186109813,0.5238231702382312,0.9258277825950678
453,41.93946471405126,18.942834,0.7,6,0,0.8432755493266142,1.844522439472148,1.4030176099084242,0.4423461705996934
454,30.821234692589318,16.054833,0.1,10,8,1.400083487671668,0.5300887399842792,1.1508028038431504,0.9056100618923035
455,20.90392627193536,9.548916,0.4,8,0,0.7982960872078305,1.9972584564452576,1.471220782677859,2.7015027647409324
456,20.591939149097335,14.775167,0.4,10,6,0.6455865229150262,1.3982766012559518,1.8369891602745634,4.969773344257403
457,27.80551698017927,13.461708,0.7,8,8,0.9032934760943435,1.2060532460427225,1.8206645431034696,3.849273310229251
458,28.07284433783613,17.124375,0.25,8,8,1.9575308304110923,1.9470290677813882,0.8844572663524051,4.794110427319186
459,28.061734629465978,18.903459,0.1,8,8,0.681129604043907,1.0804028702691908,1.8590633247352821,0.943077814030035
460,25.95098472415099,11.359583,0.4,10,0,1.1139896273946415,0.5732437290763789,1.4579243736770107,3.437276543884564
461,27.73797500315617,18.819208,0.4,10,8,0.5516187860030379,1.5645122106604206,0.8692795637039988,0.5006001346014421
462,31.10434288599924,20.265583,0.1,6,6,1.622123657183897,1.3976161869537536,1.1566045269974519,0.4482327176087797
463,30.627130412826663,16.000875,0.25,10,8,1.6313759256753364,1.957801929142393,1.0984104972414697,1.7845380538566773
464,31.005239237470015,14.856667,0.1,6,8,1.3848955798905178,1.0168549002179885,1.1796988235122992,1.4211531266368127
465,25.73128392879687,15.320708,0.4,8,6,1.3061397505801906,0.9318514041228532,1.0718727266941483,3.246045315996853
466,31.705908344905946,17.749375,0.1,6,8,1.679481875752756,1.0892870470026113,1.3171810613921207,0.1592012405540394
467,41.30065648276733,17.204167,0.7,6,8,1.342693766214422,0.7212363593553264,0.6368264550665583,2.002921879620871
468,27.745865421032697,18.001958,0.5,8,8,1.4229736788869936,1.0063824082835442,1.689624449797889,3.9310898143421884
469,23.789420527711147,15.480167,0.1,8,0,0.875806101534721,1.7538544794842594,1.7824603394715106,1.9208204531391337
470,25.013887135462696,16.70475,0.7,8,8,0.5686094799492258,1.4622027908180388,0.6500181944048682,3.0692467922204902
471,30.394268400454486,16.670042,0.1,8,6,1.628389809557225,1.6569286003609607,1.4379835495390108,0.28637698881004703
472,33.02354500694357,20.797875,0.1,8,6,1.123362388055509,1.8017405946009952,1.967689873469319,0.04297102293136179
473,35.805706350208304,18.073958,0.7,10,8,0.9355863625804304,0.731147138073192,0.7070373966363892,3.5705699617813362
474,28.20319404115642,16.43,0.5,8,6,0.6781913214113691,1.4906660381052514,1.2826796803073575,2.1707194654659294
475,28.262056558515336,16.041791,0.1,6,6,0.9142539232524276,0.9152767344669674,0.8245457522161362,2.6904188198412
476,23.79623784875647,10.680541,0.1,8,0,0.8545102872103771,1.4497117142522105,1.7291976798135125,1.3497311965805419
477,34.34452720616084,17.061542,0.7,8,8,1.2736906692361885,1.0551506901986711,1.7976562979985138,1.3324859980295845
478,37.170590834490596,18.202292,0.7,10,6,1.1448973395031365,0.9822177972495836,1.7822702721628971,1.6807338403818417
479,31.839919202120946,13.213666,0.1,8,0,0.8017696559957161,1.2782248188930516,0.972296048472004,0.5070261954366906
480,34.49611791440474,18.301625,0.4,8,8,1.9186453388852533,1.5484988705583067,1.243668437957436,0.45387798695804116
481,36.61567352606994,14.9195,0.5,8,0,1.9363707632607277,0.7396287501538141,0.6096649675419408,1.0057532714861601
482,37.01918949627572,13.625666,0.5,10,8,0.9285727257451717,1.6763841080600543,1.3730702463497295,1.8534297961748165
483,42.517358919328366,25.426417,0.5,8,8,1.734913913779399,1.121128828276376,0.7287793109992864,0.020528856909495796
484,27.620470900138873,18.541042,0.1,8,6,1.2315340260590493,1.979288478739449,1.36584895288756,1.784351287349775
485,22.654210326978916,40.496583,0.1,6,0,0.8283712243533363,1.1596411618160698,0.5636372327051116,4.220211327447576
486,23.67150612296427,12.352291,0.25,6,8,0.7213910243073887,1.912891276242311,0.5812069123172845,4.911485468263575
487,32.11763034970332,15.035792,0.7,8,0,1.9973988269880683,0.7981864380526973,1.159228232265101,1.8156063656403116
488,35.82104532256028,13.124292,0.7,10,0,1.3118384798969003,1.1825743047806032,0.9081951225716085,3.4267668439860848
489,22.646888019189497,13.7005,0.1,6,0,0.6706094120059722,1.7158756907880313,1.0936541831714512,4.881999598150194
490,41.927786895594,15.411292,0.7,10,0,1.3065995853887409,1.7555156313624678,1.5788133698512494,0.8085404547350955
491,37.170590834490596,19.917791,0.5,6,8,0.8789799933692517,1.6234723594843177,1.304723772917526,1.0948731002231316
492,41.30065648276733,14.672334,0.5,6,8,1.796810883986783,0.545417153818028,1.1533204107800836,2.292932593853161
493,31.496370407776798,16.142125,0.7,8,6,0.7263355751271394,1.6646101768205357,1.9400917974258776,0.9816328257101353
494,24.908786769347305,16.913166,0.1,8,6,1.3682611136995941,0.6614955131698468,1.0917477103222806,3.3152614425497124
495,20.114568867567225,9.924,0.25,8,0,0.8206762654560507,0.7800293207834141,1.4329352974412988,3.4345515134491276
496,28.133947733871985,16.765209,0.4,6,8,0.8709047722661898,0.7931028274712386,1.3068809749229928,2.9799465008473227
497,29.17055927281909,17.182834,0.4,10,0,1.9570284124527413,0.9736419910239801,1.5780214160155726,0.12466212319545256
498,28.300940537810884,14.253458,0.25,8,6,1.5280736075372952,1.699672968129215,0.651180189057097,2.0998705794827304
499,25.766822370912763,13.327583,0.5,8,0,0.8694341382747917,0.6157679517451322,0.6862662879806064,1.8061912606218784
500,36.992488322181536,18.00375,0.5,6,0,1.1534262735794296,1.1757688945742981,0.5989137129407149,2.459516969271656
501,25.845221562933972,11.47675,0.7,8,0,1.9954599393847314,1.2566573931640985,0.6903316928151089,3.0016646573176553
502,21.81252367125363,16.805083,0.1,8,0,0.9634181149147232,1.3796396304519079,1.481540068726058,2.321060635321798
503,37.01918949627572,13.524666,0.7,10,0,1.0793463349140495,1.5710701020332307,1.7591742685200333,1.9613729076846327
504,28.961621007448556,15.381292,0.25,10,0,1.2264908340312346,0.5399880385758727,1.3613736317734657,2.3662804610518546
505,26.365705087741446,11.313833,0.25,6,0,0.6502536980578687,0.9233710542344099,0.6695267439597559,1.9855930728097975
506,30.925261961873503,17.317125,0.5,8,8,1.0692425508871208,1.9814042054423056,1.1885229392866887,0.9047914980220245
507,24.83550056811009,13.344083,0.7,8,8,0.7749524349455036,1.910730224979977,1.6233723527431247,4.981390822635705
508,41.13243277363969,15.518042,0.7,6,0,1.9279947182641344,0.7153861818966833,0.5402130370025757,3.361882522746031
509,27.885967680848378,16.043833,0.1,6,8,1.8842951412773927,1.6621025359228905,0.8757942463414823,4.551689059244475
510,27.82205529604848,12.846917,0.1,10,8,0.8689836171801762,1.6227521697569482,0.5375338659211557,2.3508309344518876
511,41.78702184067668,18.376959,0.7,10,0,1.2862538319663106,1.599994608871349,1.0478777314313437,0.9101387399749666
512,29.841939149097335,9.715917,0.5,10,6,0.7765534470697646,1.6004684558553808,1.8518652345472606,4.41862542171412
513,25.48541850776417,16.142541,0.4,8,6,0.8801058783802986,1.1348459015789332,1.4533769816662365,3.2217765031698997
514,37.170590834490596,16.789833,0.7,6,0,0.9342821714791898,1.9227054656853801,1.3290418224060663,1.3678565281367194
515,26.056369145309933,10.924583,0.1,10,0,1.7098846658914653,1.75492399780717,1.2775680959177929,3.8225650301068614
516,41.310124984219165,20.389958,0.5,10,8,1.2876860734987474,0.5836951948273965,1.3925516035419319,1.316415285920285
517,22.50681732104532,16.43625,0.1,8,8,0.8410931707331475,1.3161544886101946,1.4396241608839289,4.687855467666788
518,26.04671127382906,12.513125,0.1,10,0,1.0961261433644125,1.6403146469261927,0.5771763126502522,3.1289061413492156
519,29.123847998990023,12.616917,0.25,10,0,1.0245844694742074,1.727072049234098,1.4660187880549378,0.25944264488109436
520,18.063344274712787,12.380292,0.25,8,0,0.6537301563788822,1.6348902351745203,1.6835441759129652,3.1043424646127926
521,37.60831965660901,14.316833,0.7,10,8,1.2982807789355464,1.8833455701467305,1.3897547242152055,1.1429833870506996
522,16.605226612801413,12.725416,0.4,8,0,0.5213316088750144,1.7881405198206652,0.6366760480664251,4.473800999365544
523,27.745928544375708,14.151083,0.25,10,6,1.8007974967778322,1.1872556958500158,1.1686260730701297,3.9830135687699517
524,25.950132559020325,14.459083,0.25,10,0,1.07658278533514,0.8249582228411343,1.863309452178698,3.6005238201605527
525,41.78702184067668,17.664291,0.7,10,8,1.8474645581125422,1.7857106974408516,1.8129754086034406,1.5298007925813317
526,35.82047721247317,15.20525,0.7,6,0,1.0271349357862944,0.8129890373973889,1.5567018469123997,2.7506257979030337
527,38.57297058452216,18.5975,0.7,8,0,1.324984734462244,0.5764695941169569,1.729113271955985,0.7600840862068065
528,29.841939149097335,14.313208,0.7,6,6,0.7325876183704094,0.735740042970364,1.822187400222203,4.047886009961983
529,42.02404999368767,18.263125,0.7,10,8,1.2385551339666239,1.6461511682086245,1.308485269345285,0.4848406746268591
530,22.583228127761647,18.46925,0.25,8,6,1.063681482531226,0.9512118971979913,0.9612027116735127,4.350251901995802
531,27.34619997475066,18.887,0.1,8,6,1.8430185619486101,1.6236140111756845,1.6802871874275391,4.197607929633297
532,19.678070950637544,12.625959,0.1,8,0,0.6757164268917517,0.9624480433051155,1.8507653051332509,3.06358046040655
533,24.909638934477968,17.016625,0.7,8,6,0.5289039793558353,1.198993818882041,1.8405221340786522,3.07511210217104
534,21.25299835879308,13.476708,0.5,8,0,1.2944234541770294,0.775985029962754,0.7431292211885341,4.685964779305684
535,36.148276732735766,17.036417,0.5,6,6,1.0659214507155164,1.3393571910765854,0.6585005918568076,2.5153552299171142
536,27.484597904305012,15.381292,0.25,10,8,1.003043322030124,1.637302898253518,1.744892623870185,3.3940408046917674
537,31.527458654210324,22.427959,0.4,8,6,1.2868027379531444,1.5130848341646856,0.8437983738164996,0.2046774534976914
538,31.01691705592728,16.391416,0.4,10,6,1.6312493159492933,0.9492738846221767,1.8322756226024266,0.2657308266960001
539,23.350523923747005,13.007333,0.5,8,0,1.0478664637264206,1.4261227451513807,0.6864730043862807,3.345155519359791
540,31.819467238984977,14.568541,0.7,6,6,0.8884877486554097,0.9997116900384758,1.2857658792760243,3.9380641462329957
541,27.02973109455877,17.511583,0.4,8,8,0.7539238900667725,1.770127030108685,0.8711360447908372,2.0088758585658795
542,17.58613180154021,13.759625,0.1,8,0,0.7909487668671973,0.5377966805382253,0.9995916313851809,4.4070674853564
543,24.92930185582628,15.725,0.1,8,6,1.1551958050452271,0.6400006872338733,0.9607130860767907,2.9421596205189138
544,31.242583007196064,20.287041,0.25,6,8,1.733526555944013,0.5865345925371762,1.0644722509451707,2.6798129029767477
545,41.78702184067668,21.409791,0.5,10,0,1.7156690875035978,1.8875520998486022,1.8100164657820144,1.2507525664677681
546,27.906135588940792,15.911584,0.1,6,8,1.7615402865118583,1.9591283544999645,1.6600900686545943,2.8379830675911197
547,41.29907839919202,14.3675,0.5,10,8,1.7830682652807865,1.0371646651249231,1.6496235275528601,2.9300012175128263
548,41.78702184067668,21.927917,0.7,6,6,1.9378899672869134,1.7078627076662034,0.9829278056096145,1.4672958356123422
549,28.23592349450827,16.832458,0.1,6,6,1.009224838066569,0.8684585251420385,1.6631276189358584,2.9275167392978867
550,30.79251357151875,15.852875,0.1,10,6,0.7457027445411648,0.7994269795534499,1.3883447425432989,0.6577306628551816
551,26.75356646888019,17.690917,0.4,8,8,0.9180209090255093,1.5299346805606042,1.077398933432698,2.0926988183147586
552,32.01963135967681,18.316291,0.1,6,6,1.2160717436916715,1.6370731493036526,0.8953032918686568,0.6126982402080339
553,26.427913142280012,13.823666,0.1,6,0,1.9163473276145302,1.7863317950076718,1.6887796601456158,4.255802469307321
554,34.31107183436435,21.204583,0.4,8,6,1.7406047977914256,0.9949661369835461,1.5594909786019147,0.365138403045443
555,26.381044060093423,12.386125,0.25,6,0,1.5326779391658212,1.3950365055303708,1.3998336803882643,3.316458345499633
556,29.85891932836763,15.446625,0.5,8,0,0.8312186571130546,1.7917415663203138,0.8700419760690039,0.9377632920425921
557,27.641680343390988,13.873417,0.4,10,8,1.15400646695492,0.6107597798424778,1.466379657940434,4.666111872523514
558,16.786769347304634,10.428833,0.4,8,0,0.524012642931831,1.9703612638948267,1.7821579333096547,3.871529930418926
559,31.90733493245802,19.399417,0.4,8,8,1.2821184322944545,1.4323924008647864,1.6405550506693336,1.574619891546598
560,27.42153768463578,12.216,0.25,10,8,1.2269192390764234,1.0507275113895893,1.304735951444485,4.508094901202741
561,31.40386314859235,22.407625,0.25,6,6,1.0661565023412791,1.2788922964173608,0.6166524601745444,0.8297865186771924
562,37.01918949627572,18.294542,0.5,6,0,1.7132948307024176,1.571721533236762,0.8428204993155097,3.1198078672074523
563,37.17911248579725,17.134542,0.7,10,6,0.9934734285106744,1.7725187137555614,1.2769054357234126,1.1120950788280792
564,23.031814164878174,11.213958,0.4,8,0,0.9377165265492264,0.8877703061112984,1.2678427685515241,2.5307167389173295
565,22.96458780457013,37.533541,0.1,6,8,0.5385123559106153,1.5378115374102177,0.5310973023879179,0.8165477596222465
566,25.95098472415099,13.866292,0.4,10,0,0.8870931944847089,1.7150260539705402,1.86663136954501,2.9331690930797616
567,31.852038883979294,18.234083,0.4,8,8,1.339270169869125,1.1945135244102676,1.8742608462770114,0.6001309370139218
568,26.35746749147835,15.210042,0.25,6,0,1.3695573116326887,1.3879357837404247,1.2567327023658599,4.888150435786726
569,31.25457644236839,17.267583,0.25,10,6,1.703257536667277,1.7484999006238113,1.9784974511510398,0.33704787505244027
570,28.19928039388966,15.66525,0.4,6,6,0.8789209050761148,1.1995663663776661,0.8177357013441596,2.836782964989515
571,28.438012877161974,16.632167,0.5,8,6,0.5074768628181924,1.6533218290004865,1.34053477723103,1.105466709660038
572,33.87905567478854,21.243333,0.5,8,8,1.4611815622442619,0.996081307740943,0.6628289315992177,1.8704145622246726
573,27.989205908344907,16.738208,0.5,8,6,1.274652367779613,1.1165882425286262,1.5529501136130979,4.623499589331672
574,24.887482641080673,18.535125,0.4,8,6,0.5025056730316799,1.6548318320200102,0.7767210787105814,1.8652911711779352
575,31.827294533518494,13.626792,0.4,10,0,0.5700922106647838,1.8169383504557994,1.6097252628852126,2.3598696590789867
576,28.137356394394647,14.183625,0.4,6,8,1.412309402368363,1.1888651015055827,1.3206723841643582,4.570409615955747
577,35.82104532256028,13.912583,0.5,6,8,1.6284041351051464,1.6742792629594139,1.3542219088495717,4.2647104681003105
578,33.82669486175988,14.507541,0.1,8,0,1.9469280192348706,1.2089727683859128,0.6737155299631299,0.9875293660715551
579,29.123847998990023,13.043292,0.1,10,0,1.2240249040303708,1.8207458685108595,0.6252697071874183,0.3801931277391474
580,25.130980936750408,15.654584,0.25,8,8,0.9656185880486219,0.8239836187349935,1.3323340623044782,3.1388550446051813
581,23.657082439085976,16.423334,0.7,8,0,1.8960963358696643,1.1450067739829173,1.6110086972551878,4.265959601729263
582,31.394710263855572,14.267958,0.25,6,8,1.0456522653398386,1.8036065683050406,1.4376046538522784,0.12099163944006175
583,30.936718848630225,16.809958,0.5,8,8,1.6550593417613961,1.0758078240197744,1.2707041188286696,2.8283419985509504
584,26.056369145309933,16.921125,0.25,10,0,1.6803016099603532,0.8148162004944568,0.8333836819620604,3.714061178240884
585,19.24444514581492,8.403292,0.5,8,0,0.9832404022039558,0.7465172477603619,1.9036461005794818,4.936617994834337
586,27.881990910238606,16.804333,0.1,6,8,0.7188313655411838,1.5983828653428453,0.5819916673436337,1.088715094305444
587,35.82047721247317,17.7955,0.5,6,6,1.3756808073972606,0.7502157922715079,1.8487551900309935,3.6641789729522745
588,29.123532382274963,11.220084,0.1,10,0,1.9357415279570367,0.9060280596654747,0.581638289553178,1.0388752377861843
589,35.805706350208304,16.055625,0.7,10,0,0.8353505676287865,1.3747789897805078,0.7899696861056243,2.9164929224783305
590,22.646888019189497,14.465333,0.4,6,0,0.7081322872277402,0.9832658103404412,1.0828160548170298,4.5751822510177576
591,28.085090266380508,13.319042,0.25,6,6,1.5707220277704195,1.970225384459632,1.5715468651347757,3.7120341323227453
592,41.78702184067668,18.686958,0.7,6,0,0.7084854002396017,0.7063022975379811,0.6790136089930283,0.5982880716276451
593,37.17030677944704,18.11175,0.7,10,0,1.6423815287904264,1.2761966603898716,1.819684964980534,2.602468059089916
594,41.13243277363969,32.894542,0.5,6,6,1.7423038007613565,1.1391323888546268,1.1202183853640735,3.268871316780071
595,31.95335184951395,26.624417,0.4,6,8,1.2951916065022488,0.5222291036510975,1.1312911958511114,0.9953221003131024
596,41.93820224719101,17.684959,0.5,10,8,1.867450149062094,0.6765565768434392,1.1185543018036164,1.07065413860858
597,31.114758237596263,19.000208,0.25,6,8,1.3064032336874236,1.0809160658064756,1.2014984790204508,1.5055997725677388
598,41.30065648276733,18.410583,0.5,10,6,1.749014325384498,1.2220933292120004,1.0562828788273673,2.4791912428671163
599,28.030267642974373,15.4545,0.4,6,8,0.5105562853338721,1.005784549832883,1.9507218829036708,1.2315514475052698
600,26.36627319782856,11.095958,0.25,6,0,1.773951012241289,1.736098298815524,0.5546847937668191,4.367076416431422
601,28.962567857593736,11.026709,0.25,10,0,1.681509776877035,1.917812588817003,1.9078961491663113,2.2192689184148815
602,35.82047721247317,15.342625,0.5,10,0,1.3545712159044916,1.5453747647828138,1.4747903658579093,3.6126983567861517
603,21.35746749147835,14.341875,0.7,8,0,0.9844010906857253,0.7430193210497273,1.0091756868418849,3.72285975978653
604,27.62350082060346,13.490292,0.4,10,8,1.450321832913266,1.4310376182568336,1.9495862483999702,3.0575119997760583
605,41.310124984219165,19.898583,0.5,10,0,1.4982836483750703,0.8837614823300077,0.833051989458786,1.6182833570825417
606,24.937192273702813,19.914833,0.7,8,6,0.7131464095727903,0.5711051618762839,1.7722959390088695,3.7508805558474894
607,19.11917687160712,11.304542,0.7,8,0,0.7193269423582807,0.9352726745409958,1.12843913210118,4.4956515748735875
608,28.337394268400452,17.451375,0.25,8,8,1.8841641485176226,1.8767590300957164,1.3967154740226277,2.725564973768102
609,28.2613622017422,14.701167,0.25,8,8,1.356117374941604,1.2494550598969316,1.2856578051968977,2.357940601929106
610,21.242898623911124,15.00075,0.5,8,0,0.6843386393847692,1.8690998937064736,1.1672346690865207,2.9020498731039086
611,35.805706350208304,12.31025,0.5,6,0,0.6175529988088875,1.1780895340363857,1.0973183994330151,2.5274446085816553
612,22.624416109077135,16.190708,0.25,8,6,0.7117218665347507,1.4214353974149332,1.695668742277338,3.907519809271014
613,35.805706350208304,12.902208,0.7,6,0,1.2241596158657801,1.9265631765821798,0.6604751136384057,4.272985256826434
614,31.26088877666961,16.425667,0.1,6,8,1.8458425183240101,1.8175785745175848,1.9411878649246812,1.411799338466243
615,21.394079030425452,14.881208,0.7,8,0,0.7800944566579371,1.4554112232405545,1.3520188116571066,2.9960510071733277
616,27.915225350334552,13.162,0.25,6,6,1.6346856600639301,1.4397122949459495,0.8913946290304571,4.746486241456351
617,35.82047721247317,14.678375,0.5,10,6,1.449078187317253,1.6629792608142164,1.318207169499082,4.139767023678582
618,30.90645120565585,15.876792,0.4,10,6,1.4951255624831075,0.8520450523670531,1.2910276992779808,0.74951764863741
619,26.105068804443885,11.708667,0.7,10,8,0.6178430439038627,1.4647358704689597,1.9021826181396364,4.9079966828661625
620,30.921285191263728,14.797209,0.4,10,8,0.9288484411811051,0.5594698096749604,1.2294284887512905,0.19714214485748893
621,28.701584395909606,15.551791,0.4,8,8,1.961207094585347,1.2322400413918526,1.625337155301862,4.617948990074476
622,25.08319656609014,13.622542,0.5,8,6,0.6294619563513302,1.7487609953630556,1.7806730528459793,3.5842695766870794
623,29.5221562933973,13.268125,0.1,6,0,0.967588975848268,1.3674075555232523,1.4623574328390991,0.2945736900539214
624,20.176429743719225,14.589666,0.25,8,0,0.7893985428141126,1.0321722955424197,1.7461344022864624,2.6101810532527256
625,25.098788031814166,65.090292,0.1,8,8,1.923545493032993,0.9948491256965455,0.9855105499348094,4.88324731362329
626,28.012561545259437,21.597167,0.7,8,8,1.462566737689154,1.4789194678695936,0.6785077217587714,4.58724445010786
627,26.0654589067037,19.422417,0.25,10,0,0.6661686213924577,1.114212700631988,0.5089146612078492,1.3593027896209797
628,27.66980179270294,27.679833,0.5,8,8,0.9513942349093634,1.661546960680841,1.0413049434552841,3.6635507310568505
629,22.58180785254387,15.619125,0.25,8,6,0.894379861611803,1.67342905121869,0.7987824491073234,3.6934579584104337
630,29.099450826915792,15.439,0.4,8,8,1.4833062999355011,1.7134048187582716,1.2492319432437344,1.5825827834856292
631,41.13243277363969,18.6785,0.5,10,6,1.4654814271929608,0.8570176795138169,0.6311381143667243,2.6076875841642346
632,18.044880696881705,9.537,0.25,8,0,0.905877717178984,1.8144090946063947,1.0435673385522204,4.585106003899821
633,37.170590834490596,22.573583,0.7,6,8,1.7935062532429284,1.9530078779311508,1.5047478079470071,2.669168566518843
634,29.329314480494887,12.091458,0.4,6,0,1.083691767954703,1.812031900776704,0.8029946870903863,1.1232492346230694
635,26.04671127382906,11.387,0.25,10,0,1.4187079929925317,1.4603422635739363,1.2638083703703367,3.988844530868663
636,27.86349577073602,15.675167,0.25,8,6,1.5198960501971244,0.9719914362097561,0.5021686794760765,2.9292709822605616
637,31.900959474813785,15.681125,0.4,6,6,1.0575089996471019,0.7997389639661354,0.9252569003934579,0.17354379137697107
638,25.2561860876152,9.000666,0.25,10,0,1.0945784358745263,0.6075544137696429,1.9516537501958695,4.640209390357658
639,35.82047721247317,14.774375,0.5,10,8,0.7271661876998745,0.8971442438123277,1.3324287537946276,2.1964598424388777
640,35.7969006438581,17.092625,0.7,6,0,0.8046750804152192,0.6622549804282263,0.6757487822210138,3.4160272401069514
641,30.96313596768085,14.883625,0.25,8,8,0.5721101567620692,1.9808453998751419,0.9699152924009178,0.022423576050593086
642,27.873027395530865,10.943541,0.5,8,0,0.7110353315182208,1.0735976072118685,0.5673482671401882,0.9074560376840102
643,24.90594621891175,13.262208,0.7,8,8,0.7515560062930455,1.1774195494813373,0.8091203855511366,4.436020802001879
644,26.382748390354752,16.158834,0.4,6,0,1.7998599307546024,1.1179954044772222,1.5601902024399168,3.6369686150431657
645,25.174536043428862,12.12625,0.4,8,8,0.9402985719034092,0.5779794082897388,1.2179654508098552,3.9470883061666058
646,30.900643858098725,17.804916,0.25,8,8,1.5898561620969018,1.6410691989671997,1.4882380398837771,1.845823017868109
647,27.75186213861886,13.137209,0.5,8,8,1.1713479552258046,1.1309937472064007,1.310822567289712,3.4642401099434754
648,29.318173210453224,42.652292,0.4,8,8,0.6139956682102061,1.8081757795534983,1.8751084927731307,0.19043342091109805
649,28.96004292387325,16.181,0.4,10,0,1.7970888860923906,1.6115783604674563,1.4293305226567201,1.7085869649352936
650,36.12725665951269,14.388875,0.5,10,6,1.6044513095810229,1.771445957256485,0.5559995546107354,3.793197751096132
651,31.827294533518494,15.529125,0.7,10,0,0.8471907640224554,1.3269857624504544,0.9238594718546209,3.6685728534801205
652,30.902537558389092,14.134,0.25,8,6,1.7756889191342666,0.6942488664729223,1.451614967025845,0.7159750654029268
653,31.158218659260193,16.58625,0.5,8,6,1.9938473496199642,1.2619915688995484,1.833899619113223,4.488557544917037
654,38.50650170433026,18.899791,0.7,8,0,1.8223762243598831,1.0454196183657458,0.7568609791346351,1.045468375378114
655,26.34866178512814,12.386042,0.4,6,0,0.8990419657040948,1.0619015190263137,0.6225216981423654,3.1527059558321238
656,42.11147582375963,20.068458,0.7,10,0,1.344262318067762,1.0423854931804957,0.7830928277488794,0.38965737585679505
657,22.449943188991288,12.430875,0.1,10,0,0.66163751713408,1.3234501922017632,1.6834596916223146,3.5223243796018195
658,31.679712157555862,15.850208,0.25,6,6,1.3414440005988642,1.052839248124827,1.3848809214028945,0.3467301016962837
659,26.04671127382906,15.453334,0.25,10,0,0.5336690867053,0.928797784185703,1.4583051000303413,1.5872058132239881
660,23.0273008458528,12.388958,0.4,8,0,1.0548652653418173,0.7515659684879328,0.791953659556369,2.664417263424598
661,31.191200605984093,19.133375,0.5,8,6,1.4007806623123276,1.1498593451381622,1.1643790568165688,1.3118619628100743
662,25.09468501451837,13.875208,0.25,8,6,1.170031795532717,0.7082073576163382,0.6177426030844753,4.312925700218048
663,31.338530488574676,18.952583,0.4,6,6,1.9232269185581283,1.988987271571669,1.4144018278604373,2.5742157328968567
664,30.637451079409164,22.074917,0.5,8,8,1.1578408557410755,1.2857806706385944,1.647616617999544,2.557228599515745
665,27.535349072086856,14.044583,0.5,8,8,1.0705180107741716,1.4339411127109916,1.9714179197644484,4.542103429443733
666,22.449943188991288,16.027667,0.1,10,0,0.8207197633754089,1.9763346288572414,1.1544088695222747,4.444661539882308
667,23.066784496906955,11.054375,0.25,10,0,0.9292111595121679,1.93960181089611,1.7626825969038902,3.409760638806803
668,30.87561545259437,17.929792,0.5,8,8,1.6041231117060355,1.878643702615812,1.7359252587732583,3.0618236583439855
669,35.805706350208304,17.906333,0.7,10,8,1.4605569165964973,1.7838057465201915,0.6789920764574748,4.723803845070702
670,36.975445019568234,15.127125,0.7,6,6,1.3179700239172074,1.313607393921246,1.0646192522427556,2.860177018262089
671,28.063218028026768,17.695041,0.25,6,6,0.9401737799202925,1.8440975643788937,1.697781109494802,3.466725478731086
672,42.11147582375963,16.854708,0.7,6,6,1.5285069328889214,1.5655912786093586,1.4934153882343,0.416946172068281
673,29.28206665825022,15.991542,0.4,8,8,1.6298563134676716,1.7935517706222317,1.3141972394808357,1.7707126304087295
674,25.388524176240374,16.124,0.1,8,8,0.517570205718737,1.0312893124222187,1.46621143088311,1.0393510784940414
675,41.30065648276733,17.06025,0.7,10,0,0.8252674000243254,0.6409486098273208,1.4155852558790953,1.0222708555779403
676,27.565837646761775,15.997542,0.1,10,8,1.8843728773351103,1.656742037781169,1.4069121151076094,3.8690440069915084
677,23.47102638555738,10.61925,0.4,10,8,0.5703976182447636,0.5721219430395565,1.9079703312179928,4.570498584792266
678,34.496780709506375,23.324542,0.7,8,6,1.7229426501424074,1.2295150489197135,1.9499210508841742,1.914310313002524
679,28.034812523671253,12.553417,0.4,6,6,0.6651259547425501,0.5343475125191106,1.1334123933053628,1.5136384607189162
680,27.539420527711147,14.43175,0.25,10,8,0.8523315421278534,1.713483096037065,1.326482447845632,1.2221629709126636
681,42.263287463704074,16.698542,0.7,6,6,1.8624095184030474,1.5872770050334868,1.5467073995864578,0.13466883400549745
682,25.778184572654965,12.87675,0.5,8,0,1.679810610231092,0.8079042687738442,1.4803736287549207,3.003326285815151
683,27.255112990783992,15.335417,0.4,8,0,1.0233084527435925,0.5286588548214596,0.6375449660935315,1.749361771206754
684,25.080797879055673,17.962209,0.25,8,6,1.290541282108329,1.4604746008026468,0.5634433304888107,3.668603063609514
685,29.821992172705468,12.403375,0.1,8,0,1.0331974691845358,1.6884637559409463,1.2550161784054445,0.9562928502988083
686,41.50549173084207,23.856666,0.5,6,8,1.9044515389353138,1.845427817638413,1.150740509639001,1.9264617387452558
687,29.841939149097335,11.726834,0.7,10,6,0.8292758789986183,1.2425382171455641,0.5637527622991471,4.595872541936567
688,32.00006312334301,17.999042,0.4,6,8,1.5304652964888346,1.6187893381452396,1.0877165084833307,1.3914524116891176
689,35.82047721247317,16.165959,0.7,6,0,1.726880317739698,0.7063510630745651,1.1530983461807396,4.512641792806963
690,29.613369524049993,22.373625,0.1,6,0,1.6713055839424447,1.7720558795903392,1.0859167657945934,0.07703763835197441
691,35.82047721247317,51.318541,0.5,6,6,1.0243009463079957,0.5498973462892713,1.063995752891549,2.9687286509591964
692,26.348756470142657,18.884625,0.25,8,0,1.8397936101732841,1.2594912083085,1.0901364102671491,3.3837050588393685
693,26.113464209064514,10.722042,0.4,6,0,1.012571283777102,1.1461460153414325,0.9209968579712134,4.042284467271834
694,30.846105289736144,25.639416,0.25,8,8,1.9617213356430678,1.2940689612180023,0.8108766288046556,0.8258160764109479
695,31.839919202120946,16.933041,0.1,8,0,0.9684461344500204,1.364192053689545,1.1777393896425625,0.6189190441473014
696,25.63880823128393,16.392167,0.7,8,0,0.8309529593754617,1.3321576396484573,1.4065171490811617,1.4670414904788154
697,31.18529857341245,21.019,0.5,8,6,0.5386948529115478,0.576258366837676,1.8578523801704496,0.6669352774352982
698,33.01533897235198,17.523542,0.1,8,8,1.7339416159759948,1.19128592967778,1.6087551999318563,0.614685395913494
699,36.975445019568234,23.398792,0.5,10,6,1.4529334681752786,0.8755193221201136,0.7608273076382349,3.1206210846951388
700,35.82047721247317,16.185,0.5,6,6,1.555013032716404,0.8485484296490959,0.9339343840193475,4.358422717279837
701,27.816374195177378,21.499875,0.4,10,8,1.3736790370940484,0.8682220286885447,0.7447677560946708,2.735912071191435
702,26.490689306905693,16.883708,0.4,10,6,0.8829994354940188,0.8715724676025627,1.9423828891105248,3.7457332146934523
703,27.019315742961748,13.986,0.1,10,6,1.245920307165451,1.524174389726026,1.5896227761079118,4.0841906590436565
704,27.89994950132559,16.9585,0.25,8,8,0.9426434859431352,0.5787164734449345,0.7337688919808525,2.4394541718469127
705,30.616715061229645,22.075417,0.1,10,6,1.3956572913754943,0.8600017089807523,1.3685894745814982,0.1861198628189381
706,35.82047721247317,18.444333,0.7,10,8,1.138564777075565,0.566145697347314,1.034278284187334,2.945229601542004
707,29.181384926145686,16.872834,0.4,8,8,1.8023334560239013,1.9864685989317095,1.6581966612552066,1.8406623212654716
708,42.11147582375963,16.152292,0.5,6,8,0.8239265389579449,1.804869505152585,0.804420154768013,0.23666460762146624
709,28.32994571392501,18.792083,0.4,6,8,1.1922067596129589,1.270182227762735,1.8113902024159845,2.8558388468239757
710,31.827294533518494,33.340875,0.7,10,6,0.777391385614131,1.9346680461396577,0.8869074469985125,3.436439352118427
711,26.063470521398813,20.434125,0.4,10,0,1.5039426057530296,1.2927003084745252,0.7752403390315832,2.8661858798315882
712,31.334585279636407,13.254583,0.7,8,6,1.3664409315744812,1.7508976522518638,0.8988297363408522,2.897133156858
713,28.563754576442367,17.876,0.4,8,8,1.0927910967037375,1.0862448697521476,1.6885622249820407,2.8489396340547835
714,28.046174725413458,17.34575,0.25,6,6,1.5231262011195803,1.60999548121749,1.8687591442745024,2.8581782564687437
715,45.77133568993814,20.808292,0.1,8,0,0.5225963428938765,0.8274868598406693,1.176480637868409,0.10644069211803664
716,24.342759752556496,12.013083,0.25,8,0,1.5582895407134543,1.200004710876542,0.5712098444344654,2.610196162161613
717,24.519883853048857,12.219167,0.4,10,8,0.7708648193139334,1.7339732416337137,0.7532696066943412,3.769512078346509
718,30.833606867819718,20.301167,0.25,8,8,1.610108992545459,1.485628751228685,0.7888428944332805,1.33064286333051
719,19.751294028531753,14.593042,0.1,8,0,1.148555220212057,1.9981433922777756,0.6231661908072306,4.389601916235446
720,11.299772755965156,6.206542,0.1,10,0,0.629164923232351,1.8169777004430865,1.6008443680398885,4.610552645546052
721,35.82047721247317,19.688458,0.7,6,0,1.3425728264177157,0.5596519184709523,1.357573650365691,3.5622600529359487
722,27.66582502209317,29.3305,0.25,10,8,0.501413191728941,0.8640672401660776,1.0360851868088943,1.900442318822733
723,23.67453604342886,117.123583,0.1,6,8,0.575058183287418,1.5186162114373833,1.8725040394754475,3.7593973900960003
724,20.125236712536296,17.376709,0.1,8,6,0.5685122543466636,1.5013461836907154,0.8970689067880555,4.120156801750576
725,18.64963388461053,12.469666,0.4,8,0,0.7977619738726935,1.417900232075171,1.1514536931774746,4.235806311221561
726,37.01918949627572,18.689083,0.5,6,8,1.3989667691952186,1.8409433986098933,1.3392343147135564,2.9082847058941415
727,30.861633632117154,15.094417,0.25,8,6,1.7597764494177925,1.2749763766260063,1.180667878959718,1.0247596941000299
728,35.82047721247317,16.876625,0.7,10,6,1.1236726238171628,0.8655029568545185,1.6693798684825811,3.186041989000923
729,26.066311071834363,21.203584,0.25,10,0,0.786610112097674,1.4358041559873986,1.9066181056323734,0.9814336363724646
730,31.45505617977528,19.119334,0.5,8,6,1.884455975850631,1.7670297239917676,1.9777942578763688,2.973597517735973
731,31.124889534149727,20.774875,0.5,8,6,1.7294111181955527,1.2463600833442872,0.5493635488974298,2.404227763812963
732,25.705466481504857,11.709583,0.5,8,0,0.526227320962229,0.9218956945982597,0.5425972118972247,1.2811097828564182
733,24.923936371670244,16.358667,0.1,8,8,1.1963392290079637,1.978731076394539,1.516148243866404,4.553258794506113
734,41.78702184067668,19.448583,0.7,6,8,1.9016704768249455,1.7256846984220517,1.6358003170970596,1.506321831308045
735,31.586605226612804,15.086458,0.4,6,8,0.9537239583180053,1.9750790138579624,1.6368539443921626,0.4433266850229056
736,30.62839287968691,18.99525,0.25,10,8,1.8178152747018657,1.1088224775111097,1.5724109213327029,2.5121644865138903
737,28.46263098093675,15.597916,0.7,8,8,0.5550745319441277,1.1093998678604478,1.239952915179219,1.225017994475282
738,31.172200479737405,24.203875,0.1,10,8,0.6717830807733907,0.5948001758485133,1.0678957566414404,0.03731539712897358
739,42.11147582375963,23.654167,0.7,10,0,1.3872549326912575,1.6567515196034752,0.7698791212764892,0.41001675501289525
740,29.841939149097335,12.463333,0.5,10,6,0.656395924873752,0.7541389885386118,0.6468752612074495,3.754929661106086
741,26.04671127382906,11.965667,0.1,10,0,1.686831411873872,1.6919481315256355,1.0224910902409927,3.9026929394543926
742,32.350397677060975,29.206584,0.4,6,6,1.8909278908917886,1.1656868064676216,1.0169725626205302,0.4970306460687107
743,22.490626183562682,20.034,0.1,8,6,0.8530505320848545,1.968773587581778,1.4622553054983332,3.826862359518982
744,23.670748642848125,39.183125,0.1,6,8,0.6422819493307343,1.6440979897127914,1.7496230217921398,3.889323763578342
745,21.779541724529732,31.274084,0.1,8,0,1.1639843818136715,1.0922932641892884,1.9945432046985938,3.4523472878147814
746,28.270388839792954,27.9055,0.25,8,8,1.8247632957501636,0.7617186790512369,1.7115733001129314,3.3253255474471026
747,26.419959601060473,21.371083,0.1,6,0,1.2397620071069584,1.0153202656219007,1.82808322954125,3.594583680375951
748,27.149412952909984,58.006917,0.1,10,6,1.6146261257312615,1.5570038410537343,0.7494952159377657,3.8661560495028735
749,25.096578714808736,12.410667,0.25,8,6,0.7121111525192916,0.6119818308983793,1.0248415576522931,2.4459605628343044
750,27.822907461179145,11.880833,0.4,10,8,1.1728152771956657,0.9143091373507521,1.343610521032633,4.31450030972547
751,27.914657240247443,38.201125,0.1,6,8,1.7600841409475816,1.6158238919057224,1.6456630886827417,4.806411022676552
752,41.30065648276733,27.2505,0.7,10,0,1.4838691055261606,1.4475993678154717,1.6024492317175092,2.126218416808344
753,29.059178134073978,24.021542,0.4,8,8,0.6172147508078227,0.7970508632575355,1.5114445145058102,0.8597729666274428
754,41.310124984219165,23.204125,0.7,6,6,1.3435715599009943,0.5048543763718091,1.1555794987068924,1.410910928272115
755,33.844590329503845,75.193458,0.5,8,8,1.1456549466250476,0.6335592343629755,1.6390709616511812,0.6743596334531804
756,31.76240373690191,49.416958,0.4,6,8,1.7787475325939606,1.6041004706070525,0.8935963453032065,1.593384632594625
757,28.51628582249716,27.577917,0.5,8,6,0.5697225356125241,1.4846837958337167,1.552315968398708,1.1703802441957534
758,35.805706350208304,27.53825,0.7,10,0,1.0020361730136322,1.8130463527371055,1.6582611175083397,4.313716298052358
759,41.93946471405126,155.104042,0.7,10,8,1.8766837215693424,1.742605557562135,0.7942923264739034,1.0304310022261727
760,29.84850397677061,754.033584,0.5,6,8,0.5764062296260994,0.539310149909541,1.5187314939628438,2.9242904468194757
761,29.84092917560914,134.655208,0.7,6,8,0.7171254125772082,1.6089700237434448,1.3750265278888039,4.4238256516338375
762,35.82104532256028,80.923084,0.7,6,6,1.0503378985610552,0.7776926204754722,0.542226151038032,2.5426045767533365
763,27.808988764044948,33.433791,0.1,10,8,1.7594962584547655,0.6841372412152031,0.8640547692953031,4.5286825865135825
764,27.566973866935992,34.754625,0.25,10,6,1.5719791821466205,1.5891614025334895,1.5288894163232785,4.070194748940262
765,26.67532508521651,23.268333,0.4,6,6,0.9422798711110899,0.835531674740648,1.909405501487124,4.940087009354559
766,41.78702184067668,47.18875,0.5,10,0,1.7483509495198524,1.9377162745410017,1.8843110343793288,1.3454250654792062
767,41.30065648276733,25.424917,0.7,10,0,1.4115004920560266,1.5248602058657128,0.5516560210498784,1.714951913870451
768,41.7876530741068,18.106375,0.5,10,6,1.6696216941450528,1.4463080209504993,0.7918199585216783,1.0913209019177883
769,27.260446913268527,20.453333,0.4,8,0,1.7499840399721585,1.6955934288859908,1.9793381354218251,2.3139867051943934
770,26.34866178512814,19.523459,0.4,6,0,1.2322439388238804,1.157785455191941,0.6631269162272068,4.122378630157889
771,30.781151369776545,18.244,0.1,10,6,0.5903908227674763,0.5591642007939177,0.8939298229215912,0.8086951332018105
772,28.489458401716956,18.757958,0.4,8,8,1.4575113797868164,1.8807052938478848,1.8037518452971728,3.980511931938387
773,41.622269915414726,20.542792,0.5,10,6,1.3075002005876286,1.201340012939714,1.1398595041399222,1.236702519542146
774,31.214808736270673,19.858417,0.5,8,6,1.8550533279282746,1.6505298913415796,0.9144958771677134,3.2125166492756954
775,31.099293018558264,29.003958,0.1,6,8,1.8058855809674146,0.5852112342743917,0.6475504737383576,2.236649209697012
776,34.33619492488322,36.464958,0.7,8,8,1.5751637793844622,0.798785467767518,1.437681046152326,1.076583987165309
777,31.51275091528847,26.060584,0.25,6,6,1.3296423392502617,0.801922019480562,0.5540504437004884,1.8048695729771924
778,22.802518621386188,22.433458,0.4,8,6,0.7372735375766004,0.9523123717389763,0.7516972145860105,3.5337455186270046
779,30.750284055043554,23.175584,0.5,8,8,1.944612024054745,1.0510505837937565,0.5750016425384332,3.8731700485665232
780,27.99646509279131,28.383958,0.1,8,8,0.6050333220444413,1.0510082272772168,1.8809359503248437,0.8259741808987586
781,41.7876530741068,16.468916,0.5,6,8,1.142987516384541,1.1169122994514664,0.7371662824113749,0.7903359849363906
782,28.180532761015023,19.414833,0.4,6,6,0.9115995214320352,0.8643497645752758,0.8450066318969432,2.272871359509127
783,26.04671127382906,10.804917,0.1,10,0,1.0309218000166762,1.896820565506468,0.7563567490600606,2.9777484696848733
784,31.238984976644364,18.729083,0.7,6,8,0.5096379958882463,1.3720598640409714,1.4272830915265375,2.7829170253879627
785,25.799394015907083,18.9545,0.5,8,0,1.4765453614889448,1.5258629479236805,0.919724701148118,2.8039079872094312
786,26.36627319782856,20.878667,0.25,6,0,1.847638349212251,0.8500096870837536,1.0601193647344598,4.502045255882607
787,22.538915540967047,23.475958,0.1,8,8,0.6564438964483361,0.8472101077788015,1.0540130577725324,4.699680606044877
788,22.28052013634642,31.877666,0.25,8,0,1.295971418912436,0.8657228483124983,1.3253249348768334,3.7230010776766607
789,26.14556242898624,12.441708,0.25,10,0,0.6264358559151249,1.3365578020350404,1.151427462274004,0.5768812395997719
790,31.253629592223202,27.694,0.1,6,8,1.803916674389947,1.389638450508387,1.5492174745034961,1.614805432257973
791,31.577452341876025,16.261209,0.1,6,8,0.922759042289757,1.918402505706795,1.6868007075288272,0.6803917574324214
792,26.04671127382906,25.7765,0.4,10,0,1.5563963801496823,0.6811272201657484,1.5019945978377112,4.2229960398121555
793,41.739363716702435,26.406208,0.5,10,8,1.7200513762854241,1.216450208018523,1.0684468372831362,0.20485465230218047
794,27.98680722131044,123.820166,0.1,6,8,1.7673633881583692,1.049025906379244,1.084838528656165,4.375042690605534
795,27.66582502209317,15.3945,0.25,10,8,1.1815919773866954,1.2516342946718668,1.0216494903586146,4.563937065446878
796,26.365705087741446,21.659375,0.25,6,0,0.9923937101981626,1.2313712671019839,1.5089602793187074,3.087696201494832
797,30.985355384421158,23.313,0.25,6,8,1.8358564142918659,1.7746199263986437,1.1984681654331286,2.089898167842221
798,25.92444135841434,18.955667,0.4,8,6,1.3274670810379001,1.210659530573905,1.2954767311207873,3.422332735291649
799,37.01918949627572,23.032833,0.7,6,8,0.9257409949394262,1.4538411900536008,1.2410461375558686,1.6706849632091076
800,28.147866431006186,15.875958,0.25,6,6,0.7021388191382671,0.6477416378722141,0.7734387152438283,2.1962315376034964
801,27.626625426082562,18.744417,0.1,10,8,1.1996977725246678,1.7624817844941507,1.8592508295357002,3.4881187817728714
802,23.8628960989774,12.53625,0.1,6,6,0.8369410266826924,1.4119984067632587,1.4150102167839729,4.676435439637622
803,24.90752430248706,46.627709,0.1,8,8,1.3850367840929472,1.4687191188833348,1.1825394897083439,4.8744350416868585
804,42.18375205150865,20.192625,0.5,10,0,1.443684479752357,1.5096660956552563,1.5817593284030278,0.16731266341371065
805,27.952152505996718,18.242417,0.4,6,8,1.3936160044882862,1.3006912371352173,1.455992971020411,3.7167726258203415
806,36.975445019568234,16.683375,0.5,10,6,1.436755231025433,1.6745464017828038,1.248506867403009,3.22491564995489
807,25.296364095442495,18.402833,0.25,8,6,1.7877580899988623,1.6238530692200726,1.1258695138280936,3.6273273888354085
808,23.293271051634896,19.086959,0.4,6,8,0.7690159716805088,1.7959755502987673,1.7976700391715341,4.917860986069133
809,19.74119429364979,15.769,0.1,8,0,1.2709777759010468,0.8278152057977854,1.5232307025815195,4.93390616802507
810,27.975981567983837,16.277417,0.1,8,8,1.4141693733820224,0.9177332933097966,1.7100832996493485,1.3387908222997318
811,37.01918949627572,16.648792,0.5,10,0,0.8878858466502191,0.6206377503591063,0.9443725351297159,1.7508418358900708
812,28.316563565206412,19.234916,0.25,8,8,1.9472520028415268,1.9566256409420208,1.468843832808525,2.66910827786044
813,25.779667971215755,12.598583,0.1,8,0,0.7455335029667001,1.6129416405824262,1.209587407073533,1.2249999478269213
814,33.87488953414973,21.512458,0.5,8,8,1.8831592987980956,0.8861183285884244,1.4112740639678256,0.7833086538701417
815,42.1670243656104,21.249459,0.5,6,6,1.7869573481309078,1.7314552626035264,0.9751905144295715,0.28589951047900797
816,37.01918949627572,19.904917,0.5,10,6,1.4233810729534224,1.9022163215188683,0.9430199966629573,2.9032723714706927
817,30.76757985102891,13.94975,0.25,10,8,1.95558828677584,0.9172500370898672,1.9961974515006722,1.8240799266050285
818,45.240405251862136,18.94,0.5,8,0,1.7674173292286506,1.8645493645487674,1.5974693761831857,0.4667051463332639
819,25.69751294028532,13.423084,0.5,8,0,1.8888428123973804,0.9614889102188944,0.5243255091610612,4.468759874510682
820,37.01918949627572,20.510667,0.5,6,0,1.960573962018545,1.8191117269401909,1.5019580446230718,3.9053143942088027
821,30.537053402348185,18.8005,0.1,8,8,1.6101096606150345,1.2954446949717524,1.3942984205975941,0.8895087945072089
822,30.630917813407397,16.315,0.1,10,8,1.8474401952949489,1.97111933165262,1.256771035759801,3.063523064825513
823,22.449943188991288,15.942458,0.25,10,0,0.7057080594074439,1.7736674926215188,1.3242342412925536,4.0724487097607
824,21.19082186592602,10.011208,0.5,8,0,1.0562597751078708,0.8462880952895346,1.056839429502904,4.078905832468734
825,28.96004292387325,14.074834,0.4,10,0,1.8963053538069965,0.9834632496188731,1.9870055897968848,2.971533508871537
826,22.654210326978916,13.828167,0.25,6,0,0.8352820877547935,0.8945783301323358,0.788876892924245,4.656645244012486
827,23.519599798005302,11.931291,0.5,8,0,0.7223610300962225,0.8698545260662183,1.6015422899156184,1.997340655573245
828,41.310124984219165,19.479625,0.7,6,0,1.656604101491981,1.7793585951307243,1.8033899816444987,1.7965910797785662
829,29.524681227117785,12.466625,0.25,6,0,1.973730326977594,0.819620493179184,1.4159321907247329,0.5013788112661194
830,27.313375836384296,18.174709,0.4,8,0,1.1142967740390115,1.2014378931759027,1.3627594955863156,1.5267057102632031
831,42.1670243656104,18.412708,0.5,10,6,1.9097405437205752,1.5631813452518089,0.7461300015037465,0.3264424912856728
832,42.02404999368767,18.6355,0.7,10,0,1.6166946038283272,1.6488322832051365,1.486225095488459,0.5863376761686606
833,28.06577452341876,11.859375,0.4,10,6,0.9357455229662696,1.937087910881345,0.860347703591881,3.3893451482767665
834,37.64808736270673,15.358666,0.4,8,0,1.3563698203731454,1.4068685825444054,0.7199567663312139,0.7634669144977574
835,26.03995707612675,16.479791,0.4,8,6,1.050198241990068,1.6329108512141493,1.901228332244675,3.1532618534924945
836,26.382748390354752,13.890916,0.4,6,0,1.0454625086873364,0.5163344930662441,1.8353549196507333,2.092168747357526
837,35.82047721247317,16.791292,0.5,10,0,1.9084084336914982,1.16678343169104,1.8839368986761331,4.996695641513977
838,23.590424188865043,10.739958,0.5,8,0,0.8295033466386142,1.2238839687259875,1.8541420601995824,1.8484525371623457
839,26.366841307915667,12.009167,0.25,6,0,1.0730293588586335,0.8924667151152506,0.540286116637914,2.4999030980767745
840,31.00429238732483,17.4605,0.1,6,8,1.4425844235982006,1.825268739752661,1.7049275627042257,1.7546885868892437
841,26.06318646635526,15.32925,0.4,10,0,0.5256763257165264,0.8989770747333115,0.8119027768587189,1.1350140209288329
842,26.478474940032825,11.444792,0.1,6,0,0.5902988569180414,1.406450724387692,1.0354380054692318,0.5661074682562689
843,31.581429112485797,19.8585,0.5,8,6,0.6359844418685374,0.9879708737479405,0.9535406348701623,0.39250274128356966
844,28.020325716449943,20.410042,0.7,8,0,1.9398754567894936,1.298900870471539,0.9219538009207283,2.8483715395351923
845,31.827294533518494,42.372375,0.7,6,8,0.7139991021385506,1.4704810612086212,1.1124173856903963,2.4040755589743497
846,28.612864537305896,11.803833,0.4,6,6,1.7319584760919975,1.9977835159235307,1.2057995570745335,3.42931683603314
847,42.19164246938518,15.63825,0.5,10,6,1.6794095159761326,1.396006767169645,1.3405187087794048,0.15566172325042704
848,57.752872112107056,43.38125,0.1,8,0,1.5587266212149,1.2527250785412054,0.5962569672731239,0.0993328195256643
849,37.14133316500442,20.494166,0.7,6,0,1.1446143249104752,1.8560266706064694,1.7515180634527567,2.0714501666976304
850,41.93946471405126,60.289125,0.5,6,0,1.3741463428366216,0.8579676676310097,1.7133208539864364,0.7423075288778974
851,27.266159575811134,29.71625,0.1,10,8,0.7276531263399255,0.5245440586685506,1.1010091941791822,3.207902311016509
852,27.882843075369273,20.98175,0.4,10,8,1.4876761063193873,1.9521452567654114,0.7881751601952265,3.151703096275802
853,36.975445019568234,18.23025,0.7,6,8,1.0745838627845703,1.1232468483506408,1.4913674826601206,2.3793659019162265
854,34.67090645120566,19.457625,0.4,8,8,1.9064860422262802,1.9238068045124974,0.6306814610385336,0.17384617229001087
855,26.3603080419139,14.310375,0.1,6,0,0.8315697995356145,1.3265900228129064,1.9489038470447246,2.5694199592355367
856,30.48175735386946,41.96825,0.1,8,8,1.5329603682250574,0.7685481051421305,1.4183649806279217,0.508892647729805
857,31.07562176492867,26.769042,0.1,6,8,1.5203195494904194,0.7310293005189745,1.270999949731484,2.6985889440559423
858,26.046269410427975,16.735333,0.4,8,8,1.2454587411174178,1.8363081391951606,0.7353657798701999,3.4299338781287196
859,35.82047721247317,11.334916,0.5,10,6,1.3550824558468568,1.4014641815063418,1.4024170842469996,3.611124372468443
860,37.01918949627572,18.560458,0.7,6,0,1.3552481191717698,1.757652479895218,1.805713770325168,2.5250623113742647
861,27.377225097841183,10.932416,0.25,10,6,1.1468080953290152,1.593851289351256,0.7294987077542486,3.3190268937634695
862,18.150738543113242,11.909958,0.1,10,6,0.5847274952385282,1.9157066182574565,0.558864585223982,4.156523901015499
863,30.568110087110213,12.751041,0.1,10,6,1.994051467524128,0.6696553325218801,1.967080087070048,2.0034863863544587
864,29.123847998990023,15.771083,0.25,10,0,1.5444312055565859,1.014119833901782,1.9554247874669977,0.5186340329287925
865,31.81921474561293,16.651458,0.5,10,0,0.6368765980439579,1.594861642312285,1.7543784625648253,3.209677404461181
866,27.65787148087363,11.21925,0.25,10,8,1.473223409060201,1.6308402800603443,0.7161248263881791,4.828342145972879
867,23.51196187350082,15.777416,0.5,8,0,1.5054234630065833,1.9988683807036207,1.4534367479662327,4.322969276598764
868,28.05169801792703,15.078,0.7,8,6,1.4397019955053925,1.1014856346662765,1.8901964267887883,4.499443069765302
869,22.654210326978916,12.0975,0.25,6,0,0.5002483552532981,1.6919814028603433,0.5793593396135437,3.3250652097937277
870,34.485544754450196,17.555708,0.5,8,0,1.3172874338661364,1.9841920515626845,0.6934697726109872,0.8572857219639091
871,35.82047721247317,18.662208,0.5,6,0,1.7739199211284609,1.4947150851955189,1.3235568699307545,4.660932688593008
872,25.487406893069057,11.467291,0.25,6,0,0.7505243484436757,0.5244795241382608,1.867077108158436,3.226718090905842
873,37.170590834490596,21.406625,0.5,10,8,1.144164740531096,1.828962318217693,1.6003385848323286,1.6773262613991817
874,29.84092917560914,14.265167,0.4,10,6,0.6373543283409665,1.8694231921740234,0.6367757688032568,4.476492332459299
875,29.834364347935868,15.967708,0.7,10,6,0.5419972564201339,1.1579707387928295,1.0892004682599092,4.204967181079976
876,26.28190884989269,12.104625,0.25,6,0,1.1296333350701884,1.624144561086252,0.9915751923634998,4.219747146697627
877,26.365705087741446,19.268917,0.25,6,0,1.647357647983667,1.847653959444214,1.7272373471059408,4.966757390288725
878,23.47658123974246,18.790333,0.25,10,8,0.6925305014129886,0.8817388340613436,0.9309274830594514,4.524564190709306
879,26.0654589067037,17.944833,0.1,10,0,1.056080695721663,0.8951497679424962,0.5145260353321562,2.0672721179636206
880,31.852038883979294,19.169916,0.4,8,8,1.038525112881603,0.8954716278734086,0.6738310712569285,1.2932698841108419
881,27.86949248832218,25.219083,0.25,6,8,0.9575204499839878,1.1671753780172742,0.8537899140136578,3.0262424142093582
882,41.93946471405126,23.497542,0.7,10,0,1.0217520266005333,0.6901971660271137,0.6329215047148039,0.49675720372582
883,31.00145183688928,47.069625,0.4,10,6,1.8842619677934689,1.500472081968667,1.9202236643606643,2.009125525461484
884,39.56577452341876,22.907625,0.5,8,8,1.3959391543939688,0.6598550963921355,1.280212648430323,0.027277175211051774
885,35.805706350208304,21.16175,0.7,10,8,0.9980440805787623,1.3580184510745812,1.9325176007381932,3.87230375798066
886,19.986870344653454,12.529,0.4,8,6,0.5838647949871885,0.6474282555766464,0.9992662054624433,4.725256329163272
887,41.93946471405126,20.032458,0.5,6,0,1.190527495262002,1.9753824878161212,1.552702028973431,0.6672394623530087
888,18.60787779320793,15.01625,0.4,8,0,0.8413194675661593,1.3595175488319575,1.607858530018015,4.654313088475243
889,27.68179522787527,12.896875,0.5,8,8,1.2056705790919422,0.5186577124050212,0.8475455888309911,4.579906581447709
890,41.70243656104027,18.660667,0.5,10,0,1.708873048630995,1.3820772030261521,0.5521892360914981,0.026584581342330993
891,31.45751799015276,21.017791,0.25,6,8,1.2855350498816511,1.9355072584589326,0.9849769100996877,0.7296840026184775
892,25.104469132685267,18.110083,0.25,8,6,1.4109275621737785,1.4996029402882527,1.6575056577538483,3.6279499067096745
893,27.979705845221563,16.143041,0.1,6,8,0.6163311457244738,1.5148511472121848,1.0203339291688578,0.8702355340869361
894,31.487343769726046,13.471791,0.7,8,6,1.722968036367929,1.9981454834916068,0.8521435437136144,2.6780015073838075
895,33.52329251357152,65.189333,0.25,8,6,1.5049796160827733,1.2541416097170903,1.3768684634275539,0.060395850565749254
896,35.82104532256028,23.186,0.7,10,6,1.680130237490636,1.0336564320194936,0.8150373810474454,3.911460905142895
897,28.957802045196313,21.053167,0.4,8,6,1.8382835855121609,0.9074806804628599,0.9798203004312569,1.2407087149154887
898,35.805706350208304,23.019417,0.7,10,8,0.6928495034701365,0.9344716137841145,1.2822318049644803,2.91143993729266
899,28.127982577957326,16.559958,0.1,6,6,1.1949194115222121,0.6597981911999057,1.951735293078662,3.62204183702438
900,32.23314606741573,14.87325,0.7,8,0,1.28540510738937,1.0488407426920472,1.3718579204482098,1.098286746734225
901,42.1922737028153,19.550375,0.5,6,0,1.4210949368758654,0.6352517645209339,1.7453765276148057,0.10042107994206684
902,30.80324453983083,16.475458,0.1,6,6,1.4358896084364756,1.085403722692257,1.5023389171717534,1.85249200827856
903,34.35292261078146,18.33025,0.4,8,6,1.3258971332522802,0.5637776272182848,0.7858879083342232,0.0555136304604148
904,26.06318646635526,13.656625,0.4,10,0,1.3794354269754532,1.4682413482666978,0.9610375749906277,2.7722925597015706
905,26.365705087741446,14.20375,0.25,6,0,1.0915317343328268,1.238909245277768,1.42194059719046,3.3146735998805186
906,35.805706350208304,16.189709,0.7,10,0,0.9365094759290089,0.6702050496036471,0.8498501443460416,3.4452857428428714
907,22.44233682615831,17.063875,0.1,8,6,1.3650259965486198,0.7470023966127927,1.0373320879110206,4.756130330756853
908,27.547942179017802,17.529542,0.25,10,6,1.2288509356416901,1.9329197186372782,1.4857200682899914,2.3941342566508927
909,30.586415856583763,18.798916,0.5,8,8,1.146136590113917,0.740396064025282,1.2629444011502629,2.735126527722129
910,25.097525564953923,13.276125,0.25,8,6,1.5750246280245337,0.9041384618797494,1.7635752305132069,4.987651894946665
911,23.59840929175609,13.803042,0.7,8,0,1.295490899841607,1.073273232024754,1.0878098791701272,3.5488078696096332
912,29.731315490468372,22.928958,0.4,8,8,0.9080546999676188,1.7719019145671788,0.8977235085799442,2.1058935109428227
913,30.69056937255397,34.991125,0.5,8,8,1.6512702203809848,0.8402217067652148,1.2979103210049705,3.2015961972432567
914,27.755586415856584,24.243667,0.1,6,6,1.5574903492339596,0.9737934918999432,1.9969136639370875,3.4780730099731665
915,41.93820224719101,20.027,0.5,6,0,0.8469125426317439,0.6064070514192481,1.0784899371553296,0.47050928210605303
916,42.12725665951269,21.8635,0.7,10,0,1.2900885308040841,1.446475684283807,1.0315195737137903,0.27054410242189686
917,25.247127887892944,16.40875,0.25,8,6,1.4336999337317153,1.8611055852815082,1.229782857596177,3.1116923590174284
918,27.766380507511677,17.889833,0.25,10,8,0.8695194626637242,1.7010738915896118,1.5391787759677655,0.8139603371679749
919,14.194672389849767,10.795667,0.1,8,6,0.5073976101500266,1.518429542361262,1.8877613661743855,4.929331880041964
920,35.805706350208304,21.975,0.7,10,8,0.9013902159746356,0.5894531159605465,0.903989327097305,3.6633587202640845
921,20.192399949501326,12.213625,0.4,8,6,0.5759858816707313,0.9340145858686595,0.7172785689225496,4.122073716815584
922,37.808105037242775,19.530916,0.1,8,0,0.9059971287643117,0.7120466623644047,1.566887194723038,0.37430409814728116
923,26.04671127382906,10.151833,0.25,10,0,1.3573739185010272,0.6167884796794886,1.8763395129934426,3.386790508872892
924,31.381769978538063,14.508458,0.4,10,6,1.0187133441193639,1.830608995630856,0.7687268112341548,0.9242466006126443
925,26.376215124352985,17.211917,0.25,6,0,1.3074551861744688,1.5479201921693433,1.0554113450772595,2.7049055381664444
926,31.431006186087615,14.674,0.4,10,6,0.5752912669229389,1.7100216564592468,1.6343569649129073,0.05927903996592099
927,35.805706350208304,16.135417,0.5,10,8,1.2271064408554537,0.8428634974904183,0.8059936429582744,4.034591680774836
928,27.847336194924885,15.306959,0.4,10,6,0.9502817390683203,0.9248936314148104,1.8270972905232226,2.161817538402512
929,26.382748390354752,14.197042,0.4,6,0,1.3225677188057212,1.577092341339552,1.5762991362893688,2.6691848716485636
930,34.247191011235955,16.884917,0.7,8,0,1.8959372742018334,1.3928053414506978,1.5642970605400799,1.2716411419879725
931,31.67687160712031,22.218125,0.1,6,8,1.0058572604761071,0.8000650513663887,0.946375388037388,0.15650131158026936
932,37.01918949627572,22.647875,0.7,6,8,1.590255663118235,1.754779495359621,0.6158278914759058,3.197413822087409
933,25.8221815427345,19.080667,0.4,8,6,1.6560261301301946,1.6685057729191735,1.2853334998124883,4.7194342392377155
934,27.405062492109582,15.607333,0.25,10,8,1.1969393981253043,0.7902602254433684,0.8970223862126425,4.384091597208493
935,28.157808357530616,20.212167,0.1,6,8,1.0884088302381392,0.9602791573305507,0.5923917929989733,3.242410610322402
936,31.827294533518494,17.538042,0.7,10,6,0.8595094951928373,1.0929557118450508,1.521554451102933,3.670129250601764
937,23.50397677060977,11.735334,0.5,8,0,1.1148101277566627,0.827946975902645,1.3159897299713195,3.1083982535683807
938,31.271935361696755,17.778917,0.4,6,6,1.3006451808136612,0.8342123222276844,0.6874127383632105,1.339337299518752
939,28.367156924630727,15.051209,0.4,6,6,0.997824724676603,1.7427456001339499,0.7290665353830128,2.011225688567562
940,20.12845600302992,9.62775,0.25,8,0,0.9869874784051518,1.8700432282905215,1.3869739477508678,3.6254872343361564
941,35.82047721247317,15.864125,0.5,10,8,1.6443158976375258,1.6235467627413498,1.7697718767168227,4.758194352011345
942,35.82047721247317,15.660292,0.7,6,8,1.4569422339725813,1.473213584629263,1.2827491163381948,3.912428275761059
943,30.008711021335692,19.807916,0.5,8,0,1.1568029103928175,1.6625504738117258,0.6676898531977068,1.132885433428349
944,19.77433404873122,9.808833,0.1,8,0,0.9006906947455904,1.0880304819446813,1.1059126100590935,3.4178951830786835
945,37.17030677944704,20.062084,0.7,6,0,1.6722186966255457,1.8239439522597436,1.2742370380344483,2.642719348256319
946,23.592507259184444,12.746333,0.7,8,0,1.0729625546909747,0.8658382810218191,0.9758047952254008,2.9145748128353484
947,25.190632495896985,13.554833,0.25,8,8,1.5704624480790415,1.9802862378653692,1.7544326950065892,4.900091995163521
948,25.030362327988893,17.788583,0.7,8,8,0.5677675887740637,1.964130566256361,1.0288230747745932,2.6775233699453094
949,31.81921474561293,15.319584,0.5,6,6,0.9176528351328421,0.7754867930783482,1.535904811258828,4.088666892715007
950,41.78702184067668,20.02425,0.7,6,6,1.5994614768626585,1.508618601631357,0.5814778485294863,1.2141993758997343
951,29.387703572781216,15.920667,0.25,6,0,1.5398032412473217,0.7641413781093402,1.239451028622243,2.1587989734579986
952,27.822623406135587,25.958333,0.25,10,8,1.3073725693966884,1.9546707732938664,0.5709646826761421,2.3809173383603355
953,35.805706350208304,14.559042,0.5,6,8,1.2383956639753424,0.7257358950276476,1.214263254155938,4.092179682421561
954,30.48630223456634,17.799917,0.1,8,8,1.6790145584423637,1.4419630599726463,0.7032060336979465,0.9125936305063931
955,31.536422168918065,18.251792,0.7,10,8,0.9395881633102829,1.4179517422497867,1.5087378508198366,4.417476467021315
956,23.022787526827422,14.567,0.4,8,0,1.2165548421190857,1.9977260362569083,0.9949046944529749,3.320636453450962
957,37.17030677944704,21.51875,0.7,10,6,1.1447990311722158,1.394631232875911,1.9773580099692798,1.8917012435654472
958,20.276795859108702,18.126375,0.25,8,0,0.8116780012467759,0.5112677148135656,1.09220645579681,2.700618418930583
959,37.170590834490596,19.747792,0.7,6,8,1.5921577657008767,1.9060295189591758,1.0093382060106124,2.443248019459177
960,42.02404999368767,23.563542,0.7,6,0,1.614044074992136,0.8173898632205316,1.693441363820118,0.6195747028773757
961,24.955182426461306,20.602167,0.1,8,6,1.5018334242691043,1.3117198606019635,1.0122355444791913,4.74024507163668
962,26.382748390354752,16.307583,0.4,6,0,0.7049013942513794,1.594127156598738,0.6612296313399446,1.4069071877426347
963,20.87015528342381,13.862709,0.4,8,0,0.9810781480066072,1.5981960721836606,0.5903330591767266,3.0126462822699573
964,35.805706350208304,21.078083,0.5,10,8,1.5570377751940399,1.2033965932181663,0.7792868596780136,4.929600976944963
965,30.062176492867064,18.00475,0.7,8,0,1.4849630987785927,1.6724983898800065,0.5970063507365404,1.7272870228608745
966,27.62624668602449,20.77625,0.5,8,8,1.4319840109387085,1.756451274100885,0.5827299265583443,4.461400226306532
967,27.994760762529985,18.812625,0.25,6,8,1.5188448993990602,1.598622174907379,1.5727601738680914,3.448083588458361
968,27.857278121449312,34.367833,0.25,6,6,1.3125004581638546,1.7608984099350353,1.7751515859503506,4.929874096473707
969,27.88880823128393,27.567583,0.1,6,6,0.744265693043942,1.430159575030706,0.7914259595665507,0.3149238571362073
970,19.18820224719101,11.559625,0.5,8,0,0.5122284517329521,1.0065449002911024,0.5668204987957051,2.3965121284489137
971,29.313218028026764,20.263458,0.1,6,0,1.730976467273976,0.519139754394021,0.9009895620599169,2.8253265007072894
972,24.93056432268653,14.185375,0.1,8,8,1.3768889686240378,0.9566608401114415,0.5404848593120659,4.066250039459783
973,37.01918949627572,24.5525,0.5,6,8,1.3858282722699484,1.7172741438989831,1.0358390044841848,2.6986622401412714
974,31.645941169044313,19.09475,0.4,6,8,0.6781895168277576,1.0484394221157243,1.8510679958552179,0.145761267683977
975,37.01918949627572,21.450666,0.5,6,0,1.4559694692261043,0.674407293930888,0.9755475333298691,2.9603000390181218
976,31.783360686781972,21.831292,0.1,8,0,1.7949198983689312,0.7855525217489301,0.5183973419996825,1.5077252418577292
977,41.93946471405126,22.046375,0.7,6,8,1.8953117462534057,1.264330414176829,1.687574080870728,0.9951162021111409
978,29.70931700542861,19.566458,0.4,6,0,1.7447128264772436,1.391191901425729,1.0212598787655882,0.07814644265584647
979,29.117535664688802,13.978916,0.25,10,0,0.8756187885007811,1.8454615046278513,1.425351306218004,0.6060728892186001
980,37.17911248579725,19.495417,0.7,10,6,0.7588876672437475,1.7183900401517582,1.8828105961168184,0.8930229811434776
981,23.707360181795227,15.81,0.25,6,6,0.735886843724082,1.7037828582091843,1.906576430147581,3.244721035313112
982,37.17030677944704,21.10175,0.5,10,8,1.8843632243269322,1.0937069127239223,1.4742834393109445,2.9906316662952612
983,29.841939149097335,14.883625,0.5,6,8,0.7159245195228386,1.2062075216420332,1.1447406546173673,4.275063584171251
984,27.84449564448933,16.3785,0.4,6,6,0.5777494173871531,0.5223932417990651,0.711837050189309,1.9053478454036832
985,31.663931321802803,20.478875,0.4,6,8,1.4887618109285679,1.6870269878768882,0.5932922336125674,0.9448933092394529
986,42.17807095063755,19.582041,0.5,6,8,1.2569302957533546,1.1341480001201782,1.4366751064793515,0.2316797436976581
987,20.73841686655725,17.244833,0.25,6,6,0.5781638544785535,1.8066903401130898,1.7989157085966985,4.8589208483932245
988,27.872869587173337,17.14,0.1,8,6,1.372349806946032,1.9081245754670517,1.290132332142946,0.7047226865661654
989,28.962567857593736,17.452875,0.25,10,0,0.6011114622398221,0.6770529485045789,0.8763857373422612,0.7555079041090407
990,29.841939149097335,18.007208,0.7,10,6,0.61108565959007,0.6584430032905211,0.6576467767630965,3.3820293082348307
991,41.310124984219165,20.474917,0.7,10,0,1.8035425421709625,1.3108889614208983,0.6135874433063933,1.9391716901339868
992,30.348062113369522,22.911083,0.1,8,6,1.4228388134475667,1.1568625469905083,1.009633018566679,0.41963490945593984
993,35.82104532256028,13.408792,0.5,6,6,1.9339677308397487,1.9764278827377786,1.5985025301374345,4.783501778702931
994,25.51918949627572,22.276708,0.25,8,8,1.9048048822699561,1.8394889212333276,0.7799619994921592,4.62873050051475
995,26.37081807852544,17.360542,0.4,6,0,0.8465920092308085,1.0087139120608524,1.2755203932484633,2.1261481320574473
996,23.796616588814544,14.924167,0.1,8,0,1.0059490883929985,1.7108321507086766,1.9145498381746748,1.6343674703672717
997,28.643952783739426,14.308125,0.4,8,6,1.9489058073714043,0.9026036448229154,1.7395458235307937,3.8474887204139603
998,30.943062744602955,21.135291,0.25,10,8,0.7210380306283888,1.6077686953456953,1.209635520292057,0.15834946885104728
999,26.04671127382906,19.3945,0.4,10,0,1.7937322581150532,1.6871298112957183,0.5936087210921491,4.876616497674183
