t,s1,s2,s3,c_diag,rhs_seed,chosen_strong_threshold,chosen_coarsen_type,chosen_interp_type,wu_linucb,wu_default,pred_mean,pred_uncert
1,1.8461586234546854,1.9324879868230211,1.5054949354079377,0.7999424986483411,3886773555917185394,0.4,6,6,31.97386693599293,31.090771367251612,0.0,3.324038881218764
2,0.5060091646347322,0.8421800651717898,0.5400775149806676,3.3226127534008993,5255780923719543677,0.7,10,0,29.84092917560914,23.693725539704584,0.0,3.6464711390763944
3,0.776261076441333,1.921296115112434,1.5930422827325992,4.29730323821992,201855428075195731,0.1,8,8,22.54658502714304,23.68665572528721,0.0,5.128212052609885
4,1.7494434857833903,0.6499753881857991,0.5909231620457627,4.044713198208486,8802067391120482639,0.4,10,0,26.04671127382906,27.707865168539325,0.0,4.603467774884636
5,0.5709646776402874,0.5605845075621392,1.2069179527609228,3.0340691370346096,2652997052628517777,0.7,10,8,29.841939149097335,23.68716071203131,0.0,3.507489433517102
6,0.5267177493740276,0.5555425076659914,1.8961904263944047,0.6615406296020337,718985791987409392,0.7,10,6,41.30065648276733,30.741699280393888,0.0,2.370492185832619
7,1.501613339043082,1.2622585366472352,1.175131939857821,4.457532258392095,6429427524466873242,0.1,8,6,24.96181037747759,27.793649791692967,0.0,5.108685559320623
8,1.4165166435828274,1.102796802036133,1.3164628621817676,0.7872417322312991,1255357281900681309,0.5,6,6,41.93820224719101,31.181668981189247,0.0,2.564274595397035
9,1.6599002305315695,0.8903313834288131,0.6773601715666207,3.3412753849534953,6296373741356724532,0.5,10,0,37.01918949627572,27.881706855195052,0.0,4.021305353707663
10,1.4488650713838376,1.1138349650574586,0.9290322355138316,2.152280352598863,7129824408984143975,0.1,8,0,25.777616462567856,31.02606994066406,0.0,3.136120204212134
11,1.7254495918616108,0.6111265357416558,1.3024989046392712,0.5324032280953972,4227472382297824874,0.4,8,0,41.845726549678076,31.232798889029162,0.0,2.5160700567782084
12,1.639398527796664,1.661589416573845,1.3852411630319543,2.5001276241189645,3262378695890712876,0.4,10,8,27.810693094306274,27.677187223835375,0.0,3.8233543046457177
13,1.464453955697702,1.8821035138915938,1.986965740467803,2.282901832316067,1096713663323691098,0.7,6,6,41.30065648276733,31.038694609266507,0.0,3.980780407802791
14,0.6868506021728629,1.3503804047221415,1.6750833924660316,4.7820997173416915,5967832850542815356,0.5,6,0,29.84092917560914,23.68665572528721,0.0,5.382348285412024
15,1.9875105801384827,1.7151003138840248,1.722420285435501,2.84511409118108,8769778309307399055,0.25,8,0,28.437444767074865,31.0273324075243,0.0,4.353524230363758
16,1.5005862864296968,0.6339123658164167,1.7580536519361807,2.179592384428635,8989884534847031427,0.25,8,6,28.234282287589952,30.82186592601944,0.0,3.39042470730457
17,1.8060732740438799,1.5851482152626988,0.5931044031395477,0.41151706736491045,9196872936152683188,0.7,8,0,53.50807978790557,31.257732609519003,0.0,2.701058064041244
18,1.9167388584138316,1.9532168415020699,1.640274090276981,4.828175266513867,3800200902917734386,0.5,10,8,35.82104532256028,27.75416614063881,0.0,5.872879989978606
19,1.2264153390415256,1.964036916822817,1.4329167951628639,2.5930476139233387,7349091607867453287,0.25,8,8,28.25789041787653,27.627193536169678,0.0,3.8908459317239164
20,1.1057159670340602,1.120622817364173,0.9450723632441861,2.9133212444028356,6496074532292698479,0.5,8,6,28.341434162353238,27.514139628834744,0.0,3.585945585673062
21,1.0631624331444516,0.8820954412688949,1.8985193859367173,3.228450946204897,5656152247481798633,0.25,6,6,27.934825148339854,27.4587488953415,0.0,4.115298056955999
22,0.5231398809042128,1.3523997765090745,0.6175997479794049,2.3397127512613958,6066650354046280670,0.5,8,0,21.286769347304634,23.543239489963387,0.0,2.993049564844134
23,1.0595156840946323,1.8057632954130363,0.8487389375722645,3.1490759301601563,3680141255312567604,0.1,10,0,26.04671127382906,27.394552455498044,0.0,4.002548133622982
24,1.958617835917644,1.6490186252934111,1.1410760841505356,2.191240110239781,7663433248202297274,0.1,6,0,29.313218028026764,31.022598156798384,0.0,3.695813050505024
25,1.1855923558233292,0.76119867249247,0.7035832667624327,3.92805442111144,4929084581548182600,0.5,6,8,35.805706350208304,27.59509531624795,0.0,4.34852775105233
26,0.8102827289168897,1.2969484888320435,0.5744298770391421,1.3484314723556878,2318118576596556253,0.7,6,8,37.17030677944704,27.926871607120315,0.0,2.342407010478592
27,1.000975642184116,1.8531410299950506,1.3910928100011515,0.6787782247261542,8929354835364727097,0.1,10,8,27.847336194924885,27.92857593738164,0.0,2.7985644530180664
28,1.0465504147787383,0.846813284709729,1.2452856054859003,1.2487724922848114,5427702760769622506,0.4,8,8,29.248043176366618,30.75179901527585,0.0,2.4336247628901284
29,1.4230664118671699,1.5399408224781994,1.5056062454778785,3.4175834767514623,3417100270555675515,0.4,8,6,25.87993940159071,27.52436561040273,0.0,4.398097626963952
30,1.294140753615709,1.1089341014570218,0.6890673773383171,2.2153348186384143,6953876827851936815,0.1,10,6,30.503408660522663,30.84427471278879,0.0,3.0474673649978485
31,1.672839899352748,1.1329714961355488,1.8413721531201945,4.090175548746197,2138421948973191266,0.25,10,8,27.449091023860625,27.70701300340866,0.0,5.020179794167724
32,1.7715759114920178,1.642094061471187,0.8624986688960481,4.9007102668522275,8633049240512469745,0.4,10,6,27.83881454361823,27.75700669107436,0.0,5.621015850393592
33,1.7180758565744534,1.1676050092763726,1.2155231800764474,3.3169476382022376,2483125817087682680,0.25,10,6,30.991352102007323,30.991352102007323,0.0,4.218379350237468
34,0.7190253924762515,1.7924073755180219,0.8914221548463577,3.161757286983629,6257180089411661159,0.1,6,8,24.82211841939149,23.68716071203131,0.0,3.9396781993942134
35,1.892198529067466,0.5758066599187918,0.5141025215629662,0.4279345186806449,6255335600030459431,0.1,6,6,31.129907839919202,31.057000378740057,0.0,2.3150373513115836
36,1.8953723729062382,0.8844571144208961,0.8868013217193569,2.3081502734484545,881432210759806351,0.7,8,6,31.518937002903673,31.01092033834112,0.0,3.389494813132089
37,0.5598225666652483,1.4845867889395443,1.5606117468516696,4.618283077035937,1731336932046744492,0.5,8,8,21.626814796111603,23.68716071203131,0.0,5.223164447352719
38,0.5758151043896622,1.9889338916463255,1.4453143827794408,2.411843002698551,1490064689382130756,0.7,8,8,25.07155030930438,24.21790178007827,0.0,3.6322639489053863
39,1.8274190821238636,1.3786629123778515,1.1654664325536064,1.4343219635428643,3704330898605407883,0.7,6,0,41.78702184067668,31.1901906324959,0.0,3.107372431522699
40,1.185510894730673,0.6274722778696473,1.437261703127958,0.3295824195155256,1206683563839837185,0.4,6,8,31.398182047721246,31.105605352859488,0.0,2.2301352684427087
41,0.774807321827152,1.069485243741242,1.9530946056727534,3.1622451256019346,3297752813757807701,0.4,6,0,26.113464209064514,26.488700921600806,0.0,4.069213418541528
42,0.9129388389230866,1.5720335203862144,1.5669184580895195,0.3946110928884583,6177848698463882623,0.25,10,0,29.123847998990023,31.02102007322308,0.0,2.629771488507009
43,1.148830005066327,1.1712636762944597,0.5184018603790961,0.8139602560993286,4547260345696223253,0.25,6,8,31.5809241257417,31.054159828304506,0.0,2.1501025015801694
44,0.7705209545382165,0.8553689699609661,1.120932266551486,4.8657130346120345,4711666097955523191,0.5,10,6,29.84092917560914,23.541219542986997,0.0,5.220824752617567
45,1.2422170818144966,0.5775399348424486,1.962900435039709,3.0062561892381985,7493106818367828027,0.25,6,0,26.36627319782856,27.514139628834744,0.0,3.970794636832985
46,1.7747459299056725,1.6082546896610082,1.7045602267459499,2.1527135111342997,6520205760322048572,0.5,8,8,31.06170306779447,27.745928544375708,12.98699768025352,2.019272310573645
47,1.5108290882531077,0.9900379217600415,1.9813026543557575,4.240257169400503,5497424589708610024,0.1,8,8,24.98737533139755,27.526638050751167,21.022227182431497,1.560785164425787
48,1.064591251831338,1.2601390285472716,1.7257601149435788,0.6694177621242015,8394771660259312761,0.4,10,6,31.27288221184194,31.261520010099737,8.305195046141595,2.060725697804781
49,0.6519238436374359,0.9185621102670167,0.5383626446528471,0.6188153799712964,4013173676242652976,0.1,8,8,30.53364474182553,30.744855447544502,5.901729692862396,1.1111557633291507
50,0.9268346035364169,0.8404706381881317,0.9483631989270194,0.3100012430210608,8739137716950722228,0.5,10,6,42.06571140007575,31.000820603459157,5.285007369234461,1.6354150383717587
51,1.6876244278777668,1.5384570427629323,0.5579398460079239,4.427193569677638,718137897867383236,0.1,8,6,24.92046458780457,27.551350839540465,23.826436939349865,1.1986115530932238
52,1.1151708766648698,0.9077713715123221,0.8259640161906981,0.33062439812091504,4527708090480647457,0.5,6,0,42.11116020704456,31.287400580734754,5.930842242268757,1.6356503358771608
53,1.6862523220382037,1.4090674493536604,1.8011595168448944,2.4488555737747975,4924735307838674795,0.1,8,6,27.5170117409418,30.91844464082818,17.054404972764956,1.6133293422380912
54,1.8167450606550037,1.7050374006957978,0.8170581540567139,1.8046506742332369,3622376595015784730,0.4,10,0,28.96004292387325,30.746117914404746,15.3386959185118,1.8536582145748532
55,0.6127237814283185,1.5823078299608748,1.4808593174238842,1.5102415041023376,2902821783324096388,0.25,10,8,27.82716828683247,27.75530236081303,13.327051025045565,1.475226887147798
56,1.328668931762372,0.5314611118459531,1.754647632704811,2.703624440747492,4483685842955568466,0.1,6,8,31.0989774018432,30.631233430122457,19.562351763310453,1.7818203103363879
57,1.9526643738373064,1.598615071570117,1.9626811904439407,1.8167457239600764,6197190474125319379,0.4,8,6,28.830734755712662,30.76000504986744,19.596964837072637,1.6901184724321046
58,1.2729619397136884,1.3179603681827134,1.0695298067890886,2.011097227246416,3211995553987904229,0.4,6,0,26.382748390354752,27.566973866935992,17.615179307666498,1.2474454237690722
59,1.0367250105526171,0.9332990969217572,1.6403698175359251,4.928645038790881,7520955108002157937,0.1,8,8,24.97632874637041,26.490689306905693,19.523158435182832,1.0240479488546694
60,1.7655452785448758,0.6181746894784077,1.7261924963776916,1.9126528458723524,3084802296384406833,0.5,8,0,32.22793839161722,30.752745865421033,17.743632986382615,2.0538064546863657
61,1.6840484910769096,1.6889147569332117,1.5913341970416377,0.029709993952484748,4458865901432559723,0.7,10,0,42.20710768842318,31.107814669864915,8.834656660922795,2.822864035757259
62,1.763796065512889,1.598616743452099,1.3721267249512488,2.1132783059117006,8986409753072405553,0.5,10,8,41.30065648276733,30.744855447544502,20.142872287528085,1.3390105524106983
63,1.6107141960501052,0.8163082355800289,1.4405291068027473,1.5952565267500118,3623622812750719831,0.1,10,0,28.962567857593736,31.028279257669485,15.956462636583812,1.5789671968240244
64,0.5505883003568468,1.2101479779942552,1.0216066178277194,2.0748016787186647,9144983975461150404,0.1,8,6,22.466197449816942,24.568110087110213,16.24311074974194,0.8103274459233532
65,1.7780631043809718,0.5567418377410563,0.7804380651717895,3.515493227709654,362424779698247539,0.25,10,8,30.61040272692842,30.7757858856205,19.203885877563174,1.2046205600015187
66,1.494143915411008,1.6571066864607156,1.2851505666342797,3.3309657281880938,6827678179913582145,0.25,6,0,26.368261583133442,27.74820098472415,25.70935799710562,1.6683238050305016
67,1.7158870197695917,1.828442398525467,1.6892558875223203,4.883537117636749,7640848232978511958,0.1,8,8,25.065648276732734,27.74138366367883,30.85207248150767,0.8877152338722268
68,1.3432447273250556,0.7533483244717107,1.1510173896014888,2.5382681341974997,993597906446808389,0.7,8,8,31.191200605984093,30.73759626309809,19.53196341309282,1.5891203969107957
69,1.6745158776775655,1.7878970515689925,1.105045497406563,3.5974022324003845,6751901222917455910,0.1,8,8,27.858982451710645,27.7175230400202,26.71813426521755,0.8103619789000293
70,1.3157395507918674,0.5230675871284196,0.6562631450417256,2.6887774467565513,3677294328387030980,0.25,10,0,26.0654589067037,27.548226234061357,18.811286102528637,2.7134080521073676
71,1.0761909236257383,0.5531223374906556,1.1262819259464958,3.1101336261175385,3708534075049156111,0.5,8,8,27.68810756217649,27.85046080040399,18.731809819620267,0.960976548570745
72,1.023405607233634,1.4360399043468872,1.9920506500520079,4.475982999348037,7528504789854703834,0.1,8,8,22.418476202499683,23.535159702057822,24.893628304538865,0.6014785787171476
73,1.5078924689757947,0.5651548506088074,1.1811467952836603,3.9158611083792443,1942518050617470525,0.1,8,8,25.068173210453224,27.706444893321553,20.95251290374786,0.762673146471405
74,0.6499463525168466,1.9782823804931104,0.7870572004398002,3.4716321406949135,1155575270874235755,0.5,8,8,25.19454614316374,23.541219542986997,20.93504654466297,1.1328619966252371
75,1.3762672088862393,1.2476429584156248,1.2753476023284884,3.038986710816837,1311946717497239831,0.25,8,0,22.261772503471782,27.499368766569876,23.826827281352045,1.1424058635315104
76,1.1884175835652195,0.5348250251178519,1.2403690443540953,0.31184394058020537,7239705108310023819,0.5,6,8,42.11147582375963,31.093611917687163,8.836879609696819,1.766755039137088
77,1.7820741775597446,1.7509107760525846,1.5449593241359876,4.781428326735593,1327534596328425811,0.1,8,8,27.527427092538822,27.74706476454993,28.632156164326368,0.5404945298784836
78,1.2688947449262633,1.774391342647244,0.9526209826398254,0.7585133393034443,4639221274912204358,0.25,6,6,31.83941421537685,31.197449816942306,12.727295275633649,1.8757249533596432
79,0.8193683011235621,1.2080324994147351,0.9517517218698223,3.7120263350476215,1809335536913916183,0.1,8,8,22.446881706855198,23.68665572528721,20.411139646763193,0.5274944892279244
80,1.3596575087797413,1.0932073718202657,0.700202358974251,0.34844601373353934,1892257268527191056,0.25,6,0,29.524681227117785,30.94937507890418,9.25689133223648,1.4963876575795618
81,1.9247785213901012,1.0615190342557446,0.9444759720231717,0.34247611774521625,6215638016687706013,0.7,10,8,42.201110970837014,31.01660143921222,10.931895769002056,2.2485086000420913
82,1.2044912338916027,1.7770169322783145,1.0776248647104654,0.22616428273842915,387634947148068404,0.25,10,6,30.923810124984218,30.923810124984218,11.879474048361324,2.0148167805475206
83,1.3695466350169814,1.1511579213996959,1.529811781137352,0.03422962817941744,7754761204130091080,0.5,8,6,36.70600302992047,31.040903926271938,10.940349691985231,2.1159328766952323
84,1.8533473905818632,0.5320056957758065,1.637808123057074,4.113313982399185,1281460672368484603,0.1,8,8,27.694419896477715,27.50277742709254,24.884433094640453,0.7250698610187758
85,0.8956442101574622,1.5482045249541887,1.1331178034169707,2.2716935117033366,2160914541261195708,0.25,8,0,22.148592349450826,27.707865168539325,19.12300418866501,0.8195527008656062
86,0.5485767852603602,1.2465013002096248,1.3404782178938959,0.4262971152933914,5555088713975240732,0.5,10,0,37.60831965660901,27.94988006564828,11.540123301969997,1.778955593675905
87,0.6166597141057912,0.6980224661126427,1.2541024154148632,4.239475854184202,2479427060627456954,0.25,6,0,22.646888019189497,23.53566468880192,17.399336723812276,1.286797142455333
88,1.6291816173645826,1.8523878929543018,1.6465875532983332,0.517052537869811,699967235063022863,0.1,6,8,31.65604090392627,30.904557505365485,17.50807834320531,2.220575281219445
89,1.1685171958816851,1.6211239106624464,1.883189094619992,1.1752700978776849,4925227024068918892,0.25,8,0,28.42153768463578,30.74106804696377,19.12389737836881,1.2885810315222348
90,1.7265293640778765,0.8277291365809488,1.112261997089382,4.823386036407186,6834139788329126003,0.25,8,0,22.248232546395656,27.701900012624666,23.748234237324805,1.5559219086355645
91,1.277477189522152,1.1354958944907976,1.0517335764865101,2.204261402990053,4991929016826286442,0.4,8,6,28.903295038505238,30.79030425451332,19.842807747961754,0.6436522524219052
92,0.7364436481802283,1.1766380795717768,1.271926751192657,3.0697767539655016,1194669814106201301,0.25,8,0,20.086794596641838,26.48699659133948,20.811171546257256,0.711203289321327
93,0.830496049738723,1.652887522086979,0.6261755836550418,1.7883176233573832,4716967776745552028,0.25,8,6,25.337709885115515,27.5201047847494,18.738533987954337,1.5837472682868245
94,0.709190720343221,1.6803903897076822,1.5889893208801806,2.866951064727627,1597418103135478324,0.1,8,8,24.909418002777425,24.45221562933973,22.763768965314124,0.6401026030487277
95,1.599013428541975,1.1036341568315708,1.9689011895107937,2.6086591796927867,3323782672555340415,0.25,8,8,28.291219542986994,30.84490594621891,25.7638488017253,1.4286103967635913
96,1.7081176770355528,1.0151722440715347,1.886560045090294,1.0508152137932114,3415028015697073276,0.4,10,8,30.90171695492993,30.84679964650928,19.102394834809775,1.4976889734412029
97,1.6292000450423332,0.9974708779612718,0.6158144158120922,0.7212146696447369,2292973330256583578,0.25,8,8,30.846105289736144,30.864474182552705,14.139690620280483,1.292400912950474
98,0.5356387289297899,0.8141499169668192,1.2412724724470947,3.7187285880930294,6470794179298378133,0.25,8,8,22.561923999495015,23.541219542986997,19.04574332795496,1.616776703700078
99,1.7942595622778268,1.085803114560425,1.0023621593470087,3.722966273137665,7613324030355641787,0.25,8,0,24.304507006691072,27.753313975508142,22.2376191011387,0.637533140077321
100,1.1630860940846743,0.8242787085828626,1.2508444696251804,3.676220170191265,1484264130126856288,0.25,8,0,22.263161217018055,27.620376215124356,20.817287409182825,0.5658736315237718
101,1.248661312576955,1.5950783104340238,0.5883998343256891,4.2576416662617484,6883477677065393308,0.25,8,0,20.17958591086984,27.545101628582252,22.3455904179202,0.9179727942844443
102,1.4962332921098203,1.760386831520083,1.7094636394194518,3.346397284463732,7426102127015032039,0.1,8,8,25.2824769599798,27.561576821108446,28.05441719253919,0.5500620350002173
103,0.9984768703267801,1.6915486154794384,1.1889405274265572,0.7437067182861828,4726535294942113689,0.7,8,8,34.38202247191011,30.89035475318773,15.880272192636617,1.3300787869838306
104,1.953677164355426,1.1040943841089401,1.7785325699507273,4.485783015549025,9119227327893954041,0.1,8,8,27.707265496780707,27.51300340866052,28.00464359126808,0.4761449597188639
105,1.4973362380726127,0.6028339139848553,1.613267725323324,1.4858628835432253,1678827133733422243,0.1,8,6,30.295795985355387,31.006817321045325,19.080923336386597,0.9793657874307029
106,0.9571617112330942,0.599756335953469,1.4833537223298379,0.8794372336648604,6173476140300444753,0.1,6,0,29.313218028026764,30.843327862643605,14.964325926396429,1.1955569722699964
107,1.3224842881859056,0.5515789214502216,1.488491894026807,0.5801010699910042,6595908163205414925,0.1,8,0,33.842791314228,30.94685014518369,14.65939653585284,1.449536425366087
108,1.2701700612945028,1.703846274775301,0.8464236591331389,4.614327124343872,2923788004097993833,0.25,8,0,20.111728317131675,27.562713041282667,23.73172719433623,0.6833187175834581
109,1.6110748737107117,0.6056902031319592,1.3748991964242439,1.2588918565994662,2325745649586321032,0.4,6,0,29.73488195934857,30.889723519757606,19.02675083815823,1.2091812392979921
110,1.1854275395763996,0.8514227355194028,1.414680375309148,0.12675639033238817,8660319219504227706,0.1,10,6,30.857846231536424,31.07562176492867,14.037063607190234,1.723107690965025
111,1.8937295425366356,1.612748153062411,1.1800030612696728,0.16563609083889874,1542779960677629986,0.7,8,6,34.55851533897235,31.265623027395534,18.788365856405512,2.041905723339575
112,1.1373641123398872,1.3198118248579633,1.264504611592143,2.8286905678196455,2734679517048882203,0.25,8,0,22.261425325085217,27.518684509531624,21.903245059852186,0.3278988634104715
113,0.9720504344259859,1.7805486521520486,1.7792298923617407,0.14582523029252836,4609384665502980117,0.25,8,6,30.92071708117662,31.05163489458402,18.634031464835335,1.9333529754389547
114,0.7206412000477851,0.7753110012805698,1.7037716043832294,1.8025635884204845,1807894032558061079,0.4,10,0,26.04671127382906,27.70701300340866,18.393439159680156,1.434737779916833
115,0.6441261286279785,1.3379289195988409,1.2515414315294142,0.033082187160971,6090157508141976518,0.5,8,0,81.9211589445777,31.31675293523545,13.696552215045301,1.5836127581911026
116,0.7652924414854505,1.6447139101935428,1.0803521143455428,0.20626291404087782,2264308872473641325,0.1,10,0,29.123847998990023,31.102133568993814,15.567133420165808,1.5575047962690907
117,1.2347672000506789,0.6102374784994076,1.697190676831923,4.7741515626333975,2256141663821805661,0.5,8,0,21.214493119555613,26.490689306905693,-2.063290304785345,1.8269744222674276
118,1.5041507605434796,1.9162105114493384,1.5834334260478735,2.8976513815592213,2132110088531776482,0.25,8,0,24.332533770988512,27.7092854437571,27.33697316664973,0.4946329082792047
119,1.077763996942969,1.0773545011982686,1.8864838567605138,3.0851843962787617,1233625297303593099,0.1,8,8,27.488543113243274,27.702468122711778,23.612126587402187,0.5258792803309512
120,0.5734986000830012,1.9897856673570116,1.201937224853183,1.611894093786027,2174626014570788703,0.5,8,8,27.839919202120946,27.707865168539325,18.983461819936842,1.0148385209763466
121,1.477851313660339,0.9146266344635317,0.904713624284194,2.23417864204825,1604473591248209224,0.25,8,0,28.423747001641203,30.84490594621891,18.84723245139156,0.507576693761941
122,1.1682434587519284,1.5017283548115952,1.550062828480061,2.0566697470773403,585954987077857468,0.4,8,6,28.87378487564701,27.72973740689307,23.96643867952178,0.6475347824534496
123,1.612320225953957,1.5608341335459588,0.9486372454678287,2.9379886921070737,8039330666948671273,0.25,8,0,24.359424315111724,27.89392122206792,23.54272675612332,0.44749027999516944
124,1.4434455196157447,1.2912480858896007,0.6361551965416579,2.2090619917979253,936640489467552218,0.25,8,0,26.309367504103015,27.75132559020326,20.330771225751064,0.5089831210348096
125,1.63116158186448,0.9617162392649563,0.9885812493858765,4.806489158386801,2727340615358377041,0.5,8,0,23.40433657366494,27.614411059209697,10.062441191363552,1.078668239845831
126,0.816917274973142,1.482368654605698,0.5497691840413561,2.851657100063907,4349839912599716541,0.25,8,0,20.153074106804695,27.35109203383411,17.857938383410797,0.49418411092744324
127,1.1901816452735248,0.5514343558438022,1.716363651891655,3.7410515283306145,5923683553391556738,0.25,8,0,22.26593864411059,27.620376215124356,21.732116951175,0.7388842775260596
128,0.6472169399589887,1.8062542430103798,1.6215922651531196,0.23336854885440128,2291181159599068307,0.4,6,0,26.69350460800404,30.883095568741318,19.67459460989573,1.7785834785078145
129,1.3624600236954714,1.8323884402187773,1.153452187878036,4.108343364902277,7409506672640192995,0.25,8,0,20.17295795985355,27.546521903800024,24.819895739840877,0.4237305137262219
130,0.6963776363369722,0.5300176394388293,1.6124016704703017,4.136835055611726,5928234108102079945,0.25,8,0,17.7747443504608,23.535159702057822,18.301071677095116,0.7306989978599773
131,0.5601469708725761,0.9277435951288451,1.3651146870585984,2.8910313736825852,5385181251265756658,0.25,8,0,18.036643100618612,23.53566468880192,17.760960694803913,0.43690652540050867
132,0.7780758788529014,0.9623940484224499,1.8491775914615003,0.05700287890731126,350580471866495939,0.25,10,8,31.214493119555613,31.263729327105164,15.799834690745149,1.453943088324106
133,0.5980974447082725,1.6741474320982386,0.680436591276388,4.455408867685731,7896895674562871163,0.25,8,0,15.784370660270168,23.541219542986997,17.028470591276122,0.6508455986047955
134,1.0057600152383268,0.6659946333223092,0.6779764484395322,3.337230718576913,3060011591319082684,0.5,8,0,21.251104658502715,27.562713041282667,14.740168506182025,0.5537650131476356
135,0.8030388481942363,0.6185173952222707,1.4004321253159637,1.855409852871004,2556917134297523435,0.4,6,6,28.219448301982073,27.771777553339227,19.29268928297973,1.744798551203411
136,0.7490227107232905,0.8312437697482382,0.6982656560657146,2.7223729868579962,4004463026690976594,0.25,8,0,20.118671884863023,27.70701300340866,16.13275381226335,0.32590674206644327
137,1.5293986979048073,1.9694190765548494,1.6805294801392188,2.653526525777014,4270397721250740245,0.25,8,0,24.31738416866557,27.67150612296427,27.79942337371769,0.45578178286518023
138,1.0711213159426975,1.2997110920037016,1.4915111171311455,0.45624137946758736,6545644182415226648,0.4,8,6,31.60434288599924,31.102764802423938,19.281376851124183,0.9573001093221298
139,0.5214584133805102,0.5321850913121299,0.6126838554800903,2.74293371677293,3894636983584492544,0.25,8,0,17.96790178007827,23.541219542986997,14.271991343395088,0.4009878788771553
140,0.8799087202442202,0.5452788790571067,1.5347379710327762,1.316845420357462,4506069691305292085,0.1,10,8,30.630917813407397,30.637545764423685,18.66603797151728,1.4808324900930732
141,1.3261755334869163,0.5495897486373691,0.9802931106799879,1.2765166478679657,4666523380983772780,0.4,10,0,28.96004292387325,30.74674914783487,19.157278339854642,0.7551277444755454
142,1.7053018524318992,0.6949539484448846,0.618872756555411,3.4181984154849765,1457897669491303838,0.5,8,0,25.744855447544502,30.930753692715566,18.308662630395567,0.7414631814665698
143,0.8667605087669972,1.2971961845873905,1.9151525474437552,0.8962597062914529,956084666615177148,0.25,8,8,28.293302613306402,30.6407019315743,20.995458507783354,1.1683781553565513
144,1.829006901838959,1.239696799794929,1.2979720465617843,3.3658737578503843,1709532497838055933,0.25,8,0,24.321929049362453,27.90130665320035,26.042799689775926,0.3624227172264875
145,1.0475148766686202,1.914700397139388,0.6144168812546373,2.198589022342905,6349684917712152096,0.1,8,6,24.890480999873752,27.87943441484661,20.173591370859288,0.9940659807905482
146,1.5409409920410486,1.573452420461828,1.192786286423916,2.6737003731241775,1025375736722844985,0.25,8,0,24.31738416866557,27.89789799267769,24.62333686322829,0.28700838601128403
147,1.671900583508495,0.7856018773027438,1.1900078945349546,3.2561474413681513,8852478804935733233,0.4,8,6,28.622774902158817,27.71297815932332,23.824775444634245,0.9771773298343689
148,1.3382032411595395,0.9587460426506171,1.9214048490876687,2.5758737951122024,6821757935717638990,0.25,8,0,26.32044565080167,27.641680343390988,24.64981026715225,0.441165974156846
149,1.770853805353415,1.659839101012769,1.7105548780143636,2.177633877429349,5078311539722085780,0.25,8,0,28.45158439590961,31.028279257669485,28.07189305051908,0.4078339195659469
150,1.8328983393526037,0.7207598394221959,1.8664614450237176,1.6271827480272938,5139411341880118127,0.25,6,6,31.304443883348064,30.843327862643605,27.64188187621323,1.264654634994395
151,1.620619593375743,1.7077441868016723,1.9909684624587967,2.3621005645950373,7351371846967889316,0.25,8,0,26.320035349072086,30.825022093170055,28.26732850421266,0.40806139835170735
152,0.5895476357581242,1.1328255569719108,0.8906497924829121,3.7183385752556246,61530509213228522,0.25,8,0,15.802802676429744,23.68665572528721,17.03802555575743,0.3519728210606635
153,0.8956624576987786,1.0526569539677313,1.9620591828373142,3.4724619869338125,1245533564892024637,0.25,8,0,20.15402095694988,26.519094811261205,22.20023667241341,0.444389003012067
154,0.9625611594807042,0.7714913547391458,1.898326614180366,0.09333135371148771,6656589455161213935,0.7,6,6,42.25855321297816,30.94685014518369,19.236564053574885,1.5745987215979194
155,0.7097759937552883,0.9254331520050323,1.7718297438001251,2.6973301787507435,7790035338218155938,0.25,8,0,20.168223709127634,27.579188233808864,20.145148176201264,0.382498516857776
156,1.0561363774058914,1.9885688535253183,1.6267405989264112,1.1726504624444967,7510949966729652601,0.25,8,0,30.419454614316372,27.925451331902536,24.150318551005515,0.5238467339019308
157,0.9224546111099007,0.8544943341022663,1.1170450611311473,4.635762616569536,6005470171894014312,0.5,8,0,19.220300467112736,26.47762277490216,17.327495496999664,0.6607677424529946
158,0.5850178658271092,1.6377695042664526,1.0236141605948965,0.8533643429574356,6747699723203273208,0.4,10,8,27.54112485797248,27.689969700795356,17.698105356905884,1.116473954371082
159,1.3115412363692203,1.6297365726221213,1.5188019520437017,3.690616623438652,1642275718846535712,0.25,8,0,22.19198964777175,27.86665193788663,24.230567318717874,0.2573571487269659
160,1.8916727147043053,1.788830185137032,1.0876249823329325,1.7536398404908093,7435395800034254221,0.1,8,6,30.31473298825906,30.74106804696377,27.808543148350687,0.9192904285809189
161,1.8735750238978688,1.375240877511693,1.933040626248539,0.5803216530255206,8911564038266667398,0.5,8,8,34.06577452341876,31.017232672642344,29.32622597884084,1.1835191452689278
162,1.0988090831344182,1.0440988860769074,1.5476410674952314,1.477210194282207,6104653338860973350,0.25,8,0,26.33767832344401,31.00839540462063,23.00636896275557,0.33536763446368606
163,1.342969505589728,0.5659374829168675,1.2037718341694434,3.949265455948374,4326821710405746678,0.5,8,0,23.386283297563438,27.760983461684134,20.463514445232608,0.43809453106153595
164,1.7547009453631792,1.0376166405269767,1.2233046356321715,2.317227945219077,4576259393887821440,0.4,10,8,30.72181542734503,30.842696629213485,25.571336046692686,0.9185600193064432
165,1.1767204255875736,1.220693308452951,1.2513419867157993,3.026583631165005,4545447142192243107,0.25,8,0,22.278437066027017,27.790809241257417,22.011334542608868,0.16808140444189343
166,1.4666327049009742,0.5571577471865858,1.7494810545950288,4.731047805771892,438870957229002452,0.25,8,0,20.222509784118166,27.237754071455623,22.571678332331324,0.5075064631365616
167,0.6218457300194418,1.046996980274059,1.6811369610796416,0.05359361212177671,6086373092902851770,0.1,6,6,31.097399318267897,31.03680090897614,17.949044065683328,1.788240359698343
168,0.7920743538613031,0.8818621181741966,1.2788488117199355,1.2519108299726627,774539914429684727,0.25,6,0,29.387703572781216,30.812397424567607,20.585029879928065,0.678450658927454
169,1.5828900880145205,1.9240491984686838,0.7740448330072955,2.637473355531351,6948766653549745548,0.25,8,0,26.32454866809746,27.76041535159702,24.831178719398885,0.37465384346428976
170,1.043411152601838,1.2282894184777087,0.5601532127503879,4.7207061308727285,3335707974127595004,0.7,6,6,31.819467238984977,23.68716071203131,18.938839026737963,2.526569039937276
171,0.5977509060787426,0.9006306493050871,1.6907009797619967,3.1390035679479187,5181512125773739509,0.25,8,0,18.0360749905315,23.389723519757606,19.06196465966791,0.34906002760438226
172,1.432313928387156,1.7329616256913556,1.0937887982783874,3.1967255928447784,1159745037468388437,0.25,8,0,24.29882590581997,27.583165004418635,24.159278642659878,0.23721528028462646
173,1.8084385024650635,1.2569088256622518,0.7986742066346688,2.7927746806607456,1397040004882376134,0.4,10,6,27.92005428607499,27.743940159070824,24.628058696620446,0.8527898889976988
174,1.0617727639470356,1.5025835067327495,1.5107013968709664,2.7171335461298907,2266923966187229262,0.25,8,0,22.183310188107562,27.57748390354753,23.074292771938474,0.2158856673393445
175,1.8725845978328253,1.686435724962887,1.417714451392656,2.323269910041299,1980641603982656437,0.25,8,0,28.454235576316123,31.028279257669485,28.37705026781621,0.3181458327195776
176,1.3663324921316162,1.386728388459427,1.0048957916951557,3.004131308288808,6071094239744116635,0.25,8,0,24.269284181290242,27.400517611412702,22.77260182979549,0.19177765009514436
177,1.748062869234784,1.64673528577899,1.0588415767192028,4.227215339400922,6214618021323895919,0.25,8,0,22.256217649286707,27.526638050751167,24.844245732706558,0.3130902681774362
178,1.515753240147092,1.6343677439046216,1.2487598736526304,0.37980160973716093,4247175186912336767,0.1,6,0,29.56223961621007,31.267516727685898,24.119091699274367,1.3333776581142498
179,1.8810193526797692,1.8557274580391234,1.3910897032773417,1.1643901012895852,5629511203252148095,0.1,8,8,30.51016285822497,31.027963640954425,29.735216032341842,1.06099537895971
180,1.3329451585726118,1.116572408588484,1.5626462063268054,0.7012640385514513,1651067804762171255,0.4,6,6,31.799646509279135,30.954424946345156,25.073982997443643,0.784229065024876
181,1.2698740638028183,0.9945352078136696,1.053604340792095,0.7352057306507592,3917502035852663879,0.1,6,8,31.26814796111602,30.94495644489332,21.42260651831513,0.6540284811931815
182,1.9007974705363786,1.5656683339532367,1.3456572996093712,2.269692128933141,7032049696540670760,0.25,8,0,28.446723898497666,31.025754323949,28.03452816389251,0.31325574096016934
183,1.863328688784829,1.7153317582895553,1.8684253573621952,3.1841590396465316,3349181817715354105,0.25,8,0,24.326473930059336,27.91437318520389,28.93486035269254,0.29185906362788405
184,1.3967108861444488,1.7265270997793198,0.6210366599190562,4.005297772172059,436670048398375030,0.25,8,0,22.178449690695622,27.885683625804823,21.625350772306174,0.33409391020148727
185,1.6100578269287225,1.781991588602099,1.3711977378433355,4.766550098967178,4212807077218119000,0.25,8,0,22.181574296174723,27.75700669107436,24.40106228687839,0.33064687729772696
186,1.8798828459423624,1.827821906079374,1.499251781569858,1.1868227386325643,4382757867902472780,0.25,8,0,34.602543870723395,31.01344527206161,29.882396995902273,0.3968020433223847
187,0.5434134230797816,1.0126431460310354,1.2672652628997527,1.534803405887906,7164162319864887732,0.25,8,0,22.11422168918066,27.668949627572278,19.452438966532476,0.32038938796707483
188,1.2769431556982889,1.9560192197920663,1.9758059611620247,3.1061175798706504,517654097138965407,0.25,8,0,22.153452846862773,27.58288094937508,26.294488247872497,0.34159564832642947
189,1.9311190766747126,1.0085665560023438,0.7036242687925096,4.504594939073397,8652786969252929656,0.5,8,0,25.671001136220177,27.576631738416868,22.476072757826138,0.6907755781510787
190,1.8866959680306183,1.3395223060922397,0.9267264271911162,1.960221605691936,9088831639676637789,0.1,8,6,30.300340866052267,30.82944072718091,26.237649040722392,0.6112186777788585
191,0.7504576522872191,0.9354470936068029,0.9315838745086089,4.598924230555144,5629226228838435675,0.25,8,0,17.75968943315238,23.38921853301351,15.825542159282373,0.32658042687883
192,1.806363778898337,1.4726830528392743,1.1418114245792208,0.7567601208317942,4740833898782187241,0.4,8,8,31.92892311576821,30.88025501830577,27.481597343999248,1.4820802229077341
193,1.8828871646528187,1.659619569309629,0.7953597115024242,0.8558525517117488,877028661382088033,0.4,8,6,31.463830324453987,30.9964019694483,26.46453119146516,1.1377091485288038
194,0.8372600746952887,1.7874525371048866,1.4340790419003944,3.318793376889631,6929858715754623263,0.25,8,0,20.104153515970204,24.21108445903295,21.253774574301392,0.3071932922262722
195,1.7731272057643053,1.7945014096014185,1.253209697997372,1.0024743863648395,4690131003722288188,0.1,8,8,30.51432899886378,30.84238101249842,29.087107788341232,0.7067955150283229
196,1.4774654618716148,1.0681197111977416,0.5275971973667815,2.428175707388297,6532884222429608145,0.4,10,6,27.913236965029668,27.913521020073222,21.457411066279366,0.6041974271805485
197,1.903363865348325,1.7480985672981157,0.5532167092378144,4.283661679329995,7264127407727678064,0.25,8,0,24.276858982451706,27.754450195682367,24.09188773705525,0.3851484258509835
198,1.6095409720164733,1.0466312985235025,1.5073227723974747,1.7537619080031663,4909983116397482028,0.25,8,0,28.470142658755208,31.028279257669485,26.404977371569476,0.3068249394698102
199,1.5278109341643988,1.9664165659701944,1.0039221368992888,3.074000551676174,540620901028308754,0.25,8,0,24.28443378361318,27.643952783739426,24.938741371311156,0.2446286649401715
200,1.4479802020358712,1.586884105959271,0.9499195287847375,4.773198537528923,4954454000888443212,0.25,8,0,22.177408155535915,27.675482893574046,21.314348930560882,0.2802827187423115
201,1.2969601844986172,0.9200271402318427,0.7782369943917993,3.8751375089508704,8107306424579354100,0.25,8,0,22.280867314732987,27.443978033076633,19.842198985543916,0.2548069496904699
202,0.641237266071399,0.6439506479884871,1.9915368168322714,2.5403926909137216,1124412777632470837,0.25,8,0,20.111412700416615,26.47023734376973,19.997815671475603,0.3609886261534513
203,0.8438066439224008,1.7065643736319216,0.9349680932075409,4.762705534092013,2082022695896198597,0.25,8,0,17.968185835121826,23.541219542986997,17.908591572351156,0.3473648971800735
204,1.131598523153051,0.59490651601681,1.1459134710421817,2.6563930636516986,2586499936854001535,0.25,8,0,24.269284181290242,27.771777553339227,20.77205819434082,0.25892714158708885
205,0.812063601295137,1.5749564161390741,0.8050270465102155,4.381348232299708,4208166209570549700,0.25,8,0,17.99005807347557,23.39628834743088,17.58377492015308,0.29187535111243884
206,1.6595924831278304,1.4867069075551216,1.544182385998224,1.0100554476109158,4648159365697030955,0.1,8,8,30.50486049741194,31.015970205782097,28.899179789771747,0.5911506109494015
207,1.5667253532447019,0.7140927088828122,1.7078589960858783,4.6746022525198025,6757199894561356286,0.25,8,0,20.2206160838278,27.45846484029794,22.71317959739073,0.3742765263725183
208,1.8606593381123466,0.5480775240503336,1.6092333874398441,4.359703712487783,3975864125671357673,0.25,8,0,22.2520515086479,27.60020830703194,24.1139175690957,0.4068562401001138
209,1.5562192507191757,1.8654657581319998,0.8318305417522613,2.7645123876364233,8437143980428327211,0.25,8,0,24.331776290872362,27.760131296553464,25.01290664983943,0.2412942608005817
210,1.0235182554571016,1.889525136896185,1.6585943324153956,1.5285492241378535,3910949063525308230,0.25,8,0,26.322907461179142,27.538284307536927,25.35593418998599,0.3121099612371865
211,1.849103135146727,1.8463799742334284,1.3507260629858004,2.6874388734697963,7227396466000144954,0.25,8,0,26.320035349072086,27.928007827294532,28.029359516397438,0.22465969625884885
212,0.6688389345903971,1.8788917769543558,1.4354648385143856,0.3107098227315852,6147104178645352535,0.4,10,0,26.20237343769726,27.992488322181543,23.99940470488056,1.1813583115992947
213,0.6544459453520249,1.6999650153419696,0.7475231366783839,1.3905026898357025,6065903081076606096,0.1,8,0,23.779573286201238,27.88994445145815,20.638898055514865,1.2313827382430627
214,0.5578069109183981,1.4826235399659382,1.1841216475086898,4.22334109335663,3542490480247906136,0.25,8,0,15.788663047595001,23.53566468880192,17.073534505550313,0.3052362176079922
215,1.3232532105358623,1.481359040121094,0.7283780553847934,2.168817848437698,6545570776818806909,0.25,8,0,26.32454866809746,30.806400706981442,23.361925268682537,0.23616080389560437
216,1.1829604539661542,0.8843585170003712,1.6049149260884221,3.173360011415664,5862204931753954407,0.25,8,0,22.278437066027017,27.575495518242647,21.984617285188726,0.19311466926092444
217,0.6445133906256901,1.1566317019521075,1.4335201725802236,1.422327633987961,3144566589869028910,0.25,8,0,22.148939527837392,27.828588562050246,21.35694699305149,0.2712141243139867
218,1.3476073402987678,1.6974332674200339,1.7298783735603624,1.080080420185641,5185510692578680854,0.25,8,0,28.435235450069435,30.86226486554728,27.860090990718298,0.2865368773919013
219,1.2506544286300592,1.8726273252729821,0.7403692119917883,1.1170120006751945,3781777241569502842,0.1,6,0,29.44230526448681,30.76000504986744,24.180261208189382,0.8568500606704249
220,0.5048558704777121,0.6994563787947015,1.84188597858814,3.063379477938179,573727564798792970,0.25,8,0,17.791503598030552,23.52304002019947,18.229460063146085,0.30586052570112565
221,1.0175882924645645,1.0641584407196674,1.7793730360108233,4.10776787805947,2736878053126988078,0.25,8,0,20.116778184572656,26.48444009594748,20.372463492999437,0.24141785523045384
222,0.6269322080039601,0.7713715622187711,1.0208497383605357,1.0521236449081734,3053879962598843772,0.5,8,8,31.032887261709377,27.759563186466355,18.00909143796552,0.5339560133687674
223,1.7045181973905439,1.663288532762193,1.2828293464482512,3.7064849073278694,2395640798339783067,0.25,8,0,24.290114884484282,27.751041535159704,25.213158527259928,0.17964910001762124
224,1.8872798913361222,1.1486694523794072,0.950430940401642,2.497205405009585,7999250881813297569,0.25,8,0,28.43081681605858,31.025754323949,26.327418458307815,0.2836933183200542
225,1.010540175717449,0.5243338329101879,1.6926614656887016,2.064568162677336,7268117028849312892,0.4,8,6,28.665825022093173,27.70161595758111,22.32133353478708,0.7616876308541551
226,0.9488014384080186,1.3694905413105058,1.9888341548431812,1.2585496428639287,2938146442843218705,0.25,8,0,26.313470521398813,27.546521903800024,25.12336404021626,0.29092242259171214
227,1.3265003307450878,1.671560549975964,0.6945943225669532,3.221730821404576,8417815671682738589,0.25,8,0,22.262119681858348,27.51300340866052,22.367048141364613,0.20408711208145144
228,1.9986319417247058,1.3419012722751862,1.1635971025927554,4.825274434890136,8845711191835667762,0.25,8,0,22.224277237722507,27.511299078399194,24.48763677252741,0.2838201924389046
229,0.5639549388835974,0.5575868584503132,1.3995321522353854,2.813608596102617,8289165492714839407,0.25,8,0,18.06050372427724,26.47705466481505,17.724450351457037,0.24345058530717467
230,1.6407579403603942,0.9176524602649136,0.8804089126967057,0.4838368734564896,7617418322643694921,0.25,8,6,30.88966039641459,30.87552076757985,21.239653508732797,1.0645558995937112
231,0.7926389517069934,1.3247425580617136,0.8904380686322155,3.624252159934657,5731297847193881687,0.25,8,0,20.080482262340613,26.320824390859737,18.239124227023552,0.1944636994717849
232,1.1738221600338958,0.6905513865878246,0.8440024051675228,2.875396189266276,1803343699485617780,0.1,8,6,27.396888019189493,27.5144236838783,20.421108162166544,0.5292914831284052
233,1.9878965096161463,1.9642707801821577,1.5436609178632619,4.316650723667565,7462497439654283806,0.25,8,0,22.26593864411059,27.406766822370912,27.05567758122295,0.26395159407046254
234,0.6570911297787885,1.176053181260675,0.6132265621154996,1.6035365754966469,3694246010495804213,0.4,6,0,26.37195429869966,27.519252619618733,18.518053322054598,0.7244364218818985
235,0.9068056973507868,1.0099702350263673,1.6452049929866002,4.9414178919802385,7795937711258898849,0.25,8,0,17.84036106552203,23.68665572528721,17.867383541357203,0.2833507640504037
236,1.4623669627931215,1.9131093884112156,0.952527933321935,1.8994535377779047,3080605499504279072,0.25,8,0,26.313470521398813,30.843327862643605,26.17661893902714,0.23511898151776903
237,1.5622292454696929,1.9033964731338087,0.6135305085351503,3.1380399545743676,317458113953253776,0.25,8,0,24.302234566342634,27.899034212851912,24.089036758499415,0.2368413197921385
238,1.160008451425354,0.9645384435523336,0.6395431360138578,1.2837219017891206,5475403690905639092,0.4,10,8,30.620186845095315,31.02764802423936,20.20237336345086,0.569925262593661
239,0.7074696090925385,0.882878298560734,1.6005328961293084,0.26862798455879633,9188374408676716885,0.25,10,6,31.103711652569118,31.103711652569118,20.851638869805246,1.1452413604443188
240,0.7632679965264654,1.0939549121978625,1.860997966165157,1.692945594973263,5823905345992404007,0.25,8,0,22.240941800277742,27.517548289357407,22.768965956502356,0.24443107040745626
241,1.2826590176124846,1.3701375834724858,0.6871270984323198,3.0612994648728376,2493847979900164976,0.25,8,0,24.276480242393635,27.56015654589067,21.75588322696864,0.17981373414455568
242,1.1342441014786122,0.5334677184347251,1.4156429355723361,4.167190341485835,2993315852135507673,0.25,8,0,20.170748642848125,26.540398939527837,19.090827145018938,0.2446903826001404
243,1.076128229821395,1.0556535643114047,0.9092130960960649,2.024326502042876,6687481707713418102,0.1,8,6,27.39237470016412,27.705876783234437,22.178857759308098,0.33576176042618233
244,1.808303199687095,1.2441988879661268,1.5746719770687503,1.5999767964640266,1217044359653799687,0.25,8,0,28.484282287589952,30.76000504986744,28.770594009515605,0.2626003824738793
245,0.5787608686866633,0.5974686043441998,1.9741483911582631,2.4686185896412454,3919152759107006218,0.25,8,0,20.108256533266,26.48387198586037,19.74606085610971,0.2740001560282226
246,1.3853330651726854,1.0562791976064632,1.0765191792032742,0.9504433693121772,201347805502975081,0.25,10,0,29.10680469637672,31.082565332660018,24.431041595411447,0.806902304955456
247,1.3527965586573505,0.6405909787596827,0.5786938210655812,3.089714081193427,5095383543983947895,0.1,10,0,26.04671127382906,30.832596894331523,19.92263634379533,1.0816021053811518
248,1.552103742209408,0.7067928456602024,1.9796957293140676,4.29882128123923,8457125696703567282,0.25,8,0,22.255176114127003,27.73655472793839,22.83621372440278,0.2918532379076601
249,1.8176011200025193,1.0031651434956972,0.539968149755061,1.1385620396633782,433407327356823528,0.1,6,0,29.505744224214116,31.005870470900142,22.91624877003163,0.8468303661617125
250,1.2281714113950621,1.2310578171035202,0.6300630997737271,0.7883211120120509,7436597744827177928,0.1,10,8,30.832912511046583,30.8783613180154,21.623468673065446,0.9364911599583355
251,1.998994918724677,1.76773352514856,0.8137832532032669,1.4281598362622554,520216337504311561,0.1,8,6,30.392753440222194,30.923178891554098,29.02621083381572,0.7232811390993872
252,0.8098901714232865,1.131108090879852,1.8772152691535755,2.8017407093822055,51951241533820240,0.25,8,0,20.14076505491731,27.510162858224973,21.354326170705537,0.20207760962069568
253,0.8038521861160893,0.568214582878409,1.8051111261918076,2.0780252856293595,8036947493620025255,0.25,8,0,22.240941800277742,27.756438580987247,21.270184392807277,0.23779151504881063
254,1.6901129485480788,1.1410474882748263,1.532642711714146,1.5122781004859114,2403605207398573643,0.1,8,8,30.520388839792957,30.74106804696377,28.12209217393327,0.4610599185125063
255,1.104460154153109,1.227725078079481,1.1722238203338076,0.06032400346425659,7186378058547347296,0.4,6,6,31.726739048099986,31.094874384547406,21.71894261954706,0.7462874910405946
256,0.8238146302540088,0.8681590791297247,1.4675601896325499,2.662793201834393,3380073461528512514,0.25,8,0,20.17895467743972,27.46329377603838,20.388649581542882,0.1567295517496057
257,1.548478628470282,0.6724279170023357,1.419096234591851,3.1615410277319733,6214341216925361651,0.25,8,0,24.261330640070696,27.5757795732862,23.436709997680524,0.22559914902554754
258,1.0571101812402266,1.7727865980779067,0.7773674327730062,1.402702743933374,2472621775090581917,0.1,8,6,27.768368892816564,27.67633505870471,23.933425228673762,0.5547782467077095
259,1.5055755084213251,1.2784632133749705,1.225637286058867,2.3436647456406567,98755018409835335,0.25,8,0,26.320035349072086,31.03459159197071,25.198609000631457,0.15338908444449037
260,1.5699235030581846,0.5487193340662183,1.9452913492322945,2.2714304431412877,5255202018168466594,0.25,8,0,28.418444640828177,30.827547026890546,25.84850265327994,0.286090380329897
261,1.2118645118671412,0.5703933021447565,0.9029440040358451,0.20226621586693194,7129632908788770399,0.25,6,6,31.552203004671128,31.107499053149855,18.97069593980341,0.775746171380145
262,1.0203056390404788,0.9594745879853899,0.7668547588682504,4.977603016281039,2491062468694034506,0.5,8,0,19.217459916677186,26.47023734376973,14.62391993960968,0.5654919684552863
263,1.9878358673499634,0.5807137147648636,1.441671126669239,0.1474539846135131,2829692269188881691,0.7,6,8,42.273387198586036,30.95505617977528,25.159851200249268,2.101620291773513
264,1.7403587140732317,1.020409344215963,0.5130062803895427,1.3395762574768943,6414734821926730261,0.25,10,6,30.961368514076504,30.961368514076504,23.602429561179196,0.9335762792050509
265,0.6180178247030501,0.7513308084587016,1.3667013091236122,1.7745664747092016,4297518277543880550,0.25,8,8,25.28026764297437,27.497664436308547,19.95245126109405,0.513136378760018
266,1.1372567065862829,1.2547263686856056,0.7096461150911237,4.49423174946605,5954517886890550247,0.25,8,0,20.083954046206287,26.503187728822116,18.512980162328635,0.21033811656658188
267,1.7631581961680185,0.8996849189360077,0.5067899970422833,1.9995935310643946,8086981246354236489,0.25,6,0,29.316374195177378,30.849008963514706,23.942410662503715,0.9408345001452744
268,0.9890016803047545,1.820171886528158,1.442613646714712,0.18866052255160692,1651088196029172096,0.4,8,8,31.783486933467994,30.997033202878423,26.460836416175212,1.2761639636456612
269,1.0490242564620118,0.9890668993816774,1.952179536391237,1.4371537682237334,6230891549589115609,0.25,8,0,26.345474056306024,30.754955182426464,24.920590805101565,0.22648496755939052
270,1.6903711195507554,0.7551695791436852,1.129676170333803,1.8852528567225417,8633708876883489688,0.1,8,8,30.58325968943315,30.83133442747128,25.84297205975914,0.42661424693312416
271,1.017041080081824,1.7461239526411432,0.9463101694649007,2.7240855384879517,3556704668044948420,0.25,8,0,22.12463704077768,27.51073096831208,21.935129774427114,0.18214437394783337
272,1.4588912560013676,0.7145318523390104,0.8331220229472132,4.374716479761098,3478258509045503782,0.5,8,0,23.36510541598283,27.4479548036864,18.06911699336361,0.37681928247624774
273,1.1462121783739228,1.3657911484778753,1.1049906889510923,0.4964071479217347,5196944288140760516,0.4,10,0,29.113748264108068,31.2773008458528,24.264083769093546,0.6119592981953194
274,1.837560264794385,0.8170982376007598,0.8935159680279583,0.04602105238554144,7551779278183893419,0.25,10,0,29.18129024113117,31.282035096578717,23.527892104208746,1.2075196585290506
275,1.1686010429954814,0.5531355412787384,0.5563729206620598,3.007539200712813,7449133117732700433,0.5,8,0,23.52098851155157,27.5201047847494,18.831258545141004,0.37572037284708143
276,1.426001853193171,1.8007320172394021,1.4929563242545831,0.0952440934265747,2138764396815307721,0.1,10,8,30.899823254639568,31.05005681100871,29.17511777247744,1.099592682748058
277,0.7759309228387042,0.9425070407661487,0.8308966786683215,1.8484407142323467,7638420985329255771,0.5,10,8,36.12725665951269,27.565269536674663,20.07707545932945,0.6337146711975551
278,1.7974949407971414,1.9450219921762972,1.0918968308001016,3.7637675901628764,4049498795943208798,0.25,8,0,24.25299835879308,27.88057063502083,25.573478699551277,0.19529666549906322
279,1.301731706795139,1.3967009035323126,0.8840753912737066,1.1134185844538358,8460969935171808686,0.4,8,6,28.927250347178386,30.762529983587932,24.86680025643611,0.47879691090368226
280,1.8372337110296044,1.609658129533451,1.8182689782822397,0.43068847585597925,8870516205263610189,0.4,10,8,31.00650170433026,31.078146698649157,32.4264349331268,1.1275856211481639
281,0.6202161654516947,1.1829830467490159,0.9718647732418608,2.2804044398506287,1875623099358758121,0.25,8,0,20.12845600302992,27.35109203383411,19.422888305867996,0.19463155352050898
282,1.8625075000118352,1.7897117659493638,0.9927545661618054,2.957235596695822,707534234771704414,0.25,8,0,26.31470142658755,30.836384294912257,26.792043148542646,0.19095274224299127
283,1.267772884457021,0.9663354772306829,1.9426285053818753,0.522837648365907,1617847173829083494,0.4,10,8,30.763476833733115,31.011867188486303,26.18844927686762,0.755086936238812
284,0.6099607944785929,1.115545145597987,1.1533078301828914,4.386172850616178,2368705101161764973,0.25,8,0,15.721247317257921,23.52304002019947,16.203884339658103,0.22572582079828993
285,1.2539677378210774,1.2625710674912285,1.098794784220774,3.7050239494868005,621658317440137354,0.25,8,0,22.200321929049363,27.394552455498044,21.286917817381585,0.11998730609920695
286,1.5744375565850417,0.5535653050333521,1.032651565653485,2.124155488380149,6155463484156376223,0.4,10,6,31.023860623658628,30.830071960611033,24.118679267820614,0.7791657318784956
287,1.738198223291289,1.135674401774609,0.7814451856808737,4.3754073507141396,1669890732331482055,0.25,8,0,22.241983335437446,27.74933720489837,22.296612203125335,0.22958933259558145
288,1.5931799221432206,1.0055490207248141,0.9337051351853505,2.752570412627644,8989215447517094288,0.25,8,0,26.35819340992299,30.997664436308547,24.168926650609386,0.1989291014170504
289,1.9858648954394007,1.8438058401860733,1.5922475559002645,2.8360246924924115,6010454911141159404,0.25,8,0,26.317983840424187,31.011551571771243,29.00736284005621,0.20756379134607084
290,0.5823367329613314,1.2444082934302951,0.8332043321492042,2.022577385852649,6155772348221199058,0.25,8,0,20.150233556369145,27.645089003913647,19.518739434994497,0.21910119271744344
291,0.7450516181043101,0.6905711897532569,0.926978711944341,2.214000770048669,7403019464440046693,0.25,8,0,22.22670748642848,27.792229516475196,19.5700447485439,0.20900366324613653
292,0.6261093103243602,1.4660867889312086,1.127842551549617,3.0730068672167206,375071486657594887,0.25,8,0,18.053118293144802,23.536169675546017,18.981784147237853,0.18856206349385993
293,0.6844350919779562,0.6895198434767804,1.9710907562098188,2.419021847685792,3841228060927731498,0.25,8,0,20.145814922358287,27.70814922358288,20.835121384350515,0.22063320830248626
294,1.635056962381766,0.7804667870357234,0.6875349838255913,0.055069905324584556,8691044630324722481,0.4,8,8,34.314354248200985,31.317384168665573,21.561640989958605,0.9567826502691437
295,1.5821130698487298,0.8099525191270744,1.306442374302255,1.7446624522507237,7357017174463275593,0.25,8,0,30.518873879560665,31.031435424820096,26.312058625087523,0.23667111190597137
296,1.710443435266421,1.431850832117883,1.057220513892354,2.311313332850593,2657165243742723067,0.25,8,0,26.413584143416234,27.927439717207424,26.690365249193768,0.17306596813191813
297,1.2810247236929078,1.5674887574610863,1.8448070953612397,4.229557522246995,162370671312884836,0.25,8,0,20.19031687918192,27.2866115389471,22.275686008175512,0.21844675974200387
298,1.9066156193400174,0.7638419074254965,1.3931210041020547,0.634277897054269,4392228155039603961,0.4,6,0,29.70268905441232,31.102764802423938,27.54427570652644,0.9717122232647796
299,1.8917687799001286,0.69149244997901,1.237082221507443,0.5959102914041442,1856964520798464806,0.4,10,8,30.932963009720993,31.103080419138998,26.09394212598862,0.7465501321515351
300,0.8669635927785262,1.7135619793420278,0.5383611677089359,4.232191523957825,8853003313273894312,0.25,8,0,18.067036990279007,23.53566468880192,17.621923904965257,0.24375285408324524
301,0.8136178516932522,0.7368336559854621,1.4521091507553672,0.9285079687491132,2342162151828910757,0.7,8,6,31.70294154778437,30.623027395530865,21.74516585197571,1.066083918534509
302,0.6861884078811105,1.296364939269146,1.0723671362829321,2.0619079429427165,863127383387361339,0.25,8,0,20.134768337331145,27.79592223204141,20.69396230230404,0.17516174948468527
303,1.1264777975265603,0.8044331641972957,1.37282819403005,1.4864270037689882,6285703113272334382,0.25,8,8,28.312744602954176,30.838593611917688,24.286403970398414,0.4584285917760341
304,1.479447000634353,1.3496280938877354,0.8087335811031819,3.714163430444369,3285055174207330893,0.25,8,0,22.279825779573287,27.49993687665699,22.322725154644235,0.15156472164595247
305,0.8257313827236439,0.7933993105245882,1.4977402493279974,4.935697418805914,5566393001535178415,0.25,8,0,17.773324075243025,23.52304002019947,16.638022246874755,0.2395341860206516
306,0.5018710569417255,0.9109461057826986,1.5063215319767447,4.082291688521915,884630204656790168,0.25,8,0,15.748516601439212,23.39578336068678,16.332000402602148,0.21402621013813128
307,1.1162020257286973,1.5751274273293614,0.6443287794968637,2.872962449098356,6711543575251353484,0.25,8,0,22.176366620376214,27.564417371543996,21.538345777377135,0.1708805650667678
308,0.5271388694865022,0.521623372315446,0.5528530510911898,0.5632854926548803,3197586394482048002,0.1,6,8,31.053212978159323,30.63438959727307,14.574352402998759,0.605456390045774
309,1.8269345266247985,1.1491248986304088,1.2329675148481671,4.645028383353644,4356544256971049343,0.25,8,0,22.24163615705088,27.498232546395656,23.33337742187496,0.21051087930406445
310,0.7213755738615506,1.73695731556897,1.3997495110426357,4.285122107865381,5908898650764499543,0.25,8,0,17.953983082944074,23.68665572528721,18.128736947126228,0.24369569366253918
311,1.7156028442271196,1.3315785870523784,1.2210452211131217,0.22328447141590602,6750689104522941823,0.1,10,0,29.1778184572655,30.991036485292263,28.554469490821177,1.0403015489306204
312,0.624538275125902,1.9081519511177976,1.3870914873600417,0.3993750174136712,3616945358934302275,0.25,8,8,28.265181163994445,27.757858856205026,24.802115738511226,1.0030069387877043
313,1.0294914206862467,0.7717712225631176,1.016973236436118,3.847322044204317,6650269864511500468,0.25,8,0,20.144552455498044,26.54068299457139,18.964996035064477,0.16352473692114827
314,0.6798867958098294,0.6228547880908266,1.984006458786757,3.5787649790025218,1079722802417296485,0.25,8,0,17.90597778058326,23.53566468880192,18.722338229054678,0.22540356814266616
315,1.8609963755427743,1.8813671886142664,0.590555045631803,2.3456216930441216,8511440980828049871,0.25,8,0,26.335216513066534,30.79346042166393,27.357927059541048,0.23395750507459603
316,1.0011577351183552,1.0308154044941833,1.9598551825230004,2.527589203873703,3497957407933356121,0.25,8,0,24.305264486807225,27.577199848503977,22.954061523554167,0.1705936470835751
317,0.8167953560314893,0.6540819439816481,0.8982423229448058,4.983497762947558,8080703868452305877,0.5,8,0,19.21859613685141,23.535159702057822,11.159556626577436,0.5371433800443379
318,1.003843154388359,0.9373905012988852,1.7584513492690568,4.614814233703294,1075085982510149955,0.25,8,0,18.05965155914657,26.648055801035223,18.937491355152368,0.20289587742618137
319,1.5283248878015552,0.8367655601979743,1.4325856347207346,0.6902392261196133,7369161794451197014,0.1,8,6,30.351092033834114,30.954424946345156,26.613811871121293,0.6106344022864397
320,1.4044718417542563,1.5880233391602723,1.1977903382153379,4.3942813384422905,5779229967179205783,0.25,8,0,22.173242014897106,27.35506880444388,21.590568051499822,0.1526998593444933
321,1.080666705588425,0.9679950489606364,1.4425280413484263,2.5932567320404205,36609611251789771,0.25,8,0,22.223582880949373,27.5675419770231,22.41539127678536,0.11613129065814501
322,1.3609731193939116,1.1881210944559868,1.3567505871340069,1.1864874356096111,9077755832538317992,0.25,8,0,32.553465471531375,30.843327862643605,26.701294302352494,0.19399005706763728
323,0.8502982945006213,1.277608386020916,0.5819103003472887,3.7037780832899223,8817073674456435319,0.25,8,0,20.083007196061104,26.64748769094811,17.994525533463133,0.183336460127178
324,1.998275715225549,0.7323723374427819,1.7477125057922316,2.448976723312583,7277747903552710748,0.25,8,0,30.510352228254007,30.84648402979422,28.640712781303655,0.2661721175721655
325,1.4992851521310293,1.3524565962085566,0.9481611357654702,2.715950633940418,95395430520421641,0.25,8,0,24.340866052266126,27.904999368766568,24.554558309072885,0.13056947924305767
326,1.0898493308992263,1.2078423345180447,1.133220746797874,2.605473388908584,1312843555412280753,0.25,8,0,22.253440222194165,27.50277742709254,22.336626977996033,0.10408093565050788
327,1.3299396248386826,0.6819638222955844,0.8767226714473173,2.789924744651736,2834117711694686843,0.1,8,8,27.820792829188232,27.51300340866052,22.670803410466387,0.3870650090625175
328,0.6618581547806779,1.9462837226917564,1.4759814072410729,2.20930242910705,5789074948169771332,0.25,8,0,20.00820603459159,27.496244161090768,21.746567463268097,0.24904239592308472
329,1.8498443883668598,1.8166382760904511,0.9217747697826133,0.2895090758121116,4786540015305639102,0.4,6,8,31.705908344905946,31.00429238732483,30.239949009930143,1.764839619811296
330,0.6468400988438769,1.5782218854765877,1.3540292222680268,0.7987631400168765,1654067175948726466,0.1,8,8,27.95966418381517,27.927439717207424,23.662755862015075,0.5528463237334414
331,1.3552471294105253,1.500368756912728,0.5279059567507276,3.43139614771468,9136367051635738836,0.25,8,0,22.279825779573287,27.52777427092539,21.832574863704387,0.17081009151210938
332,1.0425218896302133,0.6782716179085928,1.1381512608108575,1.7356427470794693,2597200403005887748,0.4,8,6,28.883853048857468,27.90840802928923,22.615560186847635,0.40423145101023156
333,0.6883901146907929,1.7040390818865188,1.6459474323659555,1.6536921399012443,2392090935171703879,0.25,8,0,22.088183310188107,27.753598030551696,22.83986215876407,0.22795348965008633
334,1.0655260230118846,0.8627732291628907,0.9849345565418992,4.055258777096507,240874445678462810,0.25,8,0,20.142027521777553,26.659133947733874,18.96139783028666,0.1540148756825914
335,1.9743565802995433,1.7240755821102853,0.9035147980103251,2.0426917977192414,3114135877381107025,0.25,8,0,30.43744476707486,30.745486680974622,29.08565720827963,0.2105018859679808
336,1.1000657253546227,1.8213122546975173,1.6936400391082045,4.837396711309755,4694312234073876929,0.25,8,0,18.094874384547406,23.535159702057822,19.816236545917985,0.24753119871699472
337,0.8160565643892399,1.0827159723613242,1.2838072034267374,1.837424808377639,6572438367937137996,0.25,8,0,24.26170938012877,27.739679333417495,22.114831912956355,0.14879914476165793
338,1.0297683137723532,1.052604944222414,1.6982152536988955,1.4159418153367582,3474125224644330665,0.25,8,0,28.372932710516352,30.765370534023482,24.888056561480422,0.17347340852310836
339,0.6068026561058765,1.9701892152783305,0.7491889752545393,3.1355053284579606,8767504133177816313,0.25,8,0,18.055390733493244,23.53566468880192,18.45196399516443,0.2399116373474248
340,1.885856714603897,1.1393570042372796,0.7429554413949262,2.8331271945344705,2580828509670702655,0.25,8,0,26.393479358666834,31.000820603459157,26.38731200026672,0.20924220764893534
341,0.5876800158745421,0.5501865020356573,1.6759876429777512,3.734037353211434,1939896084546611800,0.25,8,0,17.75457644236839,23.53566468880192,17.31045134684918,0.1950948644432893
342,1.7112239889136172,1.0977432959103328,0.8035174738397215,3.7809559453521624,28632500859845665,0.25,8,0,22.26975760636283,27.751609645246813,23.54032995901596,0.1768852534959521
343,1.0836534630232613,1.6784978166522198,1.5459202586018976,2.331281606135999,3042875266122029401,0.25,8,0,24.27723772250979,27.6396919580861,23.948982070222975,0.14669271972051479
344,1.152456960656845,0.5887090062927928,1.5696776756495663,2.730760966626491,2939639690223629167,0.25,8,0,24.278373942684006,27.50107309683121,22.669445505099276,0.16037082928516658
345,1.4128768853047424,0.6939415080318826,0.5951474929510692,3.8628785453424506,715043448352059484,0.5,8,0,23.46578714808736,27.860686781971975,19.271313356336584,0.3582623292612081
346,1.2739989214327436,1.5378575197239064,1.9983048422755052,4.725542837424307,9161506648433839574,0.25,8,0,20.14960232293902,27.322970584522157,21.208076255533484,0.23239155690393898
347,1.275449798073034,1.6794463108455884,0.9429643047286994,4.805805205403316,377161151885448426,0.25,8,0,20.168539325842694,27.34768337331145,19.517440343666046,0.17836997635234325
348,0.8380749472005615,1.17797614642557,0.8704996045902912,1.1560409618681944,8932254022210956957,0.4,10,6,31.002083070319408,31.011551571771243,21.53761255560949,0.610463202251631
349,1.7086700299921782,1.484425760205395,1.1484732805300122,1.100037897589778,4449035879774317337,0.5,8,8,33.73778563312713,30.98283045070067,29.51784737729111,0.674684345616114
350,1.0527999382627327,0.7065871460883325,1.606536698424717,4.319605614569464,8238043480585898774,0.25,8,0,20.15623027395531,26.47705466481505,19.2115435048071,0.17222271798810695
351,0.6103390735048245,0.675651589937026,0.9181907564092415,1.9655187918639538,4834919629158829718,0.25,8,6,25.086163363211718,27.418129024113117,19.12713584004435,0.7782733392269829
352,1.000205934391977,1.7776483923511883,1.3552605622255314,2.232725472183115,5364069656246015100,0.25,8,0,24.16247948491352,27.498800656482768,23.389397747392774,0.15636415988423455
353,1.8748010131504314,1.1537606734773151,0.7880400566427447,3.850053801967808,6923709706177289264,0.25,8,0,24.29352354500694,27.801319277868956,24.46073313538495,0.19070122347961302
354,1.7797618662580572,0.5282613909703777,0.9113921415711115,3.3198864837245194,8430636309290600336,0.25,8,0,26.392658755207677,30.99829566973867,24.500333688464647,0.2408303055437408
355,1.1453977163550126,0.5568986331175456,1.6247758005783912,3.9329593153129077,7976234471802532430,0.25,8,0,20.217144299962126,27.34825148339856,20.491802446818763,0.17225789591555757
356,1.4806804754612206,1.1477563582485977,0.7860987364307639,0.33599825947495,7802508455097203904,0.4,6,6,32.13325337709885,31.34768337331145,24.284460925344856,0.6873553852154273
357,1.5271914014013954,1.3888837486883425,0.6288292583946895,1.2599131951295062,3773611394350907750,0.25,10,8,30.824075243024872,31.014392122206793,25.56855836149345,1.1061565503325514
358,1.4601934225599607,0.6782325015858413,0.6460469157937121,1.1796943654052616,1467153323032683409,0.1,10,0,29.055990405251862,30.969258931953036,22.110310813336355,0.5916391593340764
359,0.984855502121011,1.1278684564671693,0.6850125027163445,0.28101056112826817,1023737888025095962,0.1,8,0,37.81350208307032,30.938328493877037,20.86880787843832,0.8423526727612394
360,1.2142942864208366,0.7213669020382678,0.5346741581985974,2.4519086748962557,3982033007180145410,0.1,8,0,21.802455498043177,27.69479863653579,19.511173583699343,1.074376318897552
361,1.7495283924822547,1.4059057414011684,1.4849646410694235,3.242316119208915,6950725867582586174,0.25,8,0,24.3226865294786,28.050435551066784,26.133376051622232,0.1305761922702354
362,1.3919585722291243,0.9710874311310533,0.6591975155439679,3.444739054990018,8460700235971416492,0.1,8,0,21.80696881706855,27.564417371543996,22.18246732460971,1.0445293273596914
363,1.5140369628467976,1.4755192367573429,0.8467108790969242,2.9279909686883085,7298309366274311562,0.25,8,0,24.30753692715566,27.532035096578717,24.308540506878675,0.12418224075163853
364,1.0405828262478225,1.2666311470268254,1.1791968748210953,4.962467173420221,2964642220112944959,0.25,8,0,18.06902537558389,23.535159702057822,17.76053865995073,0.1704239432863099
365,0.6201172136648792,1.2614084654379383,1.900650444562238,2.901802306067059,4754472996312669340,0.25,8,0,18.06675293523545,23.541219542986997,20.08258383608553,0.17855128222227265
366,1.2011439166518163,1.4994370158198813,1.4718577641714212,3.110342435553898,6489222927266664377,0.25,8,0,22.255176114127003,27.682016159575813,22.904028446662267,0.09945504994112922
367,0.5862752416402022,1.8142673880813671,0.5770865647305279,3.6750738070748383,3080769926434479848,0.25,8,0,16.008332281277617,23.535159702057822,16.8502422508121,0.22748258352934347
368,0.5423763533405896,0.6296725211308227,1.8027089361730262,0.003982213833301773,8372605145350205632,0.25,6,8,31.43447796995329,31.015970205782097,18.525160916989485,1.7336744817985015
369,0.6079903357789429,1.289078840192611,0.8023095773587134,4.670810516551613,1267118582383888054,0.1,8,0,15.605857846231537,23.68665572528721,14.97613791902467,1.3812035028323386
370,0.5050497502085229,1.0889023039091543,1.2801448894092855,0.00804246443952883,654875178726180817,0.7,6,0,42.22351975760637,31.082565332660018,19.324056707480636,1.3419614056894764
371,1.4788383724220826,1.2943475525205796,1.6463452582550957,1.7089963680292197,5368550358190825128,0.25,8,0,30.440285317510416,30.623027395530865,27.433935134116616,0.15430176403916512
372,1.6340869312445854,1.6043172581413954,1.6557638836058888,1.934875717687354,5443153056799163780,0.25,8,0,28.441863401085723,30.749274081555356,28.32221898046011,0.16102230616882934
373,1.1197665190377855,0.6402092683359923,1.7861127520811582,1.4394172944318546,8943087917330091244,0.4,6,0,29.314480494887007,30.835753061482137,25.318273781051495,0.6252222688713215
374,0.5681996810090019,1.455537847119048,0.6153678749992892,2.626309238626883,3000416499870608705,0.25,8,0,18.063060219669232,23.68665572528721,18.455850162286474,0.19461020425654313
375,1.0419029324353954,0.5937409485835541,1.9740134206086566,0.4291064704833092,8638049363624480943,0.4,6,0,29.70237343769726,31.26846357783108,25.018705959958332,0.7761809035061161
376,1.8453083934900696,1.2902378687216012,1.830452349511917,1.5851253156788219,3959701718484644757,0.25,8,0,32.553465471531375,30.81681605857846,30.38441377419876,0.20166729922029503
377,1.9674626119487797,1.6713067070635135,1.83570148308773,3.0447632629543926,3292820230733572104,0.25,8,0,26.320035349072086,31.024491857088748,28.725158632712105,0.1869978063305154
378,0.6769657549568755,1.7406003884582248,0.6225773279635072,1.1607611699617482,5615020903401760944,0.4,10,0,26.057221310440603,27.669233682615832,21.69343120258474,0.7752389133154873
379,0.5414600180333042,0.7554908007417731,1.099769124999709,4.43201453782002,6732703680532626481,0.1,8,0,15.60989774018432,23.534654715313724,14.004080022101492,0.9247524083560146
380,0.746985670523219,1.4240879424489172,0.9415980588430398,2.851651593597451,421863932080967192,0.25,8,0,20.159386441105923,27.384894584017168,19.63127534405399,0.13481052746303812
381,1.3622256447389818,1.7372844907569363,1.5868231762922567,3.7385303576152844,2102583887878817913,0.25,8,0,22.20483524807474,27.73257795732862,23.069732550580756,0.14301793681723537
382,0.5968951711619875,1.564237619485193,1.2978170285215405,2.6422444393164395,798991737135385131,0.25,8,0,18.0639123847999,23.54778437066027,19.703476088702804,0.1578693127864699
383,1.093790501728061,0.7170001675320526,0.5181288941555144,4.350191630598951,7929042510994693069,0.1,8,0,19.714366872869586,26.320824390859737,15.24460916347717,0.6639243453085866
384,1.4155983413916913,1.865861295880686,1.6927819086977314,2.9370346005221393,272759789482203006,0.25,8,0,24.290493624542354,27.702752177755336,25.18803936052805,0.15472277574465115
385,0.8024311544497303,1.3649002796788166,0.649695298185059,1.8230797443394304,8560830395558627955,0.1,8,6,24.84440095947481,27.74706476454993,21.454155620533612,0.4039169192867546
386,1.3141035944746653,0.9233959338543392,1.1320826180882255,0.22857319420612643,8947728967817020435,0.4,10,0,29.175924756975128,31.0216513066532,24.56014144495165,0.701169608896208
387,1.324077170550478,1.7293953348609399,1.554260496969497,2.070734847370821,5612488603005700450,0.25,8,0,26.290083322812773,30.809872490847113,25.964897540644916,0.14010079874089382
388,0.6418263804512416,0.9591410618377817,0.9270139556465016,4.199752872490107,6852989746966174049,0.25,8,0,17.74520262593107,23.535159702057822,15.959698509857052,0.16467012214412247
389,1.4974981106090977,1.1873209196909995,1.3804049110931556,1.049715225804212,3613020610740414594,0.4,8,6,31.67743971720742,31.189243782350715,28.54949486080402,0.4463995506191167
390,1.6036923815125228,1.0151805038306094,1.5998398431241334,1.8903978725416244,4065310030283771701,0.25,8,0,28.442747127887895,30.840802928923114,27.694365914560358,0.15800726283125743
391,1.5003360105783186,0.6895203644962915,0.9589027409448889,2.4757124165341295,3694771131052280690,0.1,8,6,27.43056432268653,31.069309430627445,24.67096851300439,0.4418529957853647
392,1.8213343721388466,1.9689758874963847,0.6609209571676029,1.747683671359378,3668245906554327434,0.25,8,0,30.4412321676556,30.8376467617725,28.683336296477822,0.215388005971633
393,0.7171835748098356,1.0253758888846556,1.4129457626376802,3.761374738918698,6359045698153843835,0.25,8,0,17.996307284433783,23.529604847872744,18.06133289218843,0.12909330549986492
394,1.3029478335599838,1.6547138684938731,1.580013685898221,3.648148486902785,4176267644402822796,0.25,8,0,22.19685014518369,27.55731599545512,22.75326454694842,0.12738688923903593
395,0.9998356644049,1.8584970772630696,1.1916014214182078,4.59485562429342,5271273999038521619,0.25,8,0,18.05624289862391,23.541219542986997,18.516536572158483,0.18349127998665632
396,0.8565675569903202,0.8418652989787239,1.0798927713513495,1.409188403577533,8698295772269140196,0.25,8,8,28.293996970079533,27.92261078146699,22.250328452437707,0.3558661675709197
397,1.8410696339173482,1.5106290694881994,1.1562404417508574,3.5872671905717164,5334189119856191406,0.25,8,0,24.265496780709505,28.022030046711276,25.664459057833966,0.132464774688642
398,1.041908666347727,1.146624159231988,1.9237609998377865,4.83989425912111,5469778410326864420,0.25,8,0,18.06050372427724,23.53566468880192,18.833166883322143,0.1979577665679955
399,0.6752751061880102,0.7764430748241641,0.8925764332384956,4.708366653132904,7750166611331349923,0.1,8,0,15.626309809367504,23.53566468880192,14.982778804779937,0.5911457569907772
400,1.8537520274059425,0.9626881343396461,0.5741380739969141,3.5466669185433974,6088738237174495402,0.25,8,0,26.301571771241008,30.988827168286832,24.626129167529616,0.21147856051642497
401,1.9996612529194209,1.1578074023724345,1.5353824859331788,2.9001144042707527,6945139369302763465,0.25,8,0,26.386093927534404,30.779888902916298,28.343154124752733,0.16492352902394297
402,0.5835772407092621,1.9531793988018018,1.3849326089425813,1.5330037789533546,1994769123408902351,0.25,8,0,22.081586920843325,27.771777553339227,22.139534739050244,0.22393512945757282
403,0.545999924455886,1.4478263088826768,1.0635170688217115,2.072883985059963,1283431484762386178,0.25,8,0,18.044880696881705,24.334553717964905,20.06981510651992,0.1633458683823267
404,0.8536654804792483,1.3696924418609875,1.6960716533519302,1.1884157909040816,6047609831091949104,0.25,8,0,26.31757353869461,27.547090013887136,24.55807087819846,0.17500914269454135
405,0.5513313082367151,0.5703272623588477,0.6695275967281276,3.3257389881619677,1075091363893081143,0.1,8,0,17.58130286579977,23.541724529731095,14.21439996961636,0.4229529634350386
406,1.654455333030716,0.5209777372763824,1.6911680510813822,0.35004999694253247,8418146529680092854,0.25,8,6,33.557757858856206,31.068993813912385,27.27787724608333,0.8842186060353557
407,0.8704496830999617,1.8921230167692158,1.3438825101728118,2.018303143815907,2606583839449198549,0.25,8,0,24.169296805958844,27.707865168539325,22.937236126346694,0.16513021296458827
408,0.9641248358829388,0.6121160700905695,1.6178834413559757,0.8150488876892242,8867019609485345526,0.1,10,0,29.05062492109582,30.747695997980053,24.07515182629813,0.8548031266356018
409,1.5253137012594415,1.7720597710018846,1.4626469057380687,0.16774376830996973,2742477060319122463,0.4,10,8,31.232798889029162,31.03459159197071,30.760354203322887,0.7581525026818534
410,1.5435282143135343,1.336619908163891,0.679015596681394,3.0876076662601677,83058492291687537,0.25,8,0,24.262088120186846,27.69479863653579,23.928612178299126,0.13904116855436188
411,1.5930952904275486,1.196706312886462,1.4729188766910342,4.879216083440349,7865431366598552076,0.25,8,0,22.27427092538821,27.463577831081935,21.69625485128404,0.1644189473749181
412,0.971569007932493,0.7964516821939388,0.9439523809990711,3.624955175084246,762955009110661243,0.25,8,0,20.145499305643227,26.68668728695872,19.165764306075612,0.13636589050770725
413,1.974654197308067,1.986031596126953,0.7606030710474806,1.1849433774122713,8768259401623991709,0.1,8,6,30.22838025501831,31.068678197197322,30.974501949930737,0.6217385272551127
414,1.0144513254013103,0.6319977991676841,1.790090243517172,4.285670902117728,1222620264005410930,0.25,8,0,20.14928670622396,26.47648655472794,19.198516632147854,0.17380020321417375
415,0.7108526232330725,1.0355461638771128,0.904088018898706,2.9323575220597737,4678433148578476824,0.25,8,0,20.09184446408282,26.655441232167657,18.966498670948504,0.13223077715264223
416,1.7454402984693826,1.1863669809261124,1.9565655770937358,0.504509551892729,1768901356681973471,0.4,10,8,30.959474813786137,31.10402726928418,32.06679891899559,0.5176908234241194
417,1.174245923011493,1.6773717927987084,0.8248759216442486,2.9881380596820546,3945742900925385245,0.25,8,0,22.183310188107562,27.770641333165003,22.17364891653191,0.11922340190422485
418,1.5719031449669578,1.8742312344678462,1.4486672145857562,2.5039215595928526,60731121086635022,0.25,8,0,26.290083322812773,27.897045827547025,26.671594935948004,0.13440655635404175
419,0.6429509962814323,0.9229156837871515,1.7156379295557462,4.469203066856323,4812196252583115083,0.25,8,0,15.723519757606363,23.68665572528721,16.55049484712048,0.17600705047308052
420,1.4196476023455975,1.4001758639760695,1.849428662099014,2.38733771014831,8510609702230914359,0.25,8,0,24.335184951395025,30.63723014770862,26.151064457903328,0.130777783732507
421,1.2162320325866476,0.909653394952606,0.7848069252687806,4.592945570764312,5142448991318339651,0.25,8,0,20.144236838782984,26.67390480999874,18.75149334156952,0.16208251025933323
422,1.9684354929270576,1.4979614221442943,1.3704122210530023,3.912324269062572,3801730435083653159,0.25,8,0,24.335563691453096,27.703320287842445,26.109733850054457,0.14885769584948813
423,1.2080848748428108,1.091702254443469,0.9043210337595918,2.736033387323303,8683329780871890184,0.25,8,0,24.274586542103272,27.772345663426336,22.639517436025965,0.11169896504967709
424,1.6191835459343342,1.9067032313022274,0.9934075866771384,1.249789570293622,7867888189846056430,0.25,8,0,32.53882085595253,30.86037116525691,28.83687953960745,0.18464116889657126
425,0.6748811815138467,1.5544482262581867,1.9971031338289547,3.32460788184925,5842794659326217389,0.25,8,0,18.053118293144802,23.53566468880192,19.707337371948032,0.1874874665182124
426,1.4628608178222946,1.4127229342881193,0.9463024070265585,4.343062970879271,6112172031066106881,0.25,8,0,20.207991415225347,27.744224214114382,21.376731276944778,0.1247479902382447
427,1.0332191604896919,1.6993889020888142,1.3988270520884225,1.6668105061391696,8920483906584639448,0.25,8,0,24.30261330640071,27.731157682110844,24.68457260846477,0.1406961283149687
428,1.7556674878797804,0.7001081906575479,1.6449345419863026,0.5653278588730781,3766039808782511643,0.4,10,8,30.74106804696377,31.01881075621765,28.589714019471838,0.5021699426686044
429,0.5522215741682597,1.1467926720036634,1.5989740628635396,2.06777588931327,3833636822902657826,0.25,8,0,20.138240121196816,27.545101628582252,20.654283646278543,0.14684557509370716
430,1.1667597599666375,1.9229298366721466,0.8472045934823356,3.187559878295207,5129059778462643798,0.25,8,0,22.18851786390607,27.50448175735387,21.946661743062524,0.139522014018063
431,1.9144455256142847,1.1842229628076861,1.3433767696707082,4.302404260933862,1836563303220394303,0.25,8,0,22.269410427976265,27.756154525943693,24.72729577651686,0.15627905048786495
432,0.7817079597117753,1.9458241962963667,0.576124064562324,0.01794926839741029,6646367633421621906,0.7,10,6,42.207423305138235,31.01123595505618,22.44372073108092,1.942890907029908
433,1.8753958348472144,1.2188230693285174,0.7945115386119286,1.2829148450471206,5254710792243547269,0.1,8,6,30.344653452846863,31.05163489458402,27.830721457864378,0.4484323571720876
434,1.1466658474335956,0.9755538292179797,1.1009225386420671,2.7309684497201605,3984580421120295425,0.25,8,0,22.22774902158818,27.50561797752809,22.46481587504406,0.10210079542743034
435,0.6609462926773806,0.9549124610710249,0.7530982253957264,4.23623498555482,1345088160023468334,0.25,8,0,15.788410554222951,23.53566468880192,15.846630167922363,0.16442357489816686
436,1.742020351957378,0.7246234018751063,0.6710147132376065,2.8652231381029365,390737031294746021,0.1,8,8,28.101660143921222,30.74106804696377,24.987280809032217,0.510242736389925
437,1.606909545497009,0.660308435213175,0.7670378848199002,2.5141283699614654,2504102095938818059,0.4,8,6,28.791156419643986,31.02133568993814,25.07564424855002,0.6421461117533439
438,1.7290908556001403,1.943334121815898,1.874351122831441,2.280786602068831,6970060762681845221,0.25,8,0,28.34376972604469,30.75243024870597,28.67131265560619,0.17814255856263472
439,1.7879038145049406,1.4705767222171116,1.3438455176423627,2.37563363341984,413901751197933311,0.25,8,0,24.306400706981442,31.028279257669485,27.921869346953628,0.12330084194134874
440,1.1408203209294947,1.9461528285961038,1.1562917292024726,1.2771634594583796,5342990438505060431,0.25,8,0,28.370723393510918,27.66696124226739,25.996476449508233,0.17129218909983504
441,0.9845621524761066,1.936033444744455,0.6163132653136079,2.8059766792430945,5664839003624991501,0.25,8,0,22.058673147329884,27.38887135462694,21.31691190088465,0.16625077783992814
442,0.749643552107336,1.5544311238016355,1.9914105600316687,3.111339503036747,6959394399570689087,0.25,8,0,20.080797879055673,23.53995707612675,20.5794006478566,0.17160651023409576
443,0.9364083061897914,1.5405246906470895,1.0899019567097417,0.22999742763047337,4314225322995638419,0.1,6,0,29.54109329630097,30.979674283550057,24.724744010833163,0.7255011132355433
444,1.600390691352407,1.1334681456793212,1.6446845498657534,3.0868701922019435,1221761109690977160,0.25,8,0,24.29541724529731,30.577578588562048,25.376793703925046,0.1135916547623676
445,1.678541921450854,1.0516821602531994,1.9398221656732655,3.906862415824712,8222985683058778,0.25,8,0,24.281025123090515,27.744224214114382,24.485950147275496,0.16109390244123178
446,0.8999840724533167,1.848800397631144,1.127837214487744,1.7016841004302101,1837612602090112314,0.25,8,0,24.212473172579216,27.696787021840677,23.579632550017273,0.15347321626767552
447,1.0653257832517489,0.6812354281734021,0.6410928613527731,1.888892602460574,1479777462451369513,0.1,6,0,26.38189622522409,27.904999368766568,21.0980944329239,0.8263334374130684
448,1.1472078059199253,0.793101157360061,0.8106484811879775,0.9444628518843706,5607577794851627043,0.4,6,0,29.73488195934857,30.825022093170055,22.4534857183829,0.44481074560441536
449,1.4645996348103367,0.829635602786581,0.7122174290915566,3.334386367995327,2216695556489726813,0.25,8,0,24.2855700037874,30.830071960611033,22.70755181580016,0.1581267842121205
450,1.4866163683913802,0.8036005187902795,1.9502530331429289,2.751485781843725,3283951075662097673,0.25,8,0,24.313975508142914,27.65843959096074,25.450462689185667,0.15488790605109537
451,0.7386109758773518,1.2801650002329872,0.516446082966665,3.807942345479919,1696107011659629809,0.25,8,0,18.04061987122838,23.534654715313724,17.22572893608176,0.16133633149223858
452,1.6925146825858954,1.466347038219936,0.7107160762316906,4.4032837109442236,5374247654078317481,0.25,8,0,22.278437066027017,27.73939527837394,22.45632485442052,0.15135916775049335
453,1.734811778400481,0.5926563549287356,1.3761802211317395,2.4991911855500577,5348937013767310231,0.25,8,0,28.418886504229263,30.776101502335564,26.738069759942363,0.18151957057306478
454,1.8356716035034035,0.5050667306436754,0.8798575914593023,4.883612776731443,1675430264627292609,0.5,8,0,23.48592349450827,27.799046837520518,16.186191843416932,0.45561079305849306
455,0.7147363674117228,0.811645555626247,0.5047793000414187,2.0089529582316086,7564022198276044144,0.25,6,6,28.00072591844464,27.559588435803562,18.6317276407346,0.9032088879180962
456,0.6810291057623084,1.8931415946939385,1.2015721164758097,1.8077426369925653,2964749190806976353,0.25,8,0,22.126720111097082,27.558168160585783,22.078963765596793,0.1684951520322219
457,1.9565995707000094,1.0906729159424755,1.2073540590026641,3.2508670252615235,3901158320946369169,0.25,8,0,26.384863022345666,31.015023355636913,26.807156361386333,0.1437595630840206
458,1.701749301339527,0.8818590889030766,0.9821588683992591,0.7113616823718144,7244479963920354137,0.4,10,8,30.824075243024872,31.258995076379247,26.86940085669996,0.4791793205343841
459,1.1623949970667602,0.665594671187311,1.4438027051830973,2.3383098848530266,2971994896922075646,0.25,8,0,24.23481883600555,27.88341118545638,23.570313430214274,0.13553170991167449
460,1.4082414640801801,1.1830316488469568,1.5103932366349884,0.9535330183872115,6361990408553773672,0.1,8,8,30.530614821360942,31.084459032950384,28.45799440713244,0.41907555427275817
461,1.8487707533264162,1.9102198876218655,1.7219165452470746,1.5181109260648873,3296314001486966103,0.25,8,0,32.578209821992175,30.876152001009977,30.72451751290116,0.18125263551287776
462,1.463366503747643,0.6351109714836137,1.0588949924503102,1.0881334697941314,6143718867428868486,0.1,8,6,30.242393637167027,30.795038505239237,25.24694856540784,0.41895513958024067
463,1.8259352021070594,1.042280762105103,0.9034881946435768,3.6834652521006013,3143555653586698625,0.25,8,0,24.23481883600555,27.757290746117913,24.725160650003364,0.14563516278612068
464,1.1511726912481448,0.9353566885439287,1.51945824277947,0.28951619867352896,931509963862546247,0.7,8,8,34.54374447670749,30.956318646635527,26.27622594792995,1.1277854218829002
465,0.8408630751537647,0.77572649668,1.653408508335188,4.442977571887113,3487275276675342226,0.25,8,0,17.910806716323698,23.53566468880192,17.509836835832274,0.15269690398798877
466,0.8542657842830248,1.0754673964686279,0.733610576566204,4.119363932417083,7601281266356802194,0.25,8,0,18.063344274712787,26.48387198586037,17.42719850962816,0.13769509447143097
467,1.1915686569110278,1.2006530143502985,0.5354615235131917,3.004848463991289,2636769657558608016,0.25,8,0,22.279825779573287,27.580892564070194,21.739140336138483,0.13779153992311646
468,1.1285870409642187,1.276358328142211,1.228485733223482,2.06450994063994,7282359031741473854,0.25,8,0,24.331776290872362,27.907839919202118,24.08681547675172,0.09625510907350772
469,0.9989827617559306,0.8891253882520658,1.6929993369826986,1.0672662448069077,6208200938718787161,0.4,10,8,30.692147456129277,30.74422421411438,25.89534372432028,0.5435195290073247
470,1.1901228269973272,0.6571594016120441,1.3497722019783462,0.2768355548427842,3501504562091614005,0.1,10,8,30.9850397677061,31.250789041787655,24.116679689700984,0.7597319036658265
471,1.9580020367664184,0.7000981365388668,0.8039986572694229,3.2891947234599246,608703111509161937,0.25,8,0,26.373374573917435,30.731599545511934,26.05291065851411,0.1971095707575729
472,1.322777698480725,1.0158118921580015,1.6671904311851462,3.2704163325258473,2611460816728469203,0.25,8,0,22.224971594495646,27.750189370029034,23.182440986846448,0.09886150857555198
473,1.563563180751431,1.2033976450544017,1.4579990299851362,3.699286408497357,8125818775047482753,0.25,8,0,24.246559777805835,27.772345663426336,23.727167072711296,0.09675792532153991
474,1.3854331155674102,1.8162759347216924,1.0521952411483655,2.6579596118115196,3246714719436431350,0.25,8,0,24.329125110465853,27.640544123216763,24.668927227168577,0.10698960518898315
475,0.6134436247947246,0.9665003647181647,1.5417842453857677,1.8815691258944516,2538909203804266809,0.25,8,0,20.162858224971597,27.79478601186719,21.30725868952459,0.14157261114991945
476,1.4947935416080105,1.5034433355105024,0.9817453467004813,1.5466536839900857,385420766941690539,0.25,8,0,30.453541219542984,30.82880949375079,27.359991454236656,0.13843327575110845
477,0.7525902669282734,1.1653626319105266,1.4386687358377868,4.417094983982125,7004828197131798246,0.25,8,0,17.793776038378994,23.53566468880192,16.983837193562632,0.1361229302936729
478,0.6221314862162406,1.989031753107842,1.5678787932510512,3.7518953440566865,1965651565430376504,0.25,8,0,16.009342254765812,23.68665572528721,18.19508705809505,0.193083295791542
479,1.777553949313253,1.1384448413842962,0.6186767738455481,1.0004436188785042,2652663836707698078,0.7,6,6,41.93820224719101,31.062365862896097,27.435968989967147,1.2681316987780247
480,0.9007384993809681,0.9307922609954193,1.5876470539010303,2.7446786706344217,5714319115851367879,0.25,8,0,20.1644363085469,27.644520893826538,21.39751131592399,0.10292046143571514
481,0.5039066486660333,0.8986190176389259,0.8797351063382463,2.13869706655342,5176318250443206799,0.25,10,8,27.484029794217903,26.323096831208183,19.250219484014462,0.6589728009174356
482,1.3479151715998696,1.3527262132868394,0.7006698979912296,0.922199981826417,3198204040578627457,0.4,6,8,31.895278373942688,30.99829566973867,25.820732061713244,0.9662862042582769
483,1.030437246597827,1.9924425378431976,1.5780164255858191,3.751366556372907,6555373576717422655,0.25,8,0,20.129087236460045,27.672358288094937,20.77067154127186,0.16041241569891584
484,0.9385552395636323,1.7625110786796327,0.5509537431730658,4.753100206210468,3848966850843585700,0.25,8,0,18.048005302360814,23.68716071203131,16.88658904489325,0.18346608289853428
485,1.2730240597314648,1.1690281827883704,0.9489794343030095,3.093042097039161,5735665214147670861,0.25,8,0,22.25587047090014,27.707865168539325,22.562096921089083,0.08707454732384716
486,0.6778094875850084,0.5183982724590577,1.2950263111407523,4.488643046515175,5890875321931232738,0.25,8,0,17.662542608256533,23.687665698775408,15.790757471653938,0.16518923807477884
487,0.8366936316999531,0.946265321515922,0.7408605340642194,3.572951544062619,3228592015566490188,0.25,8,0,20.109519000126248,26.47762277490216,18.427041900259642,0.12930681142575237
488,0.7805333909620202,1.1086194977188786,1.8481954394269111,2.6450802570568968,1808617555768326675,0.25,8,0,20.136662037621512,27.576347683373314,21.196825060969076,0.12417575892976415
489,1.0872823738295163,0.5373962864076214,0.8881973444418035,0.1439066898373953,7027559089243067443,0.25,10,0,29.175293523545008,31.11381138745108,20.242429571970654,0.5852572384838597
490,0.8348491607944835,0.5625760052712219,0.5065116165432992,1.4931282329538638,4827318983533656009,0.25,10,6,27.982546395657113,27.982546395657113,18.612501685271667,0.6021901912857941
491,1.89108607427185,1.9781986944449494,0.8465714695305225,2.3672259289461333,8112405921031142803,0.25,8,0,28.361002398687038,30.82880949375079,28.41873406561566,0.15690858001789965
492,0.9759511911225682,1.8312119120117218,1.3353127855998825,2.716713276916348,5770983514113356223,0.25,8,0,22.107972478222447,27.515275849008965,22.196375659346288,0.11556746023166374
493,0.8596855117025289,1.102046210843888,0.7844377411824617,3.829607301133887,71283133650849050,0.25,8,0,20.083954046206287,23.39578336068678,18.20696264090754,0.11914451432367205
494,0.7713585706932319,0.8750125861883054,1.0816183212492496,1.0560361942487317,1658318194277266625,0.25,6,0,26.448933215503097,27.72689685645752,22.11413724325395,0.5345964321869361
495,0.6619522659125457,0.6549181915656823,1.6998105801231163,3.6186890817564294,674183933848109526,0.25,8,0,17.892343138492613,23.53566468880192,18.029018789962436,0.14203200024416796
496,1.974212421641203,1.5099381780962757,1.2810045884189147,0.7614310949749875,5538457637849080758,0.4,8,6,31.61608382779952,31.29055674788537,32.48107383221093,0.6126840138434534
497,0.8057450839362787,1.1972485717858454,0.6443921363591526,0.7786055877225934,2521846894326696350,0.4,8,6,29.13972351975761,30.76000504986744,21.433876576575862,0.508014413650927
498,1.7487425530941159,1.1778990647833112,1.3492710972629343,0.5301375519816953,8846630301181906039,0.4,10,8,30.959474813786137,30.98788031814165,30.12476480725172,0.3791365058101567
499,1.5051571051315726,1.244556363089833,0.8619010186109813,0.07941056746077091,1707850816186123161,0.1,6,0,29.608004039893952,31.031119808105036,25.812346505521315,0.6736771132222247
500,1.1234845236922324,1.976566221212699,0.8432755493266142,4.48174146490716,5552578248011196068,0.25,8,0,20.12309051887388,26.530172957959852,19.14260211171985,0.16323815076957363
501,0.632703851179908,0.6473014357987281,1.400083487671668,0.1002957999475973,4001730921649065825,0.25,6,6,31.52127256659513,31.089508900391362,20.461364192551358,0.9066620925319977
502,0.7716830185676911,0.5960157542338618,1.2718824233273154,0.9943202906927684,9206514519414356461,0.25,8,8,28.33947733871986,30.62365862896099,22.057197851666476,0.4539428581402213
503,1.471220782677859,1.3104508294222796,1.1302656036585559,0.4852884097167537,5523426190256728883,0.4,10,8,30.868577199848506,30.967049614947605,28.114944105027334,0.377107519960907
504,1.8369891602745634,1.9909320032772209,1.655305086416357,4.46640354046072,2479817180036352858,0.25,8,0,24.290493624542354,27.546805958843578,24.58112312291502,0.1854910140751577
505,1.2060532460427225,1.8206645431034696,1.6547819930687753,0.8903955990793633,8962232736044926407,0.25,8,0,30.435551066784498,30.89319530362328,27.719297246240323,0.17040808950202013
506,1.9470290677813882,0.8844572663524051,1.9382331281957559,1.9292243253858392,998076262650669356,0.25,8,0,30.845537179649035,31.017548289357407,30.134256245494363,0.1881866955024139
507,0.681129604043907,1.0804028702691908,1.8590633247352821,0.943077814030035,2103451040654675303,0.25,8,0,28.342002272440347,27.547658123974244,24.080509212749703,0.177672733478563
508,1.1139896273946415,0.5732437290763789,1.4579243736770107,3.437276543884564,7627367997414773753,0.25,8,0,22.2690632495897,27.828304507006692,21.047027325864452,0.12380937524953813
509,1.1525438215286585,0.5516187860030379,1.5645122106604206,1.2309318790133295,923444256625736524,0.25,10,8,30.728127761646256,30.642595631864662,25.535813834341354,0.6674774331291841
510,1.9825113233347387,1.622123657183897,1.3976161869537536,2.188681756658173,826843422719248855,0.25,8,0,28.447165761898752,30.84648402979422,29.767431359537735,0.13794743275066615
511,1.710596139566264,0.8562428346443596,1.6313759256753364,4.859339763807976,3679575097878222485,0.25,8,0,22.24267769221058,27.69905946218912,22.23317183226441,0.1671662319624608
512,1.0353614161570033,0.8395659517004291,1.3848955798905178,1.7228496673932947,4179410081510953505,0.25,8,0,24.34427471278879,27.923462946597652,24.22422304089384,0.1289286718132567
513,0.9263459379910438,1.9565669916817234,1.2131239438320214,2.6871325019339687,2655417443242130914,0.25,8,0,20.05554854185078,27.50504986744098,21.95300302328892,0.12882851801669748
514,1.0718727266941483,1.473813594799056,1.4313866534885502,3.9316062525091864,3623475780669741990,0.25,8,0,20.144868072213104,27.70814922358288,20.220032499756027,0.0974714065614858
515,1.3171810613921207,0.5477603721662119,1.4839785180486045,4.838966800798156,5181652079289290861,0.25,8,0,20.225350334553717,26.522503471783864,19.45962820433604,0.1612000134947249
516,0.7212363593553264,0.6368264550665583,1.1008765638862612,1.1996605179113518,5675286413732851129,0.5,8,8,30.93324706476455,27.730589572023735,21.56782241942079,0.4794230586045323
517,1.0063824082835442,1.689624449797889,1.6793269443026566,2.928132459491129,1103793984382710572,0.25,8,0,22.108319656609016,27.685992930185584,22.265137708114185,0.11447417262154715
518,0.875806101534721,1.7538544794842594,1.7824603394715106,1.9208204531391337,481326531023711640,0.25,8,0,24.16247948491352,27.683436434793588,23.66863173779294,0.14392013955807112
519,0.5686094799492258,1.4622027908180388,0.6500181944048682,3.0692467922204902,6045280526468156730,0.25,8,0,18.004260825653326,23.529099861128646,17.995701875613697,0.14650991412978323
520,0.622639516565907,1.628389809557225,1.6569286003609607,3.126611831796703,528272302117852880,0.25,8,0,18.06220805453857,23.542229516475192,19.344352908603536,0.137662276035086
521,0.7789997965298368,1.123362388055509,1.8017405946009952,4.8922995782310625,79267546260033599,0.25,8,0,15.79649034212852,23.68665572528721,16.52416508351691,0.16626014893174046
522,1.253263610933788,1.737763138634997,0.9355863625804304,0.7704904602439733,1273055289812855889,0.1,8,6,30.349198333543743,31.232483272314102,27.11309070477783,0.4568698613779829
523,1.571170988534401,0.9178322860472119,0.6781913214113691,3.302220127017505,4812630584774212258,0.25,8,0,24.303749526574926,30.857530614821364,23.692537216279366,0.1414425797333307
524,1.151215839639779,1.5504966501533857,0.7074895998297559,1.3808464108414253,2553501213492662305,0.1,8,6,27.724971594495646,27.911532634768335,25.198595974877048,0.31902164051145887
525,0.8245457522161362,1.30712564595236,1.927821668337519,1.1817009573679238,5839696312204835215,0.25,8,0,26.302392374700165,27.68911753566469,24.792491304737137,0.15800320818350178
526,1.7291976798135125,0.9049193589741626,1.392182708372426,4.500306066039769,4757357922539012647,0.25,8,0,22.24788536800909,27.577199848503977,22.904219426731267,0.13890226389638852
527,1.0551506901986711,1.7976562979985138,0.8997457994088753,3.3919963004100007,3965418725210180853,0.25,8,0,20.160648907966166,27.96039010225982,20.855265767118578,0.11124379399939721
528,0.9822177972495836,1.7822702721628971,1.0042201521145526,2.8925395309973134,1206801587625040694,0.25,8,0,22.13678828430754,27.75388208559525,21.531332646583568,0.10548598629040826
529,0.8017696559957161,1.2782248188930516,0.972296048472004,0.5070261954366906,8112561725631165698,0.1,10,0,29.118166898118925,31.179459664183817,23.498566539459283,0.5044365024423022
530,1.9186453388852533,1.5484988705583067,1.243668437957436,0.45387798695804116,5152313046257325998,0.4,8,6,34.284812523671256,31.33758363842949,32.157058649470834,0.5583774288543966
531,1.5690242342500706,1.9363707632607277,0.7396287501538141,0.36554989180646924,1855287320040131780,0.1,6,8,31.439212220679206,31.33411185456382,29.19887325412699,0.9456551132813884
532,0.7973988466086515,0.9285727257451717,1.6763841080600543,2.9102341544990984,3418974510862450491,0.25,8,0,20.119618735008203,27.352228254008335,20.57035402573207,0.10512535200861749
533,0.6356600093914364,1.56472880473602,1.734913913779399,2.0704294275879196,1406744466454480328,0.25,8,0,20.07732609519,27.74479232420149,21.67903257812363,0.13710790756461078
534,0.5061586570728487,1.0664381865163495,1.2315340260590493,4.930961595798164,5324031346802073135,0.25,8,0,15.72452973109456,20.59370660270168,14.044230767414074,0.15984046947435618
535,1.0353053862049326,1.5778683734868832,0.7915984227132029,1.0945707478444544,4056077230835156229,0.1,8,8,27.98535538442116,27.676051003661154,25.192483199243377,0.40924717630500784
536,0.5636372327051116,1.7660633982342728,0.74081384657929,0.7379700810246287,8687747925606258036,0.25,10,0,26.066311071834363,27.696787021840677,22.873329300510033,1.0243621369373677
537,0.5812069123172845,1.9734456404790726,1.8823150948797216,4.563165024577612,9207377645907261367,0.25,8,0,15.787400580734756,23.68665572528721,16.434192054552035,0.2180740076980302
538,0.7981864380526973,1.159228232265101,1.0446819096920934,0.4885447931761011,4991925555949173119,0.4,6,0,29.559714682489584,31.199659133947733,23.409596351344305,0.4595363713775003
539,1.1825743047806032,0.9081951225716085,1.5280300531958255,1.768396534726036,1670352309837899430,0.25,8,0,26.411942936497915,30.627130412826663,25.273969545847574,0.1191969355745821
540,0.6706094120059722,1.7158756907880313,1.0936541831714512,4.881999598150194,8749815803646082931,0.25,8,0,15.830576947355132,23.541219542986997,15.394517198960209,0.16487980750474074
541,1.3065995853887409,1.7555156313624678,1.5788133698512494,0.8085404547350955,274314747835561662,0.25,8,0,34.58913016033329,30.912763539957076,28.55136526788397,0.1556856341627655
542,1.6490633490673223,0.8789799933692517,1.6234723594843177,2.6824125763917532,2019684387300506199,0.25,8,0,26.381990910238606,31.122648655472794,26.471732692750894,0.12063671556799493
543,1.8074684354255162,1.796810883986783,0.545417153818028,2.1777347026002785,4229714073707626918,0.25,8,0,28.441863401085723,30.774207802045197,27.947423244876745,0.1621509512389693
544,1.390869104905463,1.8028148232614285,0.7263355751271394,3.8820339227351184,8855001609921181032,0.25,8,0,22.197197323570258,27.512719353616966,21.81038847085389,0.12234809123694572
545,0.7944898477130407,1.4874562313363233,1.3682611136995941,0.5383183772328226,3638606189506242069,0.25,8,0,32.36005554854185,31.085721499810628,25.63457789242943,0.16696090311019054
546,1.4945784327649136,1.5442890356217616,0.9947921645631058,1.068920884853502,1721876404542119731,0.1,8,8,30.544249463451585,30.88751420275218,28.85690515098639,0.35591293597215845
547,1.4329352974412988,1.5303654540347384,1.7196442301176327,1.2363492408872996,1802264281880861768,0.25,8,0,32.5458906703699,30.747695997980053,28.72946704092925,0.13426959249670017
548,1.3068809749229928,1.3939839502541966,1.4106246961196522,2.259473337976871,8959143410879680943,0.25,8,0,26.351218280520136,30.742014897108948,25.33022414971193,0.07724835929715398
549,0.9736419910239801,1.5780214160155726,0.5373986369586358,3.256424707291805,6321536909058600140,0.25,8,0,20.15559904052519,27.620376215124356,20.194965881804716,0.1283227290462911
550,1.699672968129215,0.651180189057097,1.1299611738448192,4.108929057440714,6647055292440580624,0.25,8,0,22.241288978664308,27.73598661785128,23.048876435422653,0.14580363387638012
551,0.8694341382747917,0.6157679517451322,0.6862662879806064,1.8061912606218784,2699853698861095492,0.25,6,0,26.376215124352985,27.744224214114382,20.251364122633262,0.4181438472618963
552,1.1534262735794296,1.1757688945742981,0.5989137129407149,2.459516969271656,7937539900281025783,0.25,8,0,24.299583385936117,27.57890417876531,22.953879531803405,0.12855665713890155
553,1.896558761756637,1.9954599393847314,1.2566573931640985,0.6344389760503627,5537093972863787526,0.25,8,0,38.985260699406645,31.00145183688928,32.90177864171652,0.18661069704206887
554,1.8701094820685251,0.9634181149147232,1.3796396304519079,3.2718002290868595,4281601151934290545,0.25,8,0,26.375015780835756,30.82344400959475,26.45450257151444,0.12339095637313385
555,0.5277971705511086,1.7919820911890838,1.0793463349140495,3.5702336734441027,7742555158529828755,0.25,8,0,15.921222067920716,23.687665698775408,17.3071052866965,0.14172916373583047
556,1.0884118723053897,1.1974148041696877,1.2264908340312346,0.1332934619195758,5296512979055617157,0.4,10,8,31.028594874384545,30.934541093296303,25.83521839380219,0.3931444348914291
557,1.2098841383155563,0.9071139589836652,1.0721958224646437,0.5008456601928957,2603272495226255635,0.4,10,0,29.113748264108068,31.281088246433534,25.18666426551907,0.4753479753382162
558,0.6695267439597559,1.0956779218429393,0.8437210832685494,1.8974751696237364,9109028082503753687,0.25,8,0,22.121165256912008,27.799046837520518,21.360325862133294,0.13908028940042716
559,1.1885229392866887,0.7714374494066074,1.8737681642830077,4.488397199534141,1690659066627660645,0.25,8,0,20.14360560535286,26.501199343517232,19.667205097319755,0.14328013776678836
560,1.910730224979977,1.6233723527431247,1.9944172467907115,1.777608154380757,8780617702142488130,0.25,8,0,30.539704582754702,30.74106804696377,31.123333907830464,0.1619997637828108
561,0.7153861818966833,0.5402130370025757,1.5085647568238092,4.641951544127575,1582183486325364054,0.25,8,0,17.68356268147961,23.68665572528721,15.774708923282384,0.15058283994378427
562,1.8842951412773927,1.6621025359228905,0.8757942463414823,4.551689059244475,8193694689778127515,0.25,8,0,24.243529857341244,27.728317131675293,23.54455901674832,0.14483298015279097
563,0.8689836171801762,1.6227521697569482,0.5375338659211557,2.3508309344518876,7878411399340487991,0.25,8,0,22.125678575937382,27.51243529857341,21.625311950582308,0.13974274256513233
564,1.7930034536523216,1.2862538319663106,1.599994608871349,1.8262591047711452,1678909640788670101,0.25,8,0,30.506091402600678,30.746117914404746,29.646097200471573,0.12464374723273841
565,1.5929602018767872,0.7765534470697646,1.6004684558553808,4.506217448490869,8150925231194732128,0.25,8,0,22.24580229768969,27.79478601186719,22.010871873933308,0.13648561629377995
566,0.6031626674639299,1.2249485975852608,0.8801058783802986,2.1161530052631106,5862233728854249942,0.25,8,0,20.175798510289106,27.641396288347433,20.56593579083243,0.12805713009754746
567,1.46653295095097,1.992715475107675,0.9342821714791898,4.7423515522846005,5097707441442156806,0.25,8,0,20.18021714429996,27.71354626941043,20.674105487692195,0.15172761409134453
568,0.9103569584410158,0.8092221506513169,0.5848438698963783,4.032948886304884,7716420606501771218,0.1,8,0,17.709979800530235,26.47705466481505,17.110188930910734,0.4022397926751549
569,1.2775680959177929,1.6467695090320584,0.7826200343539077,2.625620244995825,514634613060081172,0.25,8,0,24.290872364600432,27.639123847998988,23.8994673544672,0.09927436717572365
570,1.3925516035419319,0.8949245857760855,1.2745429142080122,0.4643467262215567,2097352808601497103,0.4,8,6,31.50284055043555,31.086983966670875,27.41053594811324,0.4637451835852478
571,1.3161544886101946,1.4396241608839289,1.9063566403000363,2.559459740620487,3665528800763602261,0.25,8,0,24.30905188738795,27.535443757101376,25.306743972814786,0.1066628211890867
572,1.6403146469261927,0.5771763126502522,1.4386718424047649,2.709956681690202,2397559441797286116,0.25,8,0,26.383221815427344,31.038063375836384,26.12017017474943,0.13946779844348312
573,1.0245844694742074,1.727072049234098,1.4660187880549378,0.25944264488109436,6094911431483310220,0.1,8,8,30.50599671758616,31.15768211084459,28.60953620488854,0.4680805902163201
574,0.6537301563788822,1.6348902351745203,1.6835441759129652,3.1043424646127926,7392035851174817524,0.25,8,0,18.063344274712787,23.53566468880192,19.663971780334496,0.12530027709461736
575,1.7571987727392482,1.2982807789355464,1.8833455701467305,2.9658490807173523,2108432202142596537,0.25,8,0,26.363937634137102,30.797563438959727,27.124014954308798,0.12067624069442158
576,1.8755108425808986,0.5213316088750144,1.7881405198206652,0.4555868268880836,8252706207200222379,0.4,10,8,30.98788031814165,31.02480747380381,30.567153346243142,0.5321972987306596
577,1.9969168277898677,0.811002641868745,1.8007974967778322,2.2908523195000523,4111324683644702181,0.25,8,0,28.485607877793207,30.741699280393888,29.861454846031442,0.16035023395276143
578,1.6949040706309857,0.9054855893268363,1.07658278533514,1.0831940761371146,8382873519203204343,0.1,8,6,30.343517232672642,31.00902663805075,28.418513010043704,0.3693680646690001
579,1.5801571460481658,1.4564910034919696,1.7358067176303944,4.491548527041807,7905725396174001729,0.25,8,0,22.26975760636283,27.74251988385305,22.437356160676877,0.13125321850647367
580,1.8129754086034406,0.9589402377743995,0.9746947838716733,1.7571164526209815,1924542890248781448,0.1,8,8,30.56015654589067,30.746117914404746,28.799195577468637,0.35487722018765255
581,1.5567018469123997,1.32518773937091,1.4392832198122134,4.604019295636855,5072760753780750584,0.25,8,0,20.260068173210453,27.8288726170938,21.675246958789998,0.11296973461867417
582,0.5764695941169569,1.729113271955985,0.7280252258620419,4.141156923252068,1430161423597523083,0.25,8,0,15.840171695492993,23.535159702057822,15.93343918303172,0.14911213326705378
583,0.735740042970364,1.822187400222203,1.714365802988595,4.609007624113368,7633300213779193829,0.25,8,0,17.919612422673904,23.547279383916173,16.8778661138029,0.1691059397663036
584,1.2385551339666239,1.6461511682086245,1.308485269345285,0.4848406746268591,6580058985320011148,0.25,8,0,38.55709506375458,31.291503598030552,29.011195085004644,0.15255461818489152
585,1.063681482531226,0.9512118971979913,0.9612027116735127,4.350251901995802,4221917053257782833,0.25,8,0,20.112675167276862,26.648623911122336,18.341763482040317,0.10620613829198075
586,0.6326299273474811,1.8430185619486101,1.6236140111756845,3.9342906247584635,7743219919971924914,0.25,8,0,17.940348440853427,23.535159702057822,17.68384954991103,0.15021241527763604
587,0.8680065428709174,0.6757164268917517,0.9624480433051155,4.502551017110836,5651308470233691265,0.25,8,0,17.915635652064132,23.535159702057822,16.590892109126518,0.1324011542549043
588,1.9156116449224971,1.822034370545878,0.5289039793558353,2.3299793962734707,8242756244163953304,0.5,8,8,31.064827673273577,30.83954046206287,29.48640317528908,1.0100711832651006
589,1.4225336306513119,1.7445887882276343,1.2944234541770294,0.9199500998758464,1494980840035070922,0.25,8,0,32.597904305011994,30.997980053023607,29.418699433717933,0.13533579858312472
590,1.9057894337917052,0.56164361846798,1.6040316985678071,1.8864048357183882,5161135763405832528,0.1,8,8,30.61810377477591,31.028279257669485,30.0213391750099,0.48826592155921866
591,0.6585005918568076,1.2546065689751345,1.9083950150546583,1.6768110734337465,6993178499456926931,0.25,8,0,22.123942684004547,27.549930564322686,23.06855672676595,0.1367115655872025
592,1.744892623870185,1.5182122414075303,1.798183529576467,2.3662358722988923,4837982914505205161,0.25,8,0,28.43877035727812,30.830071960611033,28.4913174814257,0.11521083362348648
593,1.5130848341646856,0.8437983738164996,0.5614032360493074,4.961204249939734,6955955538291869886,0.5,8,0,21.237848756470143,27.70871733366999,17.502433601491706,0.40505789997032854
594,0.9492738846221767,1.8322756226024266,0.5797192480088,2.4113906135338805,6635628416251695396,0.25,8,0,22.123942684004547,27.558168160585783,22.32287008411032,0.13404126363970212
595,1.0478664637264206,1.4261227451513807,0.6864730043862807,3.345155519359791,4670915855259087756,0.25,8,0,22.15484156040904,27.83995076379245,20.634566221468866,0.09910331513940848
596,0.8884877486554097,0.9997116900384758,1.2857658792760243,3.9380641462329957,2238367332119324896,0.25,8,0,18.07499053149855,23.53566468880192,18.53053626215128,0.08737004160810301
597,1.2561337628654718,0.7539238900667725,1.770127030108685,1.2371201493027906,3705721883881832543,0.1,8,8,30.577199848503977,30.74359298068426,27.705610770422883,0.46321262893020043
598,1.6136589855696437,0.7909487668671973,0.5377966805382253,1.6653054379506034,8129604601793623383,0.4,10,6,31.682237091276356,31.028279257669485,24.890722761621863,0.6199327476534047
599,1.2394848321817657,0.6228175978600825,1.1551958050452271,0.46666895744624404,2832885463422493143,0.1,10,6,30.56242898623911,31.10402726928418,25.090047570774658,0.7417921066261939
600,1.3826478861556741,0.9110882328528737,1.733526555944013,0.2884486417905874,3470891716632107331,0.4,10,8,31.227433404873125,31.16809746244161,29.17323394352147,0.35972091738818196
601,1.3039438708930242,0.5669838570586513,1.4947646659701266,4.052230291678659,8531939491615149774,0.25,8,0,22.244066405756847,27.455908344905946,20.876066350251353,0.12164923162948482
602,1.8100164657820144,0.8752257699403305,1.7628904417122189,4.205134288372861,8972055775384597000,0.25,8,0,24.27799520262593,27.554475445019566,24.217844770556166,0.13848817870962166
603,1.6600900686545943,1.351394920277336,0.8117416641219328,3.1373868570204873,7889477306244381920,0.25,8,0,24.313596768084835,27.900170433026133,25.15374941620561,0.10194445245248862
604,1.0371646651249231,1.6496235275528601,1.379000365253848,1.5605963272935548,8841462744232097357,0.25,8,0,26.326600176745362,27.934257038252746,25.502239699812158,0.1052641283705489
605,1.7078627076662034,0.9829278056096145,0.9401887506837027,3.8789121522568175,1401114152554436581,0.25,8,0,22.261772503471782,27.707865168539325,23.62691524128983,0.1146083832475334
606,1.009224838066569,0.8684585251420385,1.6631276189358584,2.9275167392978867,5675449944062297093,0.25,8,0,22.28052013634642,27.910964524681226,21.94691526652392,0.09142068206512871
607,0.7457027445411648,0.7994269795534499,1.3883447425432989,0.6577306628551816,5990950196715469490,0.25,8,6,28.343990657745234,31.01628582249716,23.502927116492373,0.5154067878898017
608,1.2365489261040725,0.9180209090255093,1.5299346805606042,1.9246631114423267,3860347952480675886,0.25,8,0,26.40701931574296,27.667813407398054,25.665374138706404,0.10248645768215198
609,1.4981567223274619,1.2160717436916715,1.6370731493036526,1.3176776395621892,1130228763152982779,0.25,8,0,30.518873879560665,30.83890922863275,29.04687358038441,0.11949242469274898
610,1.678524336589957,0.7936371579370958,1.9163473276145302,4.287772650025572,7309704716912530459,0.25,8,0,22.255523292513573,27.55902032571645,23.2657466168472,0.143583906525336
611,1.7767407407921965,1.2927138303161883,1.7406047977914256,1.6498871232784866,6514719643557867971,0.25,8,0,28.503724277237723,30.74106804696377,30.211557681407488,0.12523870615675256
612,0.6095415209136329,0.9981705753628418,1.0719552294357642,3.4422597972194033,5503503118048691257,0.25,8,0,17.984661027648023,23.541219542986997,17.710939570585012,0.1034761143617178
613,1.3998336803882643,1.4949375036498898,1.2491917534480999,1.1040621903768488,7942808694427848059,0.25,8,0,32.585279636409545,30.799772755965158,28.71816491945293,0.11832324854162642
614,0.8700419760690039,0.7813289876127776,1.690173964586363,2.183493078585512,4021429972822797693,0.25,8,0,22.279825779573287,27.743372048983712,22.800245022822974,0.11294573172191125
615,0.6107597798424778,1.466379657940434,1.8998335617570543,4.084300553159765,147651692898953017,0.25,8,0,15.77149349829567,23.68665572528721,17.211879934743234,0.1467054005417665
616,1.9703612638948267,1.7821579333096547,1.6614589791256777,4.021984645551278,4680877599105946660,0.25,8,0,24.255270799141524,27.634010857215,26.052732847704878,0.1443898630625148
617,1.2821184322944545,1.4323924008647864,1.6405550506693336,1.574619891546598,4235467132129804637,0.25,8,0,28.361002398687038,30.774207802045197,27.206639147498976,0.10016390734785686
618,1.2269192390764234,1.0507275113895893,1.304735951444485,4.508094901202741,5670393530515722384,0.25,8,0,20.13224340361066,27.131517485166015,19.370549783586313,0.09389770900335948
619,1.0022604731693185,1.0661565023412791,1.2788922964173608,0.388841533915148,1530685954585258149,0.25,8,8,30.878676934730464,30.977149349829567,26.166833408986335,0.46676288155626966
620,0.7994422178793843,1.7132948307024176,1.571721533236762,1.142734997718366,5755029728552151105,0.25,8,0,26.329061987122834,27.91550940537811,25.239157822026925,0.134018513623631
621,1.0965856051071112,1.7131800359760538,0.9934734285106744,4.241729045851871,4777125247421199468,0.25,8,0,20.129402853175105,27.736270672894836,19.26812087587024,0.10506391885103918
622,0.8336285236484238,1.5780869188226303,0.9377165265492264,1.2925676870376612,4721399680106187601,0.25,8,0,26.303212978159323,27.73797500315617,24.49025042403407,0.12864548346391605
623,1.259215021675199,0.742489017024057,0.7637293090274859,0.12837451970205083,6381414609116444443,0.7,8,6,34.561923999495015,31.27098851155157,21.903492553905988,0.6674024178515738
624,0.5310973023879179,0.744964327886674,1.1388257204506984,1.2903106482823627,7471091553494589282,0.4,8,8,28.70401464461558,27.519252619618733,21.66461276495383,0.8684816878333791
625,1.86663136954501,1.3799507279239285,1.3122775818499117,2.445803048860549,5160600677424830427,0.25,8,0,26.403736901906324,31.007764171190505,28.586776300920185,0.10148332251676175
626,1.1945135244102676,1.8742608462770114,0.6800392811041766,2.2702024212801097,5346833728370370088,0.25,8,0,24.307915667213734,27.526638050751167,24.431700352430425,0.1196668567942375
627,1.3879357837404247,1.2567327023658599,1.9664451307360178,3.035049848734326,1856633353386408395,0.25,8,0,22.26246686024492,27.52436561040273,24.598765408632985,0.1025862153332637
628,1.703257536667277,1.7484999006238113,1.9784974511510398,0.33704787505244027,3852685565341958223,0.25,8,0,47.26092033834112,31.25457644236839,33.31545258113792,0.1762794148810992
629,0.8789209050761148,1.1995663663776661,0.8177357013441596,2.836782964989515,5101199169892192144,0.25,8,0,22.198586037116524,27.656735260699406,20.76321354907992,0.09496030765652015
630,1.5309500705517576,0.5074768628181924,1.6533218290004865,2.8017825907701006,2039226147510450637,0.25,8,0,24.345410932963006,30.786201237217522,25.432732635138557,0.13132982362616147
631,0.7107911511046929,1.4611815622442619,0.996081307740943,0.5427631053307258,3450305874109802728,0.1,10,8,31.158944577704837,31.054159828304506,24.17063136606997,0.5652071603952571
632,0.7828450013312396,1.5285633750128138,1.274652367779613,2.0552941417620874,6474500422734737460,0.25,8,0,22.133316500441865,27.70701300340866,22.733828517434958,0.09376577621498976
633,1.8870498767995016,0.9412705134987838,0.5025056730316799,3.8494394400667002,1701534306258310859,0.25,8,0,24.30867314732988,27.800751167781847,24.31078974767567,0.16001460366524348
634,1.0595873513533807,0.9207153380942694,1.1940063905717264,0.2336407022159459,8097741570570451845,0.1,6,0,29.5840171695493,30.950321929049363,25.382280430098334,0.5133723874356475
635,1.6097252628852126,1.2079608977236962,1.6486083433671097,3.0410313412278773,4235772742927811595,0.25,8,0,24.307915667213734,27.65531498548163,25.782302857460447,0.08410190854348443
636,1.3206723841643582,1.8711228847867238,1.0934056476461014,3.794580917534134,6938460764000071265,0.25,8,0,22.185740436813532,27.754450195682367,21.954859193667293,0.10035033327355013
637,1.6742792629594139,1.3542219088495717,1.7794131404300932,0.20658842881845885,8897036954635050087,0.4,10,8,30.95505617977528,31.300025249337207,32.972744917141156,0.3753570940864328
638,1.2089727683859128,0.6737155299631299,0.7962588098214665,3.0261710815473943,551666368087874493,0.1,8,0,23.799646509279132,27.400801666456257,22.162759282969052,0.3698067896551711
639,1.2240249040303708,1.8207458685108595,0.6252697071874183,0.3801931277391474,2962217173514168939,0.1,8,6,30.340866052266126,30.94148466102765,26.645902629699524,0.47576408408835197
640,0.9656185880486219,0.8239836187349935,1.3323340623044782,3.1388550446051813,4949909268672065097,0.25,8,0,22.168381517485166,27.627761646256786,20.830075061611517,0.08431203906602092
641,1.8815505434603796,1.8960963358696643,1.1450067739829173,3.70336232418396,7869306500188365379,0.25,8,0,24.302234566342634,27.90215881833102,25.857679279015432,0.1217446434411282
642,0.5659912566047133,1.0456522653398386,1.8036065683050406,3.125348846174262,223190180780936994,0.25,8,0,17.995455119303116,23.68716071203131,18.894766907059335,0.11549823427284357
643,0.6929276534439425,1.5418013884997372,1.6550593417613961,1.9193594133992475,4738993878862101829,0.25,8,0,22.055548541850776,27.387451079409168,22.852519935437982,0.1120617504192796
644,1.3485025995652853,1.0029408981039514,1.6803016099603532,1.0493873349815224,2049947819835036484,0.25,8,0,32.781214493119556,31.18324706476455,28.90031540841158,0.1284274252246438
645,1.6142183534722652,1.255352114008645,1.5803656874655825,1.6108013406798527,1515813526396882082,0.25,8,0,30.53449690695619,30.61040272692842,29.338378281924392,0.10484396246101509
646,1.9036461005794818,1.980985398450301,1.256446874377033,0.729437885137279,6753862537309083199,0.25,8,0,36.949311955561164,31.102764802423938,33.54425984967691,0.15968649161796813
647,0.5819916673436337,0.8266145282916333,1.5127190343473882,3.752520211468357,5384486581438870801,0.25,8,0,15.77881580608509,23.535159702057822,16.99002724118833,0.11099705492224894
648,0.7502157922715079,1.8487551900309935,1.5992536918856823,1.1098276825194313,8828252174073388494,0.25,8,0,24.24049993687666,27.688549425577577,25.427701219788528,0.13980862403109365
649,0.9060280596654747,0.581638289553178,0.8116625713358553,4.840383477781199,7917135462057474557,0.5,8,0,19.254103017295797,23.53566468880192,12.933217206643285,0.41672229035507347
650,0.8353505676287865,1.3747789897805078,0.7899696861056243,2.9164929224783305,4517004711747050762,0.25,8,0,20.15338972351976,27.513287463704074,20.37999062995111,0.09517433154691661
651,0.7081322872277402,0.9832658103404412,1.0828160548170298,4.5751822510177576,2863658993256944834,0.25,8,0,15.777805832596894,23.53566468880192,15.424703499330525,0.11287892636550002
652,1.0227301792232348,1.5707220277704195,1.970225384459632,3.5718228837825854,6847494363183218225,0.25,8,0,20.15338972351976,27.5144236838783,21.183864368589198,0.12111850849289213
653,0.6990660283742706,0.7084854002396017,0.7063022975379811,0.5967120299767609,1103646693966838760,0.5,8,6,31.195019568236333,30.943378361318015,19.362784592270298,0.6032628946290105
654,0.8800782199524217,1.7982547177164114,1.6423815287904264,2.5873222012995716,8114630268972753986,0.25,8,0,22.06318646635526,28.003850523923745,22.544628644175685,0.10627233998045572
655,1.280740417726975,1.1873570639983675,1.7423038007613565,2.130441296182089,3813669941540143249,0.25,8,0,26.37788789294281,30.60535285948744,26.018189054076686,0.08515658126210023
656,1.4806613950340213,1.1146236377581895,1.3607436890264626,2.6506386883408295,136684862013252607,0.25,8,0,24.343517232672642,27.897613937634137,25.622047352141973,0.07153031199937145
657,1.1312911958511114,0.7985966300939307,1.3687616562585507,4.558167163540313,1085631329187052928,0.25,8,0,20.155283423810125,26.485860371165256,18.37353840825306,0.10426333060017662
658,1.1185543018036164,0.821196241582574,0.6440505745363473,1.8031370507378508,4958504690681234200,0.1,8,6,27.553465471531375,30.81460674157303,22.586580911022427,0.3080661576327119
659,1.0809160658064756,1.2014984790204508,0.9516799317703217,1.2561486810424127,7680082534921609138,0.1,8,8,30.565837646761775,30.744855447544502,25.630707412090388,0.2557988838262142
660,1.2220933292120004,1.0562828788273673,1.243757372860135,3.223558679668016,5206141811002010127,0.25,8,0,22.278437066027017,27.51073096831208,22.360840536978813,0.062480116602611
661,0.5105562853338721,1.005784549832883,1.9507218829036708,1.2315514475052698,7633382137761520742,0.25,8,0,22.147203635904557,27.393984345410935,23.336620912013228,0.15027338955022757
662,1.773951012241289,1.736098298815524,0.5546847937668191,4.367076416431422,5837908079389046551,0.25,8,0,22.277048352480747,27.516412069183183,22.878448283303477,0.14029071470737783
663,0.875782659995891,1.681509776877035,1.917812588817003,4.692987163887704,4093828576873753233,0.25,8,0,17.996591339477337,23.541724529731095,17.4248011881182,0.1571726463649594
664,1.6928104179633463,1.3545712159044916,1.5453747647828138,3.249301219526365,6664252200314518035,0.25,8,0,24.267011740941797,27.70474056306022,25.818602300649225,0.08302448483870893
665,1.2359151093122833,1.883920711111831,0.9844010906857253,0.8100644034990911,3130877861242510927,0.25,8,0,32.48377730084585,30.927597525564956,28.729600098726145,0.1375546000854436
666,1.616857927935959,0.5111057957255407,1.450321832913266,3.1034587275227787,8913382179001004980,0.25,8,0,26.37706728948365,30.57820982199217,25.068744014284317,0.12687373199418528
667,1.4172535999328173,1.8764424778483464,1.4706739698630718,3.327612161250234,2359716616629687299,0.25,8,0,22.266285822497156,27.580892564070194,24.07535127446426,0.09624661706148957
668,0.833051989458786,0.9854850071247625,1.1430330588601487,0.710488031909301,437219574483833090,0.4,10,0,29.199911627319782,31.025123090518875,24.217643174262804,0.37034936992122774
669,1.7722959390088695,1.625264166754247,0.6726058866555643,4.560803784848196,1348622658050817054,0.25,8,0,22.278437066027017,27.55163489458402,22.400529634024373,0.13196953960844346
670,0.9352726745409958,1.12843913210118,1.8486954724620763,0.6169988558570211,8511107267902894444,0.25,8,0,34.63527332407524,31.01691705592728,27.64623150936224,0.1408360250615811
671,1.8767590300957164,1.3967154740226277,1.3176694921304306,4.1768565836508085,2826328875028787314,0.25,8,0,24.29428102512309,27.751041535159704,24.44902802647397,0.10704822130052412
672,1.356117374941604,1.2494550598969316,1.2856578051968977,2.357940601929106,6112226000049106903,0.25,8,0,26.349166771872238,27.8953414972857,25.606523514552812,0.0652888769384998
673,0.6843386393847692,1.8690998937064736,1.1672346690865207,2.9020498731039086,6952127170376679559,0.25,8,0,20.083322812776167,23.591718217396792,20.102532646847834,0.11082738247516384
674,1.6909687804519131,0.6175529988088875,1.1780895340363857,1.991061331443384,4662312385498281870,0.1,8,6,30.237848756470143,30.75432394899634,28.096387397444214,0.3864263673447466
675,0.5450295890743531,0.7117218665347507,1.4214353974149332,3.9855624742577933,7208101788457276308,0.25,8,0,15.737154399697008,23.541219542986997,16.010384064097085,0.11834801231877205
676,1.74684094813766,1.9688568335058751,1.2241596158657801,4.755210588607266,986747783829042640,0.25,8,0,22.243372048983716,27.395404620628707,22.36504377430054,0.14118270446130418
677,1.7818955770479303,1.6498885379427874,1.8458425183240101,4.391928581725282,8861741235467162030,0.25,8,0,24.292387324832724,27.562428986239112,23.917020590038316,0.13897408648839488
678,0.9235398015398729,0.5403016619390608,1.8773094729430118,0.9336481888597903,5874742106756097722,0.4,10,8,30.61261204393385,30.832596894331523,26.25733914451559,0.6077606511366617
679,1.3520188116571066,1.3988153021519982,1.2322137242716513,3.782285533546434,5778210735928732427,0.25,8,0,22.266980179270295,27.799046837520518,21.976937985865167,0.06450428087668247
680,0.8913946290304571,1.9239458724369052,0.553986262966581,3.0058256401104027,5835800809127180906,0.25,8,0,20.163805075116777,27.488574674914783,20.638784001787297,0.1289762091365655
681,1.6629792608142164,1.318207169499082,1.7419301071035747,2.6165981419131477,6118942190777383109,0.25,8,0,24.375710137608888,27.897613937634137,27.4076023774294,0.09003073994705832
682,0.8520450523670531,1.2910276992779808,0.724855294591223,2.3394954457709183,7751020923985612340,0.25,8,0,22.164562555232923,27.712694104279763,21.88874332996008,0.1063853107895231
683,0.6178430439038627,1.4647358704689597,1.9021826181396364,4.9079966828661625,3275038663023107571,0.25,8,0,15.773008458527963,20.593264739300594,14.994194556246486,0.15912500215802666
684,0.9288484411811051,0.5594698096749604,1.2294284887512905,0.19714214485748893,1972843831521708013,0.4,6,0,29.73519757606363,31.02764802423936,23.132694987953567,0.4577586093308507
685,1.2407032192356753,1.961207094585347,1.2322400413918526,3.7511238510062075,8518612316534935436,0.25,8,0,22.17185330135084,27.740247443504607,21.654092427291992,0.1021756311077948
686,0.6561971187710889,0.6294619563513302,1.7487609953630556,4.268910176153264,6611810357232982705,0.25,8,0,17.72844337836132,23.39578336068678,16.27193626780916,0.1294975069262252
687,0.8066402099683196,0.7722383838918863,0.967588975848268,2.8913585184108417,5917453757004997192,0.25,8,0,20.13224340361066,27.512719353616966,20.12373996156848,0.10634551672891113
688,0.5883721070161765,1.9905003433666357,0.7893985428141126,1.773907651808066,7662374133474464781,0.25,8,0,20.021461936624164,24.61381138745108,22.082411176756985,0.14524205306087606
689,1.2830543159758179,0.9126577657449781,0.6660371612469896,4.74515164344331,3042785058941035077,0.25,8,0,20.160964524681226,26.48273576568615,18.28054937223575,0.1255150607019997
690,0.9855105499348094,1.9649741940869871,1.7279958051347506,3.2085557922971795,6019292297520777850,0.25,8,0,20.165383158692084,27.355352859487436,21.834351893453203,0.12044937790910723
691,0.6785077217587714,1.876173335032358,1.128463369058439,1.3304653599533718,1021756677302602275,0.25,8,0,24.11172831713167,27.930280267642974,23.98834807430256,0.12920735220264118
692,1.114212700631988,0.5089146612078492,0.9077908368862939,4.681449534797847,2775584642573652697,0.5,8,0,21.281403863148594,26.64748769094811,15.542757777081093,0.33747250172990445
693,1.661546960680841,1.0413049434552841,1.5990652193170551,3.5940307702769076,2491758703865221844,0.25,8,0,24.2927660648908,27.748769094811262,24.618622181195665,0.08984329257747876
694,0.894379861611803,1.67342905121869,0.7987824491073234,3.6934579584104337,5244576212602436530,0.25,8,0,20.0871102133569,26.48046332533771,18.98444567849957,0.098516858542827
695,1.4833062999355011,1.7134048187582716,1.2492319432437344,1.5825827834856292,3422933455480381584,0.25,8,0,30.43886504229264,30.76000504986744,28.597127561223544,0.09573744461493877
696,1.4332019306566828,1.4654814271929608,0.8570176795138169,0.43712704788908097,4810334548926757536,0.4,10,8,30.873627067289483,31.02102007322308,27.581791305309824,0.442545928206706
697,1.7707572707501544,0.905877717178984,1.8144090946063947,1.8118911285074013,8458027700476910075,0.25,8,0,28.468375205150867,30.75432394899634,29.978544202442308,0.12649866884530614
698,1.970079245280173,1.9467924949687636,1.7935062532429284,4.843359593103837,6178108557273039291,0.25,8,0,22.277048352480747,27.560440600934225,24.096003227061505,0.1695419822862214
699,1.300750569955653,1.246149951581897,1.083691767954703,4.37343966925568,1863088482816688362,0.25,8,0,20.17201110970837,27.563281151369775,19.92518620825206,0.08092061898135322
700,0.8369747703869208,1.4826533457767606,0.873946122567948,3.0623599766417726,5905062653105109008,0.25,8,0,20.135399570761265,24.52619618735008,20.2088769145956,0.08451574708424
701,1.2638083703703367,1.696653359260599,0.5029269547736648,3.399653500657081,2902235076247994054,0.25,8,0,22.207265496780707,27.738259058199723,21.889797713672344,0.11093013492374557
702,0.5021686794760765,1.3787812946781686,1.8060413395902262,2.6799886944562297,3428075278426639854,0.25,8,0,18.02187223835374,23.53566468880192,19.788943347254627,0.11455545881528109
703,0.7997389639661354,0.9252569003934579,0.5520631374130913,4.2287427084178475,3656012079441304708,0.1,8,0,17.618798131549045,23.534654715313724,16.432856412720824,0.39048825633673406
704,0.6075544137696429,1.9516537501958695,1.8920628171072975,0.705837647610083,5879928971714946988,0.25,8,0,28.29869965913395,27.90727180911501,25.846451005573883,0.16510318914111727
705,0.7271661876998745,0.8971442438123277,1.3324287537946276,2.1964598424388777,3672605514458660261,0.25,8,0,22.18990657745234,27.69905946218912,21.806739397119703,0.09631744783456184
706,0.8046750804152192,0.6622549804282263,0.6757487822210138,3.4160272401069514,5738773540722592798,0.1,8,0,19.698586037116527,26.64748769094811,17.48806322340182,0.29827549054888736
707,0.9621589997523381,0.5721101567620692,1.9808453998751419,1.5663843080030593,41364196862265890,0.25,8,0,24.360181795227877,30.811766191137483,25.336501892179133,0.13960389628440337
708,0.8838528042939627,0.7110353315182208,1.0735976072118685,0.224494223800627,1673960928529947091,0.4,6,8,31.577767958591085,31.087299583385935,22.825448113892374,0.607142116381029
709,1.4088043923463875,1.8411588880892102,0.7515560062930455,2.2580651649377907,1900754880076080155,0.25,8,0,26.311008711021337,27.674914783486933,26.04848493740583,0.10408019282591009
710,1.8308062406005636,1.0492963899611925,1.7998599307546024,2.0599846815907408,6519019111287822124,0.25,8,0,28.484282287589952,30.840802928923114,29.766165371711438,0.11633867328008932
711,1.5910905845129497,1.5098464683514163,1.2412638425295501,1.4676619063446972,479488729246705678,0.25,8,0,28.476770609771492,30.63438959727307,29.484009743445196,0.09837076683242361
712,1.2179654508098552,1.6841264918499816,0.7214963709421862,3.63285387365634,7016337161246899668,0.25,8,0,22.173589193283675,27.79478601186719,21.199396167287784,0.09238643528818737
713,1.4882380398837771,1.0537469053604327,1.47427717080095,3.446047978126753,4128061304819546486,0.25,8,0,24.280267642974373,27.576631738416868,23.723656601862654,0.0709396616448174
714,1.1309937472064007,1.310822567289712,1.5392720329830427,3.8609526288862956,700949638995060111,0.25,8,0,20.185267011740944,27.51385557379119,20.569717469654933,0.07103201258264304
715,1.8081757795534983,1.8751084927731307,0.5571300262733294,0.7095279589674264,4249201716850269137,0.5,8,8,34.060472162605734,31.02102007322308,30.18994481816053,0.7301817074911531
716,1.7970888860923906,1.6115783604674563,1.4293305226567201,1.7085869649352936,8265870906140006990,0.25,8,0,30.523608130286576,31.01123595505618,30.41078716262215,0.10330366353384297
717,1.6044513095810229,1.771445957256485,0.5559995546107354,3.793197751096132,407328324100154458,0.25,8,0,24.28746370407777,27.707865168539325,23.193449875719825,0.11643348679602965
718,1.7896571358248865,0.8471907640224554,1.3269857624504544,1.4128649061820697,6767322454390615408,0.4,8,6,31.538063375836387,31.012498421916423,30.30227503558529,0.4359236865340754
719,1.7193363593510365,1.7756889191342666,0.6942488664729223,3.17204989008615,1320740879464525098,0.25,8,0,24.349198333543743,27.90130665320035,25.650718806801052,0.10748830416723626
720,1.4627413501642805,1.5196290759836817,1.9938473496199642,2.5399718963318287,8202034964600092392,0.25,8,0,24.31738416866557,27.71610276480242,26.577939257789645,0.10207980771568925
721,1.8465672634751111,1.9479541292667812,1.8223762243598831,1.818065394552486,1579416248206355090,0.25,8,0,30.46916424693852,30.75432394899634,30.950877200661008,0.1313354620717007
722,0.8136405126134343,0.5038187834564074,1.3806391134597054,1.330139885680316,3455084505369016083,0.25,6,0,26.448933215503097,27.730021461936627,23.491315784494898,0.5389641275658813
723,0.6225216981423654,1.445811786749637,0.9025390027998135,2.8142077268925405,3335082127331114881,0.25,8,0,20.06407019315743,23.68665572528721,19.48913350376444,0.09603434205302527
724,0.7830928277488794,0.6168972127570385,0.8191457247316314,0.30576398927967097,993895303760740298,0.25,8,6,30.89041787653074,30.96294659765181,20.23463962428519,0.4644906537501187
725,1.3234501922017632,1.6834596916223146,1.5566973138805458,1.2095624122698463,5173967377135185317,0.25,8,0,32.503976770609775,30.830071960611033,28.760214103559505,0.10171403227876469
726,1.052839248124827,1.3848809214028945,0.6040190305088851,1.6675281908951167,2291955604730035283,0.25,8,8,28.316910743592985,27.763255902032572,24.450046635745725,0.6036595058281617
727,0.5336690867053,0.928797784185703,1.4583051000303413,1.5872058132239881,1643206472844639927,0.25,8,0,22.120470900138873,28.021177881580606,22.249527175908725,0.11814375604883944
728,1.0548652653418173,0.7515659684879328,0.791953659556369,2.664417263424598,4265344129536908406,0.1,8,0,21.816342633505872,27.51243529857341,22.29467111285894,0.2775060445841155
729,1.5204814132942661,1.4007806623123276,1.1498593451381622,2.214596856055229,2419958188799172042,0.25,8,0,26.31757353869461,30.93990657745234,26.991518079191554,0.07381933449342486
730,1.4353251274467826,1.170031795532717,0.7082073576163382,0.39247534361491754,7955943660084690871,0.1,10,0,29.123847998990023,31.238164373185203,26.20817306476661,0.5814942061485427
731,1.2775126141835165,1.3016262382532109,1.9232269185581283,4.963290905238897,5622578833024569047,0.25,8,0,20.13855573791188,26.478190884989267,19.00710600460998,0.13139973260501547
732,1.272264719869057,0.7030673302105209,1.1578408557410755,2.619268902128648,7056596682324562129,0.25,8,0,24.30905188738795,27.51300340866052,23.97067537897131,0.0988206842264154
733,1.2671685798547236,1.224886045227647,1.552179744825675,1.9017267025805724,5742724228698396766,0.25,8,0,28.338025501830575,30.840487312208055,26.40390735292204,0.07450505772744845
734,1.9714179197644484,1.86263102883312,0.6149234184255783,1.0690658779180295,9077855688561502893,0.4,10,8,30.795985355384424,31.19303118293145,31.60763098073332,0.6587872857107813
735,1.1544088695222747,1.8333984619646924,0.8020985078081256,1.2865190289983575,2639182804367029305,0.25,8,0,28.38618861254892,27.751609645246813,26.951348783700084,0.11939244449382214
736,1.93960181089611,1.7626825969038902,1.522928191642041,3.6662820526715874,6789158822503020733,0.25,8,0,24.339351092033834,27.660996086352732,26.504719838847368,0.11151469253780563
737,1.878643702615812,1.7359252587732583,1.4185470975031957,4.846638764646833,7668081137586758298,0.25,8,0,22.278437066027017,27.70701300340866,22.958903082119605,0.1300527554625003
738,1.4605569165964973,1.7838057465201915,0.6789920764574748,4.723803845070702,8912871440539932139,0.25,8,0,20.174220426713802,27.46329377603838,19.98618848510769,0.12071129131495106
739,1.3179700239172074,1.313607393921246,1.0646192522427556,2.860177018262089,5833651744614347418,0.25,8,0,24.293902285065016,27.565837646761775,23.92277094624375,0.058753111026005084
740,1.0063457183839937,0.9401737799202925,1.8440975643788937,3.9926036983160076,6394979767996057730,0.25,8,0,20.113937634137105,26.648055801035223,19.473496702966266,0.09880567122938741
741,1.2596824873690373,1.5285069328889214,1.5655912786093586,3.3113846274476666,769129932865645374,0.25,8,0,22.255176114127003,27.50504986744098,22.935024177465895,0.06588402165577507
742,0.8371444219869608,1.2366797389483606,1.6298563134676716,4.311839235407438,5006429367407927842,0.25,8,0,18.009657871480876,23.529099861128646,17.554859787213704,0.0970600864956312
743,1.031213789122619,0.5526136318878478,0.517570205718737,1.7709643747407289,5941151662197811691,0.4,10,0,26.064038631485925,27.561292766064888,20.622819985544062,0.4578323820594696
744,0.8118053235482123,0.636991977445075,1.7899247422205031,1.084224666747751,866680977676577371,0.1,8,8,30.614316374195177,30.849008963514706,25.59579541336632,0.5118619003483611
745,1.4155852558790953,0.8066812566733821,1.9384191538843756,4.6145762577837015,7112708110083497938,0.25,8,0,22.26802171443,27.359613685140765,20.514255282850414,0.12402431526453633
746,1.4069121151076094,1.6607132020974524,0.7281117850095347,2.214311687320254,432868949053287490,0.25,8,0,26.290083322812773,27.774902158818332,26.042528051657946,0.09647469840114506
747,0.5721219430395565,1.9079703312179928,1.8711495754376797,0.4606959741074812,7519770028000370029,0.25,8,0,32.33177629087236,27.855857846231537,26.294281095380967,0.16367918689271754
748,1.2295150489197135,1.9499210508841742,1.0742930939007573,0.877188781399289,5055513316296124980,0.25,8,0,32.46054791061734,30.99513950258806,28.86425008523168,0.12195419297250938
749,0.6651259547425501,0.5343475125191106,1.1334123933053628,1.5136384607189162,8252856818171485219,0.4,10,6,27.5061860876152,27.495960106047214,21.675114335816648,0.6631027654100079
750,0.8523315421278534,1.713483096037065,1.326482447845632,1.2221629709126636,7418186779295790459,0.25,8,0,26.331934099229898,27.679459664183817,25.704294206469957,0.10475704098142836
751,1.9235055981767397,1.8624095184030474,1.5872770050334868,3.489024665288192,248420151560429359,0.25,8,0,24.340866052266126,27.96947986365358,26.95444425294761,0.11425084097426134
752,0.9822662465715732,1.679810610231092,0.8079042687738442,3.267912095849735,5540159136427676137,0.25,8,0,20.157808357530612,27.46670243656104,20.74124881084865,0.08568900150092154
753,0.8576743754913903,1.2904457333723314,1.0233084527435925,0.09552951607153193,845752262718145348,0.1,10,8,30.902032571644995,31.153894710263856,24.320163898360732,0.49532557995872917
754,1.024808531362026,1.1045829823844961,1.290541282108329,3.2015820026754893,390107626903622123,0.25,8,0,20.157177124100492,27.460737280646384,21.264277026600322,0.057511351534088644
755,1.6005809190828542,1.9715788619338452,0.6769182304620741,1.7773248972817863,7307762248907416424,0.1,8,8,27.97459285443757,31.00871102133569,28.791495292144596,0.4722615573884747
756,1.2550161784054445,0.7868878550896425,0.9924516010058004,4.681505129784379,8272920873875122439,0.25,8,0,20.17674536043429,26.521935361696755,18.421088560633663,0.10652065595108709
757,1.150740509639001,1.0779385216235768,0.518107586382298,4.030543793657301,2024689289844421701,0.25,8,0,20.137924504481756,27.360749905314986,19.225088966092184,0.11187300469990659
758,1.2425382171455641,0.5637527622991471,1.8787617625809698,2.9745171940548514,6336243200389588649,0.25,8,0,24.315111728317135,27.502209317005427,23.437123675362752,0.11129252067638583
759,1.6187893381452396,1.0877165084833307,0.9174357235067352,4.9843689061458285,9112228875830950993,0.25,8,0,22.26663300088373,27.60191263729327,20.08110339443696,0.11214490978661987
760,1.726880317739698,0.7063510630745651,1.1530983461807396,4.512641792806963,5853399367322806037,0.25,8,0,22.249621259941925,27.510446913268527,22.004558391709047,0.11874864834408257
761,1.6713055839424447,1.7720558795903392,1.0859167657945934,0.07703763835197441,7871378323940195801,0.4,10,8,30.991036485292263,31.31643731852039,31.103379914406815,0.47067469215686797
762,1.6085146007342688,1.0243009463079957,0.5498973462892713,1.8799858429718297,5476337764853331434,0.1,8,6,27.707959853553845,30.645120565585152,26.241284454883697,0.35690035001615794
763,1.7481055116180562,1.8397936101732841,1.2594912083085,1.9671213675571635,6241834124132615434,0.25,8,0,28.44053781088246,31.02764802423936,29.4589173322418,0.09749167779325187
764,0.9217856030393003,1.3674099512828852,1.012571283777102,2.1538200511381076,2588673764943608038,0.25,8,0,22.148939527837392,27.5757795732862,23.24521624559511,0.07758787140740273
765,1.7126853401815503,1.0920995252037193,1.9617213356430678,2.6468965373933404,1911553870019028488,0.25,8,0,26.381580608509026,30.630917813407397,27.654589255036324,0.1046289399903697
766,0.7477448229232844,1.5562613631376192,0.6991530510048308,1.5614871148334015,5313843214981501327,0.1,8,8,27.895089003913647,27.74138366367883,23.365867495802313,0.36221985225603004
767,1.1777393896425625,0.6856757132441904,1.9853286560236834,1.1031765312515391,5116866335859102972,0.25,8,0,30.69877540714556,31.030804191389976,28.02883837651605,0.136559953524132
768,1.4065171490811617,0.9401124471436446,1.8365949828654804,3.351852975237663,237931349543053112,0.25,8,0,22.24267769221058,27.519820729705845,23.703943322411277,0.08664623800840361
769,0.576258366837676,1.8578523801704496,0.7000805832305894,3.620599752592187,7587401730602923726,0.25,8,0,17.970742330513826,23.53566468880192,17.24888022423787,0.1254086897015193
770,1.19128592967778,1.6087551999318563,0.6844056187740482,4.774228619552791,5699520025485018343,0.25,8,0,20.142343138492613,26.47762277490216,18.016008764659954,0.11013920250530322
771,1.4529334681752786,0.8755193221201136,0.7608273076382349,3.1206210846951388,4432481138499389634,0.25,8,0,24.319656609014014,27.706728948365107,23.636081516567693,0.10515911736896102
772,1.555013032716404,0.8485484296490959,0.9339343840193475,4.358422717279837,7324327546519330821,0.25,8,0,22.24163615705088,27.792229516475196,21.216873114721714,0.10418982797043497
773,1.1357836338268497,1.3736790370940484,0.8682220286885447,0.8158925203155692,5046866978544103249,0.1,8,6,30.377982577957333,30.947796995328872,26.37395029801764,0.29712286755630285
774,1.8636998397139093,0.8829994354940188,0.8715724676025627,4.807942963701749,6909658197984348134,0.25,8,0,22.258300719606112,27.70701300340866,21.989977594345998,0.12838389635536515
775,0.8081520252131835,0.5187737358736235,1.245920307165451,3.413914632420086,6699997495915857814,0.25,8,0,20.14928670622396,26.64748769094811,19.01551371445209,0.10747647072209852
776,1.725257197713097,1.3559136137718193,0.9426434859431352,0.2623882448164483,1437424974255146450,0.4,10,8,30.971468248958466,31.146635525817445,29.29303544071666,0.35957494167136367
777,1.2318362515540737,1.7701394020646986,0.5331766914922481,2.985524304584981,2213619797222002589,0.25,8,0,22.18469890165383,27.37978159323318,22.89674189203123,0.10275197820464067
778,1.3685894745814982,0.5558359588456814,0.6278667615935916,2.12854925691855,406724250180983810,0.25,10,8,30.62839287968691,31.009973488195936,23.751930797032838,0.5261035683841416
779,1.034278284187334,1.3835688804626014,0.8772874501217887,2.5087296262230603,8007937320634193285,0.25,8,0,24.24428733745739,27.498800656482768,22.95248147749502,0.0745402385957959
780,1.9864685989317095,1.6581966612552066,1.0521986963796415,2.241562018668615,1991796654279905985,0.25,8,0,28.447165761898752,31.01123595505618,29.976756426035994,0.10729260761952608
781,1.804869505152585,0.804420154768013,0.5709993822864399,3.2075654571848955,5144891529673518221,0.1,8,8,27.954109329630096,31.085405883095568,25.42126113901084,0.4489860165876788
782,1.1922067596129589,1.270182227762735,1.8113902024159845,2.8558388468239757,2987952550776793174,0.25,8,0,24.276480242393635,27.751609645246813,23.775280898698373,0.07240219011127753
783,0.777391385614131,1.9346680461396577,0.8869074469985125,3.436439352118427,5908684157019745064,0.25,8,0,18.0639123847999,23.541219542986997,19.22946332807613,0.10702649764552263
784,1.1678336710241957,1.5039426057530296,1.2927003084745252,0.9174677967719441,5287179739293335434,0.25,8,0,32.497411942936495,31.024176240373688,28.321833074723063,0.10104233112651255
785,1.3370394507935768,1.3664409315744812,1.7508976522518638,1.3294324544695075,5344267389201775843,0.25,8,0,28.45777048352481,30.74106804696377,28.674225028926948,0.09426555792363157
786,1.5383740662883783,1.2381432468077673,1.0927910967037375,1.9541495658404924,7308367726640832999,0.25,8,0,28.39900265118041,30.774207802045197,27.70802016444962,0.0846069310378159
787,1.354681890216435,1.8364556751263026,1.5231262011195803,3.6999849373916325,8416383210993811785,0.25,8,0,22.206571140007576,27.74763287463704,22.67054131311583,0.09056822346660424
788,1.357453476940623,0.7239627529877125,0.6789270691844023,0.07532114297958803,2013688763661205936,0.5,10,0,42.19258931953036,31.009342254765812,23.410007345399812,1.218064828663019
789,1.176480637868409,0.5319322076354109,1.6123546527355728,3.5276318023781803,4304269250643539878,0.25,8,0,22.24267769221058,27.705592728190883,21.392742734008944,0.10051776419321144
790,0.5712098444344654,1.283058848648484,1.9551477653810485,2.202712557417797,1665524666818569948,0.25,8,0,20.08995076379245,24.455750536548415,21.679184930459876,0.1117713613915502
791,1.7339732416337137,0.7532696066943412,1.6308536235039528,1.3818768037699125,6825965493136542499,0.25,8,0,30.892406261835628,30.968627698522916,30.643914769948644,0.12989192373609268
792,1.485628751228685,0.7888428944332805,0.899192858999153,1.01618094902812,1058203382420265356,0.4,10,8,30.908976139376342,31.05163489458402,26.460522169251245,0.3362188297005317
793,1.148555220212057,1.9981433922777756,0.6231661908072306,4.389601916235446,4106599279386488626,0.25,8,0,20.120881201868453,27.459885115515718,18.901275103893553,0.1219362736241268
794,0.629164923232351,1.8169777004430865,1.6008443680398885,4.610552645546052,7092604472457155396,0.25,8,0,15.789420527711147,23.693725539704584,15.749362356831467,0.1389255610647183
795,1.9929524196950241,1.3425728264177157,0.5596519184709523,2.8585788345523033,6571209952050848969,0.25,8,0,26.395530867314733,30.749274081555356,27.872038391157588,0.12787906795203868
796,1.96812253317694,0.501413191728941,0.8640672401660776,1.7869506226963146,3505697308217009153,0.5,10,8,41.622269915414726,30.83954046206287,28.19073091320157,1.165024384600622
797,1.2691248250339946,0.7619155415670351,0.575058183287418,3.395387371457945,8439410252112044156,0.1,8,0,21.80870470900139,27.668665572528724,21.477608189838296,0.375476510708149
798,1.6278192170288002,0.8905754320078619,0.5685122543466636,3.3378206123023846,2441542834382299077,0.25,8,0,22.283297563438957,27.649349829566972,24.06569812430838,0.12129659140969264
799,1.7360470405251727,1.8202359147654144,1.2991400029561617,0.9925399129089785,5644090222096427709,0.25,8,0,34.59664183815175,31.086983966670875,31.92151617193074,0.11658949655018343
800,1.1514536931774746,1.770741893366468,1.0389288142249642,2.996555897317395,8245346563828998753,0.25,8,0,22.179144047468757,27.747348819593487,22.78452631396176,0.07016844798097131
801,1.3392343147135564,1.3724854117682423,1.0442686927415705,1.405436981895244,7746257917498842139,0.25,8,0,28.469258931953036,30.63438959727307,27.910039607495495,0.09152683567004308
802,1.2749763766260063,1.180667878959718,0.8074279082300089,2.8142302361264404,3834909759111378301,0.25,8,0,24.2855700037874,27.568394142153767,23.53231322841562,0.07773474849388072
803,0.8655029568545185,1.6693798684825811,1.4558125967002769,4.154746901434177,2398234732538542938,0.25,8,0,18.073854311324325,23.68665572528721,18.244754780241205,0.09631157600766863
804,0.786610112097674,1.4358041559873986,1.9066181056323734,0.9814336363724646,4807423251634720764,0.25,8,0,24.315490468375206,27.925451331902536,26.273943165207378,0.11792189619106534
805,1.884455975850631,1.7670297239917676,1.9777942578763688,2.973597517735973,2538620027785173396,0.25,8,0,26.322907461179142,30.61071834364348,28.265622667797874,0.12258783274801735
806,1.532197987895757,1.7294111181955527,1.2463600833442872,0.1645451629914324,4435017425396475596,0.4,10,8,30.90581997222573,31.11128645373059,31.15391500793057,0.36784669102559997
807,0.674739431964035,0.526227320962229,0.9218956945982597,0.14199070632408217,2363230429467796723,0.7,10,0,42.12283802550183,31.076252998358793,19.44561566174903,0.7489445979506422
808,1.5925704489948662,0.6659231741407284,1.1963392290079637,4.929103587981796,6248208865184318698,0.25,8,0,22.249274081555356,27.628329756343895,20.096673264517353,0.11738382388202613
809,1.865977638351834,1.3246716388278572,1.9016704768249455,4.085615661406839,6983939256109205403,0.25,8,0,24.29428102512309,27.74820098472415,24.9491047610198,0.115331620019283
810,0.9518965493924135,0.960771763367156,1.3551704907924473,1.5124131943933512,9070135019045899668,0.25,8,0,26.315932331776292,30.836384294912257,25.216228815821633,0.09403368315122443
811,1.6368539443921626,0.6329980055068717,1.2555863410035786,4.392717582339552,3743597476323077857,0.25,8,0,22.24371922737028,27.894205277111475,21.82916108758002,0.10987847635348996
812,1.5724109213327029,1.253649345954167,0.7093246540692495,4.449426527413206,338648598584222569,0.25,8,0,22.271493498295673,27.489994950132562,21.147243446870313,0.09837174838270535
813,1.1093998678604478,1.239952915179219,0.8675053983425847,4.585656011154698,1056279509073371581,0.25,8,0,20.109519000126248,26.490689306905693,17.983132010659137,0.08723397518052231
814,0.5948001758485133,1.0678957566414404,0.511194619138692,3.9660545009890495,7870892369464585290,0.1,8,0,17.58158692084333,23.52304002019947,15.981480290700986,0.3901060285922723
815,1.3872549326912575,1.6567515196034752,0.7698791212764892,0.41001675501289525,21084170312836581,0.4,6,6,31.861191768716072,31.102449185708878,28.33897398176782,0.6834393237438359
816,0.656395924873752,0.7541389885386118,0.6468752612074495,3.754929661106086,7726230659839849205,0.1,8,0,17.58613180154021,23.535159702057822,16.23910180231801,0.29417375575293764
817,0.5807750571795389,1.686831411873872,1.6919481315256355,1.7416369674699754,7199197785238842922,0.25,8,0,22.049299330892566,27.810693094306274,22.889845439929484,0.11036671908751666
818,0.872196784049992,1.8909278908917886,1.1656868064676216,1.7232418754017675,916859712482002404,0.25,8,0,24.22307789420528,28.017201110970838,24.467762148954677,0.0965902484629224
819,1.3584721767800139,0.620590939839222,0.8530505320848545,4.895911958605927,5916825784698984310,0.5,8,0,21.25173589193284,26.692936497916932,17.63275082455164,0.2917251736240214
820,1.6480587078556947,1.3540359819340257,0.6422819493307343,3.8136599657093044,7683825357205059094,0.25,8,0,22.234345410932963,27.728317131675293,23.30427058173138,0.09575081109449537
821,1.6667971290735024,1.4261724143213064,0.6804434786877291,2.213281272712238,3641960753693947031,0.25,8,0,28.448933215503093,30.849008963514706,27.631359545901972,0.10281617002713965
822,1.9945432046985938,1.5357041863444345,1.8739115295822337,4.415877652500545,1609285830589166382,0.25,8,0,24.29428102512309,27.519252619618733,24.983245342893685,0.13088988165220083
823,1.7115733001129314,1.4975976642341309,1.492790710644506,0.927331701741414,4548733473518590053,0.25,8,0,34.9834932458023,31.32180280267643,31.92869569781003,0.1101415573069614
824,1.0153202656219007,1.82808322954125,1.5783751041127854,3.9839250874959835,6853740959744996170,0.25,8,0,20.14360560535286,27.79762656230274,19.785761659930294,0.10101214807563592
825,1.5570038410537343,0.7494952159377657,1.659846814850862,4.65910585454203,2550607219004605607,0.25,8,0,22.249621259941925,27.64026006817321,21.017918047981574,0.10847439131742356
826,0.7121111525192916,0.6119818308983793,1.0248415576522931,2.4459605628343044,3753304770440128376,0.1,8,0,21.76634894584017,27.662700416614065,20.586037985105754,0.3759533496398117
827,1.1728152771956657,0.9143091373507521,1.343610521032633,4.31450030972547,8106916790379231592,0.25,8,0,20.146130539073347,27.626625426082562,19.315567289776936,0.07746930171180584
828,0.7514859482535547,1.7600841409475816,1.6158238919057224,3.8188769622758056,8866263404837094566,0.25,8,0,18.02840550435551,23.693725539704584,18.541409258048326,0.10594344276221213
829,0.6837949343493851,1.4838691055261606,1.4475993678154717,3.6748307723916973,3922180697967143211,0.25,8,0,17.99005807347557,23.693220552960486,18.219318518559703,0.08517022591500112
830,0.6458820127528928,1.2416698428090711,0.6172147508078227,0.9901695441917852,6219286034615363061,0.7,8,8,31.256470142658756,27.746780709506375,21.058828757140116,0.5932110679932774
831,0.7579318899882328,1.7542573119388316,1.3435715599009943,0.016181254572696924,4031102410872282456,0.1,6,8,31.517800782729456,31.074359298068423,26.988903717178648,0.9027677242895142
832,0.9232732784816344,1.1713753918469274,1.5490536952653473,2.152183155416825,821244338324800552,0.25,8,0,24.25830071960611,27.752461810377476,23.642450619366034,0.06934984214902938
833,1.6390709616511812,0.7023078900359541,1.9330349218593046,4.262491775313202,6789019604316857477,0.25,8,0,24.267769221057947,27.504765812397423,22.78490897488188,0.11835424996969923
834,0.8935963453032065,0.9780153897783874,0.5492667200237875,3.3337310638367694,428717923538110959,0.1,8,0,19.782855700037874,27.552203004671128,19.614758566138104,0.2675790748332382
835,1.4846837958337167,1.552315968398708,0.851114073258726,3.059587457016515,3086977599775681359,0.25,8,0,24.25375583890923,27.88227496528216,24.487324322559495,0.07144447311306719
836,1.8130463527371055,1.6582611175083397,1.7941148894157075,0.724575047542102,7719903289901124789,0.25,8,0,39.15316879181921,31.02764802423936,33.45188124744621,0.12825326327127493
837,1.8766837215693424,1.742605557562135,0.7942923264739034,1.0304310022261727,8067325134594592249,0.4,8,6,31.547910617346297,30.847430879939402,31.730602895418883,0.5229815787957047
838,0.5764062296260994,0.539310149909541,1.5187314939628438,2.9242904468194757,6976764690571445521,0.25,8,0,18.033518495139504,23.535159702057822,19.098688364506536,0.11210951791799094
839,1.9406636489170521,0.7171254125772082,1.6089700237434448,2.9167550929626795,8160517962240079686,0.25,8,0,26.40045448806969,31.025754323949,28.016885004150353,0.11459866768586159
840,1.1216937578576247,1.0503378985610552,0.7776926204754722,0.14075383679343967,4690277590801140487,0.1,10,6,30.614821360939274,31.084143416235325,24.481975444730466,0.7783936524763734
841,0.9277720570084239,0.5612082297215741,1.7594962584547655,0.6137908040506773,2238541719334609943,0.4,8,6,31.581997222572905,31.237848756470143,26.4970335375568,0.6343936584321095
842,1.858604775954075,1.6203594678278201,1.5719791821466205,3.6305380084449643,6326553247687973766,0.25,8,0,24.265496780709505,27.98567100113622,26.01381884308134,0.09293284594293516
843,1.7210584246820786,1.2629437872460034,1.3002566967206146,1.4742662370369664,2063155644187964393,0.25,8,0,30.5165067541977,31.033329125110466,30.382510207374654,0.09620619616375192
844,1.909405501487124,1.9820261028063677,1.2303138415111539,4.161169831732841,8840394722355000002,0.25,8,0,22.275659638934478,27.74479232420149,24.832255114258263,0.1151962614505939
845,1.8843110343793288,0.9036275196437618,1.7502826476459217,4.317608333268186,5604738766672616707,0.25,8,0,22.255176114127003,27.74706476454993,24.142618907935063,0.11251481536201483
846,1.5248602058657128,0.5516560210498784,1.0144855741611354,1.7575924055308585,7191904018317460037,0.1,8,6,27.736775659638933,30.762529983587932,26.665989020078058,0.33696392664419605
847,1.4463080209504993,0.7918199585216783,0.8273962705753365,4.48371500765044,4886124289557369400,0.25,8,0,20.246496654462824,27.699343517232673,20.109149140442685,0.10391340488051158
848,1.7499840399721585,1.6955934288859908,1.9793381354218251,2.3139867051943934,5733550685063820091,0.25,8,0,26.34752556495392,27.91266885494256,29.092858828370147,0.10790684573733969
849,1.2322439388238804,1.157785455191941,0.6631269162272068,4.122378630157889,4627792842273233780,0.25,8,0,22.189212220679206,27.39710895089004,19.75312171063345,0.08944886210601359
850,0.5273306232142976,0.5903908227674763,0.5591642007939177,1.3130994097386373,1491779215582826136,0.1,10,0,26.04671127382906,27.50249337204898,17.982001566532965,0.499426768479053
851,1.0990840405563749,1.4575113797868164,1.8807052938478848,4.34583948432391,7342748489081460536,0.25,8,0,20.142343138492613,26.47762277490216,19.39457171242173,0.10373340674179589
852,0.8332909519818829,1.4249886769720663,1.3075002005876286,2.3378000431323804,3934441505333281549,0.25,8,0,22.144773387198583,27.794217901780076,22.535933625470236,0.06616216313786018
853,0.8710107558626439,1.8275490897538524,1.8550533279282746,3.8350996378052655,2548699788573520507,0.25,8,0,20.05081429112486,26.486428481252364,19.44332820614816,0.11706373236656449
854,1.4637549947827084,1.337101598437765,0.7535081980800415,4.352951936558048,523956610288204544,0.25,8,0,20.206097714934984,27.650486049741193,20.787238106524956,0.08675024433930031
855,0.6475504737383576,1.1709947629091035,1.8204586198250443,3.5838792646148745,1837206352283667105,0.25,8,0,17.99715944956445,23.535159702057822,18.363171052858245,0.09594069042218457
856,1.437681046152326,0.8229751961495926,1.7937350937790755,1.719572503230491,5101399968287765178,0.25,8,0,28.467049614947605,30.842696629213485,28.09122851473572,0.10127005727474017
857,0.801922019480562,0.5540504437004884,1.0414608718931577,2.385876871373165,1458974741046418819,0.1,8,0,21.779888902916298,27.472099482388586,21.374215403696926,0.3590906980473666
858,0.9523123717389763,0.7516972145860105,1.5601236555881013,1.8413058325197285,6470623198892328657,0.25,8,0,24.265496780709505,27.975445019568237,24.4803477438147,0.09543664587245511
859,1.944612024054745,1.0510505837937565,0.5750016425384332,3.8731700485665232,2293532549981954627,0.25,8,0,24.241636157050877,27.830861002398688,24.828488186929118,0.12232502861319788
860,0.6050333220444413,1.0510082272772168,1.8809359503248437,0.8259741808987586,3983038179402393052,0.25,8,0,26.315932331776292,27.6871291503598,25.326357057500346,0.1253208644177794
861,1.6602377993170838,1.142987516384541,1.1169122994514664,0.790554274704583,1457912564636477355,0.4,10,8,30.888145436182302,31.238795606615327,29.759692737593113,0.23615565386591147
862,1.0579548388162374,0.9115995214320352,0.8643497645752758,1.1500221063231442,4192707628132916976,0.1,6,0,29.313218028026764,30.774207802045197,24.668420879374583,0.3782072261061893
863,0.6538219921957072,0.5855820094701257,1.0309218000166762,4.656068551688227,1576315780493039750,0.25,8,0,17.659133947733874,23.529099861128646,14.70771789216727,0.11977478054926119
864,1.393324540905462,1.4664499404663314,0.5096379958882463,2.906866213469905,5701784624422743878,0.25,8,0,24.253377098851153,27.881138745107943,24.00447802307108,0.09543750818929184
865,1.3348751076163887,1.5282760973539902,1.579266491567462,3.2551512049631492,6307943751683121805,0.25,8,0,24.28291882338089,27.51612801413963,23.56829736520105,0.06048229763465898
866,0.919724701148118,1.3411723961628295,1.9592706200880017,4.492127830707504,2152179706984389350,0.25,8,0,18.024712788789294,23.68716071203131,17.908255749800606,0.11255734615842486
867,1.0601193647344598,1.8506135767647822,1.031838246551316,0.5193774849046501,961960173225459668,0.4,8,6,29.087299583385935,31.22901148844843,28.388425935251767,0.5591051191904726
868,0.8472101077788015,1.0540130577725324,1.909904181813463,0.4928530927288155,4894360351555055140,0.25,8,0,32.60901401338215,30.97241509910365,27.77488026684906,0.12615198929470434
869,0.8657228483124983,1.3253249348768334,1.6169003233029984,3.090904336435745,2413179141054005505,0.25,8,0,20.14676177250347,24.51230905188739,20.9925012800386,0.0658418329123963
870,0.6264358559151249,1.3365578020350404,1.151427462274004,0.5768812395997719,6570531185299363854,0.25,10,0,26.14556242898624,27.693378361318015,24.959658503922974,0.5490560401891609
871,1.803916674389947,1.389638450508387,1.5492174745034961,1.614805432257973,3096801897396510587,0.25,8,0,32.566090140133824,31.00871102133569,30.7868788496086,0.09371900945221244
872,0.7456933985825809,0.922759042289757,1.918402505706795,3.956002358429424,1255101261921734777,0.25,8,0,17.998011614695116,23.535159702057822,18.008597085912747,0.10251318378872677
873,0.5961568212407955,1.5563963801496823,0.6811272201657484,3.33998199279237,7790052717070378962,0.25,8,0,17.985229137735132,23.389723519757606,17.98565966642281,0.10303259480942019
874,0.635371458070245,1.458595501069051,1.7200513762854241,2.3881673600617437,3495331108957210496,0.25,8,0,20.09436939780331,27.505333922484535,21.52760299644751,0.08833638815059792
875,0.5614563956906542,0.5468618146398803,1.7673633881583692,1.83008635459748,3596122220855042168,0.25,8,0,22.178449690695622,27.512719353616966,22.177465000824306,0.12340700517686283
876,1.81251280718166,0.9936179807742507,0.864017106420497,2.271973257955651,4621735156945039617,0.1,8,8,28.00757480116147,27.744508269157937,28.444394082239693,0.300517967987899
877,1.0216494903586146,1.8691811196340633,0.7960429179060144,1.6413123673272083,4497139529031655752,0.25,8,0,26.328241383663677,27.573223077894205,25.388748705372887,0.10213066860596581
878,1.5089602793187074,1.4263088604484497,1.0502286296683905,1.8009204002837103,8214067131221789336,0.25,8,0,28.440095947481375,30.61103396035854,28.07192961424164,0.07859318386980688
879,1.7746199263986437,1.1984681654331286,1.1269694503526662,0.8374395778610805,5088024491108541860,0.4,10,8,30.850271430374953,31.037116525691204,30.682939929718486,0.2533810412859645
880,1.210659530573905,1.2954767311207873,1.5266998205874946,3.307071328929813,8998234714121575722,0.25,8,0,22.261772503471782,27.69025375583891,22.512362603608324,0.05050793538771067
881,0.9257409949394262,1.4538411900536008,1.2410461375558686,1.6706849632091076,2101647598548476348,0.25,8,0,24.30715818709759,27.65787148087363,24.88384664792094,0.07486105074503237
882,0.7021388191382671,0.6477416378722141,0.7734387152438283,2.1962315376034964,2830662538339837319,0.1,8,0,21.77815301098346,27.69905946218912,19.738065252500686,0.2715424546645463
883,0.5552966488787552,1.1996977725246678,1.7624817844941507,4.530836098452334,6434443446606370140,0.25,8,0,15.770483524807474,23.68665572528721,15.263373809816189,0.11400148264844145
884,0.6256147585658827,0.8369410266826924,1.4119984067632587,3.050034055946576,8626500773222063340,0.25,8,0,18.039767706097717,23.529604847872744,19.204046967547214,0.08526876007713381
885,1.6527063932187962,0.6335097047746635,1.3850367840929472,3.2290637296111155,4196877095616711139,0.25,8,0,24.338214871859613,27.702752177755336,25.124400832739525,0.09681296585342902
886,1.9623305125060575,0.919503008050859,1.443684479752357,3.365553652184188,6651645826799526231,0.25,8,0,26.381580608509026,30.994823885872997,26.887932326519646,0.09760972615509059
887,0.5501937990241133,0.6670818543301282,1.3448137395264927,2.978720014960954,4923382111165079767,0.25,8,0,17.938076000504985,23.53566468880192,18.778039025517323,0.09992477765844661
888,1.455992971020411,1.6150317877461025,1.5556405410837564,3.1225174367514437,7222185625461270720,0.25,8,0,22.240941800277742,27.748769094811262,24.713235542067345,0.06416385126194603
889,1.248506867403009,1.4674746949864672,0.6980122266367935,1.4207477187773936,7918314638352682205,0.4,8,6,29.01369776543366,30.842696629213485,26.391726340220654,0.37559113883437595
890,1.6238530692200726,1.1258695138280936,1.5881982166506226,3.237260214651556,1654156260443548526,0.25,8,0,24.313596768084835,30.71076884231789,25.274830449944833,0.06775326399942028
891,1.7959755502987673,1.7976700391715341,1.9753582958207399,0.8283026900862966,1224187202365262003,0.25,8,0,37.09304380760005,31.258363842949123,33.32224252501694,0.13069135155587153
892,1.2709777759010468,0.8278152057977854,1.5232307025815195,4.93390616802507,1657952665032131316,0.25,8,0,20.18147961116021,26.472793839161724,18.35564868143591,0.09636054169248352
893,1.4141693733820224,0.9177332933097966,1.7100832996493485,1.3387908222997318,4434314433853367510,0.25,8,0,30.539704582754702,30.768211084459033,28.998361697188447,0.09872159591275846
894,1.4892710285841928,0.8878858466502191,0.6206377503591063,1.4812417837657192,3229733126020791896,0.4,8,6,28.884200227244037,30.741699280393888,25.897027853631233,0.38125814032019073
895,1.0128995942254602,1.9472520028415268,1.9566256409420208,3.2294794426950837,4923635730671118486,0.25,8,0,22.163521020073222,27.701900012624666,22.093596103074333,0.11514015022966433
896,1.2604148767412933,0.697958929455093,0.7455335029667001,3.7098054686080872,4363192432070875159,0.25,8,0,20.23481883600556,27.46925893195304,20.87486347719588,0.10197608501049175
897,0.8674999843480764,0.5306176169899652,1.8831592987980956,1.287061095294748,5603346479674569006,0.25,8,0,26.395530867314733,31.002398687034468,25.644483938910362,0.12572100998497382
898,0.7349925961610425,1.2630022386060002,1.6093162405402508,4.289857827103026,7572113355823346986,0.25,8,0,17.88098093675041,23.541219542986997,16.937284742553178,0.08996763074995662
899,0.9751905144295715,0.5857698531437023,1.8174299118385695,3.077936909844742,8622108539678997968,0.25,8,0,20.232293902285065,27.42665067541977,21.557746134901876,0.09466494683192177
900,0.9430199966629573,1.3709817114412077,1.0248330468297757,1.132421531505901,8950288200947756204,0.1,8,6,27.740247443504607,30.774207802045197,26.052909282829113,0.3283966865151194
901,0.9172500370898672,1.9961974515006722,1.0472239779815085,3.177232843825063,7793241035621800317,0.25,8,0,20.150233556369145,27.46329377603838,20.924461234006248,0.09143090419752528
902,1.8645493645487674,1.5974693761831857,0.6400115438999792,1.453234260681392,6708506562305507962,0.1,8,8,30.513192778689557,31.05195051129908,30.339247647537903,0.3854341968350549
903,1.8888428123973804,0.9614889102188944,0.5243255091610612,4.468759874510682,8513521976729483883,0.25,8,0,24.27875268274208,27.711273829061987,22.78116604383837,0.12611572489518064
904,1.960573962018545,1.8191117269401909,1.5019580446230718,3.9053143942088027,6712597147131801819,0.25,8,0,24.263224340361063,27.881706855195052,25.9050053360436,0.1055672214314504
905,0.6535334856450343,1.6101096606150345,1.2954446949717524,2.9809947353253134,1640854108358838815,0.25,8,0,18.06902537558389,23.541219542986997,19.789809944223904,0.07868998126494173
906,1.0953883742128858,1.8474401952949489,1.97111933165262,2.5225701191993366,5651202594074256053,0.25,8,0,24.15263224340361,27.724624416109076,24.43945314252625,0.10113275532415779
907,1.1063233579322267,0.8982478629438133,0.7057080594074439,4.245558308738396,5068146035303967459,0.25,8,0,20.14360560535286,26.49892690316879,18.53832496384932,0.09466733030316792
908,1.72173461292821,1.4960135053159314,1.0562597751078708,1.1542936509651152,3423958148730167549,0.1,8,8,30.524176240373688,31.287400580734754,31.027555839020334,0.27790102773718156
909,1.7236717497406202,1.8291386061891626,1.1742822923882357,4.654351179356655,2972774278254436375,0.25,8,0,22.278437066027017,27.396824895846486,22.138735593082707,0.10294545575300133
910,1.9870055897968848,1.3914600526614609,1.1470992986690822,1.1176069591826447,2426228490994292646,0.1,8,8,30.56318646635526,31.265938644110594,32.616224527392575,0.31844362760953504
911,0.788876892924245,1.8969935732037457,1.6835300191623896,3.6312058188323393,1367279004717148611,0.25,8,0,18.060787779320794,23.541219542986997,19.334365246579395,0.10603252145116603
912,0.8698545260662183,1.6015422899156184,1.0992021966719734,0.8144593603474831,7111859951608454336,0.1,8,6,27.843012245928545,30.748642848125236,27.014610606256703,0.4111795598352456
913,1.7793585951307243,1.8033899816444987,1.0389773239335698,2.0614301383637823,3536144570910225261,0.25,8,0,28.44053781088246,31.025754323949,29.260415253735406,0.09065221502278317
914,1.973730326977594,0.819620493179184,1.4159321907247329,0.5013788112661194,4640610478908736046,0.4,10,8,30.879623784875644,31.00902663805075,31.457027747177325,0.3516748622028094
915,1.1142967740390115,1.2014378931759027,1.3627594955863156,1.5267057102632031,4006840791671663565,0.25,8,0,26.315111728317135,31.028279257669485,26.45285131515604,0.07422616205913962
916,1.4001917828095496,1.9097405437205752,1.5631813452518089,0.8204333383458218,602180109153097061,0.25,8,0,34.59664183815175,31.305075116778184,30.58294697717435,0.1068104407255995
917,1.888599964491645,1.6166946038283272,1.6488322832051365,3.2874169849615305,1081602105305687608,0.25,8,0,24.32041408913016,27.541408913016035,27.107277707166332,0.08947227509807969
918,1.837921669159602,1.1261058004497106,0.9357455229662696,4.79029303627115,2215747288569459130,0.25,8,0,22.24163615705088,27.500504986744097,22.005267650260834,0.10137761348758685
919,1.5168035444830301,1.0642453648304016,1.3563698203731454,3.0228952751480174,1352495391930879028,0.25,8,0,24.313596768084835,27.881706855195052,24.978913690639384,0.058292863700068004
920,0.7290400743493273,1.753182579081848,1.2193831371331743,1.8339941399668935,6966172176891951757,0.25,8,0,22.10241762403737,27.511867188486303,23.321516701534442,0.08805141362525813
921,1.901228332244675,1.4459785560477483,1.2130399001779761,1.8182083622911216,100439404388929780,0.25,8,0,30.539704582754702,30.607877793207926,30.676080363160118,0.09237270256808296
922,1.8353549196507333,1.127650624207258,1.461300684875842,3.25241360531681,8660183309187064876,0.25,8,0,24.329503850523924,27.92261078146699,26.496691721194836,0.07685971166996235
923,1.16678343169104,1.8839368986761331,1.999008692454193,0.6286289475522089,2026087968957774717,0.25,8,0,36.51016285822497,31.038063375836384,29.95851762806047,0.1234872874510917
924,1.2238839687259875,1.8541420601995824,1.0545357611487036,3.233918425059649,3625326160302215900,0.25,8,0,22.17706097714935,27.742803938896603,22.65634011660891,0.07097224193183456
925,1.0730293588586335,0.8924667151152506,0.540286116637914,2.4999030980767745,8067745025208259119,0.1,8,0,21.809051887387955,27.740531498548165,22.096774027336437,0.2844606443509111
926,1.4425844235982006,1.825268739752661,1.7049275627042257,1.7546885868892437,1960990068189860883,0.25,8,0,26.329882590581995,30.635652064133318,28.520563154663492,0.08664400464760744
927,1.1929337900967194,0.5256763257165264,0.8989770747333115,1.0396759228623964,2093731316414620422,0.4,6,6,31.679396540840802,31.027016790809242,24.427873410011152,0.6320478220410014
928,1.8668557531097743,0.5902988569180414,1.406450724387692,1.7847933515641057,1044283958513904682,0.1,8,8,30.556369145309933,31.030804191389976,30.113681569587964,0.3419941867404586
929,1.1695117586350203,1.5008974030568414,0.6359844418685374,1.6265695791598018,2788782672825878480,0.1,8,8,28.045764423683877,30.75748011614695,25.888173750877,0.284286501603296
930,0.617750822385071,0.7801583274962509,1.9398754567894936,2.6630029015717964,2594557925504555556,0.25,8,0,20.095000631233432,23.541219542986997,20.58005902344889,0.1015578391883495
931,1.3545114618605576,1.1082925681719418,1.9556644896243165,0.7133303404618352,5967405254832497203,0.25,8,0,35.02427092538821,31.073728064638303,30.623718868651256,0.11176086526142406
932,1.1124173856903963,1.2212226676923048,1.2352832255620478,4.106528253639992,9209743065354082958,0.25,8,0,20.1180406514329,27.559872490847116,19.46493787548902,0.05948194796327001
933,1.2057995570745335,1.528795050809942,1.1870102892634031,3.101166322057405,7252088499769793050,0.25,8,0,22.1690758742583,27.516412069183183,22.856159966211354,0.0479478254389238
934,1.396006767169645,1.3405187087794048,0.5466985169751282,0.7697188556632018,6510019675191499674,0.1,6,0,29.50637545764424,30.885936119176872,26.08234114500451,0.4367595281455753
935,1.2527250785412054,0.5962569672731239,0.5297998458576993,2.745817737810844,9153829423471411308,0.1,8,0,23.795101628582252,30.445019568236336,21.522780086552036,0.3563286772063711
936,1.1446143249104752,1.8560266706064694,1.7515180634527567,2.0714501666976304,1267905140308904199,0.25,8,0,24.322307789420528,27.531466986491605,25.836416942851745,0.08577442550594547
937,1.3741463428366216,0.8579676676310097,1.7133208539864364,0.7423075288778974,3688102870846012643,0.4,10,8,30.960421663931324,31.086983966670875,29.822161414778787,0.2735879783687329
938,0.5483137864353163,0.7276531263399255,0.5245440586685506,2.0033639805972743,5917535294478296223,0.1,8,0,19.760762529983587,27.598788031814163,17.84277515265709,0.3112093343639427
939,0.5668072567374314,1.4876761063193873,1.9521452567654114,0.9605838673174216,5813866041331769408,0.25,8,0,26.179712157555862,27.96891175356647,25.157037802002367,0.11676612033901937
940,0.7058410772070955,1.9462919445137052,1.0745838627845703,2.077489494502136,6095834078542979394,0.25,8,0,22.04478601186719,27.756154525943693,22.519595059118043,0.09766754628491141
941,1.213809770574868,1.1027217450537954,1.9064860422262802,4.746022681708325,803549155652091930,0.25,8,0,20.14644615578841,26.502619618735007,18.884940736721923,0.10225585884737871
942,0.5521538516870033,0.636442869067948,0.7964498851782489,1.105232665118715,5082631534903808108,0.25,10,0,26.0654589067037,27.737690948112615,20.084718659299742,0.5099119129292009
943,1.9489038470447246,1.270825987770661,0.5977686958502871,3.4432012274168584,1651279389012175340,0.25,8,0,24.387829819467242,27.72206792071708,26.055595800696455,0.107223425090696
944,1.4183649806279217,0.6526677943189415,1.430497108697231,0.8342495957540463,6273857867617465010,0.4,10,8,30.91655094053781,31.030488574674916,28.31427354042056,0.2660202609326628
945,0.7310293005189745,1.270999949731484,1.3095766832167828,2.5773131431194147,4583762204967570885,0.25,8,0,20.15181163994445,27.34825148339856,21.245917928372844,0.06474026260751364
946,1.8363081391951606,0.7353657798701999,1.528980163438616,1.520198042985138,5734842142300027111,0.1,8,8,30.52758490089635,30.753377098851153,30.951854481775115,0.31992382595547564
947,1.3550824558468568,1.4014641815063418,1.4024170842469996,3.611124372468443,2194383395359206081,0.25,8,0,22.278437066027017,27.88824012119682,22.549726168750357,0.050875534157742056
948,1.3552481191717698,1.757652479895218,1.805713770325168,2.5250623113742647,3283321109308618504,0.25,8,0,24.31814164878172,27.660996086352732,25.95485732685798,0.07969826628382352
949,0.8155940254147949,1.1468080953290152,1.593851289351256,0.7649956925141621,6122523968301390761,0.25,8,0,32.49286706223962,30.758111349577074,26.832191457253938,0.10226195655048143
950,1.6367451119977185,0.5847274952385282,1.9157066182574565,0.1962152840799397,7667433263828976160,0.4,10,8,31.216702436561043,31.05731599545512,30.98534595880754,0.3839597282425496
951,1.083936897473565,0.5116996514874489,1.994051467524128,0.565517775072934,9020950300605567823,0.25,8,8,30.85936119176872,30.985355384421158,28.514347199792233,0.7375801201333381
952,1.1010459159063377,1.8410633015808477,1.5444312055565859,1.7137327796726072,8949282857645608255,0.25,8,0,26.336857719984852,27.749621259941925,26.3599417549379,0.08030229807536676
953,0.6555902098786377,1.5030688456093553,1.479753981434167,0.45625532681319303,6732210837285350168,0.4,6,6,28.774491857088755,27.926871607120315,27.101193997580303,0.8004575484194225
954,1.7543784625648253,1.4629032213383542,1.7190166114525345,3.24407803020067,6953440411505069486,0.25,8,0,26.375426082565333,30.745171064259562,26.345614896285603,0.07852173412524763
955,0.7161248263881791,1.9485026437918638,0.6828084966358565,3.5675843330441124,6182263102595075217,0.25,8,0,18.06561671506123,23.535159702057822,18.23748554597029,0.10962066270380565
956,1.9988683807036207,1.4534367479662327,1.796890782979629,0.6588677203118204,5778147405547380430,0.1,8,8,30.481378613811387,30.97841181668981,35.155958847224916,0.40531330098021406
957,1.1014856346662765,1.8901964267887883,1.8498329209295907,2.567228144434246,3586177963233173736,0.25,8,0,22.139912889786643,27.771777553339227,24.326373997545335,0.09156865845668627
958,0.5002483552532981,1.6919814028603433,0.5793593396135437,3.3250652097937277,2482952371192336983,0.25,8,0,15.933341749779068,23.547279383916173,17.33824077307266,0.11407906359776403
959,1.3172874338661364,1.9841920515626845,0.6934697726109872,0.8572857219639091,3138360372095207873,0.4,10,0,29.108067163236964,31.07562176492867,29.046229146718513,0.6328810217363056
960,1.6918309454546363,1.7739199211284609,1.4947150851955189,2.7451895664358483,8597903245126221231,0.25,8,0,26.323317762908722,31.025123090518875,27.227192753618784,0.07503053822943247
961,1.7321603881480687,0.7505243484436757,0.5244795241382608,4.556923693861453,5952244282094874595,0.5,8,0,23.518905441232167,27.396540840802928,20.10021733612838,0.39462721795363087
962,0.9096995594079322,1.4419433758802762,1.144164740531096,4.429874394058977,6765888089609904929,0.25,8,0,18.055958843580356,23.68665572528721,17.298250798086055,0.07728971723658344
963,1.0031978784197546,0.9903870707946545,0.6373543283409665,4.564743973913411,841022534199516044,0.25,8,0,20.07764171190506,26.47023734376973,16.943131440591323,0.09862934365020871
964,1.8429476997377896,0.8866182894774348,1.7067635510186594,0.1399908547337797,4045805942166974792,0.4,10,8,30.989458401716952,31.281403863148594,32.079590930278776,0.31534528102461623
965,1.0892004682599092,1.761490154323993,1.4467518007850857,2.0987777835672943,6912269006736881542,0.25,8,0,24.315111728317135,27.64963388461053,25.10804097914821,0.06739001091964175
966,0.9915751923634998,1.765924144009288,1.9381023945599098,1.9620415782397012,7055004297789346408,0.25,8,0,24.240878676934734,27.73541850776417,25.254175814155836,0.09271338596457038
967,1.847653959444214,1.7272373471059408,1.9900272170866176,0.9270231624772673,1183853628649459072,0.25,8,0,37.07997727559651,31.319277868955943,33.482320926667306,0.1214705214520039
968,0.8817388340613436,0.9309274830594514,1.8573692572127918,3.5217033496369767,480079341617053795,0.25,8,0,20.0871102133569,26.47762277490216,19.982809829166534,0.08186366818864305
969,1.056080695721663,0.8951497679424962,0.5145260353321562,2.0672721179636206,5297347286984805545,0.1,8,6,27.36737785633127,27.70218406766822,22.518845867331528,0.309851560377888
970,1.038525112881603,0.8954716278734086,0.6738310712569285,1.2932698841108419,6393508273691680338,0.4,10,0,28.96004292387325,31.030488574674916,23.53153998157052,0.3107518690693269
971,1.0435570404482943,0.9575204499839878,1.1671753780172742,1.179299713378859,5582431931992496258,0.1,8,6,27.64407903042545,31.020073223077894,26.33458653409802,0.28789875812038357
972,1.1724359275189091,1.0217520266005333,0.6901971660271137,0.4430716823826797,916355300390180373,0.1,6,0,29.51552834238101,31.100871102133567,24.766530790731334,0.3499272866515174
973,0.6356154309988062,1.1032636949721335,1.8842619677934689,3.3349069398955566,8732834154629049789,0.25,8,0,18.034370660270167,23.529604847872744,19.01200268093502,0.08960917577695789
974,1.1027376576384453,1.143965560272814,1.3959391543939688,0.5328503213071184,4797461016221763835,0.4,10,8,30.968627698522916,30.990720868577203,27.98310263407212,0.25454950220610334
975,0.5081831525633156,1.3833385659385757,1.763789576140478,1.6601469352625409,5275882259164493122,0.25,8,0,20.044817573538694,27.739679333417495,22.73342719602877,0.09665542116621534
976,1.9325176007381932,1.661691127394198,1.2596771029606861,0.27954931662396154,906523766618613522,0.4,10,8,30.90392627193536,31.31107183436435,33.119436839939745,0.33379675164366857
977,0.9992662054624433,1.9175768987489814,0.672377825142574,3.9309313270146795,4245994660319279305,0.25,8,0,20.134768337331145,24.294659765181166,19.006896124434423,0.09916215866270454
978,1.9753824878161212,1.552702028973431,0.7001718387059026,1.175608638020213,2098744288522583723,0.4,10,8,30.894457770483523,31.027963640954425,31.1034483622464,0.40844885625349137
979,1.3595175488319575,1.607858530018015,1.896293926542573,3.582771339290564,6552181355179798058,0.25,8,0,22.255176114127003,27.551918949627574,23.11889890168186,0.08511807031285125
980,1.2056705790919422,0.5186577124050212,0.8475455888309911,4.579906581447709,7415866784086397228,0.5,8,0,21.226486554727938,26.486712536295926,17.020791588678865,0.27964218974523386
981,1.708873048630995,1.3820772030261521,0.5521892360914981,0.026584581342330993,6994677632216358531,0.4,6,8,31.526638050751167,31.05005681100871,27.719703425236897,0.7951433241126835
982,1.0569913949561438,1.2855350498816511,1.9355072584589326,1.616589700332292,1346029405098306811,0.25,8,0,26.288852417624035,27.765528342381014,26.417958554772646,0.08214592038015764
983,0.9952915508035554,1.4109275621737785,1.4996029402882527,3.858352192512828,6692386344131181200,0.25,8,0,20.171064259563188,26.545795985355387,19.66211110549618,0.06292743242536894
984,1.3475254826048677,0.7455975323488755,0.6163311457244738,3.382837157373949,3199488941415211131,0.25,8,0,24.263981820477213,27.582596894331527,22.243334115259636,0.10462392986883669
985,0.7610706602260808,1.8045178703417195,1.722968036367929,4.993818278305357,2165300609364733759,0.25,8,0,15.77881580608509,23.534654715313724,15.41437197740448,0.1289584945479956
986,1.3034004522151423,1.1421128294157916,0.9286059821731991,3.349932053609244,4637152423262174012,0.25,8,0,22.278437066027017,27.400517611412702,22.456597959819064,0.06071180893642141
987,1.3768684634275539,0.5181187551697248,1.0388978289059714,3.93376745830212,3281407874917525651,0.25,8,0,22.250315616715064,27.71809115010731,21.210784360373587,0.09872621640368076
988,0.8150373810474454,1.6734382715428686,0.8679350507691139,2.417412491999591,8228991599996408072,0.25,8,0,22.12081807852544,27.805011993435173,22.00893476447331,0.08107098734480973
989,0.9074806804628599,0.9798203004312569,0.8722126144746467,0.30137600129806486,1185815145085190158,0.25,10,0,29.123847998990023,30.99419265244287,24.02720437589144,0.37661752074436866
990,0.9344716137841145,1.2822318049644803,1.3734319811877982,0.16973471534790285,1261371146474513565,0.4,10,8,30.976833733114507,31.38019189496276,27.33618027766896,0.3406490159214864
991,1.1949194115222121,0.6597981911999057,1.951735293078662,3.62204183702438,4978087203691418417,0.25,8,0,22.2690632495897,27.681732104532255,21.66741834342716,0.09447386713610505
992,1.28540510738937,1.0488407426920472,1.3718579204482098,1.098286746734225,5736638955811842798,0.1,8,8,30.473425072591844,30.76095190001262,28.365224830857883,0.22298472373016248
993,1.6728152867602,1.4210949368758654,0.6352517645209339,4.151255092049352,185244196129684292,0.25,8,0,22.26975760636283,27.552203004671128,22.513585900793636,0.09042076299917053
994,1.9291388277964727,1.4358896084364756,1.085403722692257,3.3411297239058446,3417244597530683750,0.25,8,0,26.362706728948364,31.05794722888524,26.690703690835168,0.07971875954803828
995,1.404411355958889,1.2167634974970294,1.3258971332522802,0.2125920907276163,1757900359603184293,0.4,10,8,30.951268779194546,31.004608004039895,29.41011326794865,0.2135192652147645
996,0.5166540891381244,1.9321658700289859,1.3794354269754532,3.2274711608889928,2834880718071928457,0.25,8,0,18.001136220174217,23.534654715313724,18.411128809763902,0.10360371056060362
997,1.3316877679104713,1.9875768270061531,1.097958103797646,1.971772447776089,4543489913778954652,0.25,8,0,26.290493624542357,27.683152379750034,26.785625734059007,0.08203839924565781
998,1.42194059719046,1.4944020799641557,1.7321368174866947,1.4550315864300294,1046576330030506566,0.25,8,0,30.48526069940664,31.020073223077894,29.08497045929042,0.07818211237029081
999,0.8498501443460416,1.5335857228528613,1.6286134913187666,0.3859455904985021,5318971058479317535,0.25,8,0,36.53175104153516,31.266885494255774,28.27354993470745,0.10728066931139398
1000,0.7470023966127927,1.0373320879110206,1.9268390992270557,0.6579728873901275,4481642225888670466,0.25,8,0,28.459096073728066,30.962315364221688,27.038859264411432,0.11335709742788778
1001,1.9329197186372782,1.4857200682899914,1.2182402769952678,4.9675030314584125,6393713169552373756,0.25,8,0,22.240941800277742,27.515275849008965,22.375406535080828,0.10324209398760825
1002,1.146136590113917,0.740396064025282,1.2629444011502629,2.735126527722129,6528675659828875687,0.25,8,0,24.264739300593362,27.51243529857341,23.272411036890794,0.07406337520949895
1003,1.5750246280245337,0.9041384618797494,1.7635752305132069,4.987651894946665,1127362253391138123,0.25,8,0,22.2701047847494,27.359613685140765,20.2917934620571,0.10480879678030157
1004,1.868203040189519,1.295490899841607,1.073273232024754,1.959366263900424,6546395053745532052,0.1,8,8,30.59310693094306,31.008079787905565,30.126996433404525,0.22383081996775597
1005,1.6665850374134572,0.9080546999676188,1.7719019145671788,1.325745028599814,3884687864284792776,0.1,8,8,30.511299078399194,30.888776669612422,30.960930996651815,0.30058851942059933
1006,1.8860577421345417,1.5381165345326233,1.6512702203809848,1.1340723558840493,4906282495116708862,0.25,8,0,32.92311576821108,31.194293649791693,32.92673526015923,0.10325564872518715
1007,1.460478859172977,1.4168121463958991,1.5574903492339596,1.5793116396664775,9204394419695440804,0.25,8,0,30.4412321676556,30.849008963514706,28.89461151403131,0.07009348186202857
1008,1.54342190299195,1.924965889655068,1.682293625365499,1.1563751421058126,654287881722974927,0.25,8,0,32.54892059083449,31.215124352985733,30.854392482782693,0.09803962181156042
1009,1.0784899371553296,0.6411527846318159,1.7558165900800997,2.6336284360136135,5819798239990837167,0.25,8,0,24.273829061987122,27.393132180280265,23.50037094914339,0.08516123955485633
1010,1.0315195737137903,0.5811632307265691,1.2992186089995215,1.3417288926983546,5741241239729508215,0.4,6,0,29.314480494887007,31.0273324075243,25.355199066966637,0.35875866809135676
1011,1.8611055852815082,1.229782857596177,1.4335077077052285,4.057786997342716,2272143652670797588,0.25,8,0,22.26975760636283,27.71695492993309,24.512177198154244,0.08068105469703346
1012,1.7010738915896118,1.5391787759677655,0.7441881011503925,0.5766948475239941,758208579642630101,0.4,10,8,30.87015528342381,31.242267390480997,29.478895648532898,0.3070876164611082
1013,0.5073976101500266,1.518429542361262,1.8877613661743855,4.929331880041964,394836703981706809,0.25,8,0,13.76912637293271,20.47175230400202,13.995133138059826,0.13192389479259586
1014,0.9013902159746356,0.5894531159605465,0.903989327097305,3.6633587202640845,7663601014116240999,0.25,8,0,20.16664562555233,26.47762277490216,18.845691346766813,0.0976292474482476
1015,1.2289142447392098,0.5759858816707313,0.9340145858686595,0.7242618964084985,7603883890706178078,0.1,10,0,29.118166898118925,31.029226107814672,24.892057181824622,0.407741828397262
1016,1.4801038581425097,0.9059971287643117,0.7120466623644047,3.556290649076793,690469190426356361,0.25,8,0,24.278373942684006,27.780583259689433,22.767640676518763,0.08835590943777705
1017,1.7178054945526957,0.8678310874815269,1.3573739185010272,0.3892949322649619,8462994251574692123,0.4,10,8,30.981883600555484,31.30381264991794,30.017840473933994,0.23154872404157303
1018,1.5160371526618674,0.5146079581207215,1.0187133441193639,4.43536331876952,1652378237526836502,0.25,8,0,22.25968943315238,27.384610528973614,20.71948418701815,0.1040798754096735
1019,0.7772739801837933,0.9737667871543014,1.0679403714880902,2.69151728724823,6443571864873469496,0.25,8,0,20.171695492993308,27.35109203383411,21.002923593151706,0.07402405047395437
1020,1.0554113450772595,1.3114716614499333,0.9761080620584659,0.25097088974312953,7440319940116609724,0.4,10,0,29.144047468753946,31.094874384547406,26.723910372688145,0.38003302896672064
1021,1.6343569649129073,0.5177837119897764,1.9218463973242654,3.1277242307798705,4470915476268795826,0.25,8,0,24.348062113369522,30.803875773260955,25.787097748321727,0.10773579332486805
1022,0.8428634974904183,0.8059936429582744,1.710377504232451,3.6248932491204124,2768744000552723360,0.25,8,0,20.10857214998106,26.47762277490216,19.313093488647695,0.07900820837757933
1023,0.9248936314148104,1.8270972905232226,1.1485452615207534,2.170548014680183,5373840103539200628,0.25,8,0,22.14789799267769,27.751609645246813,23.696147227440047,0.07379314275033892
1024,1.3225677188057212,1.577092341339552,1.5762991362893688,2.6691848716485636,7135487059322664126,0.25,8,0,24.2984471657619,27.629465976518116,25.110492842508805,0.05344457496108921
1025,1.8959372742018334,1.3928053414506978,1.5642970605400799,1.2716411419879725,2370660455601481317,0.1,8,8,30.56508016664562,31.000189370029037,32.58092579789904,0.2610531172820985
1026,0.7381813123068257,1.0058572604761071,0.8000650513663887,1.4879179601246268,288693964192110851,0.25,6,0,26.38076000504987,27.66696124226739,22.73974433429878,0.43013231187185497
1027,1.3126798397598527,1.590255663118235,1.754779495359621,0.3860929715863526,5898187447378791777,0.1,8,8,30.54500694356773,30.88530488574675,31.355906993062835,0.344401183552127
1028,1.8689499238280223,1.2281258063073197,1.6560261301301946,3.8950192430639112,4828948694517201251,0.25,8,0,24.2855700037874,27.771777553339227,25.177044738699003,0.0849711629290218
1029,1.9158302717713145,1.5408483989528055,1.1969393981253043,0.9675340848112279,2441256783332696360,0.1,8,8,30.486680974624413,31.037116525691204,32.244430465692915,0.26209338777333036
1030,1.815227479162548,1.6646400270664887,0.746124808526818,1.961362767460464,2830217272579787942,0.1,8,8,30.552203004671128,30.774207802045197,29.576702270823525,0.2958794384467632
1031,0.5923917929989733,1.4727231830967207,0.9005342728749153,1.198364983976124,3646034087816640669,0.25,8,8,28.270736018179527,27.891648781719482,24.024015636055147,0.4627955108544879
1032,1.521554451102933,1.6010387751805293,1.2736891973664983,3.6643592894568977,3780415026883943848,0.25,8,0,22.271493498295673,27.711273829061987,23.41166587180349,0.0591511007937954
1033,0.827946975902645,1.3159897299713195,1.4325194760705142,3.7721995603505136,4923098914772839708,0.25,8,0,18.055390733493244,23.68665572528721,18.75473751023527,0.06314763592647987
1034,0.8342123222276844,0.6874127383632105,0.9018011898556255,1.2480825058604021,5035093879268321991,0.4,6,0,26.382748390354752,27.923462946597652,23.005267532106497,0.34638147141441356
1035,0.997824724676603,1.7427456001339499,0.7290665353830128,2.011225688567562,3955981650031470786,0.25,8,0,24.201110970837014,27.914089130160335,24.225752409668075,0.08861348946854652
1036,0.9869874784051518,1.8700432282905215,1.3869739477508678,3.6254872343361564,3436451152938168788,0.25,8,0,20.12845600302992,27.59197071076884,20.295539829495993,0.07846791744599099
1037,1.447397581530182,1.6443158976375258,1.6235467627413498,4.2325729223894095,8777319346452354256,0.25,8,0,22.17810251230905,28.021177881580606,21.669602437721938,0.08159536393291629
1038,0.8043783057499669,1.4569422339725813,1.473213584629263,2.609163721127316,7217156310970900460,0.25,8,0,20.160648907966166,27.875173589193285,21.863045995254353,0.05925345517739972
1039,0.7375956252039877,1.587028639263671,1.1568029103928175,3.8751682460390855,1031110601898674567,0.25,8,0,18.013066532003535,23.53566468880192,17.756894357576883,0.07595926995240113
1040,0.8398656300285047,1.618792450294647,0.9006906947455904,1.9601016064822714,3725704949597823299,0.25,8,0,24.184825148339854,27.5757795732862,23.456258931362857,0.0810573802628572
1041,1.5253685549236051,0.7293531162538478,1.9923972237558145,3.907395655418486,8140818418423676857,0.25,8,0,22.25864789799268,27.55333922484535,23.06569630561182,0.09873681766397527
1042,1.2742370380344483,1.2928158044768956,1.3674486157752002,1.909875182303249,2249508380791777281,0.25,8,0,24.289736144426207,27.680595884358034,26.621479756878138,0.05683122922889073
1043,0.9758047952254008,1.3743724438506044,1.5064526800276754,1.5179952966578725,6582182273410225562,0.25,8,0,26.28515970205782,27.701047847494003,25.92837531490515,0.06845724900676055
1044,1.9802862378653692,1.7544326950065892,1.9700275985490563,4.651514853222599,416697122202516133,0.25,8,0,24.26019441989648,27.707865168539325,24.206477918478413,0.1308587764819229
1045,1.964130566256361,1.0288230747745932,1.3032570109835928,3.3195538899964783,6965799550689186371,0.25,8,0,26.38034970332029,30.780520136346418,26.999107510082666,0.08469925164106155
1046,0.9176528351328421,0.7754867930783482,1.535904811258828,4.088666892715007,4467988762055136060,0.25,8,0,18.10396414594117,23.53566468880192,18.362740463414763,0.0778374303181692
1047,1.5994614768626585,1.508618601631357,0.5814778485294863,1.2141993758997343,3245599149241510452,0.1,6,8,31.112548920590832,31.170622396162102,28.850957651506864,0.698744665040633
1048,1.0979408299143913,1.5398032412473217,0.7641413781093402,2.4648367620741443,3982281216996660409,0.25,8,0,24.26170938012877,27.556747885368008,23.58246260686525,0.07267119519181497
1049,1.5564520462833698,1.3073725693966884,1.9546707732938664,0.23654894225380696,4392017280139084227,0.1,8,8,30.515086478979924,31.01881075621765,32.57446715114202,0.36077798448520987
1050,1.9188353159675087,1.6524553346363842,1.2383956639753424,0.7524529834254917,4391943816889848931,0.1,8,8,33.00590203257165,31.276669612422673,32.64857162453926,0.2671245462951849
1051,1.727653904726468,1.290634540255485,1.6790145584423637,3.139876866575487,1249496565953206297,0.25,8,0,24.319277868955943,27.659575811134957,26.364475198952796,0.0687089182726159
1052,0.7737780891519179,1.6291012613671096,1.748046690633504,1.4652938777009434,5644406953765871276,0.25,8,0,24.21436687286959,27.904999368766568,25.06392116072659,0.0860674666032603
1053,1.5087378508198366,1.8252429401063945,1.8709463177328047,2.3885161403969524,9209389627787540798,0.25,8,0,24.267769221057947,27.75814291124858,27.340795591844625,0.08488185460344896
1054,0.9949046944529749,1.4961909360352885,1.5707378440075104,4.027150727961355,3964814235669911988,0.25,8,0,20.10541598283045,26.49608635273324,19.260040865977505,0.06980975334692584
1055,1.394631232875911,1.9773580099692798,1.0675103730696343,2.0031947565390684,1916481440801534098,0.25,8,0,26.291724529731095,27.688549425577577,27.088939605854264,0.07990526940755358
1056,0.5112677148135656,1.09220645579681,1.310185525679175,1.2252761406900996,8856018646422296106,0.25,8,0,22.134358035601565,27.751041535159704,23.546401913548593,0.10036154714061024
1057,1.5921577657008767,1.9060295189591758,1.0093382060106124,2.443248019459177,6356215796118871843,0.25,8,0,26.28721121070572,27.938233808862517,27.064199578424464,0.07730009310283877
1058,1.614044074992136,0.8173898632205316,1.693441363820118,0.6195747028773757,4356565011921902876,0.1,8,8,30.499558136598914,31.10623658628961,30.724221522884854,0.29519134639168804
1059,0.6322677560306584,1.5018334242691043,1.3117198606019635,1.707451814930638,8744208768314485178,0.25,8,0,22.041661406388084,27.710989774018433,23.105613057454132,0.07951934044052815
1060,0.5335470915416547,0.7049013942513794,1.594127156598738,0.537432104466482,2595285682775082439,0.7,10,8,41.50549173084207,30.746117914404746,24.903099848531685,1.212751180683718
1061,1.2153444307679988,1.2874607235144042,0.9810781480066072,3.6606535739455355,555450274676113396,0.25,8,0,22.180879939401592,27.512719353616966,21.14422347090978,0.05368229162428652
1062,1.4037938846809872,0.8994473213009482,1.5570377751940399,2.344655310727221,1717311074543449650,0.25,8,0,24.35071329377604,31.10402726928418,26.254436633324914,0.06788424512600942
1063,1.978880293083489,1.878276687165374,1.8746055437852027,3.283210329261976,7209592574984334769,0.25,8,0,26.37788789294281,31.01849513950259,27.867875709644903,0.10894646463356089
1064,0.5970063507365404,1.0181861068582623,1.3974993474047697,3.106613369795695,7725811698141773000,0.25,8,0,18.034370660270167,23.68665572528721,18.98302723576902,0.07263739551028991
1065,0.5827299265583443,1.8384200678919596,0.705357720077969,1.8833848609298276,6264790370006272654,0.25,8,0,22.004513319025374,27.799046837520518,21.948610569700314,0.10784259765975865
1066,1.598622174907379,1.5727601738680914,1.5344250765375083,2.9408748371729754,4995996003840127704,0.25,8,0,24.349198333543743,27.53288726170938,26.034066476687666,0.05874172362436129
1067,1.7608984099350353,1.7751515859503506,1.9789622289421123,2.9785366510742173,1246459774861423019,0.25,8,0,26.359014013382147,30.810503724277236,27.344452998745826,0.09727837991890259
1068,0.744265693043942,1.430159575030706,0.7914259595665507,0.3149238571362073,7479606419971371265,0.4,8,0,35.46692336826158,28.002714303749528,24.86959273785211,1.3174076726188506
1069,0.5122284517329521,1.0065449002911024,0.5668204987957051,2.3965121284489137,7677503964741058032,0.1,8,0,17.679869965913397,23.39628834743088,18.634948903813985,0.3210537501911211
1070,0.7720319233064474,1.730976467273976,0.519139754394021,1.3366318735330562,5211807488321673225,0.4,10,6,27.921474561292765,27.760131296553464,24.03369394027718,0.8835799061187499
1071,1.386889167973655,1.3768889686240378,0.9566608401114415,0.1349495310402199,7500907381762599344,0.4,10,8,30.827231410175486,31.03680090897614,28.300670714441516,0.264545002067005
1072,1.5389058557288058,1.638784849702035,1.3858282722699484,4.057580479663278,3294828326810354564,0.25,8,0,22.278437066027017,27.75388208559525,22.508502489372862,0.06870379482973944
1073,1.3095986720423813,1.6267263934626008,0.6781895168277576,1.8281314070524146,8307601848573628040,0.25,8,0,28.32211841939149,30.76726423431385,26.61242420291008,0.08859279802729562
1074,0.5437283803051931,1.2870784827262474,1.672008258835301,3.1865648974203475,1072415571910443129,0.25,8,0,17.97386693599293,23.529604847872744,18.707026163801483,0.07983492098211918
1075,0.9755475333298691,1.3880900117054364,1.9318657222369247,4.31639966122977,1755838096101631634,0.25,8,0,20.07921979548037,26.47648655472794,18.56475098477132,0.09302113423444715
1076,0.5183973419996825,0.9523175725573187,1.2007517655329119,4.874591665708813,8579652895392447021,0.25,8,0,15.738164373185203,20.471310440600934,13.496730417046155,0.10207219133118166
1077,1.264330414176829,1.687574080870728,0.7985348606333422,0.29008639740635334,7653632985096453841,0.4,10,8,30.961368514076504,31.15136977654337,28.36949761448059,0.32480154578209824
1078,1.391191901425729,1.0212598787655882,0.5234439327967539,4.048420119135509,2425126009739221992,0.25,8,0,22.28052013634642,27.383190253755842,20.79150629411075,0.09390900800415464
1079,0.8756187885007811,1.8454615046278513,1.425351306218004,0.6060728892186001,8301396236112934855,0.25,8,0,30.388681984597905,31.030488574674916,27.821290536041328,0.10095332952764158
1080,0.7588876672437475,1.7183900401517582,1.8828105961168184,0.8930229811434776,6206238333964735800,0.25,8,0,26.362296427218787,27.764108067163235,26.624602135750504,0.10246260111496966
1081,1.0046025894594093,0.735886843724082,1.7037828582091843,4.688588100491937,5985453852900288315,0.25,8,0,18.074138366367883,23.389723519757606,17.391962010742787,0.0924270543865218
1082,0.9085558273626104,1.8843632243269322,1.0937069127239223,3.247611464369815,5516741696688024486,0.25,8,0,20.15559904052519,27.513287463704074,20.6139789440697,0.07485377135803209
1083,0.708326948840226,1.6665280476299218,0.7159245195228386,2.35402507214011,3964455283214180005,0.25,8,0,20.116462567857596,27.79478601186719,21.44788964147622,0.08984677890766635
1084,1.7825190752513753,1.5421364046704817,0.5777494173871531,0.07464413933021719,1302567950057250454,0.4,10,8,30.94243151117283,30.928228758995076,29.335693158198083,0.3782358880423497
1085,1.071604353621105,1.2327622934290627,1.3451500158557197,3.295872703095226,7298927684650428662,0.25,8,0,22.17289483651054,27.649917939654085,21.499185693148377,0.04270386586216534
1086,0.5932922336125674,0.7834679927718359,1.3586985541690093,2.5231009858445153,3899321954357221678,0.25,8,0,20.095631864663552,23.53566468880192,20.47228546498509,0.08467183546802151
1087,1.4366751064793515,0.5695039231092974,0.9806871433862285,1.728248424791522,480622873126850934,0.25,6,0,29.39717207423305,30.762529983587932,26.357090279537044,0.5004609794343695
1088,1.8066903401130898,1.7989157085966985,1.9576762545179673,1.852739510485042,5364004543827796683,0.25,8,0,30.453067794470392,30.74674914783487,30.68559767510946,0.10004433761440616
1089,1.9081245754670517,1.290132332142946,0.7114168059698496,2.689956591287525,2337870090889081545,0.25,8,0,26.386504229263984,30.82249715944956,27.97537489805303,0.09592644771161965
1090,0.6011114622398221,0.6770529485045789,0.8763857373422612,0.7555079041090407,9171830728179875319,0.1,6,6,30.930438076000506,30.74106804696377,21.46251882552132,0.8729821930100033
1091,0.61108565959007,0.6584430032905211,0.6576467767630965,3.3820293082348307,7764840737324911077,0.1,8,0,17.594937507890418,23.39628834743088,16.476089770955177,0.25468255449290844
1092,1.7708761505120065,1.8035425421709625,1.3108889614208983,0.37862481102131085,3577140388288446371,0.1,8,8,33.04159828304507,31.07467491478349,32.76538360560055,0.28228784826608844
1093,1.8308607839152558,1.4228388134475667,1.1568625469905083,1.6987767285555972,774089777912800286,0.1,8,8,30.526827420780204,30.744855447544502,30.563071271790122,0.18601117779912135
1094,1.3754110290165626,1.6290053521791457,1.9339677308397487,4.921426275792595,6754598345922556406,0.25,8,0,20.16475192526196,27.376372932710517,19.537891394098057,0.11116106900152779
1095,1.9350505336108794,0.8770000858217779,1.9048048822699561,4.464963070777759,1721462451665288347,0.25,8,0,24.274207802045197,27.75473425072592,24.068916353074464,0.10954886931225442
1096,1.8886191501544247,0.824054340031382,1.3987010018787507,1.1553066974360282,3128038447507377963,0.1,8,8,30.53818962252241,31.03175104153516,30.88059379181079,0.2461656646392898
1097,1.2755203932484633,1.137844439617234,0.5565119467319379,1.6864969613099945,7445303600114090065,0.4,8,6,28.958843580356014,30.849008963514706,25.397295120182132,0.35515006332893967
1098,1.9145498381746748,0.9903102411101815,0.5409872816766985,2.423786802817696,8909198205163935412,0.1,8,6,27.71525059967176,30.774207802045197,28.047611183756757,0.42058452601912166
1099,0.9026036448229154,1.7395458235307937,1.654246616124188,2.0039014500883905,1359143993852887480,0.25,8,0,24.1613432647393,27.739111223330386,24.33386162197347,0.07254433654822899
1100,1.6077686953456953,1.209635520292057,0.5475048406553142,4.054755110173195,4237958185518500733,0.25,8,0,22.241288978664308,27.553623279888903,22.205829190297674,0.09107427496561502
1101,1.7937322581150532,1.6871298112957183,0.5936087210921491,4.876616497674183,8492421151681185858,0.25,8,0,22.272187855068804,27.789104910996087,21.314960158664682,0.10763388560680268
1102,0.8604154434889979,0.6304444362562227,1.8974290408296621,2.2767065590502207,5292706858325318086,0.25,8,0,22.240594621891173,27.706728948365107,23.17596352559891,0.09366543282947591
1103,1.1294492139973031,1.9437437191109592,0.8374089341558704,1.670441391099215,4540271873746354842,0.25,8,0,26.32454866809746,27.756438580987247,26.120983163823936,0.08910479537710723
1104,0.8597204848500035,1.7335132978031516,0.6239669296118666,2.5110737210649665,1095769567947637309,0.25,8,0,20.057442242141143,27.76211968185835,21.91408200850555,0.08862892056812013
1105,1.3905608710961146,0.6532435618671556,1.5321820355954099,3.1985602118520555,3184195927885738233,0.25,8,0,22.255176114127003,27.522661280141396,23.74174796296204,0.07617549160137439
1106,1.7816289322923842,0.6994408394541751,1.4892244084757325,0.5119729326039479,8502506993329359617,0.4,10,8,30.89319530362328,31.103396035854058,30.455244144731846,0.2642459265911871
1107,0.9804966074320831,1.4375105909733807,0.9162779174815234,0.8634118473553187,5717922929085969842,0.1,8,6,27.80968312081808,30.986933467996465,26.535989730040548,0.28105967777838403
1108,1.0311952750982185,0.736352741538155,1.822476639449377,1.085519935922306,5414799501987210704,0.1,8,8,28.04819467238985,30.76000504986744,27.320936687140286,0.3202621661182729
1109,1.2460412032126158,1.066367479312686,1.8969550577478809,0.34660744192029525,721238478465820290,0.1,8,8,33.050624921095825,31.22364600429239,30.097427252406362,0.30707676993743455
1110,0.8236335144442739,0.8294011287897902,1.0454493884934795,4.259307418811499,3696764227530158996,0.25,8,0,18.01988385304886,23.529099861128646,16.962678669833597,0.08080817545168678
1111,1.9265098386833905,1.5375671209828692,1.345931201478236,3.1263736634737542,4484415775046271346,0.25,8,0,26.371323065269536,30.808610023986873,27.43885905948104,0.07347604955694105
1112,1.585549502264399,0.9055196984045984,1.6140974572501672,4.190749806743306,7589304596072472838,0.25,8,0,22.246149476076255,27.384042418886505,22.404128749480762,0.0761042250145068
1113,1.5193353303283814,1.4772622915198879,1.1122578875162918,3.2929812624359984,5809135497186029284,0.25,8,0,24.293902285065016,27.74820098472415,24.22277246134258,0.05077440464243272
1114,1.340233365518498,0.8076578362919369,1.335661789300361,2.1951124809970897,8127161464070043553,0.25,8,0,26.375015780835756,30.629970963262213,26.04351959439164,0.07432159135903886
1115,0.9383110596864468,1.4533718222747802,1.9849248668584778,4.973914094892934,7438762172964239060,0.25,8,0,18.025564953919957,23.536169675546017,16.640476748123476,0.11308909988696318
1116,1.5835769436052585,1.4002686385882583,0.9251721701981498,0.6377713305898497,7831820705933685884,0.4,10,8,30.857846231536424,31.21607120313092,29.816598356646452,0.20239150927918645
1117,1.5233807618469997,0.5500170562871536,0.9736323195355419,4.926372332207562,2562912542689286535,0.5,8,0,23.375173589193285,27.505333922484535,19.22329721196537,0.28959667408464107
1118,1.1551779558288533,0.8218662654302837,1.283523212502618,4.525679201187581,7929764110303946519,0.25,8,0,20.13255902032572,26.64748769094811,18.5165277004695,0.07381587011035623
1119,1.8875222611560787,0.7462183257613223,1.5466033169372286,1.6145325823627394,4310254869722753552,0.1,8,8,30.530236081302867,31.020704456508014,30.655630192376623,0.24325848416416454
1120,0.5260343951700576,1.2039167689379224,0.8073021958778022,3.314710111680857,4698474415640337772,0.25,8,0,17.83581618482515,23.68716071203131,17.603404135421787,0.08700950381561642
1121,1.1417945622062846,0.632545312476045,1.7060898659100676,0.21375577893611275,384321200716048853,0.4,6,6,31.89464714051256,31.09834616841308,28.46127079269131,0.8307699945920386
1122,0.50885971812638,0.9341416398377922,0.7350912347228318,1.4199952911096536,7560046362645934808,0.1,8,0,21.79273450321929,27.51300340866052,20.969139817875025,0.36123809620881653
1123,1.4681016362169972,1.888525773454817,1.8740817549623163,0.2871035458388588,3318603601645342889,0.25,8,0,45.11860876152001,31.25394520893827,32.75209143138113,0.11411273264300376
1124,1.863517596596835,1.6489283412720666,1.3804305176019507,0.42901791212294593,6154596936372528919,0.1,8,8,32.99564448933216,31.105289736144428,33.163079223261754,0.25115403978587497
1125,0.5520919648257087,1.7591960671258577,1.8940171975310476,3.6034822814890513,5480493175083460235,0.25,8,0,17.96989016538316,23.535159702057822,17.996020527534053,0.10731502611336063
1126,0.5068487227901777,1.9437642953091268,1.0631801128166694,4.310598901959145,7278667670544501551,0.25,8,0,15.772250978411817,20.587962378487564,15.1692847036796,0.11187194207782317
1127,1.0738148474698135,1.2033547419194377,1.8463948002212454,0.1327028371111244,5294687422476523136,0.1,8,8,33.06088246433531,31.012498421916423,29.852766837879262,0.3082121817023809
1128,1.6346443603259524,0.6680797612900039,1.981152788345184,2.2672789696817173,5331276652554204995,0.25,8,0,28.41977023103144,31.023860623658628,28.195724229872386,0.10074535792358415
1129,0.8478652343003328,1.2229850668926754,1.3356219688398134,4.523167878630357,8745579338366012973,0.25,8,0,18.042040146446155,23.53566468880192,16.716194945296706,0.07269841076528169
1130,1.757588478443007,1.6180829703255806,1.5586822773381244,3.2014678755609194,8976259030360388019,0.25,8,0,24.348819593485672,27.56015654589067,26.40067791958613,0.06854341529108228
1131,0.8063983539738833,1.1023430339262545,0.6068084766285504,4.061480841887089,7918210040319135957,0.25,8,0,18.022440348440856,23.541219542986997,17.10640429841394,0.08950891685398482
1132,1.4608737667868206,0.6102605259595741,1.2899741486490293,0.3899107161209575,252482139525428674,0.25,10,6,31.230905188738795,31.230905188738795,28.404277221952025,0.8567755707492322
1133,1.2610355203984511,1.092548591564917,0.9706540205439262,2.249405672018297,8488855153032523734,0.25,8,0,26.353680090897612,27.891932836763036,25.228651680271533,0.06736146207903489
1134,0.6078835099608806,1.257457901142303,0.8638448433721855,2.6600913428076165,8953207935047907770,0.25,8,0,18.0556747885368,23.541724529731095,19.962851137105208,0.07959119784179985
1135,1.2705826426515812,1.39334093367035,1.4032181930691698,1.1046527989133248,7008444346204902260,0.25,8,0,32.5458906703699,31.013129655346546,28.869307566376296,0.07470508256828767
1136,1.3780460180011698,1.0780520772653917,0.5062456867452899,4.954742317357979,1966004935259367917,0.25,8,0,20.13255902032572,27.327231410175482,18.169104616059432,0.10016513365964433
1137,1.3675860801066773,1.3763356132664848,0.6457501452048934,2.580606619312935,5840329818378181781,0.25,8,0,24.340866052266126,27.658723646004294,24.848572887637832,0.07669016878992632
1138,0.8265353509341014,0.6803376783279194,1.1781355785712453,0.15312731547542868,294762808452073680,0.4,8,8,31.77098851155157,31.029541724529732,23.877971785469843,0.6433297699133503
1139,1.7723183293532039,1.5554903588584894,0.8106456199731152,4.171045874981479,5698834470691801348,0.25,8,0,22.238511551571772,27.743656104027266,23.22267083756086,0.08197658322177416
1140,0.9920889321559327,0.8512338660696323,1.5738114975439859,2.1113406760060176,7934196517053406692,0.25,8,0,24.278373942684006,27.498232546395656,24.319248738982036,0.0706118169700344
1141,1.0333965475304987,1.4695349315378883,0.5482361601500254,0.4183579310415292,7916480762452907515,0.4,10,0,29.113748264108068,31.110655220300465,25.01239371681321,0.42638479969153537
1142,1.748687924491176,1.649571162132705,1.4822225455857274,2.1361853090324785,6332835817137374245,0.25,8,0,28.44142153768464,31.010289104910996,29.21465480841428,0.07053137533109828
1143,0.8628389410839992,1.6287624369663871,0.9671115499300322,3.2115432501212564,2925717375805993999,0.25,8,0,20.12403736901906,27.64310061860876,20.259350099237118,0.06409387050949127
1144,0.8006681759844896,1.4605748800465443,1.9595533458901788,0.8536252645453912,1763412146841969505,0.25,8,0,28.380444388334805,27.679459664183817,27.06626524409064,0.09707804937435215
1145,1.547475649535058,1.6511561571740017,1.144135727193721,1.1326866070598474,6193146298990489099,0.1,8,8,30.516980179270295,30.864158565837645,30.22168705737518,0.19165935537760267
1146,1.811293725759382,1.7328243231546563,1.1623289744571232,2.7218073019930116,5893384716886378033,0.25,8,0,26.313880823128393,31.025123090518875,27.773420476773786,0.07161120250443136
1147,1.9706171975103006,1.7046151538196626,0.8029696946458109,1.645634489051215,6363506980080833723,0.1,8,8,30.51622269915415,30.76000504986744,30.893501205888068,0.27192772852253083
1148,0.769257367249953,1.548409261340744,1.6916378064811677,4.040373874036046,6159980021491190604,0.25,8,0,18.002556495391996,23.535159702057822,17.939911281182635,0.08305338322036127
1149,1.3027605720953706,1.616584004930524,0.9998241920924669,3.1193049066415632,8824642648163795693,0.25,8,0,22.262119681858348,27.772345663426336,23.304631401630317,0.05220749128394592
1150,1.1347276551392609,1.9535943695874693,1.453305897559494,2.2093923042179147,8462180694880984742,0.25,8,0,24.315111728317135,27.722351975760635,25.21287657731356,0.07080969124146112
1151,1.5609311345679777,0.5853978980277337,1.5386323595603648,3.4080147761822928,1153598458487005382,0.25,8,0,22.26246686024492,27.5675419770231,24.233513742308737,0.08463860557397976
1152,1.8572649455525883,0.6303977128920326,0.7212509824395081,4.037481923225943,1743708053970379561,0.25,8,0,24.29882590581997,27.733714177502844,23.721892811048573,0.11190776123428198
1153,0.5637805388569036,0.6555833236168465,1.9431609677821398,3.733178316691724,978916469760363305,0.25,8,0,15.741446787021841,23.39578336068678,17.394962785227474,0.10246409615275814
1154,1.7374677871561826,1.9231013812434856,1.759453345706316,0.8066195926054454,2236064098426635309,0.25,8,0,36.79194546143164,31.230905188738795,33.09668290031189,0.10588693737395202
1155,0.7608204807707895,0.779665006028432,1.2126526336520758,2.2458718607654222,7738316075347725449,0.25,8,0,22.200321929049363,27.396256785759373,22.173845205690927,0.08118902659887696
1156,1.7688256800753086,1.3787078662454686,1.2735921802405437,4.832128464465852,2431581772893893972,0.25,8,0,22.272187855068804,27.793933846736522,21.66737138206662,0.08311424999902729
1157,1.6604349324746477,0.8469602962204507,1.4269405693572066,1.263101193032261,6905697322736021416,0.1,8,8,30.522282540083324,30.961368514076504,29.885679631331424,0.19015649467593537
1158,1.299739984474972,1.7082029399852525,1.5103018883037789,2.8383290816310285,4085156799583925754,0.25,8,0,22.239205908344907,27.390291629844718,24.502088673148343,0.053541032535569015
1159,0.8818276528027174,1.3750396137446323,1.4221529961176642,3.4106518196411333,5323227656101061565,0.25,8,0,20.129402853175105,27.526638050751167,20.09592045977559,0.051593948987245085
1160,0.5783981909882686,1.610299357840768,1.3061579363650575,3.4198161546970622,2852164131881473731,0.25,8,0,15.96515591465724,23.534654715313724,18.14174063737121,0.07590459657757365
1161,1.3426036415816542,1.826273569241154,0.6891049086282812,0.7343753482226023,6027575628929070973,0.1,8,6,30.402221941674032,30.951584395909606,28.860406612703237,0.3406379738107626
1162,1.622319156943573,1.6947180154793018,0.7969330093999838,1.0517097206990023,4915338692341740443,0.1,8,8,30.49349829566974,31.030488574674916,29.853603721259873,0.23578589082446252
1163,1.135336361006172,0.8641498099551117,1.4678456426104525,4.850904002803553,2885262963103301724,0.25,8,0,20.10320666582502,26.463420022724403,17.588259657580124,0.07942171147930835
1164,1.6308800442369455,0.9505724248421695,0.6280437175027576,4.782770056883287,6695764863054527727,0.25,8,0,22.26871607120313,27.79478601186719,20.29025975778253,0.09747254067892683
1165,1.5034655045803336,1.877999098436757,1.315101132286816,2.119338628364751,1873828661040154114,0.25,8,0,26.29377603837899,27.74706476454993,27.659716951033296,0.06750875747426673
1166,1.491706331397749,1.6775582083461265,1.9528203735988523,3.358198566384534,5489525176902043194,0.25,8,0,22.245455119303116,27.733714177502844,24.609239029673272,0.08197686057223084
1167,1.0640480878880654,0.8027672823371876,0.6740254002131039,1.808356546261889,1404037116722096526,0.5,8,8,30.92144299962126,31.053212978159323,23.641516661041965,0.418332798990931
1168,1.4531721412803922,1.8454158901817737,0.9798769921677994,3.2418526587960157,1966025645319174312,0.25,8,0,24.26170938012877,27.554475445019566,23.97271129335328,0.06591365452488059
1169,1.0245930779873653,1.5284549901447302,1.5894773129822197,2.0728048937361168,6427938138346039329,0.25,8,0,24.294659765181162,27.70417245297311,24.849536697296347,0.05546272786717364
1170,1.741411244758873,1.5104321496909272,1.6541154011597121,3.041646327702514,4154363982689840027,0.25,8,0,26.34711526322434,30.738543113243274,26.762982723350117,0.06609093582408007
1171,1.244739583383709,1.7294292943390968,1.4695494024706437,3.186378705243091,4405914100229457252,0.25,8,0,22.183310188107562,27.70701300340866,23.146454690972174,0.05506344379069308
1172,0.8217761976711604,0.8487810868632313,1.148304559385788,0.9637131830995965,6397175826327091715,0.25,8,8,28.332186592601943,27.92261078146699,24.85039220721194,0.2860081888554361
1173,0.5527265807603314,1.6095856017730639,1.6225097832344106,1.8102034018834068,6283262422296480895,0.25,8,0,20.05554854185078,27.701900012624666,22.632325065864563,0.08265519843061983
1174,1.6492832832689648,1.6387106123222692,0.5007538781649794,0.6591792781265915,2326575144477287594,0.1,10,0,29.123847998990023,31.01944198964777,29.426787191548556,0.715090461286319
1175,1.5898060026280645,1.5335736604239647,1.0342066902771467,2.0227975948702133,5923921138543348078,0.25,8,0,28.461305390733493,31.00839540462063,28.134529914738014,0.06716259529646593
1176,1.4457504874138323,1.651764933128633,1.2260735346172884,0.23034901505838812,8665710291543950298,0.1,8,8,33.09206539578336,31.116336321171566,31.070401883101677,0.2222975297958056
1177,1.2217472250731807,0.5170846025767661,1.731943297022928,4.424967001614352,136279612948386226,0.25,8,0,20.224087867693473,26.531025123090515,19.42649529523684,0.09344241287715292
1178,1.9969365637199867,1.3568099391834183,1.4188194466662876,0.5570925321501591,7957363361790111737,0.1,8,8,30.45335184951395,31.285191263729327,33.40928622406622,0.22389192087785037
1179,0.96625918329783,1.3940394153139497,1.3539260778774687,1.5163883513134768,4474106407601418548,0.25,8,0,24.271177881580606,27.6675293523545,25.775826579448932,0.06429592212832756
1180,1.9781378637984108,0.6921589082921913,1.1293549663550615,4.096508273324948,1350436609874705811,0.25,8,0,24.329503850523924,30.43776038378993,24.72558772774763,0.09995581276037553
1181,0.5318636427733823,1.1819419429169427,1.5163720659405202,3.1550648478946197,7646800127517173458,0.25,8,0,17.95057442242141,23.53566468880192,18.577487678746074,0.07157741612530658
1182,1.7661490524930563,1.6069835331914801,0.9232713404585187,1.677748908246988,3626610530045842854,0.1,8,8,30.527963640954425,30.756848882716827,29.97751622860305,0.1988153337729059
1183,1.7941265188035969,1.3977454277482657,1.836830729684939,4.560851177585084,2112510382766648952,0.25,8,0,22.240941800277742,27.564417371543996,23.02833430345842,0.09482241756575228
1184,1.409192624807563,1.4097601088744218,1.427198684342258,1.1003842365316956,273322463677313422,0.25,8,0,32.56508016664563,30.794091655094054,29.782169972281434,0.07525902854988716
1185,0.5018204035228517,1.545507249733381,1.0021424236039724,2.101230510156722,1027035091693621378,0.25,8,0,20.054917308420652,24.441863401085723,21.002035671201025,0.0840679396254665
1186,1.2940615401499356,1.467512477284636,1.2901112844383438,2.5924275203304465,1116980914667389249,0.25,8,0,24.298068425703825,27.702752177755336,24.87015903982864,0.04100109965712167
1187,1.8377857882737945,1.358831566756855,1.0334266304277095,1.7438111790681292,3331611358414141081,0.1,8,8,30.521146319909104,31.01060472162606,30.075967169015563,0.1718241784585486
1188,1.0977184714498938,1.078689169648353,0.7952822067282495,3.709976754326286,4405294977981647847,0.25,8,0,20.16664562555233,27.35109203383411,20.056960067316243,0.06653978764018012
1189,0.5088301089864598,1.037015086626211,1.5633641572694015,0.8590898768228905,4885141622018351611,0.25,8,0,24.309809367504105,28.014928670622396,24.73732684981457,0.10209810174672977
1190,1.3452960057928887,0.5014858484800577,1.6041303935358626,0.42744672931933125,6176838645123416808,0.4,10,8,30.960106047216264,31.01881075621765,28.238992426974622,0.2775855603269975
1191,1.6757616377687472,0.7451315016370572,0.6452434471564482,0.3919414277434802,1048097486499141790,0.1,6,0,29.56223961621007,30.927913142280016,26.82691203699523,0.6042912585325805
1192,0.5373305826080849,0.5313915470681884,1.120087409412927,0.7210138706944563,627973052625526967,0.7,8,8,31.314448933215505,31.01344527206161,21.58050233784588,0.6190666852613405
1193,0.584962968636479,1.4106270137092007,1.4498963187744205,2.952749454220978,8601424658522822653,0.25,8,0,18.033802550183058,23.68665572528721,19.47836526326905,0.06679837663460252
1194,1.3842600521529989,1.0544785252401303,1.3308064491685148,2.1079841858965755,4441779443251002231,0.25,8,0,26.4041472036359,31.024491857088748,26.684842504380356,0.05979898604108642
1195,0.7419968129489547,1.313409558583517,0.5412816653282759,3.3953168926340664,7150217046673392020,0.25,8,0,18.07357025628077,23.541219542986997,18.534570481995495,0.08775697870092583
1196,1.7065865701510021,0.8792512935213943,1.1417559895070333,0.5818443541728663,6701474815907729563,0.4,10,8,30.8221815427345,31.29308168160586,29.501517713011065,0.2150102068713272
1197,1.9883195554000646,1.1787959793802592,1.6062631800729097,0.9274899844592444,6955060185363573930,0.1,8,8,33.06662668854943,31.32243403610655,32.938665203938726,0.2162021551227955
1198,1.2914440216598357,0.5267713346604104,1.1976587222989519,1.7864309141066148,7725567051691779959,0.1,8,8,28.024239363716703,31.00839540462063,26.24729504247399,0.23362820166091608
1199,1.192977475066629,0.6118742181464243,1.6048568064861508,0.49200953575265827,2760290148894167406,0.25,10,8,31.157366494129526,31.004608004039895,28.373176443723604,0.6757621208955374
1200,0.8194948444087629,1.277981910806688,1.1006148640324687,1.7842121449208799,622170212715862476,0.25,8,0,24.265496780709505,27.87545764423684,23.872639399579395,0.06899804204358122
1201,1.470666581929276,1.2342639557422137,0.665636442919967,3.7211506060790756,7153800923022893795,0.25,8,0,22.27184067668224,27.397961116020706,22.34043625725711,0.07287412499666958
1202,0.6218771998078363,0.720753019787176,1.5670858745998426,1.8322723623172177,1389340378842825019,0.25,8,0,22.170117409418005,27.536295922232043,22.678790993241734,0.09110991318801527
1203,1.8633757886215225,1.0584765416588946,1.3875960100802918,0.8954453394457934,7281145273746797958,0.1,8,8,30.493119555611667,31.039010225981567,31.627781831832422,0.18548909432356833
1204,1.4573023590964307,0.672650094474308,1.7627385734497367,4.454240513913897,3920280157278350631,0.25,8,0,22.249621259941925,27.637135462694104,20.908363021324437,0.0886620466813174
1205,0.6946190960698486,1.6467283474343435,1.803319576323387,2.23353879592387,6907050097489718713,0.25,8,0,20.097841181668983,27.494823885872997,22.48387658029852,0.07818154931449524
1206,1.1294018697979076,0.6951336941330438,1.5731964541195924,2.227838695843975,6476709074537517948,0.25,8,0,24.336321171569246,27.631738416866558,24.813754173041858,0.07582621538645046
1207,1.82123529236419,0.6783769745121976,1.5598672608833084,2.293766838290108,5522977257464017747,0.25,8,0,28.46970079535412,31.00902663805075,29.022662239948843,0.0956460028671538
1208,1.0408404772141493,0.5864633370667841,0.907768620534398,3.956357673909974,7667262147104523500,0.25,8,0,20.17390480999874,26.48046332533771,18.9599579896098,0.08726463226148493
1209,1.3988209455009264,0.7204552727438873,1.962238932341457,0.9087059344367038,3710563870942855487,0.1,8,8,30.485544754450196,31.233430122459286,30.193979136205975,0.27418391337580983
1210,1.8846133596711376,1.433857108441498,1.6752156054009486,3.6531860650835997,5195066851400931609,0.25,8,0,24.265496780709505,27.699343517232673,25.988516872957796,0.07692575330125165
1211,1.0646738614705673,1.2367552160984832,0.7454130904408256,0.2545368196982134,1138765977346316333,0.4,6,6,31.906324958969826,31.158628960989777,25.559691067379898,0.42949953845875877
1212,1.3725392813623976,1.11917242847928,1.4719262377073739,4.109738415482618,7007505397350128652,0.25,8,0,22.280867314732987,27.691105920969573,21.227694715684883,0.05554454822732568
1213,0.5855485476440159,1.0636742461517135,1.346308201024959,3.091835606720249,2939155584532691407,0.25,8,0,18.034370660270167,23.541219542986997,18.912539602768284,0.06694060884389487
1214,1.9052237584382352,0.6860830314923692,0.7744285479251607,1.7310384071090856,9184390440662080969,0.1,8,6,30.313596768084835,30.754955182426464,28.46700197390143,0.377448488589264
1215,1.5765345817910508,1.6048560614793406,1.2767979764953732,0.9558950089158735,2543608151847358052,0.1,8,8,30.507511677818457,31.064890796616588,30.861072626298586,0.16599715346985322
1216,1.283151789925541,0.8945365267395868,1.5115447713874985,3.4500462265456395,3935547022329318486,0.25,8,0,22.24892690316879,27.799046837520518,22.440813698551167,0.054775493179124335
1217,1.2500083982620642,0.9749270824674219,1.063266229219627,2.8501801839248553,5210734821322133222,0.25,8,0,22.269410427976265,27.515843959096074,23.564507653399758,0.05716583039804245
1218,0.5993908627457392,0.8537312952340816,0.6397946896295952,3.713262562553659,8469391275487298576,0.1,8,0,17.58130286579977,23.68716071203131,16.710353430678925,0.2580947922578485
1219,0.5733175255060812,1.8225352476334038,1.2152030046250781,3.2554386611157575,9213467464590973729,0.25,8,0,18.0113622017422,23.53566468880192,18.494856381316918,0.08279700233516914
1220,0.5624636256520371,0.6857122643337824,1.8735483464497538,4.513245848342052,7280569939789623794,0.25,8,0,15.68211084459033,23.68716071203131,15.142669420662777,0.10567298177002678
1221,1.8360425896984875,0.8826552779054224,0.9252406198945198,2.3556968259626894,3642259271922229617,0.1,8,8,30.536674662290114,30.755902032571644,28.187511345528456,0.22343307138808638
1222,0.7928277973620129,0.8100269573117163,1.7284069551140178,3.392382784517722,3646202937385582615,0.25,8,0,18.0974308799394,23.547279383916173,19.618036851622705,0.07254007189554358
1223,1.9535408803729486,1.135102831189938,1.428267406991297,4.7607607219327415,1487935590554799632,0.25,8,0,22.2510099734882,27.74990531498548,23.109330196446525,0.08955591519934804
1224,1.5084557804628251,1.1041105047925106,1.0953195670554041,0.45077164640205447,4053625620348940562,0.4,10,8,30.873627067289483,31.087615200101,29.164552642599904,0.16432147644435513
1225,1.1464947703563495,0.5945704236506932,1.8617263529754666,0.09080621069629535,3849780223125987218,0.1,10,8,30.953793712915036,31.296237848756473,29.251443285567525,0.8609827928576497
1226,1.6264699523650554,1.8691205473967276,1.3503418008239534,3.0289220765906615,6546580262900806832,0.25,8,0,24.321171569246307,27.696787021840677,25.93131884947649,0.0667548155949387
1227,0.9573900222175906,1.0313907095619914,1.49745814850127,4.264292810308191,8670606835260436614,0.25,8,0,20.083322812776167,26.655441232167657,18.15038628805693,0.06392365710188706
1228,0.9611090225802565,1.9384933836946108,0.9132328525879305,3.657964670106988,4182483047834243838,0.25,8,0,18.1195871733367,24.197702310314355,19.65871742330408,0.07989814844745921
1229,0.9255651016326295,1.9491119463538267,1.1278744515843053,4.422207178581837,5952222931786355733,0.25,8,0,18.069877540714554,23.535159702057822,17.487737684387643,0.0912490952015248
1230,0.5493538229249378,1.5326365995009932,1.6110760676389182,1.9638746501392585,4836542701347720417,0.25,8,0,20.06438580987249,24.410806716323698,22.10348905595401,0.07686908895036847
1231,1.869496232416634,1.3676657595697495,1.2345266551409302,2.5639145303770166,1975099185666126681,0.25,8,0,28.427281908849892,30.65143289988638,28.522991920785294,0.06839456536849597
1232,1.641079748683446,1.1947980511306855,1.598084009521643,1.8049953714740496,5649004209163347594,0.25,8,0,30.503724277237723,31.020073223077894,29.377916981102658,0.07009537140474324
1233,1.289524670841562,1.0587135694314584,0.8976812452745822,3.555957695038121,6692638686003347878,0.25,8,0,22.272187855068804,27.507606362832977,21.772265720629168,0.0591602120829326
1234,1.3017325493151253,1.7771427356958769,1.4743081779921547,1.4510349843973787,5980604293371299491,0.25,8,0,30.40525186213862,30.744855447544502,28.255693226949937,0.06906368900638646
1235,1.9208344675696516,1.1361161871504533,0.5882818793118523,0.1596080235435965,9119250315685464053,0.1,10,0,29.18381517485166,31.085090266380504,29.162667659041016,0.6508074852439297
1236,1.9200361817723628,0.8131317591746006,1.5702756286924577,1.322608659283655,4906370897898258759,0.1,8,8,30.513192778689557,31.158944577704837,31.427682167944816,0.2133983929846254
1237,1.2733183900808467,0.5557429232951945,0.7617432466923167,3.1925461350694824,3893833126660818508,0.1,8,0,21.80453856836258,27.756438580987247,22.42713662091308,0.32657423212761383
1238,0.9588534952972951,1.1803199382985055,1.6913179572850905,3.7410276666957936,2724797865675246133,0.25,8,0,20.152442873374575,26.508300719606112,19.786558105011405,0.05948436790126007
1239,1.6116764339257816,0.6744435392489636,1.2966964462677466,3.2190421762728954,125506913788687314,0.25,8,0,24.32609519000126,30.788726170938013,24.948250707225622,0.07710347813982829
1240,1.768825456070482,1.0963099252276867,1.458551550318326,3.507054042408397,3074099599029006112,0.25,8,0,24.35147077389219,27.87943441484661,25.391214863442183,0.06354497892337767
1241,0.9597506229528272,1.0957352507642821,0.7872288793730868,0.8164248769230154,8979577632875717563,0.4,6,0,29.72762277490216,30.752745865421033,25.125107408074907,0.3921841062743637
1242,1.0202160632180726,1.229626209281169,0.5528644061514683,3.5801390670451845,7660538882451495912,0.25,8,0,20.16191137482641,27.234345410932963,19.776532570458347,0.07880385051988277
1243,1.8558115556693378,0.8752154349121017,1.9718313892944632,4.96848375936487,4639947723204092482,0.25,8,0,22.249274081555356,27.868640323191517,22.247182652875335,0.11016018077774138
1244,1.8034026333755544,1.298492493604772,1.4709390185847977,4.187005941779782,2777548742341518095,0.25,8,0,22.25691200605984,27.743656104027266,23.80285822168817,0.0705897756552736
1245,0.5853748881349927,0.7164728803882452,1.6914210054951466,4.495405308988795,1932072316438953455,0.25,8,0,15.685898245171064,23.52304002019947,15.206004938567949,0.09562992698761591
1246,1.9438557130115395,0.7735849963598311,0.558413157544444,0.6062425540546201,675828610647333434,0.1,10,0,29.123847998990023,31.103080419138998,28.050103937467018,0.5549257956765934
1247,1.687160643975524,1.5807718190342634,1.8519189804007328,2.245694375864995,743382974161654329,0.25,8,0,26.41071203130918,27.67860749905315,28.758102487326493,0.07420976545484292
1248,0.6858863583312098,0.7043607469753435,1.1263308912901882,4.504520056246771,3782072658303347029,0.25,8,0,17.72020578209822,23.53566468880192,15.404845705922792,0.08732914648764264
1249,1.0620404940933934,1.0340008361643627,1.1167991699797257,1.2727830365684678,5856117232637219633,0.1,8,6,27.730526448680724,30.756533266001767,26.58702458878679,0.24422083489404264
1250,0.6731707092952686,1.7721151789951939,1.2544054405874485,4.298577567701551,6493010640252287864,0.25,8,0,17.910238606236586,23.535159702057822,16.280035405051592,0.08840086914967005
1251,0.7737163539118599,1.7259943751264446,0.6095239224344756,1.3337923565099097,115068694586460573,0.1,8,6,27.544438833480623,27.673210453225604,24.7355316783304,0.3412245648664219
1252,0.8431290558822635,0.7036656612834693,1.9856615555339239,2.198932413529118,7426721421947441165,0.25,8,0,22.278437066027017,27.390291629844718,23.382525460624983,0.08852109701470584
1253,0.5256867465776269,1.2729963812919531,1.4971908473695523,3.538884692575965,2883450020114600252,0.25,8,0,15.76644363085469,23.687665698775408,17.48451845186213,0.07193430555661959
1254,0.7620793766774411,0.6368164813887157,1.3723170460714536,3.433418959867513,4718239476426580996,0.25,8,0,18.0999873753314,23.534654715313724,19.00069506087252,0.07601496453737162
1255,1.1161471672189054,1.3062086555985832,1.0126007838657023,3.3051719186381816,6942951594642828040,0.25,8,0,22.18365736649413,27.74251988385305,21.516373405780993,0.046078844789213494
1256,1.7288092674831488,1.3171917508391546,1.1612337640641324,3.4129639516961694,8051610120916736238,0.25,8,0,24.354879434414844,27.476928418129024,25.222103913232374,0.05701004141189139
1257,1.1775962932441573,1.992681119525563,1.906588851349563,4.081955774840083,1319760921443240331,0.25,8,0,20.153074106804695,27.545101628582252,20.61823494823247,0.10359838341012999
1258,1.128692215318024,0.8341046474649774,1.4531247268185103,1.0864493148832204,5533166142867157530,0.1,8,8,30.5340234818836,31.030804191389976,27.60401772886069,0.19569530908739796
1259,0.5849023045073696,1.6157808489372663,1.040343495546261,3.8232431493171766,4105871245273124151,0.25,8,0,17.94887009216008,23.54778437066027,16.82896528767315,0.07878480068731623
1260,1.14930534243273,1.7066518890315385,0.8576336267980671,3.031999983671917,4603915061492691967,0.25,8,0,22.17706097714935,27.75388208559525,22.4769704793771,0.06082525636912787
1261,1.359243289138038,1.8308147182022567,1.5552640258432042,3.7040487348245317,4925102434972127856,0.25,8,0,22.20483524807474,27.51612801413963,22.504993230393634,0.06948361212937122
1262,1.889864917933953,1.6686435222625515,1.2201391687236427,4.1747136981217485,1339411821447503455,0.25,8,0,24.280267642974373,27.553907334932457,24.287762749895066,0.07885178683622546
1263,1.7035249826285208,1.4488127123854149,1.9527567072569452,4.4233545095839775,105677726329559629,0.25,8,0,22.278437066027017,27.710989774018433,22.896624642538526,0.09280701119997402
1264,1.3428284752057826,1.1013215414431337,1.2914222833838274,3.699353496166064,7295776451448019614,0.25,8,0,22.272187855068804,27.69025375583891,22.019166987569776,0.045230613621738754
1265,1.1295960504653635,1.2818975000128394,0.6897177225876489,2.713868632459087,213433526853590341,0.25,8,0,22.253440222194165,27.576631738416868,22.98697248925597,0.0691080796371873
1266,1.6383917610604182,1.2165777697872389,1.0231784846250815,2.3308004620074616,7493076912856140500,0.25,8,0,26.353680090897612,30.7644236838783,27.48435837740695,0.06623930176313045
1267,0.7839068851272061,1.8918521393880807,1.7029665794485425,1.3774560636764694,7693814843939239309,0.25,8,0,24.237848756470143,27.74820098472415,25.364337824680643,0.08681290650427421
1268,1.6824219307804111,1.6871108227568146,0.5822073266386036,0.02098815770509188,1492568882445500100,0.1,10,8,30.945272061608385,31.329061987122838,29.755446458991898,0.8877522831515233
1269,1.0303469063680244,0.7600380003049008,1.8229573525086311,4.208557505800283,6180855598896490143,0.25,8,0,20.15370534023482,26.470805453856837,18.9356428346293,0.07923045318517791
1270,1.3702725931249935,0.6052567452831981,1.6686351882731354,0.5643871527837618,1671502590059064406,0.4,10,8,30.959159197071074,30.95758111349577,29.28443415276588,0.24523102750202658
1271,1.103762199885979,0.5423496456427517,1.9567440530208364,2.4546109680867416,1084547714985461354,0.25,8,0,24.279131422800152,27.7175230400202,24.254745681399598,0.09016881048755668
1272,1.5149427566676075,1.919957280771138,0.8557806346785504,0.2859348997482908,245754756307241941,0.4,10,8,31.001136220174217,31.37103901022598,30.87366959170754,0.3207043547931693
1273,1.321584152885082,0.7093508664840629,0.5955479687883805,4.8323259144268125,8555164130800594833,0.5,8,0,21.2520515086479,26.518526701174096,17.536918858643443,0.2842098136603797
1274,0.6169779010441252,1.868295505812603,1.8410965490858433,0.04416167731991272,6490324968336606366,0.25,8,0,56.84926145688675,27.985955056179776,28.046193511057435,0.11775353097545328
1275,0.7354188059549882,0.5689032436404771,0.652371135550922,4.623166911213127,5039922535973008851,0.5,8,0,19.194451458149224,23.68716071203131,13.885777983850597,0.3749732814125219
1276,0.6914710595290275,1.5746134914330947,1.8977998504517497,3.455290550130094,2146384381652965693,0.25,8,0,18.029541724529732,23.536169675546017,19.260951533514856,0.0836091510419127
1277,1.5431960805436171,0.9815111010123836,0.74931525470073,3.8241585832489458,2221638924456558103,0.25,8,0,22.234345410932963,27.500504986744097,22.39306412345432,0.07533955920981752
1278,1.75912501228742,0.639712272685871,0.7180554722522213,2.505349179415229,7913837952243394128,0.25,6,6,31.470142658755208,31.032697891680346,27.439681119843836,0.9767482307772934
1279,0.6422716716677457,0.8731746688409628,1.931826348624892,0.24186870855208875,4600331176200442615,0.4,6,0,29.654715313723017,31.29055674788537,27.28758978071164,0.6217322357557169
1280,1.0290585637800693,1.9636149682567794,1.6386712883711192,2.8072934152744904,6766151230082182910,0.25,8,0,20.09436939780331,27.87432142406262,23.109330766997573,0.07419667077312513
1281,1.070434075380588,1.8579566896544595,1.9528942346426028,4.901832619547858,6536276795854229130,0.25,8,0,20.081744729200857,26.48387198586037,17.675910240151946,0.11478477288038058
1282,1.222685061294574,1.1976042140854557,0.7007828466028256,2.548709669064873,4458584305971874394,0.25,8,0,24.24958969827042,27.696502966797123,24.00907315905244,0.07141318782272799
1283,1.8085823561371215,1.435074897083148,1.2442516219092923,1.7520285348301363,6563811095105528818,0.25,8,0,28.503724277237723,31.020073223077894,30.424870228178147,0.0749910109812142
1284,1.91864997310236,0.9982834226154427,1.4805434671664757,0.9787963605526739,5568297412541709303,0.1,8,8,30.498421916424697,31.262151243529857,31.942366318760335,0.18875458137184126
1285,1.5563452831990197,0.7047997403522426,0.5112868692496647,2.046827150775081,4689740164931872018,0.25,8,8,28.32142406261836,31.028279257669485,25.685783339475787,0.6898824517284887
1286,1.254027532307244,1.8776488617629967,1.1189001114978878,2.237690933395904,6416902093766286475,0.25,8,0,26.335216513066534,27.651622269915414,25.652859129099113,0.062235514040461
1287,1.0586269473865624,0.9472776675305135,1.7303223844669633,4.371428963459197,880348858696470805,0.25,8,0,20.11046585027143,26.463420022724403,18.62064906866117,0.07132099381853436
1288,1.5329297285984538,1.2185981815337388,1.0004316859008378,1.9177488285765576,4832202066870165857,0.25,8,0,28.468817068551953,30.747380381264993,27.956540813063025,0.06989722192238379
1289,1.070075011570889,0.9888294861873055,1.7774526074676784,4.240730441488008,1813260658781214665,0.25,8,0,20.112359550561795,26.490689306905693,19.118061705935602,0.0697836329774339
1290,1.3421510924128905,1.560024085059327,0.8123758348061896,4.664268008163908,8181159449892787898,0.25,8,0,20.176429743719225,27.513287463704074,19.042678771190964,0.07543100807702835
1291,1.5978491376966049,1.6154817226568237,0.5265826810433847,1.3643581494851253,8300978299482666543,0.1,8,8,30.51622269915415,30.742330513824008,28.612127273939418,0.25304379418366435
1292,0.6243495391851432,1.8383662088886994,1.3104314472273577,4.026962951908352,1065885820562438278,0.25,8,0,17.968469890165384,23.52304002019947,16.866618356392657,0.08752050169596114
1293,0.5592310073327016,0.9711436745111767,1.5861600693180304,3.406445152632509,2987800262750932737,0.25,8,0,15.821739679333417,23.529099861128646,18.118923794052606,0.07183696516165744
1294,0.7014908200237715,1.637892491029233,1.3521959035204822,4.994316556395707,2810020206802631492,0.25,8,0,15.805580103522283,23.39578336068678,14.602326988015898,0.09477627812774488
1295,1.469868711675764,0.5420625592645485,1.7461455194024245,1.2796938594583613,1722889617563771707,0.1,8,8,30.528721121070568,31.017548289357407,29.243471919807973,0.2369102504850348
1296,0.9869660842439179,0.6737805029058537,1.8745769521484537,3.581380455106316,2046990778095152635,0.25,8,0,20.15591465724025,27.33149223582881,20.41202570919957,0.07806125461831756
1297,1.537137540705515,1.927741895654067,0.5856870365624262,2.4804303241856567,8213497996043911110,0.25,8,0,24.28784244413584,27.92261078146699,26.33037792651789,0.08810206236203046
1298,0.6734433376407902,1.5062059727682615,0.913758788051739,0.5297296974443666,6143428838967617522,0.5,8,8,31.000946850145183,27.949311955561164,25.248046950690465,0.5520793592852106
1299,1.514862809261245,0.5140704809811873,1.5039820026175061,1.2070586591139165,4724312314762634397,0.1,8,8,30.505239237470015,30.757164499431887,28.97713012573324,0.21802231586796889
1300,0.9287696277939477,1.2245320299050495,0.6486263888518791,1.1182888555156278,8208090255683152456,0.1,6,0,29.313218028026764,31.031435424820096,24.702281853909813,0.4125081943274165
1301,1.09171853974292,1.8248964700027643,1.75427932523611,4.970251095222176,3204868591074494593,0.25,8,0,20.080482262340613,23.53566468880192,17.50822246996867,0.1031194390154442
1302,0.9075480196239316,1.7444762769021385,1.5866412252464723,1.9120646053759933,8668114358240277257,0.25,8,0,24.16475192526196,27.87829819467239,24.746641982760007,0.06521095087128001
1303,0.7934981009164868,1.3892930693888366,1.7002815880267985,2.4348403895930777,5069693182458016710,0.25,8,0,20.11520010099735,27.75587047090014,22.538730131678008,0.05840017362091665
1304,1.1405291593964684,0.53652147163109,1.790400431544676,2.2878035140802417,5030848329860262030,0.25,8,0,24.256785759373816,30.707928291882336,24.858687834657758,0.08604108739667347
1305,0.5660895593913641,1.6720464424970665,1.8352156816566676,4.893656339035916,8061331544474115323,0.25,8,0,15.753818962252241,20.593264739300594,14.479027380466883,0.1125566582536231
1306,1.4259432779458274,1.4366668674810543,0.9387887144576308,0.38593839102141647,5966987550099035708,0.4,10,8,31.150738543113242,31.02102007322308,29.280639049466284,0.19898848819687814
1307,1.3430488138517682,1.928450659461426,0.5507528707524988,1.5851018410743611,8728707620034437437,0.25,8,0,26.341781340739807,27.758426966292134,27.567720531669842,0.0975250386650283
1308,1.4765957467289028,1.2729487641644202,1.1528262186034073,0.9063522881486363,3924971156093230616,0.1,8,8,30.59803055169802,31.267201110970838,29.6304222996315,0.13717639914975968
1309,1.5058923614998756,0.7246952447798456,1.2960091885377345,0.07779217505283487,4735013460910496435,0.4,10,8,30.98598661785128,31.04216639313218,28.698434667972524,0.24518866764182812
1310,0.7523914379892848,1.6965615035559403,1.7533509783095016,4.042908097903315,4587536549799437014,0.25,8,0,17.98721752304002,23.693725539704584,17.965952340910672,0.0848827054514951
1311,0.5110583638311412,1.1322982831633392,1.6972598323765034,2.6505862416125368,8712536648136498883,0.25,8,0,18.017611412700415,23.542229516475192,20.07664972179418,0.07241005707288949
1312,0.9142240008012386,1.7886421905977714,1.7060056512423039,1.4833752874903232,3012617257967854208,0.25,8,0,26.352449185708874,27.76041535159702,26.08115996011292,0.07532469183297012
1313,1.1056479151131908,1.1113245275909196,1.0350645618649723,4.625027376611305,7857444580498340416,0.25,8,0,20.11583133442747,26.323096831208183,17.718033796194504,0.06464383310633928
1314,1.1475762745074904,1.443975570276736,0.6085863149801121,2.4118906637317,7355857268201541849,0.25,8,0,22.26350839540462,27.881706855195052,23.90898192070961,0.07492724508143064
1315,0.9270751110089808,0.6568677063336443,1.6783797476361713,4.720433678068093,4155228217063581094,0.25,8,0,17.91052266128014,26.47762277490216,16.716555457411864,0.0858774227298713
1316,1.7021714903632081,1.1681568517464955,1.144852619179245,4.331190578213387,362875917419190044,0.25,8,0,22.24163615705088,27.577199848503977,22.373806737375325,0.0655632564036554
1317,1.175055881897252,0.5023642788429736,1.8471517014840355,0.016825471399671832,393454492813435684,0.4,10,8,30.99324580229769,31.09014013382149,28.806117360707557,0.3297712647150808
1318,0.6953175453040764,0.904107861040846,0.8476404596160735,1.302977416452384,648632627029802030,0.25,6,0,26.447796995328872,27.900454488069688,22.928086848580374,0.37869631816113497
1319,1.2763720441529056,1.3989364196254623,1.3663270859712142,2.8326801317336696,6778454301033742840,0.25,8,0,22.247538189622524,27.743656104027266,24.153962042673392,0.03604507117113799
1320,1.5793043806133005,1.8777770147499486,1.0125405126598275,0.27177533336373516,5489150023236313575,0.1,8,8,30.53364474182553,31.062997096326225,31.57214203006853,0.238778874682657
1321,1.5058089504892211,1.384402394636824,0.6792139488701141,1.9803360733015496,2536233144283969845,0.1,8,8,28.00861633632117,31.02480747380381,27.478295869260865,0.19954715386511937
1322,0.7907616412799773,1.607429238764302,0.9752812634235388,1.1430556750308896,6293089084521961867,0.25,8,0,26.331113495770737,27.686845095316247,25.56501230158765,0.08420289430927938
1323,0.9374368024994001,1.4558637611880065,0.722822975126814,1.745309650408562,5978083000938200744,0.25,8,0,24.300340866052267,27.9484597904305,24.54219999757358,0.07987768784053183
1324,1.7711959442056084,0.869949725153945,1.8456704247228335,1.7427347982574126,4238561905125580944,0.25,8,0,30.89808736270673,30.849008963514706,30.46249165497004,0.091900046984613
1325,1.1875206592400256,0.9531371109750153,1.7261029548371514,4.560729336144233,6420156432616003927,0.25,8,0,20.142027521777553,26.48699659133948,18.93858951028258,0.07163331295853703
1326,1.8307230884393644,1.276040567107762,1.6022924723477785,3.303133332019242,1929058057095256068,0.25,8,0,24.33594243151117,27.716670874889537,26.453819732805673,0.06490831834298783
1327,1.2051115828591366,0.8249747672805248,1.3381849896681681,3.0534563133465964,1283286681771009597,0.25,8,0,22.24163615705088,27.710989774018433,22.857606719331084,0.05496486646267685
1328,0.9531086441005631,1.8575662048256696,0.849962570155412,2.7095780085184176,891102024138776685,0.25,8,0,22.058673147329884,27.669233682615832,22.21894393295193,0.07013806262211025
1329,1.7016245272532313,0.6934120690730783,1.3662467233117024,0.6585287301419129,7561306020806987260,0.4,10,8,30.8572149981063,31.21386188612549,30.123402728594304,0.22039199319208772
1330,1.4754611918803788,0.5759278016798068,0.5389884003009033,0.6765532929427848,4804810305722882804,0.25,10,6,30.95537179649034,30.95537179649034,24.977726802298157,0.6123471830521521
1331,0.6001934827878079,1.4770801267406117,1.4470951150747677,4.075378523348392,471358848350343744,0.25,8,0,15.738669359929302,23.541219542986997,16.59493220950154,0.0742481444115833
1332,0.6181922422970385,1.9492788731210433,0.5392209734501319,0.30113598792190166,6366712953629197761,0.4,8,8,29.646256785759373,28.147298320919077,23.563237512156633,1.064943110260736
1333,1.0091217259332788,1.0971437202225254,1.2020512420194507,0.9771163731483967,4052348189030781618,0.4,8,6,29.04355510667845,30.74674914783487,27.056645078040518,0.27764305294275937
1334,0.9432707303916361,0.9645714660264704,1.7080620713537529,0.6992751183207047,3362098593258120417,0.1,8,8,30.518116399444516,30.966733998232545,28.209776946731907,0.24273134199920665
1335,1.865297952981234,0.549990417314266,1.0532798062762163,1.5031570983697629,7140274879119452199,0.4,10,8,31.182300214619367,30.740121196818585,29.326732835993027,0.40241573878868564
1336,1.8684287335356071,1.129137729008953,1.248039180856397,2.615269157012187,3235507551865816245,0.25,8,0,28.414909733619496,30.801666456255525,28.23602458214155,0.06963261836151258
1337,0.8681117265687005,1.6716888659476332,1.7587889959538265,4.637387892028394,1898385533449820269,0.25,8,0,17.99943188991289,23.68665572528721,17.0313557508828,0.09096162949655602
1338,1.8171217127865678,1.8466972353993396,1.2655550027411688,2.081419666062269,7634852116845378837,0.25,8,0,26.409070824390856,30.6407019315743,29.681015130126934,0.07521649409068319
1339,1.0843773910645969,1.4234820922088363,1.5300782149855712,4.507511343221326,1430648386581181193,0.25,8,0,20.096263098093672,26.47705466481505,18.45877448999822,0.06486772068019353
1340,0.9028991631547247,1.355558933247645,0.8079065361072651,4.068709156652304,6759689937856899923,0.25,8,0,20.081113495770737,26.64748769094811,17.915620811030895,0.0668409458455313
1341,0.9661547599117235,1.1604073552787422,1.4475560463469708,4.256648729015983,5719941518300224162,0.25,8,0,20.083007196061104,26.64748769094811,18.26431619904975,0.05658185030553303
1342,1.686705084351377,1.6901976881449075,1.463799251057042,4.509944590635713,3941040282251514707,0.25,8,0,22.278437066027017,27.86807221310441,22.24521276054415,0.0782588648849998
1343,0.5737191426091947,0.6276440510827151,1.2303766044895101,1.3159504541923983,2682701552244864626,0.25,8,8,28.141932836763036,27.7175230400202,22.895573706694595,0.3480249296375651
1344,0.6694901118512333,1.3392120588564826,1.1122338791410515,1.604006527025907,4543859368610832128,0.25,8,0,22.14546774397172,27.733714177502844,23.548869402334304,0.07369555423429501
1345,0.8287052986352175,1.126498277864924,0.6442628758963199,0.906861353164099,6478695822099503878,0.25,8,6,28.354753187728825,27.745928544375708,23.69105426292076,0.4586025799522512
1346,0.8284880188038442,1.5706413958374061,1.116061426708857,1.7782022928997003,2032601150173256471,0.25,8,0,22.149286706223965,27.881706855195052,24.135235973859764,0.06439190610069598
1347,1.9169550406152742,0.5425606543296618,0.6668261267223389,3.4544638528337717,7834834961118406963,0.5,8,0,25.78575937381644,30.786516853932582,24.95452872839403,0.4484600081225877
1348,0.9204337855922851,1.9326526217725546,1.5985021436420206,4.184280479462613,3968780166762671720,0.25,8,0,20.06407019315743,23.53566468880192,18.599525272529487,0.08710947305950308
1349,1.578763298813457,1.0844812245138031,0.6140102443551493,2.4567182025312775,475931080229151834,0.25,8,0,26.336447418255272,30.832912511046583,26.297821743970488,0.08577686777725249
1350,1.0911548728335603,1.114033903941976,0.5078111977222388,3.4313329247871796,4287128434557535026,0.25,8,0,22.174977906829948,27.83995076379245,20.505035899647062,0.08029461937334939
1351,1.9655907937916033,1.8504509035691852,0.9872491996590554,4.768007082093598,4996941559151678841,0.25,8,0,24.279510162858223,27.711273829061987,22.932239557106975,0.09764023416236084
1352,1.6736531839524762,1.7639556670230039,0.8020680813333306,2.2755505326482375,8616433666039946919,0.25,8,0,28.32963009720995,30.765370534023482,27.813714407387998,0.07560762303944708
1353,0.5645884797175764,0.5024950738958733,1.934374182260612,2.2200294843761132,7662096893917840691,0.25,8,0,20.137293271051636,26.660554222951646,21.559277078425808,0.10122733946058406
1354,1.3802420460214986,1.1488694727329354,0.6256874042388384,3.6166399294644287,5736382888347216037,0.25,8,0,22.278437066027017,27.589698270420403,21.917073935143126,0.07140481660630237
1355,1.3408105034527606,1.3882070178282069,0.8297273810189162,1.8859706618725813,5838391387053911577,0.25,8,0,26.31429112485797,31.02196692336826,26.70595288308808,0.068451044665987
1356,1.9624456750092072,0.5188810005224922,1.7615800351288746,3.5248975162693963,2914368331716798061,0.25,8,0,24.365484156040907,30.79219795480369,26.497071328529753,0.10203124996445398
1357,1.644610318994176,1.5292149593105466,1.954365798346821,3.0626276417195655,4030721178047639211,0.25,8,0,26.379118798131547,28.01634894584017,26.339952981771432,0.07327339317128775
1358,1.713386593457569,1.799212360665413,1.613951273676574,3.913263644553858,5537942413045543393,0.25,8,0,22.271493498295673,27.577199848503977,24.246819810282805,0.07717420594951312
1359,0.9044236599184683,0.8515199783246015,1.9190930053651072,0.5152208098286232,6663577818006056906,0.25,8,0,32.97310945587678,31.086983966670875,28.473058198863264,0.10425422317717652
1360,1.0118161655375286,0.9770749909414209,1.4839017490405946,0.3814943453265557,8750987325435163451,0.4,8,6,31.61381138745108,31.01975760636283,28.245826050958083,0.39469474935848337
1361,0.9699511843376427,0.690674572076734,1.2521268546617383,3.7638671273230333,6907909268727879067,0.25,8,0,20.137608887766696,26.484724150991035,19.315439171480822,0.06655271697401396
1362,0.7395198097377195,1.2341653971019058,1.6955708137284564,4.1952601139481285,3267037218878694963,0.25,8,0,17.98437697260447,23.547279383916173,17.27125109848155,0.07080685615552641
1363,0.551066211131405,1.5754840540017647,1.5289794741372345,4.219922533541824,6459416406263346903,0.25,8,0,15.795227875268274,23.529604847872744,16.026542340192425,0.08273422467134604
1364,0.9314913506612958,1.4673324066935527,0.9751751462441918,1.8517551148174842,6119775158596038260,0.25,8,0,24.306779447039517,27.559872490847116,24.42771566976146,0.06347806924311629
1365,1.5061491430380656,0.7445807663199482,1.8912512190003505,0.26815106828297297,5586696104914228713,0.4,10,8,31.014392122206793,31.291819214745612,31.515917310516645,0.2505960274096278
1366,1.334774962432168,1.3264082837143307,1.6334499621107865,0.9986611097270887,730878473350251568,0.25,8,0,30.53449690695619,31.028594874384545,29.78532813723585,0.07386606149726486
1367,1.590705708839129,1.56626216248397,0.8011558476935705,0.9959613512511545,1486694748118584053,0.1,8,8,30.524176240373688,31.085721499810628,29.679341518595628,0.18664968445637217
1368,0.5235213399425225,0.9816663674693468,1.5960865173302143,0.8411949723617096,8011824585870490187,0.25,8,0,26.35080797879056,27.948743845474056,25.043638415810697,0.09635462246442776
1369,0.6464021346802937,0.8320602431554962,1.6469531920609795,2.527226075142975,6005367575945686987,0.25,8,0,20.15433657366494,23.570508774144677,21.13221318687434,0.07144775783143795
1370,1.5251708365135095,1.5642765916409902,1.919624439712397,1.791956416703369,8920158850568966436,0.25,8,0,28.441863401085723,30.774207802045197,29.1026514361617,0.07324417105075952
1371,1.2338015420100585,0.6965592752640029,0.876710471763009,4.499048126152553,8503816550745103175,0.25,8,0,20.14676177250347,26.55829440727181,18.604899957666042,0.08051889347505628
1372,0.730939929843696,1.721836341827318,1.1855040552863474,2.706658421502511,8535974486245575783,0.25,8,0,20.082375962630984,27.598788031814163,21.092502492669087,0.061980507069813257
1373,0.8731795922444441,1.816718777110156,0.5579335549725675,3.1010801439462132,4793867777175680744,0.25,8,0,20.15559904052519,27.545101628582252,20.387989929082117,0.08366347338957099
1374,1.726184539673162,1.5182165543590787,0.8694281683314716,0.7192645989289465,302029748478423304,0.1,8,8,30.453730589572025,31.01092033834112,30.76908342822517,0.18498137571487333
1375,1.2486608174304445,1.9885416582649387,0.8748640791579176,4.5676608322823,2222882451867294351,0.25,8,0,20.111728317131675,27.598788031814163,18.977602854055277,0.08678241317638304
1376,1.6698547507811763,1.3249082074403418,1.6353333908732834,4.261146489569137,5617142453370224272,0.25,8,0,24.262466860244917,27.790809241257417,22.834715015076338,0.06713753794134973
1377,1.861396552731108,0.8670907233147009,0.8379512450366433,0.7340495619922344,5531644798730444188,0.4,10,8,31.156104027269286,31.242267390480997,29.40931326590292,0.28262114461858195
1378,1.8066117224284397,0.6281717519185883,1.4674008088650665,2.048257811368939,7212303732037095870,0.25,8,0,28.7953541219543,31.008079787905565,29.41286448284993,0.09388717443798658
1379,1.6130797241263357,0.6651431116357568,0.8044699418291245,0.2115029430592874,6230001877452341839,0.25,10,0,29.175293523545008,31.000504986744097,27.192362605147533,0.5849205317972842
1380,0.7702083530177806,1.5154971932647439,0.949619855337561,1.4168405503237995,2946419564151219851,0.25,8,0,26.299930564322683,27.534023481883597,24.626961976441464,0.07707147557924007
1381,1.717406312754118,1.6871748382277538,0.8762841830269499,2.6658234196697403,2401427448938660647,0.25,8,0,24.298068425703825,30.742330513824008,27.04565047223896,0.06797585462299574
1382,1.0689766190505061,1.8275457816798781,1.2536035028615948,2.7376297581280506,5237747284136809626,0.25,8,0,22.148592349450826,27.51073096831208,23.194300816742984,0.05409384389175709
1383,1.4343352582615638,1.8302523014496062,1.2899862528259138,3.7594199151418057,8154397906406481173,0.25,8,0,22.215597778058324,27.577199848503977,22.65580453871179,0.061058362383651726
1384,1.6292933449679037,1.9577081353891677,0.5006145593158948,0.5298840584892173,5274846899121308758,0.4,8,6,31.50018937002904,31.100239868703447,30.24734817599233,0.5155083397519264
1385,1.824387261474844,1.3552454428007996,1.544959479409368,0.8460221267858636,473540074134876280,0.1,8,8,33.024775912132306,31.087615200101,32.46464054898694,0.16703925869921546
1386,1.5102763729859607,1.3431672033585846,1.4516128393701138,0.8160204537415855,5807776925952544571,0.1,8,8,30.510920338341123,30.88530488574675,30.807342912910656,0.14071764777113957
1387,1.422705937990626,1.2182534446222522,0.7568908584311275,1.531627531136675,7755066807528745842,0.1,8,6,30.18179522787527,31.01123595505618,27.585019600476382,0.1829979443213754
1388,0.5628725834593009,1.3947651042153546,1.1878386376100063,3.5684371196801696,7457455922722535046,0.25,8,0,17.913079156672136,23.541724529731095,17.55330382918388,0.06534099559328396
1389,0.5358784227135045,0.7657569472620052,1.523136652152209,0.17669539437572435,4929991234244804341,0.1,10,8,30.85689938139124,31.022913773513444,24.784845540774253,0.5694010313002573
1390,1.5907464854812812,1.0045922861909018,1.5914305312006172,0.788880864105802,1874428058439593462,0.1,8,8,30.532887261709377,31.32180280267643,31.00906040919379,0.1603111171612597
1391,0.8280239779353453,1.7844775924460896,0.7237267851543905,3.0424598534152802,5415185402461059332,0.25,8,0,20.119618735008203,24.528216134326474,20.39866394952819,0.07443089231810729
1392,1.6728897938158576,1.7509025740789694,1.0288334170026756,1.565743159030371,9080793970104534669,0.25,8,0,32.5701300340866,31.014392122206793,29.94739174808555,0.07610302482085003
1393,1.7398809760215999,1.6706469888421012,1.2864024226544604,0.9403656392283932,6379115650509889560,0.1,8,8,30.516601439212224,31.038378992551444,31.827462599703196,0.16557121425066118
1394,1.1284295032589804,0.5421738045631364,1.1854847884068145,0.4204904923708891,494891643318129121,0.1,10,0,29.123847998990023,30.98724908471153,26.085744147228304,0.4353204788853363
1395,1.4502211063636432,1.8050855406969049,1.1008380626451455,2.574465968048763,6424515982638065221,0.25,8,0,26.35778310819341,27.904999368766568,25.870981686419533,0.05580271144010549
1396,0.8256850675430298,1.9299116008586934,1.2432269436502936,0.994079790487023,8627145120785454051,0.25,8,0,26.395941169044313,27.755586415856584,26.548047485843508,0.08480592657419672
1397,0.6402866499305961,0.5027637406692934,1.6663966236655794,2.7143509234202505,7901212221409267755,0.25,8,0,20.105731599545514,26.47648655472794,20.4703614677374,0.08744892679618506
1398,1.93733880567149,1.8857081728230725,1.7288335178461542,1.5316466121967964,5341287924205026931,0.25,8,0,32.56508016664563,30.879308168160584,32.32861448208068,0.09315699863141257
1399,1.6543527848916608,1.4788056931778337,0.6674162754275337,3.5148850518013304,442230939727504975,0.25,8,0,24.278373942684006,27.49652821613433,24.05230839361385,0.07083104562367627
1400,1.8799721793920074,1.8543910185616022,0.6201000191089618,3.3107258707340503,7867935436368905411,0.25,8,0,24.331018810756216,27.907555864158564,26.113804576815976,0.08800178019203207
1401,1.0383737937658295,0.9833883813217694,0.5426606536131642,3.0487967181112055,7459681259927638350,0.25,8,0,22.22670748642848,27.75587047090014,21.239888545837715,0.08203023278333262
1402,1.8705914696295878,0.9598027330963055,1.1506986798061087,3.7161048899935825,1094639009898331167,0.25,8,0,24.224971594495642,27.87943441484661,25.04435692531979,0.07195297284189973
1403,1.8422461759255162,0.9213501959441615,1.606071674847934,4.216254556956048,559008930790020620,0.25,8,0,24.278373942684006,27.74933720489837,23.84634524746608,0.07731590849711809
1404,0.9039807257250777,1.0185063551700966,1.586762816122592,3.260281344645481,3615600626592276201,0.25,8,0,20.119934351723266,27.357909354879432,20.71411179474217,0.05050893953382969
1405,1.2079089709824962,1.0281307975789953,0.9951051854812389,1.1229503817395714,2984595692112745489,0.1,8,6,27.771493498295673,30.84395909607373,27.153477289388057,0.20341460927142804
1406,0.6684167719505016,0.653004755818835,1.3618664216774878,1.5613455874081916,1499774396760262033,0.25,8,0,24.27761646256786,27.524649665446283,23.64162493038025,0.09077752456469275
1407,1.7877075786968988,1.859007681177085,1.6962526033914065,3.0696455386931767,358015892151884286,0.25,8,0,24.324201489710894,27.739111223330386,27.097990636108378,0.07670824298446052
1408,1.8824956494303235,1.2646486883006,1.1414477963367173,0.9322112487127748,8235744477482618714,0.1,8,8,33.06662668854943,31.258995076379247,31.46008655210006,0.15624938590960016
1409,0.5498366628415309,0.6536091141972777,1.026170645903825,2.461298414739854,3072960909371925995,0.1,8,0,17.71026385557379,23.687665698775408,19.980899266260995,0.33528178203320474
1410,0.9911936797590202,1.200602124026018,1.0997627459438322,1.5950889849543204,9119043965469802618,0.25,8,0,26.311829314480494,30.74990531498548,25.5289461266251,0.06449921386646061
1411,0.9559118233080627,0.6428910528030639,0.8759780427151,2.302173908126802,6038569654501845576,0.1,8,0,23.803055169801794,27.583165004418635,22.42636294602956,0.23271661425073134
1412,0.7440128137686075,1.8064467616397772,1.0351930384550756,0.26951156798898146,1174039255093154892,0.5,10,8,37.90004418634011,31.014707738921853,28.141289006744543,1.3685339447625775
1413,1.761459705242594,1.5608513565836133,1.3054661224557098,0.7573503077197918,4410889991097006231,0.1,8,8,30.451836889281658,31.274144678702186,32.02061759414849,0.15685221883274308
1414,1.9256612493095147,1.686147928681614,1.077356956553975,4.0996593196829805,8916973085462304060,0.25,8,0,24.278373942684006,27.58202878424441,24.50575323497029,0.07615219486778728
1415,1.3379135506374946,1.049385208323868,1.1968499661802745,1.511502797027136,3721457170291573553,0.25,8,0,28.447165761898752,30.774207802045197,27.932044210863086,0.06901084145398662
1416,0.9474812059641624,1.5414314925068846,1.2455359550173386,3.9574866030286318,4584560482270508713,0.25,8,0,20.109203383411188,26.488700921600806,18.949596632732135,0.05391032191028373
1417,1.4735809359871141,0.7950642190743149,1.397571732593645,3.5272219577106783,2106615627413987878,0.25,8,0,22.255176114127003,27.55731599545512,23.258917103528262,0.05916681084558452
1418,1.8445777343750516,0.7786691226281011,0.7545864202411119,2.2383558069396736,7367658808589845108,0.1,8,8,30.591213230652695,30.8376467617725,27.98937347446459,0.24554819317067356
1419,0.5465577720910513,1.8289500485135441,1.5470384596728821,0.8847244209533672,6335814274959689689,0.25,8,0,24.120439338467364,27.673778563312712,25.34907099631306,0.09250447549097372
1420,0.7014229366049881,1.5193015817331423,1.4515237333545872,0.669022421592872,85209134719755406,0.25,8,0,30.390102259815677,27.75388208559525,26.706430119653927,0.08434117482773744
1421,0.9165679048651851,1.2455868310440052,0.9203818301742359,2.816751491607126,2695951738616641742,0.25,8,0,22.189212220679206,27.72803307663174,21.5594901367959,0.0542923075813256
1422,1.9748687079786573,0.6940092401917783,0.8745049124928641,4.603141320450828,9126364411941526712,0.25,8,0,24.267011740941797,27.728317131675293,22.890797446160335,0.09943946608900696
1423,1.7662952228893067,1.0189414943833088,1.0671094533942076,4.02362083974306,6687436506036510034,0.25,8,0,24.2855700037874,27.747916929680596,23.495584136623958,0.06696966872365864
1424,1.4864048593691457,1.6694489371085977,0.9865822417367821,4.724146590226115,8667833767012105919,0.25,8,0,22.195461431637423,27.699343517232673,19.982240114920227,0.0723450392102726
1425,0.6599968078904,1.3960209998182527,0.5347950737034304,2.8848626501411228,7925887478467539311,0.25,8,0,20.050498674409795,26.491257416992806,19.530800040118763,0.08429872841964203
1426,0.5115503762085019,0.9021565966566623,1.6533302175892064,3.802243655085604,3239545349187877948,0.25,8,0,15.72882211841939,23.541724529731095,16.810408748319986,0.07679424296157888
1427,0.8927596830188131,1.5256327152529097,1.4555298049510843,1.949438037783019,7410949931704704218,0.25,8,0,22.15067541977023,27.87829819467239,24.355401426567553,0.05266842496685657
1428,0.5417369237287548,0.5584229618699292,0.5109913883272483,4.986327677861348,5631521255335670039,0.5,8,0,16.571897487690947,20.599450826915792,10.438613922703917,0.45608530370664346
1429,1.0903509730879946,1.1329218355500843,0.5107488107596734,1.8384351011207567,8218663937788268741,0.1,8,6,27.44410427976266,27.92261078146699,24.310135142644477,0.2455198195008004
1430,1.9657635403157716,1.5133481491569913,1.051203167282436,1.4100519471365542,2707724969393862407,0.1,8,8,30.527963640954425,30.820603459159198,31.491194218530772,0.16891742541900065
1431,0.6710060634244264,0.5023839054688262,1.791080651030504,1.8511343578364214,1486588058330991281,0.25,8,0,22.272187855068804,27.705876783234437,23.169158473237758,0.09478602601061868
1432,0.7143660441863806,1.632531018443069,1.99772611086779,2.4281777936142173,2648779562180086011,0.25,8,0,20.119303118293143,24.4345410932963,22.392168468584966,0.0786320160528108
1433,0.6844750120772014,0.7980218002128359,1.88578750149859,4.459165133392285,2717542624843845168,0.25,8,0,17.72844337836132,23.53566468880192,16.18802276378902,0.08745350071586393
1434,0.5621897156733291,0.6199686740085556,1.7693549366653385,2.1921904060307984,578751771192036430,0.25,8,0,20.097209948238856,26.47762277490216,21.567495650397504,0.08726527387823907
1435,0.5316404209906684,1.6245535671449174,1.5776725999636185,0.4801500039312595,2913303750446106861,0.25,8,0,28.361002398687038,27.790809241257417,26.302308672265507,0.0948231637484234
1436,0.8564103529112207,1.2725487770975263,0.8316248692612621,3.1764902146363614,4170685085000533362,0.25,8,0,20.147393005933594,27.546805958843578,20.13253760434328,0.0591954849280825
1437,0.6927422944587349,0.9591041332709846,1.4144493862632785,0.08970637957919414,7196218167946142123,0.4,10,0,29.1623532382275,31.07467491478349,25.987590039362047,0.4790285752472329
1438,0.5875058833457958,0.8157192284794514,1.1288249937371055,2.748022688767249,2334077444875080938,0.25,8,0,18.065900770104783,23.535159702057822,19.73639400248754,0.0734481162106374
1439,1.6291816606130909,1.7116913508859932,1.8332053285103065,2.694322309903829,6315789504689212318,0.25,8,0,26.342601944198965,27.92999621259942,27.20606346715035,0.06923041419091173
1440,1.5357682663886871,0.9306872162334037,1.5169844957773817,0.7550196316345492,7434829086915159945,0.1,8,8,30.518116399444516,31.06552203004671,30.486053330044744,0.15637992904678447
1441,1.577647648256667,1.5507315213035098,1.8817037873446492,0.21128015877227957,8954057994512125532,0.1,8,8,33.02149349829567,31.086352733240755,33.10972542551521,0.23714059351028502
1442,1.1341179700381432,1.9443189421658031,1.2327176530106354,1.8193985926901612,7781869200681229569,0.25,8,0,24.323822749652823,27.758711021335692,26.165811380263612,0.06509298847710149
1443,0.5541446041814004,1.739320652324304,1.7669235818655102,0.26448521697930605,8048049346566781410,0.25,8,0,34.42333669991162,27.869776543365735,27.234960975154067,0.10240704160248595
1444,1.7196892385737585,0.8800541706263834,1.6118653564040928,2.7619096695336594,2188561004396800462,0.25,8,0,26.40127509152885,31.015654589067037,27.10079711943753,0.06804267129955432
1445,0.6376915781837598,1.1936709304945647,0.505933650882243,3.926680714519431,2999812950288913539,0.25,8,0,17.78752682742078,23.541219542986997,16.402561849368098,0.08901980657601528
1446,1.913013559250409,1.287950186404263,1.3119811053040153,4.219317096142217,2040108606004892730,0.25,8,0,22.26975760636283,27.707865168539325,24.134677495592875,0.06929348626538516
1447,1.2861061596208652,0.7029837291893333,1.623568369667594,4.73087186567793,3606188446351482792,0.25,8,0,20.1432899886378,26.545511930311832,18.88661982367325,0.07614525042400418
1448,0.8563718274339422,1.5373107944231357,0.5474513557049361,3.7893294076449524,1270476434868777124,0.25,8,0,20.082375962630984,26.64748769094811,18.29950929432894,0.07816561314670115
1449,1.4571700497057887,1.5133307158881648,1.3030835404362922,3.5389176681971564,3072542737281106217,0.25,8,0,24.290493624542354,27.55163489458402,23.29620513872908,0.043003679694500016
1450,1.5625527318825196,1.1625449310645337,1.5364097766217724,4.015320133812059,1851018096641131692,0.25,8,0,22.240941800277742,27.726328746370406,22.680650497214426,0.05428018550607932
1451,1.7734694915138545,1.535657664615862,1.7368338133411874,1.2701408392494296,2708970065365932913,0.25,8,0,32.56407019315743,30.888145436182302,31.90801650536274,0.081036707648753
1452,1.1186590399677323,1.0037927163514555,1.863320422712964,1.4961920100158639,2017449132072914782,0.25,8,0,28.456444893321546,30.776732735765687,27.166668140916936,0.07133422929176593
1453,0.5208192210219176,1.6161569383248142,1.2220120421987855,0.7963214459354429,7481972373554132481,0.25,8,0,24.159449564448934,27.7453604342886,25.150505261734455,0.08862814199933142
1454,0.7208623850882079,1.1880169564666656,0.7725785890560712,1.534999689544247,8787654028067063258,0.1,8,6,27.28474940032824,27.802455498043177,23.84581212345748,0.2645528221184544
1455,1.34610092909911,1.3877771378358585,1.9449287711643846,0.8548963240375435,6761150623727145041,0.25,8,0,34.59127635399571,31.07057189748769,30.557550776998074,0.08219305727898438
1456,1.136512698987742,1.6198223001079908,1.4095076744953206,1.8171853859489113,8371898782437812994,0.25,8,0,24.270799141522534,27.5675419770231,26.254413855622296,0.05079227280998162
1457,0.5262610528818409,1.0415646657075037,1.9823720711474317,1.523131357621013,5726999029565733263,0.25,8,0,22.050688044438832,27.663268526701174,23.576011917948307,0.08619820131748973
1458,1.4291345217935918,1.6274730794963197,1.9402786107241827,2.7812657680749253,9072283308499456163,0.25,8,0,26.339729832091905,27.73541850776417,25.79787346938872,0.06622940199396415
1459,1.0054296069541802,0.9060336760594887,1.7424739970868437,3.9842294077641247,7070011694868082314,0.25,8,0,20.11078146698649,26.64748769094811,19.416898342361012,0.062337076028237154
1460,1.2828190298403892,0.553161186080364,0.9082842251725863,2.992779018314286,4160968673897015269,0.25,8,0,24.267011740941797,27.56072465597778,23.080626640277124,0.08301258618364847
1461,0.7117301127529634,1.3929981699623937,1.2093925192503534,0.5153063748170017,7289225764018614855,0.1,6,8,31.38871354626941,31.00902663805075,26.89354511881601,0.5018580734745729
1462,0.7188822692914169,1.9039193103540448,1.526171218910505,0.7681014482381981,5234571192269155090,0.25,8,0,28.398560787779324,27.764108067163235,26.790996353613583,0.08738181222798852
1463,1.5418145972840662,1.3931910345586505,1.6990532380547037,2.596177298587924,6168001495309265257,0.25,8,0,26.365989142785004,30.810503724277236,26.731782891295676,0.05150537881231336
1464,1.407766375617173,1.5689247039169878,1.6791558969657956,0.2739525485678451,6602581817961740028,0.1,8,8,30.499558136598914,31.07499053149855,31.781850232745484,0.20550735728317712
1465,1.9195839148139533,1.7479947247436811,1.0766399516910221,4.925748683475745,8483339541699483302,0.25,8,0,22.278437066027017,27.751609645246813,22.18006015039747,0.08855567421848747
1466,0.9451253662066059,1.6149086847042664,1.3702898954815719,0.07805478648541697,9022300672407807726,0.1,8,8,33.02723772250978,31.02543870723394,29.135718286452768,0.24691686522427936
1467,0.5644601546507153,1.6452930052431176,1.0301700556679614,3.080930946863782,1977088998999529018,0.25,8,0,18.01505491730842,23.541219542986997,18.906099176967214,0.06865344669140325
1468,1.9554198488817973,0.8761225181462333,0.630917982447118,0.6032419248870385,3651203805942576192,0.1,6,8,31.567036990279007,31.28613811387451,29.22281042208466,0.797988463584215
1469,0.9979334102305283,0.7331923725654237,0.5266118252879556,0.39970142851464274,6329725459045657499,0.7,8,6,34.684257038252746,31.281088246433534,22.358710087519572,0.5117388609128358
1470,1.4906704266271738,0.910459441411761,1.437922622739946,0.5782919300918105,5314629141304883992,0.4,10,8,30.8572149981063,31.10655220300467,30.205978366329866,0.1463745018733548
1471,1.1350110973227292,1.673986492914485,1.0125363476329605,1.473374360045721,3815041612711354478,0.25,8,0,28.33758363842949,30.645751799015276,26.89540797818967,0.06508417605263928
1472,0.8489261328580061,0.5204505573899899,1.6441292475798819,2.357657782359677,8146268683145611403,0.25,8,0,22.23747001641207,27.793365736649413,22.773675212756,0.0800845708966856
1473,0.6266480059865004,1.4587190197366626,1.770552058223818,4.367344126595215,1878448456217991964,0.25,8,0,15.727559651559147,23.541724529731095,16.233980044954087,0.08352469894158067
1474,0.9237419056154608,1.7421872862475978,1.3444944532088736,3.67493467347831,7623835416024689131,0.25,8,0,20.120565585153393,23.718469890165384,19.749753239587452,0.058660136501604995
1475,1.2127218244007012,0.6435812553184609,1.949813868327903,4.85824081893142,6201193646546412096,0.25,8,0,20.16664562555233,26.64748769094811,18.32606994562823,0.0905252810037034
1476,1.714942328575467,1.5526372165295745,1.2243813289359626,2.6280238828340483,376416953684624524,0.25,8,0,26.319625047342505,30.630917813407397,27.38122265834641,0.05382778964730124
1477,1.6400932624572238,1.0883130687268165,1.3969120993088588,1.0643725081650912,2015389435564561013,0.1,8,8,30.56773134705214,31.007132937760385,30.56185121932632,0.12114896971734342
1478,1.3657119658022934,1.5075943973020212,1.6488738669747518,1.8897033588027978,4756357743589583590,0.25,8,0,26.31470142658755,27.764108067163235,27.616810229627887,0.053021552126391966
1479,1.1394757587661406,0.9864635661150021,1.5876263740599517,1.4346835359335648,7534221484026056713,0.25,8,0,28.407398055801032,30.849008963514706,27.25413344084406,0.06613947678118985
1480,1.546159847104614,1.8559518281862255,1.9176919597579718,1.209504334723811,5399809485113902371,0.25,8,0,30.47957959853554,30.90108572149981,30.9649057707838,0.08566825832065801
1481,0.8526956042003485,1.4706931716626732,1.2740641786534606,4.5083778621586905,4651510871969126589,0.25,8,0,18.030961999747507,23.541219542986997,16.83752542275945,0.06502507584295518
1482,1.1433870476306618,1.787859321319211,1.3088540337007695,0.3821418018052364,3944229152922701245,0.1,8,8,30.51054159828304,30.959790430501197,30.005299034355158,0.21755885592228982
1483,1.141571670454498,1.7026382631300097,1.4550151261542743,4.543284451806815,761347664026104100,0.25,8,0,20.11109708370155,26.49154147203636,18.75203649234237,0.06969287970998338
1484,1.4742372877577203,1.7250974476159895,1.5238500807092046,0.7592745056872641,6442685384312407090,0.1,8,8,30.404873122080545,31.011867188486303,31.472583691161752,0.1744416284828821
1485,0.9613981401522924,0.7746109325477144,1.3849167827342528,1.8807689116752446,8717423814930888990,0.25,8,0,24.265496780709505,27.988511551571772,24.67494223485724,0.06869046217249447
1486,1.026421098913268,1.598126157591879,0.9087216712185484,0.2322355989197772,1069453662575303762,0.1,10,0,29.154462820350965,31.069625047342505,27.809504218978912,0.47623336900944935
1487,1.5545182664774027,1.2487719096095211,1.3584828869603554,4.068502737296379,1487664719691102285,0.25,8,0,22.278784244413583,27.558736270672895,22.381301117716664,0.05014766222286558
1488,1.7620077007025028,1.2742789818955798,1.3046904820289216,4.968390049369092,8280079316758537792,0.25,8,0,22.271493498295673,27.737690948112615,21.118321309033853,0.07369136006498038
1489,0.6658226217248042,1.3192924603024332,1.7201947557824815,0.6467228726019347,8293006255344351631,0.25,8,0,30.384894584017168,31.020073223077894,26.752840392147775,0.08425905082742441
1490,1.2185701669786426,0.7420998531390556,1.8700601724327603,1.6464857711577023,2273604124471472383,0.25,8,0,26.402916298447163,31.01975760636283,27.308477913416883,0.0786330775290356
1491,0.6681385321009594,0.7150580477163575,1.4063928204509613,2.9358977064933915,439645663314917353,0.25,8,0,18.075274586542104,23.68665572528721,19.935358012545294,0.068358537331091
1492,0.848859090061957,1.84289164720641,0.6994012446222733,0.2801388826286261,2102446930057911049,0.1,10,0,29.123847998990023,31.28834743087994,26.712189963600714,0.5530020915203724
1493,0.8242214882777315,1.0065704845745636,1.9594609259124924,2.118938906807306,4651317831092034708,0.25,8,0,22.255176114127003,27.751609645246813,23.724481518907947,0.06851067225176682
1494,1.1407174209405568,1.9669520263271392,1.6719570790389886,1.2065548266850545,7986122071894594168,0.25,8,0,30.39530993561419,30.62618356268148,28.32362539823548,0.07706867676716532
1495,0.5326292519196343,1.4794782133152167,0.9630738202652189,1.969349800954208,4195934704248339212,0.25,8,0,20.059020325716446,24.319656609014014,21.70221760174124,0.07336921065217507
1496,0.9285413445539528,0.7428061686737328,1.4013949571847093,0.4040617100909788,3032337754927448867,0.4,6,0,29.70237343769726,30.99861128645373,26.821607995512462,0.32836249289566805
1497,1.887138968749877,0.9605564139247937,0.5024611674239796,4.632960376430001,9044987238841492342,0.25,8,0,24.273829061987122,27.546805958843578,22.040457829976567,0.09823783874677583
1498,1.5853289408802251,1.9928269854808711,1.878777460195555,3.3993759269436237,6640528119490537528,0.25,8,0,22.239205908344907,27.525501830576946,25.137757165547978,0.08511192394344982
1499,0.8191813408865591,1.7258658862194376,0.868324083901774,1.8643594936951158,689139300889265456,0.25,8,0,22.15692463072844,27.74990531498548,23.766370936623137,0.07040849388751222
1500,0.5025934989921248,1.6152338175450809,1.1666826921790798,2.9072117382705143,1813931366668795147,0.25,8,0,18.003692715566217,23.53566468880192,19.10401837474539,0.06755032060342185
1501,1.1876319024253128,1.5310061004752056,0.644500634206117,4.191722536677201,4440721646133519394,0.25,8,0,20.139818204772126,27.513287463704074,19.295355763051145,0.0687842275299622
1502,0.804338163875395,1.5362274031687224,1.619540220598746,0.802976431664314,2469092144258712407,0.25,8,0,30.389155409670497,30.754955182426464,27.160735018169206,0.07513854001028784
1503,1.9327930275734109,1.454161135807519,1.9593941512498718,4.589568878669283,7723065241525636456,0.25,8,0,24.246559777805835,27.549930564322686,23.81668899193684,0.0945570335653611
1504,0.8403132642911353,1.6616569173471756,0.569849880628816,4.080280550103887,7476353158156159408,0.25,8,0,18.06732104532256,23.68665572528721,17.449918789596214,0.08089246262573001
1505,1.0256391936530982,1.7769989257121206,1.5099375523766438,4.46555303126969,8453954067555512581,0.25,8,0,18.079819467238984,23.541219542986997,18.323895870283764,0.07424857771319092
1506,0.6350162136997586,1.7262092673859617,1.269455455813139,3.148307367933321,2676236683687816798,0.25,8,0,18.072149981062996,23.68665572528721,19.37610827923816,0.06393264521404064
1507,1.1710219603870717,0.8543938728049831,1.7808513550446543,0.7001841050658186,6348916611034730942,0.1,8,8,30.507132937760385,31.082565332660018,29.418680827589036,0.20626974341697268
1508,1.8416306869419061,1.237825847283788,1.491342137292309,1.707216534747238,3385806591355767700,0.25,8,0,30.539704582754702,30.76000504986744,30.843409278952148,0.07269262792445357
1509,0.6712680663928563,0.9574004292449407,1.3923929580451397,1.7634160183627263,5713317710000042305,0.25,8,0,22.155535917182174,27.74990531498548,23.288216867765527,0.06785426481347283
1510,1.6389886552080728,0.9584687574200428,0.895977153613942,4.26928874348471,6014893403685122240,0.25,8,0,22.24163615705088,27.580892564070194,21.865917647690278,0.06903774103067066
1511,0.8410269821168559,0.7906991579264007,1.4422809602445343,3.8881415843604,1641125170326105227,0.25,8,0,20.06217649286706,26.463420022724403,18.38857583216023,0.06132326342986967
1512,1.5323678631876358,0.9938105492194309,1.8162501357468506,2.246406472696157,7552677784227344349,0.25,8,0,26.393479358666834,30.753061482136093,27.60797749889877,0.06389626524571625
1513,1.024864033233662,1.0129343777432598,1.9644057225598557,3.9749533178824685,2047096384412583692,0.25,8,0,20.13855573791188,26.660554222951646,19.78427365352131,0.06915453752678873
1514,1.976228107839956,1.8146815043662583,1.6087183657606003,3.3668694730186517,2611833594281513621,0.25,8,0,26.353680090897612,30.74359298068426,27.338513222575088,0.07874124067765625
1515,0.766305170144147,0.6628163692874129,1.5772921585145694,3.150043078756087,3319014726411061403,0.25,8,0,20.112043933846735,26.47705466481505,20.056558812671522,0.06746345149496573
1516,1.4951725866685597,1.9679606560333394,1.8090364947998157,2.6238218921300893,5752184811602948737,0.25,8,0,26.339319530362324,27.98907966165888,26.653318466048518,0.07396108241608819
1517,1.0665242757038982,0.6164385825787461,0.5391391800471247,0.1901285988551038,3673402880505727267,0.25,6,8,31.642153768463576,31.032697891680346,22.072129645963773,0.7633464368810658
1518,0.8721396462567301,1.1008560198377584,0.8047921488469507,0.15586023913303437,7125257505079877412,0.25,10,0,29.171821739679334,31.366935992930184,24.548943922828204,0.3829801438862579
1519,1.2954329497449986,1.1888628607417087,0.9718861365527798,4.731670650037559,8973150584944708480,0.25,8,0,20.130980936750408,27.50504986744098,18.604869443344004,0.061443180314392845
1520,1.2138573306689073,0.7322961843340958,1.7297569453726074,2.7552488775337114,5556167601227436468,0.25,8,0,24.291251104658507,27.562144931195558,24.061873389053865,0.06190883921889599
1521,1.5203903345589418,0.8388532967602522,1.6021287297961802,0.11482453861846653,2473367629976039709,0.4,10,8,30.989458401716952,31.308546900643858,30.655886193066905,0.2073825317368355
1522,1.3055310451149564,0.7416495101408838,1.1803082079304397,4.9289383048706235,965379156434658953,0.25,8,0,20.17390480999874,26.65941800277743,18.137049082387108,0.0726470715890737
1523,0.6415676312196477,0.9129453728410358,0.7874895173900036,1.6080338671202443,876662290121129510,0.1,8,0,21.804191389976015,27.51073096831208,21.961661162536483,0.2844171370899522
1524,1.839340667606913,1.2527789929064166,1.346369177945511,4.25652455988471,5514593636370101884,0.25,8,0,24.280267642974373,27.514707738921853,23.613620381309907,0.06388453511330984
1525,0.9033288420499936,1.028532065878492,0.5486703135683574,4.573541773887441,1638552180442921567,0.25,8,0,18.04061987122838,26.64748769094811,16.24968097612534,0.08378286891364964
1526,0.8558489171111789,0.7290916745355474,1.1041293581176772,3.4358769120502237,459901983027957305,0.25,8,0,20.15370534023482,26.648055801035223,19.472757363216953,0.06455325821619337
1527,1.1781218605717423,0.6702761832987754,1.749084007411733,4.767567426185739,13721446304359650,0.25,8,0,20.16664562555233,26.47648655472794,18.250445303581,0.07878913127179936
1528,1.8597339315327681,1.5909638217008544,1.0779136288520388,0.19803875128487858,6955744160800084057,0.4,10,8,30.926966292134832,31.28582249715945,32.40646763346116,0.2492937272826512
1529,1.0808346740832078,0.5168872153639612,0.984278487504977,4.868069739479789,8940145322655110793,0.25,8,0,20.130980936750408,26.648055801035223,16.723949197882174,0.08553725497416173
1530,1.3093328386254852,1.7676086193778975,1.4721598443171657,4.989135671373171,2086781926714843893,0.25,8,0,20.168223709127634,27.492267390480997,18.595926748829488,0.08041714996766364
1531,1.1047351050143575,1.5085041894639994,1.9926357345967074,0.5834220070583446,6936993427973513599,0.25,8,0,36.66241636157051,31.037116525691204,29.88457915842377,0.08471575495148202
1532,1.3821127571990042,1.8746942588987685,0.646366142807937,4.473894497465105,1305847047923259349,0.25,8,0,20.180532761015023,27.589130160333294,19.839560326916168,0.08108424025344226
1533,1.748789547658842,1.814623159059923,1.0178675038800482,1.3782786999090635,492518337508274267,0.1,8,8,30.48933215503093,30.926966292134832,30.862663279766693,0.1771683816505197
1534,0.9062172145356349,1.5424883242306193,0.5739431200232215,3.681512059523253,1252597887507293905,0.25,8,0,20.118671884863023,23.53566468880192,18.949785219907163,0.07210624694239608
1535,1.094908529948436,0.6243491561251997,1.507247051076381,1.9744120297190315,5574204827255904442,0.25,8,0,26.354090392627192,30.786516853932582,25.32096839962904,0.07301621623772325
1536,1.5492305085686828,0.50001073329151,1.3360534033254148,3.149796729361536,1483890210761245000,0.25,8,0,24.323065269536677,30.552329251357154,24.674117845045178,0.07743219311916781
1537,0.7438473102748218,1.9129350246983403,1.1716101849763259,0.3264576755396692,7722674733303877026,0.25,8,0,36.43858098724908,31.002083070319408,27.892683193931145,0.09376964328360016
1538,0.5111418905394378,0.745258269419657,0.5484429509622355,2.430739991624848,1400605287939249971,0.1,8,0,17.700037874005808,23.52304002019947,17.180694636160894,0.24378062896016675
1539,1.722680603737648,0.7531916766751785,1.8453784698350852,3.6598946355855144,3709736356496854116,0.25,8,0,24.319277868955943,27.574927408155535,24.784079677928016,0.07627157812784147
1540,0.9302746274976506,0.9563724271052753,1.730712061160755,3.3878536058509874,8798898397526553444,0.25,8,0,20.130980936750408,27.36870344653453,20.660923689881304,0.05402332740983458
1541,0.9470183880147109,1.7575809168849121,0.5719790042984028,0.5945016919741519,5606614823885614263,0.4,10,0,29.113432647393008,31.080040398939527,26.316857587805707,0.4471081952551713
1542,0.9195515468281708,0.6574557618947576,1.754047568489041,1.5923306774140522,456268216342949370,0.25,8,0,24.334806211336954,27.904999368766568,25.533982886475417,0.07938104894752748
1543,1.1981399933535908,1.3385349833484366,1.514401491854171,2.930809459518203,7528418749067934823,0.25,8,0,22.259342254765812,27.498232546395656,23.540127738754837,0.03441233044306091
1544,0.60554988024463,1.7173571317338843,1.8586338253603438,3.9197677776466695,851661851875861416,0.25,8,0,17.930122459285442,23.53566468880192,17.54077635317862,0.08734031142645257
1545,0.7728019593341332,0.5710717297512752,0.9625237390353685,4.41512542071291,8147701906403117195,0.25,8,0,17.840077010478474,23.541219542986997,16.073457361523555,0.0833700654553001
1546,1.4414659315192249,0.8035354364169656,1.7807092277219287,0.5707752485952439,5607627077986150807,0.1,8,8,30.473425072591844,31.291503598030552,30.774220042797232,0.19629076055715108
1547,1.5420790462552834,1.1584391077361924,0.9792930092435526,3.3052802623528965,3909478128499466523,0.25,8,0,24.28140386314859,27.5757795732862,24.118567192298084,0.051072238032799165
1548,0.5166001387329431,0.6752440231826786,0.5158934086269882,2.345068794839315,6431892411497249245,0.1,8,0,17.7051508647898,23.541219542986997,16.872501643713814,0.2477022605229991
1549,0.8504525744591627,1.08058558969415,1.846113609303096,4.536383597110742,1882187233603010838,0.25,8,0,17.996307284433783,23.53566468880192,17.09332465176618,0.07461467869339435
1550,0.8009149658541583,1.385012584121227,1.091139155822977,3.0586939782270317,7424355405757768022,0.25,8,0,20.120881201868453,27.506754197702314,20.431301717519187,0.047589135466893376
1551,1.8319310988975748,1.3822586068423042,0.6230848414856017,3.374774090331548,716373336543047246,0.25,8,0,26.349577073601814,28.015212725665954,25.49584995807181,0.07630589807056215
1552,1.06422221796805,0.9225945815277985,0.545009776266147,1.6163027491082556,1574936411831234279,0.4,10,6,30.747064764549933,30.749274081555356,23.963544972772127,0.35399091948762434
1553,0.6311563525037432,1.101894600516551,1.9438168161132456,1.0712547887274209,9072372301033814154,0.25,8,0,26.326600176745362,27.734282287589952,25.517627958235796,0.08259410718048558
1554,1.624747480350445,1.1263667543053293,1.0039388037020918,4.582324616245964,7184394161489486186,0.25,8,0,22.277048352480747,27.685140765054914,21.066336221636625,0.06307418765611551
1555,1.5148446623440983,1.1665997425932244,1.3058910308846892,4.535638254891744,8627158525757065121,0.25,8,0,22.280867314732987,27.46840676682237,20.779041342028624,0.055381485334944525
1556,0.5202416644867349,1.2869633136053888,0.9710696886078461,3.573242673044728,7085135739210316959,0.25,8,0,15.84345410932963,23.541219542986997,17.146919032270304,0.06746808969154429
1557,0.9610741976566995,0.9181505348828659,0.8228621634535255,3.2009020176089793,6511397499164597280,0.25,8,0,20.17201110970837,27.544533518495143,20.645104609041642,0.0635979760056421
1558,1.7603827588778886,1.2338350190273497,0.7147605186739567,1.4148396711981421,7739299625663896013,0.1,8,8,30.522282540083324,30.888145436182302,29.27598651652822,0.1829631665728812
1559,0.8903649497188072,0.8533853233792912,1.9369332840875564,1.7682274320220914,903816484820667849,0.25,8,0,24.263981820477213,27.89676177250347,25.070649920109588,0.07260533214392578
1560,1.3191647396426696,1.2234042442079125,1.2023103746327022,1.9701103723839224,2781166582206557210,0.25,8,0,26.310598409291757,30.828178260320666,26.6824167005054,0.04937408349284227
1561,1.44638274928059,0.6848301833902946,1.434149802829853,1.2106590345653212,4741467752626102453,0.1,8,8,30.513192778689557,30.83954046206287,29.00357906336926,0.16411696573849677
1562,1.8050641681262953,1.3385390537256652,1.3814453416054486,4.583706677283309,3639295591016491536,0.25,8,0,22.240941800277742,27.71610276480242,22.549348285952114,0.0667930617529219
1563,0.9298600187803054,1.3657527717870814,1.26850597277421,3.5562969663877,8844163788159671109,0.25,8,0,20.171695492993308,27.594243151117283,19.9635208290805,0.04147113650456979
1564,0.9122796370040358,1.524610972526425,1.2439668798873291,2.808155384972912,5003356733027296023,0.25,8,0,20.11551571771241,27.78768463577831,21.979979682147786,0.04180099366187267
1565,0.9324999852488112,0.6777750126289606,1.7768514226702299,3.9500675497592037,5720413297569426961,0.25,8,0,20.14991793965408,26.648055801035223,19.04537099492383,0.06965602793167118
1566,1.318215873607405,0.8204610533476693,0.6713704385194459,1.4929568343553674,6999177752791933280,0.4,8,6,29.022030046711276,30.842696629213485,25.731615579949654,0.30777596992787604
1567,1.8982017392761874,0.5204643546165237,1.1229611223828597,0.3229336954194256,1451999075058139374,0.4,10,8,30.9654715313723,31.040903926271938,29.692807747068628,0.316971864757607
1568,1.1948927681575785,0.8894773299192411,0.8377842187552991,2.185517109955794,5445720339963442775,0.25,8,0,26.34752556495392,30.796616588814544,24.91374863532066,0.07193729924815147
1569,1.6184528589946854,1.214056075091531,1.1080359420467696,0.8196401422443428,6995594037656784007,0.1,8,8,30.48478727433405,30.953162479484917,30.31329305885178,0.1245460246902896
1570,0.6603543768139979,1.216729984253984,1.7725702277898223,3.6342446688471903,2674270989160479532,0.25,8,0,17.995739174346674,23.53566468880192,18.43825845319837,0.06428444724061501
1571,1.433426912831008,1.5832948138234384,0.7475435228817338,3.707276865230373,837205372333335733,0.25,8,0,22.278437066027017,27.558736270672895,22.29628315034718,0.058964209747017673
1572,0.8381745263343315,1.150038671878525,0.6411936024119669,3.609182787530637,4456989386019353699,0.25,8,0,20.095631864663552,26.64748769094811,18.685942354999682,0.06940726471941644
1573,0.9302687215489753,1.8659335156859211,0.9445184355354015,0.5325537748092868,4324952197809101470,0.1,8,8,30.47910617346295,31.023229390228508,28.109239376527828,0.25391428117841247
1574,0.5523987989499455,1.6136808441629251,1.286616117419649,4.666179385122213,2589442599108177970,0.25,8,0,15.753818962252241,20.582660017674538,14.6441094851842,0.08291976856584396
1575,1.0767081571355055,1.8676429827422718,1.3288605045679736,3.2322804547765482,6266804620698474923,0.25,8,0,22.13088625173589,27.793365736649413,21.98856013644474,0.05478559262594817
1576,1.7264202261915305,1.4701304199525325,1.9925606960209294,1.7562331423369253,7129433892296706577,0.25,8,0,28.47191011235955,30.746117914404746,30.48098731090287,0.07700231234521693
1577,0.9464250722864183,1.0974579479277125,1.3713050738580128,2.0248169289610836,6523944871679418266,0.25,8,0,24.260951900012625,27.574927408155535,24.333212743858706,0.04923851897945574
1578,1.2278262221406318,0.703558605662292,0.6793421504583494,1.3534698078196883,9151313081467609129,0.25,6,0,29.316374195177378,30.755586415856584,25.028592053823118,0.3758894547233873
1579,1.6116558005467527,1.655567118337856,1.899596598651736,3.353644149605704,245568072280667614,0.25,8,0,24.253377098851153,27.6396919580861,25.299672265867933,0.06893590341324113
1580,1.6219928645728852,0.870860949469956,0.9800735696729186,2.3221787394133013,7769317843013776272,0.25,8,0,28.414909733619496,30.638808231283928,27.26636295752947,0.073018568584383
1581,1.7118454806714258,1.2029677047563219,0.8839178805410115,3.6466837768013316,5316797543739765665,0.25,8,0,24.29314480494887,27.57890417876531,24.1612676448564,0.06021410501552405
1582,1.4790596350492484,0.7551306419693324,1.9160557584943847,4.049442592765404,5934892059972750654,0.25,8,0,22.238858729958338,27.860686781971975,22.257099754911074,0.07357244100806526
1583,0.8949007959861757,1.8869861212683896,1.0438796014820326,4.460076095245157,6942846413270207329,0.25,8,0,18.029825779573287,23.68665572528721,17.229758233040172,0.07678083711228724
1584,0.6539131278093808,1.1534149528460595,1.3339624337255587,2.326716785756196,6345488068347131795,0.25,8,0,20.14676177250347,27.355636914530997,21.690105235278814,0.054402809801948955
1585,0.8374233454621206,0.8361573734201581,1.134874239225255,3.418001906674583,7235791626804049662,0.25,8,0,18.082091907587426,23.546269410427975,19.509028202346542,0.05711296780390064
1586,1.0686211119917375,0.8624291603120804,0.5698285503943565,4.284054755443508,3323707783632313567,0.25,8,0,20.155283423810125,26.648055801035223,18.08061945906891,0.07949929804017945
1587,1.2785898812756562,1.6128233016450486,1.2597862097946622,3.803945957063256,259495665340263004,0.25,8,0,22.17393637167024,27.493119555611667,21.49304580991168,0.04522081116544959
1588,1.884302740611342,1.3236336864099845,1.2556510382121633,2.2717143867291307,7838420662535808655,0.25,8,0,28.456003029920463,30.75432394899634,29.38237648281333,0.06459364097835944
1589,1.1511779814504473,1.5738685589755348,1.2152880657385494,1.4255442460041123,3901096249081006735,0.25,8,0,28.356141901275095,30.75432394899634,27.29477393303902,0.05665038894527233
1590,1.067779441242038,1.6311903486275792,1.7714930128960935,4.367881026426087,7283363823302503122,0.25,8,0,20.096263098093672,26.49608635273324,19.025192091678015,0.07217202310414686
1591,1.2553398861034266,0.6983544762473939,0.7523530772841458,3.014664030806795,7604888282043903697,0.25,8,0,22.255176114127003,27.726612801413964,22.859438223160474,0.07661066414510997
1592,1.9350334083009355,1.3070382404585394,1.4334604437389467,2.884152070046853,2418348315284624450,0.25,8,0,28.425956318646637,30.85689938139124,28.113243484403334,0.06222724806966772
1593,1.5695005237664517,1.1455530283459971,1.42486707617401,1.9722260863199308,3109599901652731215,0.25,8,0,28.47323570256281,30.77547026890544,28.35383124215484,0.05541304930851643
1594,0.8612905937041583,1.7893189390188073,0.5710053384807721,1.8563033489839176,7973784176692717484,0.25,8,0,24.162858224971597,27.52436561040273,23.898108746086475,0.08282340421961666
1595,1.0717318908545885,0.7016293944804535,1.1593651741532889,1.2065325434722123,617561696993776647,0.1,8,6,27.72462441610908,30.811134957707363,26.20489376161576,0.27958376868321333
1596,1.472719349968659,1.142516375797617,0.83257080650431,4.726430201168,8728909685077321938,0.25,8,0,20.196313596768082,27.520672894836512,19.63052551460058,0.06560052477147554
1597,0.6104276322853976,0.893237170771402,0.6098608859412722,2.234890627570359,7121768796868677768,0.1,8,0,19.760762529983587,27.37097588688297,19.49638824983059,0.2198762198930191
1598,1.4629498701327173,1.2137934050095276,0.8214817585276675,1.8844637059407559,1500283229331700011,0.25,8,0,28.400770104784748,31.014076505491733,27.507547333653147,0.06855388733966825
1599,1.0068985990071402,1.0375784627002194,0.9379843489304895,2.2275787310297757,1899687233838849127,0.25,8,0,24.265118040651434,27.498232546395656,23.788411946314227,0.05942093362971015
1600,1.8072543546836624,1.3342501401770628,1.0666452272379983,4.397611942810401,5449569927962160806,0.25,8,0,24.24428733745739,27.75814291124858,22.84480169354717,0.06365096694414435
1601,0.7579888678163249,1.5885543635816353,0.5448712439223676,3.2808749268609922,2238581252957074531,0.25,8,0,20.060914026006817,26.47762277490216,19.214155444381316,0.07551231534151602
1602,1.8075980226969546,1.5442132358885223,1.2922805759463738,4.048624781715005,7990931090455608190,0.25,8,0,24.23633379623785,27.707865168539325,24.066681192797994,0.06047597020291634
1603,1.5032900617116427,1.2993379118700377,0.7936902509523102,3.4910032660879375,1249755394229022703,0.25,8,0,22.25066279510163,27.387451079409168,23.295565659712896,0.05467186787830322
1604,1.2470996144510995,1.8860862633135698,0.6312087835198785,3.0562887088673274,2828223953289116726,0.25,8,0,22.152411311703066,27.744224214114382,23.007265566399322,0.06979394445359555
1605,1.0640211695020385,0.6370237221179552,0.8403179356583508,0.6107366430241618,5992918047100557380,0.4,10,0,29.115641964398435,30.97809619997475,24.608230702713154,0.361176415624102
1606,1.7585855550330938,0.9077939669965032,1.9044902898008138,1.8880447866024426,2049003221366906951,0.25,8,0,30.50893195303623,30.843327862643605,30.037114877493536,0.08002656054249689
1607,1.2123704098712158,1.1535283218585253,1.2816247707378445,3.22014599948615,7281092055350954503,0.25,8,0,22.278437066027017,27.520956949880066,22.584128624396097,0.03390568563660325
1608,1.329841540154228,0.925616630041449,0.6366250801825617,4.2678610778550725,8392650377859349020,0.25,8,0,20.231978285570005,27.702752177755336,19.816353221398778,0.07234455239997753
1609,1.6202128527994288,1.391591225784054,1.7275559542456365,1.385021689767783,3581084376095425681,0.25,8,0,30.5165067541977,30.73948996338846,30.61894867513405,0.0677414364461075
1610,1.9545790528495703,0.7408826708141535,0.9959777101744325,1.4991509869449686,9001561391800863313,0.1,8,8,30.497664436308547,31.264360560535284,30.007711936971003,0.2081541697316196
1611,1.7006611639926632,0.5964252277348201,0.7057679852953257,4.773279925826783,5464513378988202091,0.5,8,0,23.458843580356014,27.75700669107436,19.671106063325322,0.28662431703109653
1612,1.4915301475409861,1.886938904231576,1.2907119268812393,3.1246272928579018,2205550248349147082,0.25,8,0,22.26385557379119,27.744508269157937,24.81381040809935,0.0552012486061033
1613,1.6680829493775389,1.0419433589150036,0.9517925880852411,4.953415916529575,7192527565949808433,0.25,8,0,22.280867314732987,27.678323444009592,20.259001951274467,0.07121328074125269
1614,0.6634826709417876,0.8107124160908369,0.9956418459136105,0.8197960839367219,6023493160303879020,0.25,10,8,30.704140891301602,30.849008963514706,23.46016286049353,0.3909620805844303
1615,1.4751591399119748,1.1177977382159534,0.8834608657777445,2.7086371973802152,4604659241053570904,0.25,8,0,26.349577073601814,30.787148087362706,25.310080290849836,0.05634989871506922
1616,1.3240314562092474,0.6555872487802937,1.1604842831538238,3.8583994438424885,8427220777072362511,0.25,8,0,22.251357151874764,27.613842949122585,21.244077601629996,0.06264055919038458
1617,1.1865850794892476,1.485864808295324,1.0729087773494372,0.9504349722142375,2648333244497563819,0.1,8,8,30.51773765938644,31.02133568993814,28.585581603410795,0.15140602314003473
1618,1.9425665016057527,0.9293120495814231,1.2589671432146075,2.842050211357128,4343807292483171483,0.25,8,0,26.412353238227496,31.002398687034468,28.035777311347864,0.07149049782724186
1619,1.1827586680679567,1.158523559652953,0.8138212615846392,4.728688761865889,711718984694420106,0.25,8,0,20.106047216260574,26.48699659133948,17.853750689410713,0.06384098177417527
1620,1.1453933702060786,0.7926393793319964,0.6606775051636469,2.0565944077687988,3620805130257115153,0.1,8,0,23.810629970963262,27.666393132180282,23.9816617685535,0.2559801192246547
1621,1.8273677713430057,0.7622626708936449,0.5924406328182421,2.6617713913329144,3277965259137536711,0.1,8,8,28.01451836889282,30.82186592601944,27.108969295536504,0.25915376404729296
1622,1.6375665121981253,1.9891091910107639,1.4375618658622709,4.21532916632812,1947545240988122969,0.25,8,0,24.28746370407777,27.70701300340866,22.81143881459364,0.07697008847318465
1623,1.3411407881797759,1.1901579396551476,1.5477891020312202,2.602025372216162,7972260058761240873,0.25,8,0,24.265496780709505,27.898466102764804,25.31086271654268,0.038932792975539456
1624,1.23078756266342,1.423262345640401,0.9260481274275854,4.729898377930376,4197836777632445963,0.25,8,0,20.15212725665951,26.489553086731473,18.32653061249765,0.06046801592268522
1625,1.214315561424574,0.8859785534825877,1.8387175103398663,1.8453093685905986,6103962037046382119,0.25,8,0,26.343012245928545,30.638492614568868,26.751419319294513,0.0644915957091509
1626,1.902462720100031,1.5732992269031554,0.565279144990619,2.917814154194383,7805532162125657757,0.25,8,0,26.320035349072086,30.747380381264993,27.264966205403372,0.0812511826697214
1627,0.9553569613655319,1.0754471595789052,1.8556814719535497,3.0922838204623595,6345247164104121207,0.25,8,0,22.19407271809115,27.69763918697134,21.775588656096915,0.053560672984667004
1628,0.9971078199385031,0.8411364770024665,0.6797929335149524,4.473358026937107,1819833657652336128,0.25,8,0,18.101691705592728,23.53566468880192,17.236513516457304,0.07554212334611078
1629,0.7621897859555189,1.015268471962044,0.5648353163478925,1.3932329912190449,500250389326823828,0.1,8,0,23.780330766317384,27.73030551698018,22.579685959839175,0.2996951423525294
1630,1.9223297039312228,0.7089974721463602,0.6022303483203919,0.726182467347295,6985909237418169384,0.1,10,0,29.123847998990023,31.02102007322308,28.31541912077184,0.4695111546720018
1631,1.2446998951508979,1.898483545258971,1.9347652785497607,3.1347295476443744,2195986130309021699,0.25,8,0,20.142027521777553,27.58288094937508,23.759154870898385,0.07393365031942752
1632,1.2912387739209006,1.2078503231016466,1.7104856410511846,4.315589559436711,814525714860388058,0.25,8,0,22.18886504229264,27.545101628582252,20.36297855339831,0.05669980397480083
1633,0.9151596603456735,1.3728192124796985,0.6419605947883171,4.537745993087468,5241930979598222435,0.25,8,0,18.03323444009595,23.53566468880192,16.709585848722924,0.0718488869034638
1634,1.6722291033481054,1.0034953064287153,1.9758189078466342,3.2768808827396274,1814495939218494904,0.25,8,0,24.336321171569246,27.69479863653579,25.71672080023104,0.06880461039485475
1635,1.965997699058751,1.612385498562189,1.5090260647084688,1.4936727810362687,4303299988270386409,0.25,8,0,32.55245549804317,30.798194672389847,32.30861000787486,0.07840082462263967
1636,1.9321505121880531,0.8720352921972766,0.6533626175835145,0.14200094184866063,7578548538670040635,0.1,10,8,30.94905946218912,31.03396035854059,28.804881222134895,0.8323950277200738
1637,1.313720731310712,0.9870908590679155,1.9551506476887883,4.439563635819466,7286788668871712864,0.25,8,0,22.189559399065775,27.50164120691832,20.268560657589955,0.07164799389069895
1638,1.1831807138422428,0.760442322003021,1.9304551039882898,4.960756064485508,2903950323070376294,0.25,8,0,20.14960232293902,26.47762277490216,17.94421250389334,0.08305895494329403
1639,0.7205132600221646,1.028222413510587,1.2237881147007705,3.294603289662822,4245121232620792626,0.25,8,0,18.088625173589193,23.395278373942684,19.29914906489885,0.05139491790754285
1640,1.1903268578027058,1.912714661536516,1.6974298554578238,0.8535565141028939,8902234629360271044,0.25,8,0,30.43176366620376,28.104406009342256,29.565387306907404,0.0773247245827516
1641,0.5270168675632094,0.6714879334298092,1.183216273692591,4.429357523735109,5595302191147998998,0.25,8,0,15.703320287842445,20.471310440600934,14.823039901607418,0.08061756588840287
1642,1.7990697358436734,0.7897541300414268,1.0401102985864152,3.873776416973702,5615641240289576595,0.25,8,0,24.30715818709759,30.834490594621894,24.085357336804847,0.07117938102229875
1643,0.9293270937355662,0.587378876157749,1.5079661054821132,0.7100475775453413,708392403484356505,0.25,6,6,31.78007827294533,31.15136977654337,26.89633263342467,0.5289659886216496
1644,0.850767569684394,1.8462347191466502,0.6899066977888644,1.0978756874982603,1692308299901468154,0.25,8,0,26.34711526322434,27.66696124226739,26.03888005010895,0.08763691311611743
1645,1.4359472869223397,0.8603970097171192,1.7054570368761153,2.717480908422128,7354967930896653336,0.25,8,0,24.329125110465853,28.05015149602323,25.585461925522857,0.055690860857131354
1646,1.7606168846377952,0.9176815653379626,1.0573691423486395,2.6538803490283613,7449620011106280883,0.25,8,0,26.402916298447163,30.84932458022977,27.281036126022634,0.06767725449398132
1647,1.8537488848716552,0.6260017503843411,1.9709189025648006,1.3001827969307063,2171146805124121122,0.1,8,8,30.53478096199975,31.155472793839163,31.868433499521633,0.23628021911804276
1648,1.557197183040256,0.6684798789888651,1.093478692835847,4.650544261625568,7289983578918579613,0.25,8,0,22.24267769221058,27.459885115515718,20.44925522907671,0.07244350778457744
1649,0.7252035269125895,0.8366246906073939,0.6095771104084531,2.0755446794436683,329112237187223742,0.1,8,0,21.77606994066406,27.789388966039642,20.502504294220618,0.19343385206176386
1650,1.9276907679353954,1.5869567458378582,1.0087478028417638,1.5520650209496183,4330964790035330261,0.1,8,8,30.512814038631486,30.886567352606992,31.173897602462528,0.161754355687926
1651,0.8986037106710247,0.5953496828657454,0.534593600410995,4.0220942790907275,9060241879285694117,0.1,8,0,19.658187097588687,26.48387198586037,16.735661506426194,0.2891796283512731
1652,1.4627979961104245,1.8464514568062498,1.0566696666634097,3.5813915125170865,6236633153032981124,0.25,8,0,24.28329756343896,27.56072465597778,23.18003406065446,0.05608407147550115
1653,1.861988297477715,0.8744727281490241,1.1852457840461352,3.752571868996839,3243861770277028333,0.25,8,0,24.255649539199595,27.756438580987247,24.943491814461037,0.06702456058010918
1654,0.7092682470098177,1.216506569206063,1.216195271849367,4.82056182733652,1785549776913658834,0.25,8,0,15.742709253882085,23.68716071203131,15.060884110765755,0.06884179518062834
1655,1.5532204501702396,1.969537139169518,1.8405874674135374,3.1209315137905165,1287898313731803089,0.25,8,0,24.295038505239233,27.72490847115263,25.632237376012462,0.07519749621544103
1656,0.5984265535119127,1.4649375574615207,1.7445293089369744,1.0770932649141023,5248860185873367147,0.25,8,0,26.187918192147457,27.739111223330386,25.21561034271663,0.07472696820316671
1657,1.7286868569254477,1.5092425432474765,1.1735035112943013,3.031546503487018,4789827709245098318,0.25,8,0,24.320035349072086,31.04185077641712,26.309159539800696,0.0496440654669141
1658,0.706022236737412,0.5505413510610061,0.9948928922633327,1.6687972674620917,4058509482446514686,0.1,8,0,21.798636535790934,27.40108572149981,21.905885683996342,0.30830411397861707
1659,1.9725982975220122,1.1339469396595592,1.0146088681578558,3.248358985405922,3687127813287064313,0.25,8,0,24.340487312208055,27.561292766064888,26.959601801398335,0.06819085645574526
1660,0.8956529894918908,1.0726188092014093,0.989881761189163,1.1029284783711724,3167252318635885869,0.1,8,6,27.72809619997475,30.842696629213485,25.86322775458378,0.2289040603938551
1661,0.5342385707229642,1.1734346171712375,0.7006742486977243,3.670840254501635,1777321714184046102,0.25,8,0,15.75912132306527,23.53566468880192,16.7851075388856,0.07517889114238262
1662,0.699728418506866,1.1917216835269469,1.5206253740483402,4.609374409677832,6240355311430897185,0.25,8,0,17.737249084711525,23.541219542986997,15.810406203561378,0.06791871994855148
1663,0.9274664651003377,1.0725830518391464,0.8451005169576636,0.3878551408949499,6100854232764595713,0.1,6,0,29.51489710895089,31.112864537305896,25.38599642390541,0.32832039071865177
1664,1.2521140167109206,1.801399760639254,1.2338760804717095,1.4348529984938219,7341803827203339648,0.25,8,0,28.37470016412069,31.030804191389976,27.945149328078514,0.060236091236134
1665,0.6100704761154532,1.531328042705412,1.3146985607190425,2.7083316330917,7963596311688170371,0.25,8,0,18.0639123847999,23.53566468880192,20.484556808419484,0.05486008228216142
1666,1.914567195902661,1.5773594755380478,0.5730351712723607,3.3867339824388765,3825665517828239401,0.25,8,0,26.35039767706098,27.948175735386947,26.01912692127616,0.07879937456748969
1667,1.460540698517108,1.0988724325953236,1.464982874806892,4.096366055552297,4716550303463248594,0.25,8,0,22.271146319909104,27.706728948365107,21.80575046553937,0.04715086548612043
1668,0.958107085232919,1.1511217846514838,1.0768335318189974,2.776514672295015,1347581775185895186,0.25,8,0,22.185740436813532,27.756438580987247,22.115493788099364,0.043489608208244844
1669,1.5333649129990579,0.7362102365347827,1.7982054291861953,3.6509174983213413,6839844584826156038,0.25,8,0,22.289199596010604,27.552203004671128,23.62043694647409,0.0658561152401919
1670,1.5790799755187495,1.575119660392838,0.6334833739411878,3.062679302296449,1356148757989959912,0.25,8,0,24.30753692715566,27.64111223330388,24.915691278390376,0.06451718137180518
1671,1.0195287754790088,1.750273469741515,1.6068804454539183,2.946904826715837,5687686001850087801,0.25,8,0,22.11179144047469,27.894205277111475,22.60470878187326,0.05222360618674142
1672,1.216638328185951,1.1361427705266647,1.0639416387866563,2.4141775503753298,1088611750155683985,0.25,8,0,24.263981820477213,27.7953541219543,24.68007157828522,0.04567664990979124
1673,1.0915372993737544,1.4680529960492803,1.436738927036305,0.5370165821174872,8681974317347484379,0.1,8,8,30.480999873753312,31.071203130917816,29.512406086461773,0.17234081103668117
1674,0.9793708810148136,0.885589593030911,1.8465179920793604,4.229982035749343,8691394843346148602,0.25,8,0,18.09004544880697,26.47762277490216,18.715680677461993,0.06597362999455024
1675,1.866755607652756,1.3258289893018456,1.2098207607612732,2.610914707366314,2614330837334968519,0.25,8,0,26.382811513697764,31.030488574674916,28.27159642075651,0.058237717377562254
1676,0.7720400250342254,1.2824853477513312,1.960139046085787,0.4375063946140684,4940347782303631308,0.25,8,0,32.449438202247194,31.009973488195936,28.15188321836881,0.08608151120476579
1677,1.7490243405587722,1.2116110863735854,1.0929889141877285,1.3530114924394732,3867686097656316527,0.1,8,8,30.49046837520515,30.877414467870217,30.23533914434959,0.11777548373108243
1678,1.738105508144742,1.1426507460778215,0.5301827901454657,2.8564001740061156,6327228556764777677,0.25,8,0,26.381990910238606,30.60314354248201,26.228356885850157,0.07957705617298912
1679,0.530250978778836,0.6208458974584867,1.9335284793363816,2.4186022673266914,7010555337726626687,0.25,8,0,20.082060345915917,26.48387198586037,20.988339171520145,0.08302810433591205
1680,0.7489298430660691,1.1660490160431065,0.6506674814329756,0.0807021574735517,7026577185565438658,0.4,6,8,31.555674788536802,31.30191894962757,22.859768488324814,0.6032034641826218
1681,1.148419792292081,0.809467005527558,1.3154636263473058,2.0926374009548416,2340586347814770732,0.25,8,0,24.324201489710894,27.904147203635905,25.244524874364632,0.058415127832925746
1682,0.6082034570879683,0.8475029923152023,1.4584142869309464,1.5148019428031683,4676303216919272662,0.25,8,0,22.15761898750158,27.5675419770231,23.672306829536385,0.07379927459148929
1683,1.0032322535025942,1.1358462340532172,1.1962337862041368,4.431038117306279,1522472186702205767,0.25,8,0,20.083638429491227,26.655441232167657,17.888199388843724,0.051094264344155586
1684,1.4442619807690673,0.7174535036369127,1.434560106699763,0.2007055415871839,4689122317598081608,0.4,10,8,30.977149349829567,31.274775912132306,29.359932194632407,0.19051970780269106
1685,1.8189134958066409,0.5940603767133561,1.6978481975381057,4.82826998103486,6639622301143740650,0.25,8,0,22.263161217018055,27.75132559020326,21.96921918009359,0.08731309528088985
1686,1.6253797343447574,0.9203034151047083,0.8989599392759704,4.758905412273007,939146724892253602,0.25,8,0,22.23295669738669,27.79478601186719,20.483846889957366,0.06912058402110925
1687,0.9359501403203108,1.6602486288972005,0.5966296501427794,4.546585794753762,8438851681097036421,0.25,8,0,18.07186592601944,23.68665572528721,16.883771866681986,0.0770627774131934
1688,1.0845401155641365,1.9159635935447543,1.5585355800929153,0.42777960661068093,3014640228219699521,0.25,8,0,38.574485544754445,31.110023986870345,29.9904896283239,0.08181411944814868
1689,1.6435030888962698,1.717914732772032,0.7347333169282608,1.0092364044354545,3474420585087383433,0.1,8,8,30.507511677818457,31.086352733240755,30.1970019327027,0.1829232611985753
1690,0.8014568491663856,1.161360749330299,1.4762084058996465,1.3859768721045307,4958083331159447402,0.25,8,0,26.35326978916803,27.549646509279132,25.33953494979943,0.06037177566910939
1691,0.7750982735010714,0.651423717338723,1.4245538896884877,1.5645515745138878,842267119198818877,0.25,8,0,24.33329125110466,27.513571518747636,24.47316922306733,0.07741649820688608
1692,1.8733967082898544,0.803932449302707,1.0190446243316285,4.246974593214036,8711936314614936773,0.25,8,0,22.24788536800909,27.498232546395656,23.45150432762645,0.07393777458825232
1693,1.252457094218331,1.306606375686077,0.6030823566159319,4.866122257446694,5058417636437513569,0.25,8,0,20.111412700416615,26.48699659133948,17.801428074224315,0.07155182721945005
1694,1.4672737434170722,1.9643781944191978,0.916412653371365,0.25947969068948806,712909674952869358,0.4,10,8,31.220805453856837,31.300340866052267,30.880766093479682,0.3013412952534925
1695,0.7988831094825168,1.0991855404559423,1.1987483928829823,4.388612433699928,4675341063935566044,0.25,8,0,17.995739174346674,23.68665572528721,16.75465546087578,0.05683100160468509
1696,0.8730362317258928,1.4031677921184258,1.1526945428662625,1.5273463189360992,7936582242167564603,0.25,8,0,24.30905188738795,27.91437318520389,25.2245913797369,0.05676259075912263
1697,0.6931139122924233,0.6753239631023128,0.893428952092124,2.7235612391929105,7781064963296066612,0.1,8,0,19.75665951268779,26.65941800277743,19.966501980149914,0.21088473687482162
1698,1.3636370244533516,1.4389535143219834,0.8049659151013842,1.1274953441357127,7081677708358905261,0.1,8,8,30.516601439212224,30.890039136472666,28.556995085665584,0.15238389940750813
1699,0.5832141430108975,1.2971617292942705,1.3337161989113262,2.399233217210935,2992424968496054834,0.25,8,0,20.065332660017674,23.586415856583766,21.137506771750186,0.05416771013609779
1700,0.9407521624668513,0.5066899458087448,0.9569095069684179,3.5889569199303564,4410443386677931760,0.25,8,0,20.171695492993308,26.490121196818585,19.453284263222177,0.07498957759856247
1701,1.1321231805766883,1.1139866633394149,1.2803788901589386,0.750476720953186,3993346719958180636,0.4,10,8,30.857846231536424,31.085090266380504,28.550778614190374,0.20251341352149985
1702,1.6661234318334615,1.3006975486037498,1.7338665203037422,2.152444782551411,7088947086601609485,0.25,8,0,26.3700921600808,30.6407019315743,28.714872436411127,0.05725332151296062
1703,0.9480905926062111,1.7750347909677977,1.2803957491896751,3.800227409824648,5304237035813535736,0.25,8,0,20.119618735008203,23.448554475445018,19.593100770966302,0.05665459951727587
1704,1.9387766223106502,1.7890727415904666,1.3132508189049186,0.8546172538175884,8131870963265123981,0.1,8,8,30.45335184951395,30.950637545764422,33.09261032456555,0.18074879980113656
1705,0.8249607542470916,1.0344846648704622,0.818224470432785,1.4642237278730748,2635134519308110765,0.4,8,6,28.80608509026638,27.72746496654463,24.528222424963293,0.31562517446727256
1706,0.5256294003726034,1.67799425082268,1.0819811483157757,0.8142172690828198,7758827387479973041,0.25,8,0,26.134578967302108,27.922326726423428,25.125542293249875,0.08360418305714765
1707,1.5575923989186018,1.2929571109287714,1.9449514275365476,1.287196276193192,4290113761190308697,0.25,8,0,32.55144552455498,30.866683499558135,30.60285583280953,0.07217035458424263
1708,0.6778376325260301,1.945484593089139,1.9077516062527977,2.286386752697917,5087885247982217987,0.25,8,0,20.042608256533263,24.661785128140387,22.683759276505533,0.08061225140523909
1709,1.4627561726831824,1.6960518721948257,1.2232240286355365,2.136430461582342,3580842190316254225,0.25,8,0,26.29418634010857,27.538284307536927,27.27181828755415,0.048769659322155476
1710,1.6310333375389283,1.8440559946939854,1.306897032077139,1.7904955489697438,1474494518397287587,0.25,8,0,30.434130791566723,30.74106804696377,29.365891181361267,0.062300463062677065
1711,1.498288580574546,1.145768027605091,1.0025188382936494,0.6840054208384816,7731639817968667597,0.4,10,8,30.881201868450955,31.270357278121452,29.320036285220965,0.15176118439615086
1712,1.523293145339929,1.5682469241022825,0.9033097378717361,4.014529758510059,5768785353379996837,0.25,8,0,22.278437066027017,27.38943946471405,22.14487317588673,0.053546397360273223
1713,1.0656051453015059,1.6850185393745587,1.2492345122455126,1.3082302876191132,8440776238690318225,0.25,8,0,28.34376972604469,30.74106804696377,27.169722802370256,0.05826368207222314
1714,1.536065052260479,1.9562917375172346,1.0954088537332614,4.637652891903857,9014471691970789895,0.25,8,0,20.17295795985355,27.69565080166646,20.765020951743562,0.07516182002707915
1715,0.631047816159246,1.2264979341611126,1.3787894638100435,0.41426810195980657,6091443931838498794,0.4,6,6,31.8592980684257,31.068046963767202,26.92536285030091,0.5171524726536117
1716,1.1290517034122225,1.3093598138162355,1.1124609941241281,0.983310748444528,5210812787289269813,0.1,8,8,30.516601439212224,30.671632369650297,28.21679197935089,0.14291463851390923
1717,1.8403229448647063,1.1323913604038736,1.2937344538518307,4.839500043145679,5691687208606141036,0.25,8,0,22.24788536800909,27.753598030551696,21.92473559523118,0.06795945416863193
1718,1.7840442711830002,0.938309742292794,1.9981998224647095,0.9155560847322347,2275374519465419304,0.1,8,8,30.498421916424697,31.03964145941169,32.458935969802425,0.20623695677579487
1719,0.5284999569478753,1.8193075434004484,1.688971906818886,2.2285854209893294,2497918092257518514,0.25,8,0,20.086163363211718,24.455750536548415,21.715159970366532,0.07326902423819474
1720,0.9664037217884103,0.7298426985498458,1.4927781486918927,3.229955755245721,1729474849257171619,0.25,8,0,22.20066910743593,27.510162858224973,21.089174493789816,0.053698241679332605
1721,1.0529930828114922,1.745458272004991,1.7859408197622662,0.5755773810084164,1724892310555259683,0.25,8,0,34.47752808988764,31.32180280267643,29.54426505899865,0.07697020907795184
1722,1.3456608506242405,0.8065838935914603,0.79720343699353,2.524028817370531,4132925817885697748,0.25,8,0,24.36283297563439,27.722920085847743,24.875559804211395,0.07056228225661815
1723,1.1949588069215618,1.9363362539006412,1.9849895541627978,0.9731469636086121,5887767655955232645,0.25,8,0,32.49286706223962,31.02891049109961,29.544331179432657,0.08231375789781126
1724,1.1251653409617504,1.9030486370258317,1.8971730683343995,1.5809142425930496,4960333311333460247,0.25,8,0,24.299962125994192,27.906987754071455,27.36633316635926,0.07128557640450472
1725,1.6732540005030134,1.5839821922260853,1.1570789018573613,3.3131359895311814,4001317248100481470,0.25,8,0,24.264360560535287,27.70417245297311,25.202159001025937,0.04782415064838889
1726,1.4517512412501965,0.9871742391157552,1.5908707203815937,2.736741139594044,8890477448820596885,0.25,8,0,24.31321802802676,30.9964019694483,25.58217746354075,0.04656684093740881
1727,0.7579507503233643,1.3284730235405735,0.9688947921388369,2.6846632246140683,9138429078046694434,0.25,8,0,20.15181163994445,27.513287463704074,21.148718899676613,0.051654705178241445
1728,0.8983318822162383,1.3410395274009148,0.9750035507988228,2.0495933412868537,2318788297657229996,0.25,8,0,24.162858224971597,27.380349703320288,23.779330656134768,0.05303236963057813
1729,1.1467002707986809,1.1645734389741615,0.6372718059273519,4.786401811188671,8328456201901025664,0.25,8,0,20.11583133442747,26.47762277490216,17.355433179680414,0.06920450432893939
1730,0.8420884750287213,1.7855235564673995,1.942169078901809,4.2471615854898905,5351306813096546823,0.25,8,0,18.01789546774397,23.535159702057822,18.19055145938037,0.08596559018396702
1731,1.8401638461117495,0.7550594334764745,1.2397114380803487,4.123333281294955,8571104751460631398,0.25,8,0,24.285948743845474,27.568394142153767,23.74682254357165,0.06963089369527323
1732,0.5825080088369121,0.7946826112389738,1.726112752677377,1.8857124214132708,170753208542946891,0.25,8,0,22.198238858729958,27.857278121449312,22.690035015223412,0.07217955190909332
1733,0.6257191847079944,1.018151370616665,1.0024711321920197,3.315859512436296,7880771338916053089,0.25,8,0,18.02613306400707,23.53566468880192,18.509717859940768,0.05951786076006808
1734,1.6326964757519846,1.775374269915032,1.1888541660271263,0.542516902772997,8494566976820346061,0.1,8,8,30.462820350965785,31.02102007322308,31.811217306326068,0.15954988598970507
1735,0.6300161425555426,1.5394377526818972,1.7942142476556766,4.644434312280467,4572279011345144328,0.25,8,0,15.832091907587426,23.53566468880192,15.597930158496258,0.08430213700388647
1736,1.681581642547955,1.5387790195464381,1.982490431326834,3.0636039784007814,4277735680568470970,0.25,8,0,26.37788789294281,27.89335311198081,26.54615012890976,0.0672877549490974
1737,1.169151077956418,1.3105967832220333,1.7058302322527898,1.4681668736337894,7032194524062089697,0.25,8,0,26.34752556495392,27.71638681984598,27.581387133443535,0.05381077265917612
1738,0.7704404289779117,1.822714530804948,0.5653261005272846,0.26482303703255605,2463717487075979355,0.25,10,6,30.98756470142659,30.98756470142659,25.697470924180713,0.9115035444255521
1739,1.2104683056038565,1.390927733421505,1.0019022233914696,1.2108314284858157,8554775140153324125,0.25,8,0,30.47484534780962,30.749274081555356,28.051996906906282,0.06416631894278266
1740,1.2204609368813517,1.935789461779898,1.792418802664459,2.5356489212733493,9093854024695656104,0.25,8,0,24.290872364600432,27.47067920717081,25.1956883739918,0.0642403684613721
1741,1.9039655874109207,1.4953567510540011,1.6590867689970623,4.710243589898483,655113712339544637,0.25,8,0,22.224971594495646,27.742803938896603,23.05695519500336,0.0772754411528363
1742,1.5272220062776047,0.6239153765640422,0.7210347309590401,1.5523504613983141,6296177610613111178,0.1,8,6,30.257921979548037,31.006186087615202,26.477839665826018,0.2855597792068356
1743,0.7612749732582011,0.8997126183047821,1.2247079584124116,3.5284165423644724,2765201837902125895,0.25,8,0,18.060787779320794,26.491257416992806,18.8701453560994,0.05278377288108501
1744,1.4672346397193885,0.9706260198883634,0.6892361811890264,4.312943082941628,6952201771039107006,0.25,8,0,22.286422168918065,27.793933846736522,20.616183321228203,0.06612136162288261
1745,1.8325728952438318,0.5362007894413108,1.6174418929190197,4.3754247624414635,6731416705448257213,0.25,8,0,22.231567983840424,27.513571518747636,23.20607659514871,0.08240667565953877
1746,1.2339448081891242,0.6039245527446961,1.556929046545957,1.489250913354433,7578132669970507471,0.25,8,0,26.431637419517738,31.031435424820096,27.572575909261758,0.07714215028206539
1747,1.8987317255144849,1.2063670064739387,1.5505856501757647,1.6928877992913005,2781218235823631112,0.25,8,0,30.700195682363336,30.76000504986744,31.246834155659247,0.07091226464799398
1748,1.5081469654782622,1.0461736472589047,1.9742484907460995,2.015386891921935,828683144374731040,0.25,8,0,26.403736901906324,30.82944072718091,28.2200580670528,0.06486860492597243
1749,1.101167482846359,0.5761553531084753,1.1652167851214295,0.6703575212456941,3500795983717819703,0.25,8,6,30.904809998737534,30.93422547658124,26.28154428503991,0.3778480086116215
1750,1.494065006251768,1.8582774311490189,1.8849071681406224,4.635457850379716,6083501217566261867,0.25,8,0,22.173589193283675,27.76041535159702,21.047963553664413,0.0867588100537566
1751,1.656396879017008,0.7772980835130028,0.8180690885378035,2.457849311127175,3032776252803158763,0.25,8,0,26.412353238227496,31.02606994066406,26.957356727524584,0.07763261526026817
1752,0.6803698098874659,1.193596833770838,1.6228122663729732,3.790867248571266,4362575318257545737,0.25,8,0,17.99886377982578,23.535159702057822,18.034601298086084,0.056713796748369016
1753,1.0193207930912984,1.2228877605194501,0.9878322146134287,1.2363586290072082,533482956415996134,0.25,8,0,28.355258174472915,27.696787021840677,26.751216832777995,0.06635853935785362
1754,1.463198501037219,0.9333870790904043,1.8548988745544137,1.3008167258868535,3778510645747372192,0.25,8,0,32.753440222194165,30.60850902663805,29.80452156580362,0.07263764661955585
1755,0.7311461951411249,0.5215671082186812,1.9202218963785884,2.092769823988268,1093841416572159818,0.25,8,0,22.28052013634642,27.376656987754075,23.06324404964365,0.08137569904317488
1756,1.8692549276920094,0.9423290460679206,1.756924157284006,2.3400297306099924,1781688640787897315,0.25,8,0,26.402505996717586,30.774207802045197,29.327057986607898,0.07091992644551719
1757,0.7716059344238927,1.0160690008287228,1.8785219067214591,4.513691070479315,707823885796067466,0.25,8,0,17.823601817952277,23.547279383916173,16.697931625808017,0.07333863613200924
1758,1.682419402015647,1.1559295317892064,1.4630898876767717,2.1873919745648656,6922019320354255527,0.25,8,0,28.448491352102007,30.794091655094054,28.46320933613989,0.05323512046756226
1759,1.3856034907605292,1.8828825118275239,1.1704600437485055,0.47708178738554596,713656397849326344,0.1,8,8,30.47494003282414,31.29087236460043,30.939356515541814,0.17893166030748145
1760,1.0300738177176996,0.875558779794896,1.643227986320014,3.5518838001697812,4235919104280476120,0.25,8,0,20.17295795985355,27.254513319025374,20.733195916141714,0.04900956846324341
1761,0.6891627075096292,1.7260717347043348,1.546640417802723,0.9045455030935284,4886656776373305419,0.25,8,0,26.27367125362959,27.67036990279005,26.253058857655823,0.07208588765136363
1762,1.544199352485855,1.8903840393164424,0.7670331033760506,4.206832937693394,1130020534691687177,0.25,8,0,22.206223961621006,27.760131296553464,21.755105789779158,0.07019840313524774
1763,0.5501266855105788,1.8254806140016588,0.9234191173486865,4.480535961492497,7027851583435978548,0.25,8,0,15.772250978411817,20.592822875899508,15.041842388959363,0.0838493447120734
1764,1.4774541690531848,0.5337141443508,1.1301959021924297,4.209501205722775,270676467036597307,0.25,8,0,22.250315616715064,27.7649602322939,21.1318422202186,0.07000489265747838
1765,1.338617189274948,0.742337177315176,0.9396131339489183,0.6204317844850094,3245942547289322180,0.1,10,0,29.123847998990023,30.904557505365485,27.213996675209827,0.2807841411446655
1766,0.8921554678057393,1.132422580766934,0.833489741467107,3.866792897512648,8561148369737010536,0.25,8,0,20.095000631233432,26.48387198586037,18.527163040943492,0.055071359004142846
1767,1.644590702913058,1.9698737892757707,1.2212712165435868,3.6290419897609065,5184606874934241617,0.25,8,0,24.290114884484282,27.576347683373314,24.33160229358545,0.06368771786390756
1768,0.6827891383026687,0.9271431543252584,0.8241316325139865,4.802846091762805,2702868766442070636,0.25,8,0,15.73639691958086,23.53566468880192,14.579057934641675,0.07571887302231042
1769,1.6769084576226656,1.57696540022336,1.7338474229328393,0.6187843136172416,4270294933629641392,0.1,8,8,32.9546143163742,31.28424441358414,32.688555185651815,0.170519866694553
1770,1.5083339055350158,0.8675877620124306,0.9539445275826404,0.06561234636232316,466838496801278891,0.4,10,8,31.040272692841814,31.004923620754955,28.25214162005372,0.2297044972868044
1771,0.5410387071507531,0.8010201484228934,1.0254997318810752,3.7657483826468683,8206734462380609239,0.25,8,0,15.723519757606363,23.52304002019947,16.707783007815955,0.0695996984356275
1772,1.2252350086714967,0.5047187311206156,0.7698206976775479,4.382544314747032,4774236133918980741,0.5,8,0,21.25426082565333,27.35819340992299,18.61965232981345,0.2223991826407333
1773,0.5792414328700586,1.2649681931184098,1.7409283503225788,3.6400082272581713,6473947653434311504,0.25,8,0,17.83524807473804,23.53566468880192,17.955955297128586,0.06322255768860176
1774,1.3825897438161965,1.8953989464954508,1.2539520142805165,2.3695664116853195,3988686028617630043,0.25,8,0,26.33726802171443,27.92261078146699,26.23961255074419,0.052007112325802206
1775,1.326379781851485,0.6864718520119537,1.1178627913303725,0.15486081235947968,3539941528821339535,0.1,6,0,29.629781593233176,30.93201615957581,27.889171749038702,0.4912605727192898
1776,1.8141418905981461,1.376574685892418,0.7057351997434469,4.235961987256215,7921318189465183741,0.25,8,0,22.235386946092664,27.75530236081303,23.102431191397425,0.06805373141642225
1777,1.6202306874830146,1.4376397890979922,1.9301163250576272,2.6517120885407635,4286841214361833199,0.25,8,0,24.348819593485672,27.988795606615327,27.223422128652327,0.05938012505090851
1778,1.6349700418604223,1.4307885471324542,1.4384210555441976,1.027782191106286,207572570863354579,0.1,8,8,30.563943946471404,31.26972604469133,31.182761052504652,0.10978710186170122
1779,1.1439388656054486,0.9315699350709619,1.093283878259913,1.3406640714653029,2014256454226677593,0.1,8,6,27.723235702562807,30.8376467617725,27.184453223289317,0.20448627271176437
1780,1.1429989024812353,0.8752286910298542,1.2811621616020465,3.7856917069482208,6736873351260541694,0.25,8,0,20.175167276858982,27.60532129781593,20.511612096563706,0.04490278605486908
1781,1.6122046721577339,0.849684418891427,0.9434273187420978,1.303646701141189,8947722644399988976,0.4,8,6,31.60320666582502,30.757164499431887,28.927060694613456,0.30845394097136836
1782,0.6711497580189678,1.8095727337769139,1.643188560663766,2.1019321580197565,8834715646524086992,0.25,8,0,20.073223077894205,27.86267516727686,22.907212262857218,0.06439326571529681
1783,1.9143899782967426,1.1131453514900174,1.8365678856821301,4.888519380139907,7462804566043818751,0.25,8,0,22.24163615705088,27.55561166519379,22.60404727404797,0.08238280367782135
1784,1.0159228842072132,1.0685690535894603,1.6718237573495733,0.5135302943317599,3938036713634284320,0.1,8,8,30.45562428986239,31.22838025501831,29.14666153617182,0.1893754597910467
1785,1.7625907455834668,1.3623709890367817,1.757234046001567,3.1819782321546746,4882382460743696861,0.25,8,0,24.32609519000126,27.982546395657113,26.452507057009097,0.05652284501428055
1786,1.9600962941212206,0.6778525000061433,0.5232579145623237,3.449054736020243,4853830782705660637,0.5,8,0,25.792197954803683,30.994508269157937,26.075939790054623,0.4273317070449475
1787,1.0952458032216097,1.3960754069027181,1.186359448501726,2.185317475301305,195030458607827157,0.25,8,0,24.290114884484282,27.896193662416362,24.779749963050183,0.039268718311605603
1788,0.5354541001443283,1.9913586727827313,1.4760471161981408,0.6471764688989079,2342530702360045733,0.25,8,0,28.22314101754829,27.677755333922484,26.060352656791085,0.08724063715758344
1789,1.3107434097276256,1.196580611399797,0.8160206966224821,0.16250852519634262,479127357069823840,0.4,10,8,31.02891049109961,31.022913773513444,27.84082141515424,0.21323585465214173
1790,0.6073646129221877,1.6737621432490588,0.7477261942497295,1.1560447733968693,7458393573118183127,0.25,8,0,24.143163741951774,27.730589572023735,24.478886138683627,0.08343183387128314
1791,0.6217494021827469,1.8448932316191078,0.653787973914869,1.2718342112850933,5416790507328454495,0.25,8,0,24.095063754576444,27.53231915162227,24.234509247848546,0.08766301313888601
1792,1.9136189919778892,0.6206194774135104,1.774320952646836,3.2783135440800515,8698526378828970207,0.25,8,0,24.339729832091905,31.006186087615202,26.85128221805108,0.07991462450010257
1793,1.2282922247910284,0.8959319073997996,1.5805948044362406,3.287777552072841,8173338034442398454,0.25,8,0,22.271493498295673,27.740531498548165,22.62028280461268,0.04372086631040096
1794,0.7364443569850991,1.7298323555190407,0.6573976697045063,4.204750342135275,7194833935677581700,0.25,8,0,17.971878550688047,23.541219542986997,16.740841387408153,0.0756383001140564
1795,1.530543688788462,0.8148832592727022,0.8324197135500839,4.194788997312489,3031437556615094032,0.25,8,0,22.234345410932963,27.886251735891932,21.379377065332562,0.06481519434689471
1796,0.7395532285475056,1.8908301006848558,0.9818307652611109,2.9357888690725553,1360572243774870675,0.25,8,0,20.07764171190506,27.544533518495143,20.57695848606566,0.06316192249062258
1797,1.9769747456417828,0.9698030259483448,1.540943988677553,0.812604322510791,9175478666698783205,0.1,8,8,30.523797500315617,30.990720868577203,32.42306886545554,0.1709234461112042
1798,1.8430413386724003,0.5057203922952527,1.558399393006277,1.1305283662791754,8701320327807884760,0.1,8,8,30.525691200605984,31.302865799772754,30.762224808116144,0.20518336458292757
1799,1.8716023281661291,1.8546495524783124,0.5152739493224658,1.175821435999569,167448517635682580,0.1,8,8,30.524176240373688,30.98314606741573,30.688510236257038,0.22807571810437827
1800,1.7732199751324156,1.8760464782911355,1.1873691645814903,4.578270903481473,9157229425048884276,0.25,8,0,22.278437066027017,27.558736270672895,22.403576790684614,0.07336019959440318
1801,1.0526488776227434,0.5356998947512763,1.8893965301638356,4.173868471520608,6792013414136995802,0.25,8,0,20.16664562555233,26.64748769094811,19.17987045190089,0.07465911899173779
1802,0.9349765212442351,1.7412353908356673,0.8318379317346217,4.4879104992805585,8560349496566828516,0.25,8,0,18.074138366367883,23.541724529731095,17.285128072955175,0.06820703245808923
1803,1.0448583577525774,0.7765483456417298,1.3717800349720954,0.16185755759482168,7184899705089953614,0.4,10,8,31.03238227496528,31.104974119429368,27.66358683940823,0.22626871870399326
1804,1.4263519900809531,1.7284758542783267,0.6317116196744939,1.8950143477802406,5486761804485308553,0.25,8,0,28.34376972604469,30.84648402979422,27.32716126523707,0.07096069706209332
1805,1.4879542907854686,1.72788480921217,0.6569781594138608,0.9946680871224189,1354324186024450984,0.1,8,8,30.50637545764424,31.079409165509407,29.423121512002403,0.18023737061603348
1806,1.2735495928297,1.5741732717596477,1.6930425223845418,0.8080197086589369,2470495309219417557,0.25,8,0,32.60194419896478,31.086983966670875,30.106061229014028,0.0661389215597911
1807,1.8864290224128726,0.5037076879495328,1.4566187276003666,1.9787460745716716,8252912306570477431,0.1,8,8,30.580987249084714,30.746117914404746,29.659007107123454,0.19946966977276434
1808,0.5081445042196335,0.8538315316721499,1.8701674477865429,3.833939514094463,4596499617717816778,0.25,8,0,15.733871985860372,23.541219542986997,16.927626596373774,0.07504686692802842
1809,0.6461715389333043,1.337745434941881,0.684879204258936,0.022542255438378067,336753397872918574,0.1,10,8,30.704772124731726,31.03175104153516,23.09177209913109,0.49643761820515386
1810,0.9660391332241851,1.7768557777736957,1.709175524400921,1.7757590583037737,5646880184742401609,0.25,8,0,26.322907461179142,27.6618482514834,25.64206488236565,0.05791323051634222
1811,1.3013178621311265,0.7520203250227848,1.4084682326469398,3.20238535119438,2700702074377060829,0.25,8,0,22.2510099734882,27.77120944325212,23.131750373917747,0.049372988282178266
1812,1.693641466648667,0.8708164873250053,0.5668522825495613,3.4794598861658614,4904706047342295003,0.25,8,0,24.30867314732988,27.707865168539325,24.19712012942755,0.07779566802174188
1813,0.9225722847973228,0.5522788153183709,0.7596182125825144,0.5390900464311055,5340683696515838079,0.1,10,6,30.90834490594622,30.920653957833608,22.755679346218916,0.4667516088783595
1814,1.692552519956438,1.1383074114718394,1.6403666646114727,3.183407476374798,4715464967531007450,0.25,8,0,24.31321802802676,27.660427976265623,25.8508623397002,0.049903395231976136
1815,0.8277589706125394,1.5296435400213826,1.849721379977726,0.9864246975648605,2777923775242277765,0.25,8,0,28.374258300719607,27.681732104532255,27.01253975310052,0.06824735124062561
1816,1.63159873947095,1.3357937603198389,0.7559870091120877,1.912487813315011,5940722771772396628,0.1,8,8,30.631738416866558,30.849008963514706,28.525954937171218,0.14938487741677403
1817,1.1598157144093257,0.7628200995246027,1.9973348657490093,3.697697324341527,1514682445799511394,0.25,8,0,22.255176114127003,27.24542355763161,21.301040738687604,0.065682574162441
1818,1.6902488834319178,0.6488644001234578,0.5263411917392662,0.9663487294288958,826983703235416105,0.4,6,8,31.930627446029543,31.027963640954425,27.0630622172269,0.9541907075075984
1819,1.0964697412442233,0.7144156257925547,1.0603969673557376,1.5347943354352311,6271397145947858450,0.1,8,6,27.5,31.040903926271938,26.095514070830877,0.22785683480560698
1820,0.7460150871892788,0.8890416816470084,1.8910294014177809,2.1599146419113624,627181402011709951,0.25,8,0,20.16475192526196,27.678039388966038,23.05561499285193,0.0634828047162751
1821,1.0101768270088969,1.9081155514669796,1.5875546610142426,3.0091798456916097,7131685223167666281,0.25,8,0,22.12324832723141,27.732862012372173,22.441356245613438,0.05779949899405295
1822,0.7564664652352295,0.8370528077268864,1.0842014226305725,2.515115277853592,5298933932865484928,0.25,8,0,22.175672263603083,27.594243151117283,21.545876078898548,0.05994527682253193
1823,1.467935775992874,0.5847716331451867,0.5225726052606259,4.416010541265304,6643750593608001993,0.5,8,0,23.400517611412702,27.84904052518621,18.557827495155767,0.25003882194688126
1824,1.52195748546573,1.7644082379991985,1.2569192989361615,1.23352783612038,1031620636763793879,0.25,8,0,30.529762656230275,30.981567983840424,30.20666156243924,0.0636302152972303
1825,1.627428607516756,1.593133031809027,0.749250361114268,2.314213424100035,6709523284171808460,0.25,8,0,26.318394142153767,31.01092033834112,27.42766445006777,0.0628146001846156
1826,1.9064109102915836,0.7431910462104518,1.7575362906552106,1.0768673456290272,8162409061872922795,0.1,8,8,30.49993687665699,30.93959096073728,31.860236405507614,0.18509746316870002
1827,1.9132760264819968,0.5976463441489843,1.4572921759165727,4.522108626095803,469825456174732642,0.25,8,0,24.265496780709505,27.770641333165003,23.13497073665272,0.07925355019957137
1828,0.7184644995928736,1.3538528993092853,0.7355510712774342,3.1857936968057903,2087076217166339749,0.25,8,0,20.084269662921347,26.648055801035223,19.394886208465174,0.06022832438118567
1829,0.8290658225495922,0.8203910715879007,1.4686916804938321,2.172504037623699,6558839824838268652,0.25,8,0,22.278437066027017,27.562144931195558,23.20120116190855,0.05629002071966602
1830,0.8971340933074083,0.8626293442633706,1.1986264850505441,1.1183498964700866,1629105128746107513,0.25,8,8,30.896477717459916,30.76694861759879,26.247498762211478,0.24989429875567618
1831,1.9052459531556494,0.9159833585582826,1.2677229683489137,0.943746373116342,2507958574488493314,0.1,8,8,30.49463451584396,31.037747759121324,31.26819630327057,0.1489151280709464
1832,0.9999827386554156,1.1372823849045237,0.8901476561657197,3.2329983133770335,5692734135331472255,0.25,8,0,22.19407271809115,27.628329756343895,20.99896113650218,0.046671456737619764
1833,0.6853922076230615,1.0063081214857907,1.0609692570193396,3.9599867258761567,5199404080875157910,0.25,8,0,17.808546900643858,23.68716071203131,17.1423273679898,0.05720927608519807
1834,1.6948227241132447,1.1771994366299356,1.547224171877905,2.4493768296744216,7498232955502994110,0.25,8,0,28.424630728443375,31.040903926271938,27.855111251213486,0.05029006809692377
1835,1.460886823194968,0.9344600782688989,0.6660414332824509,4.441491506887819,6357425579592494802,0.25,8,0,22.26663300088373,27.340297942179017,20.20625387816466,0.06720562022756867
1836,1.9831241379791424,1.8322926254147665,1.4182923196931427,0.004798490512307185,7184441661472870350,0.1,8,8,35.61330640070698,31.056053528594877,34.41780630804354,0.2092401762564485
1837,1.909009496204252,1.0240236634487978,1.64174555679586,3.691748961558534,8985073229030359562,0.25,8,0,24.306021966923367,28.022598156798384,25.709348487507494,0.06317900115667405
1838,1.7519314798018557,1.8525146627131828,0.971978323541278,0.6497524642859281,7925913298888060784,0.1,8,8,30.437444767074865,31.033644741825526,31.859113046077848,0.16636232144112553
1839,0.6655405527865369,0.5195542359577519,1.1882411916745723,2.566151059473381,4196957851180073733,0.1,8,0,19.739616210074487,26.48926903168792,20.897057110373588,0.3566097015487356
1840,0.7739295438318472,1.4603362259506425,0.9165937344586326,2.7902188193340667,5831728385741256422,0.25,8,0,20.161280141396286,27.51385557379119,21.00374940609442,0.05102089460501043
1841,1.0441643960929012,1.9344740939061813,1.655316051162104,2.1469109922025598,319001522657349986,0.25,8,0,24.16550940537811,27.515843959096074,25.096103571185616,0.05948755284487068
1842,1.2293315551929997,0.7555582869194057,1.2325279437071313,3.3410978929248913,3137392188136915419,0.25,8,0,22.248579724782225,27.500789041787655,22.192740094152597,0.049174532618312804
1843,1.0325881560055352,0.6080331480225072,1.5567727379831666,4.852147974111642,9092629587124727970,0.25,8,0,20.091213230652695,26.491257416992806,16.964231114914394,0.07058387093005263
1844,0.6447208336168067,1.1725963615905373,0.9172142393765226,0.9920945452993857,4901977105635585951,0.4,10,0,26.064038631485925,27.72604469132685,24.523788686577195,0.3354857834340758
1845,1.5392043450643107,1.3993016840965276,1.3689300757250096,1.8939271905604245,894725017375565908,0.25,8,0,30.486680974624417,31.01092033834112,28.41163742103316,0.04751254490310875
1846,0.8068401787771324,1.4283942686347695,1.9211258736989558,4.006189077265725,3678567153489200523,0.25,8,0,18.04630097209948,23.541219542986997,18.49088212950744,0.06802819238188929
1847,1.3244387548404315,1.3530172660308262,0.9616626503283192,1.2024361895330298,6636505292523090226,0.1,8,8,30.49008963514708,30.623027395530865,28.596817535937934,0.12166885124247989
1848,1.9678019019165074,1.6979324784271277,1.2265978773884498,2.8206953284667655,3052414193669979549,0.25,8,0,26.406198712283803,30.61955561166519,28.442042221696095,0.0628279047329586
1849,1.751969170842448,1.390043041162746,0.7987615296178785,1.9785819726254732,6305869320867265731,0.25,8,0,28.447165761898752,27.696787021840677,29.07484928123533,0.0686895242650859
1850,1.2945951480579176,1.9544593769816516,0.8736716514550653,3.4902108052619525,3246400374294983656,0.25,8,0,22.164562555232923,27.497664436308547,22.344445650708703,0.06030253516041051
1851,1.6155303159863565,0.5816610156119006,1.5908191338892668,3.874283596564834,6139437300756126580,0.25,8,0,24.25905819972226,27.387451079409168,23.240572875935147,0.06671969725024411
1852,1.6290437706296972,1.2259596477269843,1.296832805855047,1.0087300439418008,8397640168525886700,0.1,8,8,30.509405378108823,31.027963640954425,30.581238340973613,0.09355022834626292
1853,0.6305998365546879,1.1047306228390912,0.508691266825493,4.771191564731377,1124866885306963885,0.25,8,0,15.735134452720617,23.68665572528721,14.228746451503127,0.0842208861524937
1854,1.7672946922805794,1.0843984783105003,0.5190165028294672,0.09199268854646225,8565835353713093761,0.1,10,0,29.18381517485166,31.068678197197322,28.475352796351842,0.41885601916022785
1855,0.5260863924015167,1.293315730004331,0.9331380841305038,3.5225798677501268,2249570289795332919,0.25,8,0,15.745739174346673,23.535159702057822,17.426216754957835,0.06150795070430189
1856,1.9468473117071343,0.6427243200690782,0.8961667597014746,1.7926841513742602,7658132150648541556,0.1,8,8,30.560535285948742,30.849008963514706,29.237177490252176,0.20707786347057128
1857,0.8066648620775282,1.7399393649854704,1.8898670540292917,0.3027951810088103,359438010182727013,0.25,8,0,40.54159828304507,30.94180027774271,28.864672859962866,0.08315751569453092
1858,1.7414195677705204,1.2881248814367017,0.9145112249036249,0.968529674331135,6412011838384066627,0.1,8,8,30.541219542986994,31.305075116778184,30.453639546021428,0.127535254582944
1859,1.900142082635348,1.078347571985247,1.9947827801790523,2.501138870869016,7648536784480491139,0.25,8,0,28.43081681605858,30.840802928923114,29.243879119886845,0.0732412248657066
1860,1.4548333570897323,1.804847886352041,1.8244336008136903,0.7030274480810134,7460492399680507097,0.25,8,0,34.556937255397045,30.888461052897362,31.71428600034426,0.07619525828290188
1861,1.9950587423754755,1.677201690119044,1.6979460645428266,0.6509083104541941,5122975429013182098,0.1,8,8,32.95994823885873,31.235955056179776,33.99846545157583,0.19034775563831716
1862,1.537969335051887,0.8802771609080954,1.3046127067613582,1.4707200745070115,5710063387495369929,0.1,8,8,30.552581744729203,30.746117914404746,29.148767669122204,0.11199078112705256
1863,1.5184908259425636,0.6848664682617704,0.8787536226442687,2.4121879604680663,2886326492391256596,0.25,8,0,24.379876278247696,31.006817321045325,26.264743268176225,0.07425097446096265
1864,1.9224188853180357,1.3301066073235137,0.8129677245395932,0.6508976023648261,5515152941166110223,0.4,10,8,30.87015528342381,31.01912637293271,31.188638334306795,0.23363747423512507
1865,0.6837307306300655,0.5086053336154606,0.7676512707109915,4.243535757555907,1945551475455167736,0.1,8,0,17.57959853553844,23.534654715313724,15.625813220040875,0.30930082457246455
1866,1.263774271319637,1.3044003511484554,0.7511980906036677,2.1815869513356336,974202508915297429,0.25,8,0,26.351218280520136,30.811766191137483,25.49739259029168,0.057278881862121905
1867,1.2360630241049275,0.9981729126488117,0.6656976078703096,4.122048735353388,8348294179496852183,0.25,8,0,20.15118040651433,27.513287463704074,19.73308083051865,0.06089852872499761
1868,1.4225885345397113,1.4607484943863107,0.6378802078831458,1.491026724960653,2130799032955490266,0.1,8,6,27.777395530867313,30.76000504986744,28.203012139169335,0.21366269857714668
1869,0.6501028055777984,1.609981298825229,1.0896791475705476,3.7737300916284964,2130358587227757772,0.25,8,0,17.964777174599167,23.693725539704584,17.693830901099016,0.05878545575695177
1870,0.510017575850918,0.9030163163011115,1.508256413596377,4.241239629023773,1009114099559848358,0.25,8,0,15.733619492488323,23.535159702057822,15.57976248380093,0.06834996137318035
1871,0.8942458503213986,0.9682273233030948,1.7958978013015814,2.3960130240643296,7430866466846771999,0.25,8,0,22.278089887640448,27.70701300340866,23.286896328282957,0.0520741575061726
1872,1.018052844460592,1.1736176813315478,1.344956364984542,0.5656266256927955,1191073292766914121,0.4,8,6,31.62441610907714,30.96610276480242,28.766960171933935,0.30962785082472966
1873,1.5017154895789528,1.580855340836509,0.8515735126339004,0.7279256077410362,1463024861361716204,0.4,10,8,30.962315364221688,31.22901148844843,30.09632698975193,0.20367943547438858
1874,0.5352474903604387,0.6251348841599544,1.2208144837092407,3.989586525722651,8258869932396258994,0.25,8,0,15.710390102259815,23.687665698775408,16.13013020826311,0.0722482114975958
1875,0.8330049721053421,0.7231342539403518,0.733706078793603,2.3711781526171944,6141818831364750642,0.1,8,0,21.793428859992424,27.385746749147835,21.063089042096255,0.15805004831830075
1876,0.8169918814623206,0.6833558058530005,0.7603830116982981,3.9549771723764575,6376632055995720650,0.25,8,0,18.05965155914657,23.53566468880192,17.622580275417477,0.07182263436332037
1877,0.9867823491991401,0.9436995392544105,1.3946978051973697,3.816364508360928,6328680348871099357,0.25,8,0,20.13855573791188,26.501199343517232,19.579115702825806,0.04346672332038584
1878,1.0996308292412378,0.8738584440097221,0.7616181334307751,1.0074073416383396,4496878343131256525,0.4,6,0,29.336573664941294,31.025754323949,25.662127648258256,0.3491982434845175
1879,0.61428451368092,0.767177967020567,1.613172297020347,0.1050013857555987,5395547909269346653,0.25,10,0,29.174031056684765,31.280141396288347,26.390840382815473,0.7697337051605999
1880,0.5954366606698291,1.2444635285597396,1.9530920302250507,2.8781523612887696,2479768291457662313,0.25,8,0,18.073854311324325,23.535159702057822,20.344048049008013,0.06402520894491401
1881,0.7699999249842808,1.9774206176713045,1.4456581646036277,4.429919907295444,3418387723013046735,0.25,8,0,17.971878550688047,23.68665572528721,16.96292655928629,0.0803114524800954
1882,1.9214128252470062,1.5513500939891192,1.7579587464069766,2.605288187908484,117120243936100465,0.25,8,0,28.38707233935109,30.604721626057312,29.085726662577482,0.06486101069827775
1883,1.8572380580187289,0.9784258989994357,1.5793921947136749,2.2927534353022825,8257039078692790802,0.25,8,0,26.402505996717586,30.84238101249842,29.233713023731706,0.06404120620084831
1884,1.2222704453004776,1.0308811769831512,1.712149530697467,4.540322843191044,1160211063786676918,0.25,8,0,20.145814922358287,26.50886882969322,19.22745413130395,0.05704454335338818
1885,1.1515608406498794,1.6434809165543798,1.6090658575585746,0.11329037833150368,4769558715264468009,0.1,8,8,33.020262593106935,31.11949248832218,30.935496692670505,0.19097128866390364
1886,1.055073576914309,0.8242720345475621,0.7767846255687205,3.0048961415744198,5523726909132323490,0.25,8,0,22.275659638934478,27.50504986744098,21.780403945196806,0.06205013721975449
1887,1.7584718580606276,0.9614611323238926,1.944042349399321,0.6603891488206387,5188437636773125628,0.1,8,8,30.455245549804317,31.28424441358414,32.442149929833924,0.18078438000256844
1888,1.734052168755378,0.5230349268401638,1.940049594158582,4.571467265944089,2502902698771654979,0.25,8,0,22.296837520515087,27.74138366367883,22.198985907570215,0.08550097281093835
1889,0.8268781912258183,1.112164880013611,1.7992084272295448,1.3078382377348041,8722482820971989883,0.25,8,0,26.288031814164878,27.73087362706729,25.9645480394326,0.062412977268577134
1890,0.6314048485356775,1.147734650577226,1.2956690535953799,4.367864969947673,2007841213928077498,0.25,8,0,15.737911879813154,23.39628834743088,15.903363187471506,0.05950628872263746
1891,1.9265340947433212,0.9538405103562739,1.6127330614065114,4.054888414762545,5379161178529907468,0.25,8,0,24.315869208433277,27.574927408155535,24.73456198339441,0.06592861865913618
1892,1.512510165041834,1.2680401081986212,1.5615152032277755,0.7750160438830078,2457139733130949289,0.1,8,8,30.507511677818457,31.03427597525565,30.97389296557995,0.11112273264232202
1893,0.8030744010144604,0.9896068294521245,1.516458967496673,0.039581684718715815,6532919494327236351,0.4,10,8,30.912447923242013,31.087615200101,27.837392293324484,0.29897955908194307
1894,1.8454566529383585,1.6951310946962845,1.024866813058664,3.1003082494631995,8538367397813093621,0.25,8,0,26.371323065269536,27.730021461936627,26.77618770361689,0.058157521456191685
1895,1.80560643027909,1.3699120477044848,1.5379646859303948,1.7722869438532056,6412066553307202447,0.25,8,0,30.539704582754702,31.011867188486303,30.48107293588993,0.060196518270042264
1896,1.8984553252845562,1.2437667835513797,1.8024339826900937,4.3951898588118,2752528072817823707,0.25,8,0,22.25691200605984,27.5675419770231,23.852026726350516,0.0711800101980617
1897,0.6135760087933941,1.0895368875802816,0.7218008872120836,3.599964056194003,1438602929527409550,0.25,8,0,17.87302739553087,23.535159702057822,17.5222230839343,0.06622524267396825
1898,0.937581962235212,0.9746620499693781,0.8112974222498854,3.7171402161828944,8140654999722846924,0.25,8,0,20.089635147077388,26.484724150991035,19.166829752276517,0.05523712560976217
1899,1.3741638387986532,1.4439920611065782,1.2692438897862894,4.28144141849013,1934492420650533039,0.25,8,0,22.18747632874637,27.668949627572278,20.709914086769828,0.044577328590570814
1900,0.7979493501103354,1.453350465281666,0.7040781865478306,1.5547160644643954,1256307688324900733,0.25,8,0,24.254513319025378,27.54851028910491,24.473202182720847,0.07090298753641118
1901,1.543337648867688,0.8861789718730555,1.833336198160569,2.338336070110417,8592671212189469259,0.25,8,0,26.381580608509026,30.82186592601944,27.34202059850497,0.05923986445388411
1902,0.8362116302934102,1.2528191136158222,1.5920457309282026,3.620157252793956,5068123554449179570,0.25,8,0,20.08490089635147,26.47705466481505,19.47230283641232,0.04529993815842794
1903,1.2602013204908031,1.764799582515058,1.3260909500832847,0.21315114756320197,3821315867682490610,0.1,8,8,30.520767579851032,31.086352733240755,30.934840719370538,0.1669000886046199
1904,1.8325645696035109,0.6321625137917883,1.0055561046535408,0.6878250530446217,8672023860684719542,0.4,10,8,30.959159197071074,31.01849513950259,29.58862763002386,0.25529290158092055
1905,1.511579484166075,0.9433371080968921,0.8463864364069634,4.529150344373922,3891726370174661515,0.25,8,0,22.274618103774774,27.76041535159702,20.371185935174626,0.06012826755475766
1906,0.6352936906220533,1.5656938862046823,1.8035952248530416,3.8190025452925247,685179931307443949,0.25,8,0,17.95057442242141,23.53566468880192,17.969859194462373,0.06878175941293092
1907,1.2013374124129992,1.0668340570544386,1.3536358594684308,2.006678242655342,2254064148284943848,0.25,8,0,24.34768337331145,27.566973866935992,25.94384256908854,0.04408979481195325
1908,1.4177635837922633,1.6815900367649776,1.809268104432552,4.913827865473965,6832671562506828433,0.25,8,0,20.171379876278248,27.70701300340866,19.67426393711171,0.07800387804468262
1909,1.736973226508096,1.1911380596350885,1.254751372932272,3.2598520101335415,4830156730675646622,0.25,8,0,24.31321802802676,27.89392122206792,25.6482193202791,0.045687665110085415
1910,1.3987492597764464,0.7577386500745122,1.085053522063908,3.295697902112376,6380691487302896202,0.25,8,0,24.269284181290242,27.40108572149981,23.23121738061367,0.05310199108760476
1911,0.8152834578527957,0.8907381662971097,1.5291076654880629,4.585922456293632,696333123566031857,0.25,8,0,17.854563817699784,23.68716071203131,16.477740933853802,0.06093373092410195
1912,1.9921711084633726,1.865996861231786,1.367293307967078,0.8586761402044901,8639963754767109335,0.1,8,8,30.47039515212726,30.983461684130795,33.32873985617417,0.17659218195416843
1913,1.5499246857646913,1.921117759697742,1.2555681962169514,3.0481971996112844,7843188029625277296,0.25,8,0,24.29882590581997,28.022598156798384,25.38203177289405,0.05392776493883492
1914,1.2272789269674496,1.8338396286298058,1.2817044152229176,2.5503243362745573,4219891760310598662,0.25,8,0,22.26663300088373,27.64707738921853,24.81225573755606,0.04531907411608159
1915,0.5570622120433251,1.0887368646059485,1.840184436317723,0.11424822140533974,3881856460278419082,0.25,6,0,29.548983714177503,31.04658502714304,28.525439399931717,0.9550284223044483
1916,1.393098475301575,0.5525356520993892,0.9592316707194237,3.2357867356684125,4946030492996652695,0.25,8,0,24.264739300593362,30.563060219669236,23.209743695174833,0.06806212646556013
1917,0.5322447588513094,1.7672973893355093,0.6418299893884118,0.15883625647434285,6626971786004859926,0.25,10,0,26.21146319909102,27.841086983966672,24.82296846233021,0.6776412451298222
1918,1.8548173216546928,0.6823237510886151,0.8918366854076913,0.5903476270434277,4288604078695739286,0.4,10,8,30.723077894205275,31.29087236460043,29.472323252454245,0.2609114764668613
1919,1.4726915843299175,1.9052282675760008,1.2541001050839562,4.701417017125978,6967706414674540854,0.25,8,0,20.1799015275849,27.639123847998988,20.291570443442968,0.06989922117896835
1920,1.3815513727252378,1.6936775106112896,1.1949852544608317,3.150188220301557,2175300311011677659,0.25,8,0,22.269410427976265,27.56470142658755,23.95201449002666,0.04014667660794143
1921,1.5724773132003518,0.690925293102735,1.3249357216768243,1.033878581352356,1933885714928279674,0.1,8,8,30.525312460547912,30.974940032824136,29.589904074941256,0.14426891112599668
1922,1.9531558322757743,1.9312538064144384,1.2980089662387195,3.854903729555228,3033079115688579884,0.25,8,0,24.302234566342634,27.528626436056054,25.5772375442968,0.07202310401239315
1923,0.9826225451921757,0.8992420150750775,1.0225832102276682,2.6083713419221457,5640255826899967977,0.25,8,0,22.278437066027017,27.645941169044313,22.66341677077493,0.05159099107729149
1924,0.907788189008817,1.9692764442491204,1.0531535392221811,4.164172760138606,8084588414649157190,0.25,8,0,18.0556747885368,23.68665572528721,18.26903307310119,0.06874997005096238
1925,1.454615905207874,1.5290471966408452,0.9773353566346344,2.698393120713945,4091726732060708761,0.25,8,0,24.349198333543743,28.0123721752304,25.43818389472116,0.04299469898924348
1926,0.9232544944446355,1.7134072967631577,1.8520439036097454,1.6437267577691168,5936238241578560375,0.25,8,0,26.351218280520136,27.748769094811262,25.850295449451078,0.06083017531764074
1927,1.6693337329206583,1.8045436721044021,1.3473912958600052,1.3382022498559643,4640736977472042304,0.25,8,0,32.57972478222447,30.979358666834997,30.87239666575746,0.06477691951655853
1928,0.738911110658001,0.5348491877427577,1.7983554901348575,3.0876400822254473,5121643724594944361,0.25,8,0,20.15181163994445,26.47762277490216,20.265020975060626,0.069774756683366
1929,1.800581125494418,1.4716342543059695,1.3648716315093739,2.4247142299084405,492521388767587931,0.25,8,0,28.401211968185834,30.75400833228128,28.53143926336113,0.05112744644275961
1930,1.3164673991577913,1.852006677440151,1.3986871114512986,3.6339934622257157,2672399044687097953,0.25,8,0,22.206571140007576,27.983682615831334,22.402234000304432,0.051802841544316754
1931,0.9967682497078671,1.2022252942632101,1.6732576971255042,1.1756544407234226,5978276317149660161,0.25,8,0,26.349166771872238,27.672074233051383,27.300430325549254,0.05759451574759999
1932,1.0499113793278279,0.7193766037875967,1.6839324855523548,2.3713310777000327,692838832680257210,0.25,8,0,24.293902285065016,27.40279005176114,24.118047689400207,0.056253184543804895
1933,0.6291385842254462,1.1929167951565525,1.9223457773137187,3.5542075512293443,1713045264057805662,0.25,8,0,17.98778563312713,23.541219542986997,18.618821505280984,0.06432592908953585
1934,0.5564778930599816,1.2821536175781894,1.0854159648393558,2.869131735735041,3283020926992386712,0.25,8,0,18.025849008963515,23.68665572528721,19.54721039599599,0.05345825529494463
1935,1.3423125007548982,1.7972970714675167,1.5794761740957763,2.2449310723690026,8938890958070266387,0.25,8,0,24.300340866052267,27.576631738416868,26.537271823116985,0.048757618265828466
1936,1.1878104991761145,0.6693634316235254,0.8779602387901377,4.17627432049348,1046653236384822542,0.25,8,0,20.191263729327105,27.566405756848884,19.34060790759726,0.06315058816180902
1937,1.1721152593566218,1.4468567346283738,1.3744202011096356,1.0765087688906987,1317868791270195467,0.25,8,0,28.439212220679206,30.74106804696377,28.50402398163486,0.05537678632992972
1938,1.672677215838375,1.0169448432609263,1.8669424993402954,3.9275931380255185,2675657683510757846,0.25,8,0,24.270420401464463,27.724624416109076,23.752888156712785,0.06112394729753216
1939,0.9255770421750177,1.1854152466372183,0.9629784500307635,1.3294366021860171,8787056452158483032,0.25,8,0,28.316374195177374,30.76505491730842,25.94179942224142,0.06399245685096593
1940,0.516738320690119,1.6445697171213776,1.0175090494957382,0.0017310508689305504,8375453708146478772,0.4,6,6,31.346420906451208,31.093927534402223,26.290401757258106,0.6503905229486296
1941,1.2308891476749064,1.3689625684205051,1.5181009902704232,0.7943013260599874,5423948270661292556,0.25,8,0,32.597904305011994,30.82912511046585,29.723105692972098,0.06167201163898877
1942,0.6085732397241264,0.8128145849716393,1.8224685699745073,1.6566361923403976,81752618657723841,0.25,8,0,22.20483524807474,27.50504986744098,23.595153394027303,0.07074632406026678
1943,0.9041199685286485,0.8309683506149128,1.8973775864097764,3.861649255351683,2947650590822808765,0.25,8,0,20.109519000126248,26.48387198586037,19.263207175184814,0.0613979071401583
1944,0.666936571184179,1.98995268017947,0.6372308208846973,2.869498615862009,8766724037185222838,0.25,8,0,18.07243403610655,23.596263098093676,20.14959190397484,0.07729720445938393
1945,0.7961439322058033,1.5467760264774608,1.555612381983482,4.294909516690236,2721652313525194398,0.25,8,0,17.99005807347557,23.68665572528721,17.414450989568397,0.060460613333348186
1946,0.7732685852347758,0.8707473612518485,1.3087304632882972,0.27362841603732535,1193844651376833488,0.25,8,6,30.89685645751799,31.00397677060977,26.456648387989052,0.4404193464758365
1947,1.601725212937483,1.5770428892783444,0.9751423549926888,3.3104862563429776,5687705786058284896,0.25,8,0,24.249968438328494,27.8788663047595,24.63129404051214,0.04633180620429891
1948,1.5122875557920072,0.9957456461512153,0.9136789140523182,4.510632374386239,3873626185632791733,0.25,8,0,22.280867314732987,27.696502966797123,20.50066995438413,0.05593346168505339
1949,1.4543374370813589,0.5373195323421409,1.1544397962996926,0.34248457230356577,3808088784253348824,0.4,6,6,31.908849892690316,31.23469258931953,28.52156338108297,0.5685701439330436
1950,1.0497364273450434,1.1501531619337753,1.049896984546987,1.3145793396381218,5890870319553587552,0.25,8,0,28.361002398687038,31.0273324075243,26.7884217051012,0.06071133277620907
1951,0.9340162782908911,1.4618056112179818,0.7381846285398367,1.534523119875656,2293878496145823427,0.25,8,0,24.326852670117407,27.922042671379874,25.373414028513587,0.0661506818424549
1952,0.6250131400213943,1.2132012684944007,0.852450995807459,0.31990494514825885,274039727835724682,0.4,10,0,29.113748264108068,31.23185203888398,24.399453135908345,0.31053932558349534
1953,1.9649488077326522,0.8562675679830396,1.641593216686716,4.7461901321064035,2795655651872191669,0.25,8,0,24.315111728317135,27.51698017927029,23.02867741682897,0.07555335644032819
1954,0.9768602042020196,1.1677101496243063,0.5112477136968427,3.6643874928839884,8887214862435861758,0.25,8,0,20.154652190380006,27.594243151117283,19.423903948821938,0.064641975430314
1955,0.638243404547332,0.793198768606854,1.7455436614906004,1.332459678793429,134395295837036961,0.25,8,0,24.28784244413584,27.84222320414089,24.61725947763623,0.07301722995251328
1956,1.2364396994550138,1.1717083289079904,1.1508518747109941,2.901602276229012,5301496233438385213,0.25,8,0,22.26767453604343,27.771777553339227,23.56076175669653,0.03305330441738559
1957,0.6004311312783606,1.312891027032155,1.6431090299864999,1.3314568955271082,8037240230623733103,0.25,8,0,24.16550940537811,27.881706855195052,24.491341156056176,0.061891338306350636
1958,1.7169710159773088,1.6551844309288581,1.4975244149574416,1.5676379350747243,4775110642175962811,0.25,8,0,30.5108256533266,30.82880949375079,30.578658978465384,0.059834912408134204
1959,1.6757539633614416,1.770537352064603,1.2347387368862888,1.4601436769909655,7900933046500666712,0.25,8,0,32.5458906703699,30.754955182426464,30.488119607787517,0.06238149089733154
1960,1.8743969027728866,0.5392910846892067,1.6935475335547445,2.0051431599420977,656838118201603872,0.1,8,8,30.560914026006813,31.038378992551444,30.106816600711284,0.1875340142344498
1961,1.398812768036338,0.9610664709711955,0.8206745126497785,0.18958578494292888,3047345797872615709,0.1,10,0,29.1778184572655,31.05163489458402,27.763727494789293,0.27523090338628187
1962,1.3681618309180383,1.5958936546603113,1.654244442100729,2.958933858230423,4834212327170950398,0.25,8,0,22.239205908344907,27.574927408155535,24.682028240547957,0.042133694761902034
1963,1.8460557361403265,0.9582739433695937,1.1037547525333133,4.26690515941069,905817575813586877,0.25,8,0,24.28216134326474,27.740247443504607,23.321982239607664,0.0606665080232925
1964,1.1776924005208738,1.5277702691453405,0.6132956773470135,2.5705527329582263,4053905341108640695,0.25,8,0,24.260951900012625,27.575495518242647,23.88369734153071,0.058249815642308606
1965,1.714881573247145,1.2360850424795564,1.0739523368885386,2.4562395652220967,5878247004268569089,0.25,8,0,26.353680090897612,27.93681353364474,27.662774939217634,0.051423434184008604
1966,1.7412033471208763,1.4437608815878942,1.855691689538512,4.825625189290588,4214653137455791100,0.25,8,0,22.27496528216134,27.668665572528724,21.802210012599158,0.07522784733812539
1967,0.7847548554000996,0.9466310349738213,0.6015189236178857,1.2720414517468388,4852950187372934604,0.1,8,0,25.761204393384673,27.731157682110844,22.92035637981354,0.2688766157866753
1968,1.9915240154953355,1.4344455697606373,1.1319762566970573,2.542019162202538,1904585481757357117,0.25,8,0,26.44025375583891,30.840802928923114,29.194507349006017,0.06127028099759976
1969,1.0336359999448859,1.0822388696630445,1.4583459376325727,1.2313375921599183,4953971471285611944,0.25,8,0,30.43886504229264,30.75179901527585,27.176602635355426,0.05651280869677956
1970,1.7392454052966293,1.1293519664503382,1.385206891205188,2.386645920792168,5161708217377071139,0.25,8,0,26.395120565585156,30.744855447544502,28.174937394091682,0.050789213263897084
1971,0.5556396127428208,1.7510669841788706,1.6271670017243087,3.0208926832497425,2105796198765084574,0.25,8,0,18.02187223835374,23.54778437066027,19.643553952863414,0.06433168102054714
1972,0.6085539390532948,0.5746384776564332,1.85036382707946,3.288710637633822,2327225706967890837,0.25,8,0,17.890638808231284,23.693725539704584,18.977122986401664,0.07227207603028445
1973,0.9818370331982439,0.8224683498563501,1.5969521491035426,3.1382895494652265,5286249300606589723,0.25,8,0,22.164909733619492,27.653326600176744,21.55070713890834,0.04629621052028126
1974,1.3642752857226204,0.8197049370006837,1.911032908005572,1.3763580872469787,3871214171829539500,0.25,8,0,32.539830829440724,30.74106804696377,28.991870667714362,0.0701949238005527
1975,0.6793905575393397,1.5232933270556064,1.773118813491151,3.6503893837897405,9017674552893944716,0.25,8,0,17.986365357909357,23.53566468880192,18.646535767572008,0.06143249209642877
1976,0.5939203295769718,0.8666679604072336,0.9980315657399847,4.892205306090714,6096477270651859467,0.25,8,0,15.687918192147457,23.547279383916173,13.915604228045764,0.07270145956647557
1977,1.1003372090539851,1.2541623131547286,0.9394511760086177,2.4167461194840967,3582679280762699263,0.25,8,0,22.280172957959856,27.743656104027266,23.98103440576385,0.043901581002777815
1978,0.8965598712611654,1.4545899396447688,0.6848388701916517,0.40091621701013047,3169887694895693078,0.1,10,0,29.123847998990023,30.885620502461812,26.11611625244067,0.3498307461192103
1979,1.1650036523478562,0.7388919191072554,0.8763656604134965,4.646937176125999,9163596512571546919,0.25,8,0,20.16664562555233,26.48444009594748,17.927402027250217,0.06343114419109006
1980,0.7736319133917668,1.5802429413000059,1.2533159777201748,1.763823599138397,5701544436778747942,0.25,8,0,22.15380002524934,27.515843959096074,24.150767793211653,0.050555499136595405
1981,0.9378431432756158,1.7444967369190827,0.6880001743744911,2.8570493975862608,835647387366295947,0.25,8,0,22.132274965282164,27.494539830829442,21.747792820327934,0.05931332860508294
1982,1.2013855239049496,1.7589705179685475,1.59368862209138,0.9384316487675237,8335638933113923658,0.25,8,0,34.4984534780962,30.91623532382275,29.31796947763526,0.06174461527781326
1983,1.7520836469595704,0.626337883525537,1.073665900050186,3.922377345807186,8147290365234932177,0.25,8,0,24.28329756343896,27.521525059967175,23.594091828607326,0.06784937403120633
1984,1.6632646427423639,1.9699076925778791,0.614937958714026,4.4742900813152895,5907232008371042358,0.25,8,0,22.243024870597147,27.500504986744097,21.62588298640489,0.07856244168159399
1985,0.6715298064268784,1.765048647753336,0.5519295955820391,2.9454652685880305,4975595768113390714,0.25,8,0,20.07732609519,23.54551193031183,19.815474720101562,0.07266041858255322
1986,1.7276649905089267,0.7333371597356455,0.5064410372681754,2.774906188322696,8386603641925044198,0.1,8,6,27.48715439969701,30.855321297815934,26.457842544193515,0.37383363093952493
1987,0.8125644948557704,1.2847283013932274,1.7791556471369525,3.577334731695805,9140874420183181707,0.25,8,0,20.097209948238856,26.648055801035223,19.584999488201625,0.05148719888046687
1988,1.152387235883141,0.6186507714933536,0.7991024223876864,4.427825622374189,4115299516936224747,0.25,8,0,20.17390480999874,26.64748769094811,18.37610764001296,0.06869074547518222
1989,0.914475209187302,1.6869287048570452,1.703029471396221,0.09350469803392603,3734972361381939527,0.25,8,0,52.77957328620124,31.03680090897614,30.017420442647722,0.07815229673070141
1990,1.2567138383966319,1.897263550692975,1.9758509098733839,3.6082788510308794,2362216839085952604,0.25,8,0,22.181227117788158,27.799046837520518,22.527530735791935,0.07257831714662877
1991,1.7958806603007444,0.9047373745357898,1.1762266458970794,0.5009727043707657,2542923729476684122,0.4,10,8,30.902663805075115,31.29087236460043,30.900860344999455,0.1681706950964275
1992,1.6406840036458874,0.8410275506327336,1.7915009814411342,3.6310732803317807,7829537957558020287,0.25,8,0,24.279510162858223,27.511299078399194,24.289419592764343,0.05827125227719878
1993,1.3648201819186228,1.0251100782200087,0.9426965380453813,4.081585456904776,4382918684298731671,0.25,8,0,22.280867314732987,27.667245297310945,20.82267919036025,0.046918155587150435
1994,1.3616424211087612,1.6676487849186041,1.97926452051839,4.604933580045211,2106274732537589852,0.25,8,0,20.186845095316247,27.3726802171443,20.261558501316767,0.07705442518569039
1995,1.3580340739172343,1.5527982760343093,1.5864225220195771,3.6067935673557883,392109580437352649,0.25,8,0,22.26350839540462,27.74990531498548,22.75227549533568,0.042315711918437054
1996,1.6158985418365885,0.7490086388699396,0.6930718951490465,4.474662595688303,891562857770806863,0.25,8,0,22.241288978664308,27.792797626562304,20.958108410322595,0.07170552368482004
1997,1.451566975241708,1.218012695411378,0.7103278456210868,1.5819021291614621,7611566111775931780,0.1,8,6,27.739553086731473,30.774207802045197,27.965513890718736,0.17467832622161872
1998,0.6352448565745326,0.5996193788060711,1.083637995828377,3.6266925672081456,7216502648904353709,0.25,8,0,17.832407524302486,23.547279383916173,17.686272616076455,0.06735644173230665
1999,1.2654448310750794,1.9766877921665653,1.2194871515526953,3.658890433169785,777101633722582228,0.25,8,0,22.180879939401592,27.69025375583891,21.931091112579903,0.056358613182127655
2000,1.0535725302704484,1.0420427218366783,0.7270458310371166,0.6677955189094686,3637636533263847352,0.1,6,8,31.272566595126875,31.027963640954425,25.97799336697807,0.3291502818900361
2001,1.1317487048800006,0.6214435654760423,0.9355291912189816,3.8736599093951236,6711285209262227131,0.25,8,0,20.23576568615074,27.512719353616966,19.879227585915192,0.061047460555600196
2002,1.1130534319867402,1.2562561178406209,0.66377181215844,2.522375807027239,8501173726703984288,0.25,8,0,24.266633000883726,27.556747885368008,23.610752425791947,0.05625704976512895
2003,1.67002272803262,0.7808614544261823,1.1746049186607126,1.2408466421357063,7089949700860117406,0.1,8,8,30.52341876025754,30.849640196944833,29.598231653477594,0.13327441333397405
2004,1.5522610939086057,0.6486940618078139,1.949685291002499,2.596818546617054,4923530877257035536,0.25,8,0,24.351092033834114,27.913236965029668,26.733624142240583,0.06874192157017618
2005,0.5626523723660234,0.742088091311276,1.2770379001455023,1.6248895112448691,7825416374791170578,0.1,8,0,21.77606994066406,28.021177881580606,23.278080925342127,0.3896788084048098
2006,0.5304294123881333,0.5604199286510494,1.4834774554942027,2.0182685429801994,2690954346988488442,0.25,8,0,20.135399570761265,26.688959727307157,21.86761246262074,0.07473259648008844
2007,1.584546506640664,1.8195589209286878,0.7115626120172246,4.972368289112906,8145464402765172734,0.25,8,0,20.157492740815552,27.875173589193285,19.743097856206028,0.07494034258532355
2008,1.6078865766867878,1.841863278874113,1.006137649403458,0.878125689665552,4298515433835235731,0.1,8,8,30.45562428986239,31.22838025501831,30.96072292053172,0.1453601307379595
2009,1.44105805293476,0.8599144934794926,1.4495181676467008,3.1773243384506165,1236029563120985551,0.25,8,0,24.29428102512309,27.751609645246813,24.136457613270355,0.043558817513373455
2010,0.6539267481311974,0.7054463025081148,1.320712090949038,4.174288983380733,2345480647015462936,0.25,8,0,15.777553339224845,23.535159702057822,16.441949699256273,0.06261858063880962
2011,0.6957630175871776,0.7373937498840328,0.7688319142295108,0.8088079512519303,5444956652628672901,0.4,6,0,29.330576947355134,31.028279257669485,22.864643659272698,0.3171996317393762
2012,1.4916630613777526,0.5750855942579542,1.975067419703105,0.530774309430922,6550982595692262296,0.1,8,8,33.07401211968186,31.102764802423938,30.990019148952598,0.20733355094014413
2013,1.372818956309356,1.783796159696112,0.7098202301748404,4.229615349757137,2012481567592219775,0.25,8,0,22.173589193283675,27.79478601186719,20.55822797420673,0.062134507499394566
2014,1.9622491704912444,1.406824608753564,0.5584154528070578,3.248837000082341,5734510362786343406,0.25,8,0,24.38139123847999,27.99504481757354,26.651138982669202,0.07368677151852061
2015,1.1348387593674203,1.0652181219902879,1.6841222559626248,3.166143425123289,3122052130564330476,0.25,8,0,22.27496528216134,27.54566973866936,22.55602027425222,0.038396826303263146
2016,1.4246417332584393,1.631830955433096,1.0791159271718416,2.1113412301875307,3087727201269158668,0.25,8,0,26.29418634010857,27.755018305769475,27.057898368080547,0.04538239704517032
2017,0.7030640277824489,1.2077158818500586,0.5762736668393306,3.6714610632968188,5017223215742435614,0.25,8,0,18.034370660270167,23.535159702057822,17.81816921807001,0.06603242666728423
2018,1.0615226846332473,1.6339188052688642,1.2659116829929782,4.2963877618156845,8439567415130958608,0.25,8,0,20.10541598283045,23.69726044691327,18.828997620440617,0.05063457045231952
2019,0.6720269911038572,1.5114416475616692,0.5352942472721445,1.1789866526850534,6141866716612660338,0.1,8,6,27.51562302739553,27.95130034086605,24.11773745451847,0.30004782531409496
2020,1.2708951663082062,1.232327324425472,1.7546613816782362,2.4520666739099783,976812613486873395,0.25,8,0,24.30753692715566,27.663836636788282,25.49737473476239,0.0403382976610408
2021,0.7100542392292337,0.6793161788606092,1.770826958489379,3.6082242766094423,5099344232254783009,0.25,8,0,18.04232420148971,23.541219542986997,18.67951818808518,0.06321176083025559
2022,1.3122397012825595,0.6053104411494974,0.7564152281621354,3.3593368722576056,3772051307053965091,0.25,8,0,22.25864789799268,27.57748390354753,22.277665428198898,0.06875097780699123
2023,1.2229936199762519,1.8761956664053736,0.7853125204899745,3.2372197601007486,8863497650937417119,0.25,8,0,22.198238858729958,27.726328746370406,22.54852809940893,0.05577183920919168
2024,1.8259173207801889,1.1581570850818868,1.222030617593055,1.1122850970538167,4615843488641198220,0.1,8,8,30.522661280141396,31.080040398939527,31.020338320641773,0.10661308511628657
2025,1.8031338743507885,0.8818369451421866,0.7301986329177689,4.423980517803436,2218021819133183127,0.25,8,0,24.276858982451706,27.389723519757606,22.298634560829782,0.07018628414696973
2026,1.855927578107891,0.8323159575093997,1.2879347875861065,3.759449886015723,6851900139491250006,0.25,8,0,24.249968438328494,30.575369271556625,24.865538623695766,0.059443388133288436
2027,0.7348624727715644,0.6576539204238527,0.5381129169937268,1.3148966952644137,8591740541297803428,0.1,8,0,25.759973488195936,31.054159828304506,20.84851778733259,0.25539216429450073
2028,1.6408521424814897,0.5738372628591049,1.9712476736399807,3.4931707684724818,9132482461951660977,0.25,8,0,24.321550309304378,30.44628203509658,24.69887443650126,0.07261254004541609
2029,0.9105617662475184,0.7034979147857807,0.8921836529742675,1.7160161905630305,8082749668473378958,0.1,8,0,25.7948491352102,30.791882338088623,23.797993254353894,0.20995511956463156
2030,0.9271651602969315,1.8339422818001834,1.9934586718527805,4.917514230493032,5678735766992544325,0.25,8,0,18.00227244034844,23.68665572528721,16.834937447381897,0.0916423067821712
2031,0.5913311438999805,1.053597393517466,0.7707670605751468,3.2889128852494416,2343969901173940625,0.25,8,0,18.002556495391996,23.541219542986997,18.311443357127477,0.0626369604138962
2032,0.7550649647529657,0.5929834586379026,1.7555197915679417,0.10833103286923051,2141489032848872285,0.7,8,0,57.74782224466608,31.135273324075243,28.312371700518447,1.640967532249362
2033,0.733012888663162,1.3741688156942702,1.7999924303079584,1.4304054870913534,3720346353554780714,0.25,8,0,24.254513319025378,27.538284307536927,25.22515862085216,0.058413673462519716
2034,1.814711851495223,0.9906181472275026,1.827750303450296,3.522873121305976,8667934995994398554,0.25,8,0,26.39101754828936,30.883726802171445,25.706570228738542,0.06086793982228862
2035,1.0492544260201553,1.8468474671028803,0.5163641757168339,4.014929302687484,7993782338574980234,0.25,8,0,20.119618735008203,27.32382274965282,19.116896087631936,0.07054320134492861
2036,1.1823274128871717,1.9123685662641428,1.620434512131598,0.8686531888479426,648753667837379226,0.25,8,0,32.460042923873246,30.960737280646384,29.5740567322853,0.06673185049323944
2037,1.526580558300575,1.5062780942575826,1.8553230629743616,3.2480651808574637,2267511669764324908,0.25,8,0,24.299583385936117,27.74820098472415,24.954320212039946,0.05156205876439899
2038,0.7538313744835099,1.0283220736036824,1.2560559213412328,2.642410484731783,1165183757202440083,0.25,8,0,20.13887135462694,27.638271682868325,21.4359101647492,0.04466717866095958
2039,0.6331617746225443,1.6748297759236297,1.212148159948922,3.3560436899652792,5245686330664117939,0.25,8,0,18.02499684383285,23.5407145562429,18.894324477960318,0.054269781483197686
2040,1.944567887352753,1.9279368530176357,1.9274978069348987,1.1663436653364552,3214049178121692196,0.25,8,0,32.56205024618104,31.19082186592602,33.546158553713035,0.08574409348703955
2041,1.8801145168113402,1.8205707088278982,1.1578367629844113,0.018484794546119176,6316150356649670187,0.1,8,8,35.60049236207549,31.110339603585405,33.34023663910938,0.17636112143108745
2042,1.7352239210120017,1.870843012808303,1.023379851540446,0.3803461255137258,3070506577805485155,0.1,8,8,33.04159828304507,31.353364474182555,32.18211671209982,0.15949632382488751
2043,1.2623433876137415,0.7800655027910179,1.4506972585407072,4.2187507705872385,9190446642935511909,0.25,8,0,22.29267137987628,27.543965408408027,20.08648157648756,0.04928723735816336
2044,1.5192918738523256,0.6240409175278705,1.2206159485681558,4.331040485383527,2596736882755383865,0.25,8,0,22.250315616715064,27.79705845221563,21.108254311870432,0.059877484803091574
2045,1.2546823596915824,1.97636963136791,1.1013159126957006,0.008300581333611778,2558010082342247199,0.4,10,8,31.038063375836384,31.092033834111852,30.983421768012395,0.31651767804812814
2046,1.7935051182417934,1.7946877916422952,0.9122376871726009,4.403297364914091,8094307454862625807,0.25,8,0,22.277048352480747,27.500504986744097,22.754263253093818,0.06617263802758483
2047,0.6806647157122102,0.5211572560741256,1.079133391683844,4.9399555410974285,317538025841024820,0.25,8,0,15.653831586920843,23.68665572528721,14.217129251580722,0.07706643051799046
2048,1.4016542662084124,0.7257471137587064,1.0240229576864224,1.1196296256092653,3786585495195514446,0.1,8,6,30.3226865294786,30.838277995202628,27.936406343835838,0.23200965103048313
2049,1.3875696870350511,0.8072911586081298,1.8512570109944808,0.5204623095107191,6506350100248876567,0.1,8,8,30.471531372301477,31.020704456508014,30.740075689688407,0.17094175752571372
2050,1.5339559713643218,1.7448440654741837,0.8583849308961182,4.038741183607965,5664557478412537340,0.25,8,0,22.278437066027017,27.55163489458402,22.16573285984958,0.055498166177336196
2051,1.6078582274125421,1.4055599287775682,1.4924326305793993,2.6700135633859885,8758808522667790074,0.25,8,0,24.348819593485672,27.674062618356267,26.786984622208873,0.03972875971410836
2052,1.7698937001335793,0.6858291683715967,0.8742714164735799,0.831179864066301,5274171463165391923,0.4,10,8,30.94905946218912,31.023860623658628,29.13269674099364,0.24060022086213048
2053,1.8621505146582296,1.748371145302231,0.5798100785804767,4.796826196433598,1297598384413191654,0.25,8,0,22.278437066027017,27.387451079409168,21.809624664521028,0.07883606051149725
2054,1.0264190111654719,0.9077844975807727,0.9912708534303504,3.849836245022983,5213748164023411492,0.25,8,0,20.145499305643227,26.54068299457139,19.45191355505323,0.04690813924979519
2055,1.682970298968845,0.7225055546922632,1.8038332282057388,4.6156822312836585,3440228233741212260,0.25,8,0,22.252745865421033,27.54055674788537,21.727500111199866,0.0700847567892999
2056,0.695820894194296,1.1721193532394567,1.2804877789679148,4.029512272576803,7760564078940800947,0.25,8,0,17.888082312839288,23.535159702057822,17.2476457308716,0.04939818504907536
2057,0.7873495492546569,0.9751498284635979,0.6483072248422245,1.0890593600879694,2312143442879152197,0.25,6,0,26.448933215503097,27.740247443504607,23.800362067302736,0.3700360963815808
2058,0.9071684193880705,1.6918994109581955,0.658708317868913,4.660705807570162,2408988884886220947,0.25,8,0,18.044028531751042,23.53566468880192,16.49441134327601,0.06966303002676785
2059,0.6502210261669673,1.2880821977064187,1.2374560110083954,2.1865638809976824,8097699785473815932,0.25,8,0,20.162542608256537,27.677187223835375,22.181169090580497,0.048133816043628506
2060,1.0977646047275105,0.6981137648477493,0.5846786919067188,3.7413817851798683,7717534179466596009,0.25,8,0,22.196502966797123,27.605889407903042,19.841782181595317,0.0701895735842546
2061,1.4877218036826878,1.2627251533589592,0.9534875463406942,0.14294896509458588,8242173169873588540,0.4,10,8,31.009657871480876,31.03680090897614,29.66781007370495,0.17384542563079564
2062,1.932430733386397,1.4744717312186426,1.9308469581785568,2.6345293950985726,4329986051644732070,0.25,8,0,28.35216513066532,31.014076505491733,29.15039680692123,0.06673942908303289
2063,1.0864253060763955,1.530798473406949,1.581044244558007,3.1550679487080395,5153894071584453524,0.25,8,0,22.172547658123975,27.492267390480997,22.384621866519744,0.037326917449244906
2064,1.4756126844359816,0.6803954052257766,1.864713772901811,3.4797175403914387,5875149357280032556,0.25,8,0,22.263161217018055,27.56612170180533,23.71076951518633,0.060315138384447735
2065,1.2744383406548527,0.7931279370230944,1.3929484885150796,4.348773826400417,4304787671279932861,0.25,8,0,20.176114127004166,27.512719353616966,19.77450289683918,0.04933929570161724
2066,1.8247086118722637,1.5305669088850322,0.7473484650184858,0.7398735348198754,4734049563055911341,0.4,10,8,30.826284560030295,30.976518116399447,31.13559304708692,0.21757972908166703
2067,1.2747746677999916,1.5105277088831794,1.1850369329773986,1.4726286259392523,8043974432690992922,0.25,8,0,28.373374573917435,31.028279257669485,27.982140895815352,0.04895309701803044
2068,0.8009619750310772,1.654856339372554,1.396848034354484,0.5645350208902561,2733377661292970464,0.25,8,0,30.368324706476454,31.071834364347936,27.885126956770712,0.06797820850696362
2069,1.0519373783125527,1.5835431670090134,1.6013868338032822,3.241074008862716,8310160773629499869,0.25,8,0,20.14139628834743,27.737122838025503,21.968010813476358,0.0409285870685978
2070,1.043901849321638,0.7236006143959425,1.5037840628428851,0.21252147320137027,6936008768557282958,0.5,8,8,36.73800656482767,31.090771367251612,28.70854990353112,0.5695160063575732
2071,1.2077124200402967,0.5684571088078938,1.5100634773975945,3.0148337048141465,6103703779920734098,0.25,8,0,24.27761646256786,27.56356520641333,23.133504138585746,0.05540082301609609
2072,1.2833867057349349,0.5578676218258425,1.1294192182003928,3.550481746027206,6799615556998673695,0.25,8,0,22.255176114127003,27.69905946218912,21.825026785430577,0.05790447594920456
2073,0.8462479441317605,1.1440624220386117,1.3542564883386854,3.2720037662103567,8231343012210661380,0.25,8,0,20.167592475697514,23.586415856583766,20.33199060776193,0.03667820709212723
2074,1.726095269379885,1.2458662288313729,0.635665683151472,0.8955669251870546,2844555886379037966,0.4,10,8,30.886251735891932,31.31612170180533,29.585130519729695,0.22249637154861393
2075,1.264057774869468,0.6341568250731052,1.0683859966440155,0.5045672300040405,3766912729305739453,0.1,10,0,29.123847998990023,30.989142785001892,27.369146258380447,0.3126967537962148
2076,0.9701499355424927,0.9515663950291036,0.6898814205568973,1.9083555579942668,6579538773625969909,0.1,8,0,23.79207170811766,27.663268526701174,24.18643674606554,0.2070359676832636
2077,1.0628002197524615,0.6052089936756583,1.380288995639863,1.9460000110237967,594255969501472052,0.25,8,0,24.31889912889787,27.54851028910491,25.208873037661984,0.0630429501635705
2078,1.9620638155984769,1.2682882451650208,0.5840731967734388,3.836784460628149,8996422738338846933,0.25,8,0,24.33669991162732,27.874605479106176,24.969942130170423,0.07161925272030646
2079,0.6128375688417482,1.056454002725926,1.2871768704415567,3.8002918912582864,2363656475886629629,0.25,8,0,15.810882464335311,23.541219542986997,17.366185425995234,0.05133461928135306
2080,1.532763507743689,1.6175114771059669,1.5216448373340241,4.054311657040733,1750918676156169355,0.25,8,0,22.278437066027017,27.747348819593487,22.516649333199908,0.050058196152295675
2081,1.0717710462956505,1.9218616794406227,0.5320902705904076,0.7157979487031946,6170540186321991360,0.4,8,6,29.216102764802425,31.085721499810628,27.91803943988572,0.47719653051071326
2082,1.3052918173009638,1.724235965293183,1.012133994328846,0.3419360262256599,3855115455637185707,0.4,10,8,30.938959727307157,31.11097083701553,30.27080353905746,0.21794446801323614
2083,1.1254367774868963,1.2725306034590844,1.4398749728360656,2.0717750564319126,5418405355746019069,0.25,8,0,24.34162353238228,27.656735260699406,25.490456777211268,0.03587162922329468
2084,1.2701228148100705,0.621067063052259,1.206846416647755,0.3924488058280401,6988789610905647982,0.1,6,0,29.52247191011236,31.00650170433026,28.255188012824913,0.4451349642577196
2085,1.869929647948771,1.0686168132076788,1.3913580852612601,2.7202658357512135,2598804352480112451,0.25,8,0,28.415793460421664,30.82186592601944,28.030596450534187,0.054179097762349526
2086,1.2842748655419456,0.6546660937250836,1.5381844283161337,4.721223324436032,7566883761172267835,0.25,8,0,20.13224340361066,26.548352480747383,18.82829355546846,0.0605252351573185
2087,0.5092913900088927,0.6198034196946625,1.1045875631126139,4.934963951715826,4288999425105224967,0.25,8,0,13.766696124226739,20.59370660270168,13.274818516275692,0.07811997910936196
2088,1.1201468129600105,1.9719938175580558,1.9113045796037968,1.2097082953809286,2483697163584043575,0.25,8,0,26.343012245928545,30.754955182426464,28.43462233085714,0.07055509413380101
2089,1.7291040255602612,0.9091887136664116,1.337212271603411,2.514607221438847,4243305808410258564,0.25,8,0,26.384452720616082,31.025123090518875,27.677421024101353,0.054485046565996356
2090,0.7968466384957896,1.7680526866287594,1.104581809916098,3.0909040045047305,8233846050799678256,0.25,8,0,20.090897613937635,24.558515338972352,20.584595769918945,0.0500722733403081
2091,1.5969522558714813,1.6928386443355563,1.501856213607847,4.2328449661507035,1280622056072722727,0.25,8,0,22.278437066027017,27.87432142406262,22.408909093655957,0.055939112292685146
2092,0.8430555530598476,1.3102505272271336,1.8672140665253576,0.13529183126917532,4183536082938174283,0.25,8,0,46.74769599798005,31.289294281025125,29.538262314958665,0.07785361139274248
2093,1.5989608539335423,1.8688007951196437,0.506962483812052,1.4362731829069535,703310803034027330,0.1,8,8,30.515843959096074,31.025754323949,29.340359216807247,0.19466363926390085
2094,1.4952858608420556,1.9849352277366452,1.250360763983852,2.9591455659298456,4920112847242924737,0.25,8,0,24.298068425703825,27.74138366367883,25.317845042109788,0.05302434546512172
2095,1.3511556708075343,1.8342007507263103,0.6900987337617115,0.8155986094869483,5670596404782293497,0.1,8,8,30.445019568236333,31.08319656609014,29.454545189123767,0.1732579077739046
2096,0.623733369776968,1.8965965896151469,1.4490413792132042,0.5414424060646539,3712974002604472302,0.25,8,0,28.33758363842949,27.934257038252746,27.074946310553518,0.0762831922711641
2097,0.7464896110196002,1.2374915863250548,0.5162230095183399,2.911286739425326,7763166057291938973,0.25,8,0,20.129402853175105,27.46102133568994,20.22967878282027,0.06648785566211626
2098,1.1194318850886738,1.6486780760773838,0.5387693635214459,0.8063314867728316,4731810565715035350,0.1,6,0,29.505744224214116,30.94716576189875,27.39266044702229,0.461942711094685
2099,1.9533536699187048,1.4626656722319082,1.2907464537964943,4.581669354764877,1634089027574509551,0.25,8,0,22.2371228380255,27.728317131675293,23.305580083532252,0.06293258903001706
2100,1.083832219968759,1.204999445076969,0.5137324262884115,1.3101797716003916,3622132954135820672,0.1,8,6,27.730526448680724,30.617977528089888,25.536726520151436,0.21122367492220076
2101,0.6629414913035945,0.7486105567362011,1.2453056120008537,0.5559842381306418,7408100513082547093,0.25,8,8,30.876025754323948,30.951584395909606,25.085172154541876,0.33352296006720067
2102,1.8704663380159132,0.8389890802425088,0.9635555980718477,2.7336589132050992,9093168985940773053,0.25,8,0,26.412353238227496,31.079409165509407,27.638333393001783,0.06772786583126764
2103,0.6227330160773735,1.9755236333345927,0.683659229010801,1.6913664817368383,7557186008844378939,0.25,8,0,20.067857593738164,27.576631738416868,23.310447901192163,0.07810137964896256
2104,1.5957081281740675,1.2883820828813954,1.662941515268606,3.874198080684119,8426426419634697250,0.25,8,0,22.223582880949373,27.73257795732862,23.376959138573607,0.046606938329297694
2105,1.3640523119668595,0.8063944710745996,1.848565084540751,1.64196041900101,5381448032230691102,0.25,8,0,26.405378108824646,30.617977528089888,28.308454527281658,0.06306878369530453
2106,1.7994884268118345,1.976783017697217,1.5431168844765393,0.6432534527796258,5022717541001767329,0.1,8,8,33.014518368892816,31.28424441358414,33.29697143713833,0.18039000716002654
2107,0.8980651661833705,1.6346176944897892,1.88261129903376,2.521148111367315,5285316817010538919,0.25,8,0,22.09477969953289,27.86892437823507,23.304098427682117,0.05375345652525788
2108,1.7104077754623497,1.1841647375309698,1.4933097198629863,2.8077926188346587,4638362629443554638,0.25,8,0,26.39881328115137,30.61324327736397,26.937088028947798,0.04389374315694676
2109,1.0649961266794454,1.2051095865295123,1.6312997910822191,1.6739107933754949,7621847083794693736,0.25,8,0,26.290083322812773,30.835753061482137,26.39623357432381,0.045007784828031534
2110,1.661621979876592,0.5754017749273751,1.2601924456223998,0.9878826226743093,1153430551246729390,0.4,8,6,31.645246812271175,31.071203130917816,30.023780985059354,0.40833645225598014
2111,1.5315203170616416,1.7586291250373067,0.9653200715491148,3.1437319349584176,3713988613898103521,0.25,8,0,24.279888902916298,27.8788663047595,24.73146593579184,0.04749627135115971
2112,1.9336328061612909,0.5420193998930165,1.5728285483138653,0.502884627533911,2469766361030054814,0.1,8,8,33.045701300340866,31.017863906072467,32.034581663645206,0.19636208691293963
2113,1.511478712370411,0.8720889046034132,1.651917942492032,2.7088623204379028,2873811413088898303,0.25,8,0,24.322307789420528,27.899602322939025,26.03638139677387,0.0482358518506377
2114,1.972576793827703,0.6537627397795132,0.662471278859387,3.1022248251158806,3969736632791296806,0.25,8,0,26.41399444514581,31.00366115389471,26.924244673361382,0.08564951144842306
2115,1.2749532715539962,1.3717275329151382,1.282236968858538,2.838839305046213,8730745668909672735,0.25,8,0,22.247191011235955,27.522093170054287,24.154826196135673,0.027799607127497638
2116,1.6602542309313932,0.9441385894292474,0.7541179869741155,2.368240282343117,231033689749519031,0.25,8,0,26.385273324075246,31.00429238732483,27.291900747447098,0.06716913202141854
2117,1.8221410526127162,0.8755108944708021,1.1489492025517347,3.5128259865039686,227723514875165201,0.25,8,0,24.264360560535287,27.89505744224214,25.257026867653952,0.05583797145822747
2118,1.2537875207766171,1.8251832545699047,1.3813180260842095,1.3418262362298057,6809625538245257514,0.25,8,0,28.38530488574675,30.84648402979422,28.49060004707904,0.05406812652341048
2119,0.5822777479484965,1.2069250610328708,1.4705499890851281,1.8596578042495309,58490824936681814,0.25,8,0,20.11551571771241,27.75984724150991,22.869001715345064,0.052995926045569
2120,1.7195627732117844,0.6005904539603937,1.8684109418855224,3.328537377386934,8149884751930052683,0.25,8,0,26.376246686024494,30.975886882969323,25.57228742151185,0.06843752664530746
2121,1.0159039740350704,1.5434922107370013,0.7222188703721737,1.4433581552194208,3549490566534535183,0.25,8,0,26.290083322812773,27.688265370534022,26.227312484591383,0.06449747603090168
2122,1.3024954993833147,0.7642170133014022,1.3184986282560076,4.593168017057004,5481438516569025946,0.25,8,0,20.148024239363718,27.594243151117283,19.16601826452617,0.052364752041667184
2123,1.3022401484102244,1.5526111786457348,0.922159989422991,3.990675088115161,3364470737201100529,0.25,8,0,20.171695492993308,27.75700669107436,20.856419658041407,0.044238909414460355
2124,1.6941412070671265,1.6285467840108716,1.284796155403353,2.860583760264044,6942048631420910533,0.25,8,0,24.326852670117407,27.730589572023735,26.680853021568808,0.0441463302770841
2125,1.6757358063809604,1.3838316944303424,0.9436089757371422,0.17866282673496048,6862129845643124395,0.4,10,8,31.003345537179648,31.265938644110594,30.836251099977677,0.1803699258921014
2126,0.8733047885655666,0.75756657262909,1.4446937791016286,0.9314535817639708,6453872420839644055,0.1,8,6,27.749274081555356,30.849008963514706,27.15992508434084,0.35581597462422343
2127,1.3812768450910542,0.885041725186789,1.6058582565774566,3.2200654527568533,415183954286609647,0.25,8,0,22.257606362832973,27.514139628834744,23.771178658980947,0.041889770621935475
2128,1.1415176936882996,0.7338843428635435,1.4970623351847978,1.2206166564518273,5391662807489185897,0.25,8,0,30.498516601439214,31.030804191389976,27.882484666391985,0.0666353828232329
2129,1.5753022876964722,1.442024028279731,0.5861032754691761,4.393980793129858,846933378464135249,0.25,8,0,22.27496528216134,27.500789041787655,21.069736694546428,0.061703526175527594
2130,0.6647345561057376,1.199492553700938,1.9707343413173413,4.146025189488937,2463258860596689865,0.25,8,0,17.778153010983463,23.68716071203131,17.210896657517516,0.06868639442707149
2131,1.2820010952349463,1.5723122486479801,1.9957049276322674,3.296466733211831,1931818584495027081,0.25,8,0,22.255176114127003,27.552203004671128,23.44936581957831,0.056519815942007605
2132,1.1651063035642557,1.7618368519451624,1.5969828697540205,3.752538806223587,1503330526599702695,0.25,8,0,22.165256912006058,27.678323444009592,21.23793483641428,0.05133379158478344
2133,1.9574438848076021,0.8854301393008523,0.5435768528602349,1.6760852121797791,2582939820805335308,0.1,8,6,30.316247948491352,30.84648402979422,29.14017106212514,0.341110081846522
2134,1.0570112848883122,1.984776649349502,1.4561835583329237,2.398824324978619,4815182741097496406,0.25,8,0,24.156798384042418,27.53345537179649,24.40983493344777,0.052820628588699466
2135,0.7523222252963379,1.1454359334624682,0.5784304790624283,1.972273217115773,6757850770028933450,0.1,8,0,21.798289357404368,27.515275849008965,22.603191363133483,0.26011278542911287
2136,0.5540981718407598,1.414359374915102,1.1521452548379592,4.910514107666705,4104962803160246511,0.25,8,0,15.725792197954803,20.582660017674538,13.88587808524285,0.06973694038384377
2137,0.5094418905346101,1.8883642649611319,1.884564152712879,0.7592395588050838,79254958140854055,0.25,8,0,24.167024365610402,27.678323444009592,26.054996067389084,0.08117993935873984
2138,1.439074609105743,1.1740212237560663,1.8672860699721328,1.4841933490696813,7138905717022856469,0.25,8,0,28.47191011235955,30.607877793207926,29.308006831316394,0.05675033596381737
2139,1.391285043695945,1.0751068548230167,1.951093439082836,2.2001443733482167,3643277297309108447,0.25,8,0,24.375331397550816,31.02133568993814,27.01709593519609,0.05235282712183929
2140,1.3704765153511738,1.4877181315950536,1.3915926575990016,4.784982715610994,3274438887568413285,0.25,8,0,20.170117409418005,27.35421663931322,19.315339160149193,0.053186773433190705
2141,1.0390723999201446,1.9752065511172021,1.5766660771953886,3.4831359275388523,6459179536103988848,0.25,8,0,20.157808357530612,27.67150612296427,21.305016746325407,0.05945403557961336
2142,1.905016090926024,0.6676185149146127,1.029376594748918,2.8122158969873032,6408399508279231568,0.25,8,0,28.443630854690063,30.84364347935867,27.594069894087095,0.07235421771364932
2143,0.5975752001794683,0.5379023856876504,1.2068772334839757,2.4548835328463854,6144846923348815107,0.1,8,0,17.761677818457265,23.53566468880192,20.66235780953552,0.3238939384033353
2144,1.234502172377037,0.660698714406303,0.5502976189387566,2.152618899837575,7177759201727543713,0.1,8,0,25.789104910996087,30.994823885872997,23.87815985698009,0.28203088420670525
2145,1.7463998210043683,1.3307450204504319,0.9550528747975553,3.7674969125453037,7957975389069246192,0.25,8,0,24.282540083322814,27.54879434414847,24.10067686181426,0.04845232889131843
2146,0.7477389121938633,0.7336269672904079,1.9312541017263716,4.261728127206792,5960600290375020127,0.25,8,0,17.834964019694482,23.535159702057822,17.204337682537965,0.06936631795839168
2147,1.3544101001227908,1.87282170259122,0.7557135398278749,3.352678461607805,6338523236916254717,0.25,8,0,22.18990657745234,27.576631738416868,22.966689857002265,0.05557158090803027
2148,1.3132478579735338,0.8677881330098123,0.9996418362403108,4.125767100978422,1161364877001655516,0.25,8,0,20.23418760257543,27.628329756343895,20.383303069442455,0.047420842398249965
2149,1.303668921916849,1.2899543793181514,1.0305460429472795,2.0483491207855624,4276434838154446197,0.25,8,0,26.32413836636788,30.82880949375079,26.361650730487213,0.04337700255709053
2150,1.6469477319350034,1.2940199952720053,1.238606083507911,4.124739612385123,454920825270802418,0.25,8,0,22.23226234061356,27.75416614063881,22.673641906975202,0.04324634459839312
2151,0.6282665321789618,1.6757544979247578,0.9910893513075067,4.985045739260158,6132460658527875528,0.25,8,0,15.7762908723646,20.582660017674538,14.099454869506262,0.07442903324381099
2152,0.8988838150838558,1.2357755813293496,1.2003919743222824,0.28378306418017973,1702894272509098679,0.4,10,8,31.14758237596263,31.287084964019694,27.94783692084757,0.2329631853762726
2153,1.7276307575390262,0.837538764249736,1.9569431056464093,2.677346442069355,6241269971167072261,0.25,8,0,24.359045575053653,27.75473425072592,27.596661462834415,0.06397045114230528
2154,1.4846141414858955,1.5990568072200129,1.4989967156491175,3.282379756773291,2822061895642962178,0.25,8,0,22.249274081555356,27.74933720489837,24.357826655278313,0.039117831254122305
2155,0.5120323088215355,1.3329077986071576,1.8153160348008839,1.1782946995427135,7817204577358263252,0.25,8,0,22.082628456003032,27.800751167781847,24.63882166582939,0.06673585355861063
2156,0.9361226434676655,1.8268910066222925,1.1901029564728787,1.8694792380686398,5598268247294012707,0.25,8,0,24.20717081176619,27.73598661785128,24.94416407001134,0.05028613791358627
2157,0.6164876302586596,0.5086533173388152,1.0413079960590912,1.5643792925146989,5272597886789779134,0.1,8,0,21.816342633505872,27.552203004671128,21.324378832734403,0.27810852008447245
2158,0.7329177465190551,1.5871341991204413,1.1724928342640775,2.5274576737402854,4902654536818447421,0.25,8,0,20.150233556369145,27.2866115389471,21.781544161405595,0.04480203790495476
2159,1.0763462251358902,1.325072914650947,0.6508507092567407,1.819529620038138,942663610249716606,0.25,8,0,26.329472288852415,27.90840802928923,25.401564749483658,0.062333326501293536
2160,1.8448868577631414,0.9899855595368208,1.7469372936867116,0.5393280001573697,7079788817144245362,0.1,8,8,33.03421285191264,31.02102007322308,32.61242067864888,0.15109741334542465
2161,1.907911858844823,1.1326114980167166,1.9930416751427134,0.7713309621743247,8020726772434778013,0.1,8,8,33.04077767958591,31.248895341497285,33.24156649776367,0.17619814208398038
2162,0.8269462734578326,1.1737221347021647,1.784024726993465,4.614522239471634,3947598399423211608,0.25,8,0,17.926429743719225,23.535159702057822,16.713982876986172,0.06251283304430365
2163,0.7754009838867566,0.8842513611291343,1.3127619740942844,2.2975966607372045,2148157008737967918,0.25,8,0,22.18365736649413,27.53118293144805,22.55757818808684,0.04961146923169991
2164,0.8893106091402874,0.66985013319712,1.229724272688817,2.0223203381097186,8890040461814392854,0.25,8,0,22.269410427976265,27.751609645246813,23.892413208595553,0.060779350638776986
2165,0.6633064751387868,1.286172553140362,1.297340577459541,0.16635953976613826,5838884517803542765,0.1,8,6,30.34995581365989,31.03396035854059,27.450948652177672,0.3667994673838753
2166,1.2958110871498791,1.4414235017575074,1.4164349541382364,2.2595531740959798,8040582771601819210,0.25,8,0,26.348756470142657,27.65247443504608,26.013323934131545,0.03299057389640953
2167,1.8666909986369746,1.9517228909356112,0.6206983334976496,1.3130735264833366,5537390171774677845,0.1,8,8,30.544249463451585,30.960737280646384,30.96227221902351,0.1907262758383423
2168,0.8689914679257182,1.7948855738515854,1.9611875937672536,1.0219934965469664,1750350269056466726,0.25,8,0,26.359014013382147,27.696787021840677,27.438660903732323,0.06918594735866739
2169,1.6904618658827788,1.6432842441151307,1.2105312362603882,0.9244115509964501,9169882439516152201,0.1,8,8,30.516601439212224,31.040903926271938,31.404393851934152,0.10744104636174907
2170,0.7826799113802821,1.705016373967533,1.6992203502971641,4.154338520896538,6195955132924933693,0.25,8,0,17.998579724782225,23.529604847872744,17.865606030162112,0.06454867931445575
2171,1.0602800333286697,1.3983605645764046,1.037471577499033,1.1672435160338879,959628012051688828,0.25,8,0,30.40525186213862,30.591465724024744,27.42556980340819,0.0566311318073588
2172,1.522669624627163,1.8636460930767955,0.9456443066616728,4.6458129785418185,9137426874909269542,0.25,8,0,20.157492740815552,27.727749021588185,20.443695916645524,0.06372495172935688
2173,1.9711391484509284,1.1697663912274927,0.9957034454035785,2.4235788065394486,7036000707884507472,0.25,8,0,30.500410301729577,31.012182805201363,29.22073078246032,0.06334017440067524
2174,1.1393882792015053,1.4722023884413904,0.82702110487811,4.104604444206126,6621406515616878222,0.25,8,0,20.107625299835878,27.58742583007196,19.483778066740776,0.04689490784515787
2175,1.222945152622954,0.7812041800383944,1.7048805101789468,4.28776919030882,3684036185434878708,0.25,8,0,20.12814038631486,27.46925893195304,19.826504207007634,0.053526525013529155
2176,1.241036826990344,1.4937098243021913,1.229536603415747,4.4072512087677715,5270898625511436691,0.25,8,0,20.165067541977024,27.576347683373314,19.508005166564686,0.04403829345766549
2177,1.2668730818196572,0.9843251409050187,0.7311523693317505,0.7321485129119876,2502314864828246307,0.1,10,0,29.118166898118925,31.068678197197322,26.996493561050297,0.20964367151416752
2178,1.159848437221628,1.2993178590274863,1.5482921572236834,1.774747000430494,798403657449723221,0.25,8,0,26.28721121070572,30.750536548415607,26.618649416295103,0.039994343253717236
2179,0.9881494547115892,0.8645816057775277,0.9507752089434609,1.8089337397526017,4845224074679236562,0.25,8,0,24.348819593485672,28.01549678070951,24.9658505914721,0.06119014475559265
2180,1.322959475579777,0.7982727335246291,0.5934286941486897,3.723696783545206,9150779321461233471,0.25,8,0,22.245455119303116,27.681732104532255,21.293170345108496,0.06405501114133853
2181,0.746802060430821,1.2101963213127478,0.519116657334852,2.0042030725172233,7606918464193578598,0.1,8,0,21.79551193031183,27.51243529857341,22.539073422350057,0.28181128705569436
2182,1.9786911147732367,1.56253484179368,1.018306876991069,1.1516551052742274,2389225190843514406,0.1,8,8,30.48478727433405,30.87047090013887,31.8019347451039,0.1348490979653918
2183,0.7772015847322052,1.7451499095019432,1.6567068098561006,4.229324050372037,2890276209483804780,0.25,8,0,17.983524807473803,23.53566468880192,17.601303476087384,0.06564748193108202
2184,1.1754763689566252,1.3657402876885811,1.6988775419905382,4.023961989008752,3152954699050754588,0.25,8,0,20.185267011740944,27.362738290619873,20.471349271893505,0.04519393956102236
2185,1.2124811345303375,1.0940992250852033,1.8757818604326533,4.500605860572222,5859648040970442018,0.25,8,0,20.136977654336576,27.458180785254385,19.374928768029115,0.05781234623421478
2186,0.8165216666978367,1.0223369569094682,1.3387544644825033,4.315747467552467,7796601924397033523,0.25,8,0,18.00852165130665,23.541219542986997,17.158280028880394,0.04850305451469611
2187,1.9379756974893512,1.7484292514768855,1.423368428593431,3.168898806044551,4081635723399842361,0.25,8,0,24.348819593485672,27.99447670748643,27.383355275176292,0.05817026385997651
2188,1.9310546424994117,1.7143113804977506,1.2467862623160624,1.1640591649174281,499050982438580751,0.1,8,8,30.50486049741194,30.97241509910365,32.20808886440028,0.13257847132856185
2189,1.763889102339479,1.6572092010135637,1.9724130053997433,3.3987711900090787,4601955900464646832,0.25,8,0,24.30753692715566,27.73541850776417,26.01735828667683,0.06561978629414769
2190,1.5296225430455337,0.669421158832968,0.6056000200645018,2.2940572820279903,4901153299392409439,0.5,8,8,33.73021083196566,31.039325842696627,26.347658613406505,0.597795665811958
2191,1.6127074527798706,0.8865480171469755,1.6629231708859895,2.457653528871729,5207903462442882589,0.25,8,0,26.381580608509026,30.828178260320666,27.332193193644553,0.05174614722079343
2192,1.8693541976251289,1.2587940005415363,0.7853996537951233,1.483284758706291,9130730885413791836,0.1,8,8,30.522282540083324,30.97273071581871,30.054530638072194,0.14262141521634625
2193,0.8318015462869446,0.54679300616768,0.6303753359131918,2.792418709723832,1440749652028104406,0.1,8,0,21.77086226486555,27.70814922358288,19.168914378600995,0.1861154302999967
2194,1.889331021577866,1.7441147402530088,0.6392266998177164,3.5124880735029667,715682050421415584,0.25,8,0,26.375426082565333,30.73696502966797,25.59366856101014,0.06744555760306715
2195,0.5654295971266486,1.0930228216676072,1.562642182347095,2.591816781272502,3482690521034987279,0.25,8,0,18.05766317384169,23.53566468880192,20.70518275229035,0.05004422212524976
2196,1.500415967297604,0.9294359745500412,1.1655203674731573,2.987284402234851,8922185858190874645,0.25,8,0,24.34730463325338,27.79592223204141,24.852987053720014,0.04259212856973703
2197,0.8270559132627893,0.5745720662699245,0.5185569187795276,1.0391700187503872,6884624263271223302,0.5,8,6,31.137040777679584,30.77547026890544,21.346501248283513,0.564486494866336
2198,0.543385388263289,0.6704724736121226,0.8620306140331797,1.143296818351374,8150196535919144465,0.1,8,0,21.80870470900139,27.885683625804823,21.49034142408515,0.2515866207114113
2199,1.8445145298245844,1.2558727975520703,1.9340509912114425,1.2338433945615623,2793676538385744501,0.1,8,8,30.527206160838276,31.209758868829695,32.4240837847532,0.15619616183716986
2200,0.9780839026889729,1.9019842961593758,0.9637294153257367,4.0389396225967324,349104813151804251,0.25,8,0,20.07890417876531,26.502619618735007,18.93473394814852,0.058773936690372494
2201,1.1973868167676331,1.8337701822638373,0.9913386897110059,4.465011276159265,8358115887083745886,0.25,8,0,20.145814922358287,27.352796364095443,19.039632026557676,0.05794572553321211
2202,0.8486028591167507,1.225170229501117,1.5803078626430405,0.63126362519282,8915400155354163638,0.25,8,0,32.51862138618861,31.22490847115263,27.979038356196355,0.06393342170633431
2203,1.043898872538658,1.3649883974174595,1.7130616522524005,4.539107778844304,7189490445493239698,0.25,8,0,20.101312965534657,26.64748769094811,18.232022071276862,0.05532177897749366
2204,0.9894719697849241,0.6939387305828184,1.1961856649403888,3.042770115047299,5547881561013425025,0.25,8,0,22.26663300088373,27.83824643353112,21.59783834037374,0.04961011156005676
2205,0.7710233039569612,1.3732583689562647,1.0973556516658514,4.719442125877586,2960784997215501493,0.25,8,0,17.793776038378994,23.68665572528721,15.70366986181033,0.0567722645502588
2206,1.9319228381813573,0.6960415684914734,1.3523181962309119,4.490087834079431,5154809417200483259,0.25,8,0,24.267011740941797,27.707865168539325,23.224969315649272,0.06748727217195165
2207,0.7363000502736197,1.0509460201188245,1.1945186746363492,4.207575903207353,6082341983007028923,0.25,8,0,17.820193157429618,23.535159702057822,16.912663278630735,0.04950103716908859
2208,1.2705135702736468,1.8101914222037063,0.6124073531440755,4.9197949410466615,3161993299806013401,0.25,8,0,20.171064259563188,26.68952783739427,17.94326335520752,0.07087874056391065
2209,1.2867110036438598,0.8574147509254939,0.9370416192975164,3.0436050611838765,883334922024166326,0.25,8,0,24.269284181290242,27.50277742709254,23.255620794082866,0.04815603303434516
2210,1.6548886954462052,0.6541994288056961,1.8432336876677402,1.382759989449161,1289896171381292678,0.1,8,8,30.482514833985604,30.76000504986744,30.474659881385392,0.15526591331027043
2211,1.9458560428232556,1.2558240811236248,1.1028588457663406,4.366523464658657,3419682969923957484,0.25,8,0,22.269410427976265,27.568394142153767,23.68065925353881,0.057490652592569046
2212,0.593137086253807,1.9557180142379191,1.6275653335046496,3.5907899518387874,1888417616009129016,0.25,8,0,16.022724403484407,23.68665572528721,18.372275541996256,0.07101932894887138
2213,1.9927603311744195,0.8993573829161987,1.3282361807849026,0.47444240733022114,689683018202482085,0.4,10,8,30.974624416109076,31.024176240373688,32.32567930074766,0.200688457189419
2214,0.5787405475316566,1.941467405854054,1.628968021473685,0.9025186890951797,1014275116944602125,0.25,8,0,24.126499179396543,27.677187223835375,25.867839769904243,0.0731216278381505
2215,0.601997346007721,1.2046853380615818,1.718303495444373,1.3912268481209482,2394247578684482629,0.25,8,0,24.169296805958844,27.744224214114382,24.450165948913636,0.05895157779499118
2216,0.8352209063572611,1.517224027637948,1.9709354752610133,4.950048127060608,5393806589064512099,0.25,8,0,17.872175230400202,23.53566468880192,16.04495005504961,0.078963424823259
2217,1.4778326263110895,1.261758553531941,0.7351904944841979,0.07650954340008398,3496999411235831700,0.4,10,8,31.03964145941169,31.279194546143163,28.967112917346046,0.20736480661693718
2218,1.1433508599788538,1.8145887215423948,1.8634310939439365,2.9722414705220688,8951614459118242562,0.25,8,0,22.1499810629971,27.742803938896603,23.495869923444506,0.05538612480382994
2219,1.3040576396632513,1.4315917804812837,1.8736738066754124,3.9165769243643753,5158507103106480683,0.25,8,0,22.183310188107562,27.810124984219165,21.67457472580378,0.05178810621672048
2220,0.8967870418360621,1.5439788678474762,0.5205269480818462,4.660011096228383,7595623332739424074,0.25,8,0,18.036359045575054,23.68665572528721,16.316286287416208,0.06880193346011108
2221,1.169873197350872,1.1499306944715482,0.6336486619088919,4.6880047613009745,8041174520408955298,0.25,8,0,20.106047216260574,26.48444009594748,17.823763535167664,0.058777140318540616
2222,1.0967740816666487,0.6724178835218848,1.0266948140464758,1.9227178435287484,4807483867873032165,0.25,8,0,24.328746370407778,27.905567478853683,25.294489228770882,0.06410589014431743
2223,1.7555053013379802,0.9398467469919494,1.8322089837796292,2.1680873897908146,5852014156560780748,0.25,8,0,28.43346799646509,31.030488574674916,29.115997474646875,0.06087550076014811
2224,1.8556397541763492,0.5167395785895599,1.3837572704292458,3.551141980729527,4077833361182948757,0.25,8,0,24.348062113369522,30.718974876909478,25.397860053277974,0.06821893030183275
2225,1.163144473133146,1.8808578449750346,1.2159950623329627,2.4268661210249536,62878641508098546,0.25,8,0,24.246559777805835,27.473519757606365,24.758834315711027,0.04482372536351754
2226,1.1985232340088077,1.4586800705976755,1.8402469192465112,4.614161213032817,3507882087660339830,0.25,8,0,20.167276858982454,26.68668728695872,19.068718276293662,0.06113505396080894
2227,0.9553382720960459,0.8712324949469716,0.5163240300561203,0.8791915076081719,6725342403889347476,0.25,10,0,28.962567857593736,30.835121828052014,23.740160117742427,0.3650787608313974
2228,0.8603415488770101,0.753245126662593,0.7496063746021158,2.3181438766075084,5133422517911645302,0.1,8,0,21.809051887387955,27.749621259941925,21.870549410900967,0.13639754221890218
2229,1.254215690488509,1.7539205325243685,0.6446490884641738,1.496315340316356,1591707798686999167,0.25,8,0,28.367630349703322,31.007764171190505,27.518619518651686,0.06703850116524843
2230,1.3958801847189433,0.9158588333110333,0.5425286419569761,4.634327856491806,262276758942789242,0.25,8,0,22.25691200605984,27.597083701552833,19.197051284385534,0.06587136828135766
2231,0.9396636165677987,0.8465355577030707,0.9863621253260719,4.418864536336965,8591496419067454571,0.25,8,0,20.066279510162857,26.47705466481505,17.35630532237291,0.05307825685347539
2232,1.0957013240002673,1.6645205848755737,1.5650341565944,1.6401763244256429,5154048596851974597,0.25,8,0,24.274965282161343,27.925167276858982,26.72220396916154,0.04549804617261362
2233,1.2234130311902272,1.72263910456121,0.6795703132284778,1.6663507973647391,629726745889107678,0.25,8,0,26.318804443883348,27.679459664183817,26.872497788890747,0.06256651565319259
2234,1.622621083994164,1.67969499854636,0.5522515119853793,4.398428945832151,2016476671214208054,0.25,8,0,22.278437066027017,27.504765812397423,21.46994560226463,0.06564317261862733
2235,0.9496965039851863,0.7174481526455518,0.651691968448621,4.903876359881384,1913441021169397108,0.25,8,0,17.89376341371039,23.53566468880192,15.816320517693192,0.07096437324647917
2236,1.9303621995479723,0.8906224242793102,0.7713619527709614,0.48565061369256424,901386209079869483,0.4,10,8,30.938328493877037,31.02543870723394,30.095893224028668,0.23696970687701963
2237,1.411886587274389,1.9595435120318205,1.1165057208461369,2.5761344971966817,6559642013237444482,0.25,8,0,26.32044565080167,27.891364726675924,25.77629689891723,0.049913148493124594
2238,1.269226158647047,1.6048537767871953,1.9470864478477696,4.899622499896462,4327407192694039618,0.25,8,0,20.167276858982454,26.70855952531246,18.80107865459575,0.0734898188634594
2239,1.7863278859674518,1.7455562280184043,1.3913058998001846,1.3561168160022579,5962226768850780422,0.25,8,0,30.550119934351724,30.90108572149981,31.539286878611332,0.06251050125893823
2240,0.9340032307869401,1.7303582599485416,1.5608728567378436,2.667344151545673,5507111987032363223,0.25,8,0,22.1020704456508,27.496812271177884,22.883078000774315,0.043456756892208744
2241,1.3954967426411184,1.8486074859170527,0.7167658864411182,0.8043379098367204,1255802683194735012,0.1,8,8,30.427597525564952,31.039010225981567,29.69733877899888,0.16138508515099223
2242,1.2190013409792466,1.178941561723958,1.7484731542963772,2.031196980215232,7961935164762655914,0.25,8,0,26.363937634137102,31.092033834111852,26.31408103317196,0.041877632043347546
2243,1.760187227824575,1.840872372761432,0.6053572708634125,0.2577837876236422,9221654620876412015,0.4,10,8,31.229642721878548,30.887829819467242,31.28839635408792,0.26001832752296866
2244,1.9741179869328085,1.0077223655007168,1.8843396239951482,2.4070638633414294,258002306966334928,0.25,8,0,28.467049614947605,30.62807726297185,29.783510379059063,0.06748651862835893
2245,0.9179951908061823,1.7452173638344428,0.5091795785780066,0.5917637523003755,8468677851406841974,0.1,6,0,29.505744224214116,31.203130917813407,26.775116616210564,0.5082077090221188
2246,1.645399956118203,0.7533328868396443,1.8062198787513073,4.053106387168738,3092511731867030934,0.25,8,0,24.273829061987122,27.520672894836512,23.076364917760515,0.05992213260362146
2247,0.9407715525679907,1.6037066556777282,1.606799190026377,3.719785015474683,8883307664897238507,0.25,8,0,20.093422547658122,23.5402095694988,19.957482541239774,0.046646688098086704
2248,0.6669512008799814,1.1482156223722109,1.9267145913434487,4.174196074698916,7042894818201965855,0.25,8,0,17.78156167150612,23.541219542986997,17.114547172431063,0.06442818534456794
2249,1.553230679857518,0.836959838580039,1.586285028357032,3.1278952496101815,6714131484658092178,0.25,8,0,24.29882590581997,30.979674283550057,25.01967165357761,0.04618256263183128
2250,1.588363396221517,1.5766032061694828,1.3718807573551817,2.1179325783537637,8486531517928490665,0.25,8,0,28.363653579093548,30.740752430248705,28.15189320451177,0.04290018450473443
2251,1.4078456698426747,1.071290108037323,1.1591540327007648,1.4377591580497828,4760535102022485029,0.1,8,8,30.545764423683877,30.832596894331523,28.732239898857987,0.09739702312073986
2252,0.599509308660729,0.7061174046960673,0.8533515622382011,1.0884452181778732,805710863571938817,0.1,8,0,23.778058325968942,27.894773387198583,22.216300037178588,0.23662374376050394
2253,0.8837454440095655,0.9178030291742043,1.3180348244124631,0.14990455199376806,667225177274229255,0.4,6,0,29.728254008332282,30.923494508269158,27.65518505376704,0.3519236917323391
2254,0.8282142019970945,1.2621604085879017,1.233964161943066,4.836328854284958,1169890054774382168,0.25,8,0,17.796332533770986,23.541219542986997,15.822847266909163,0.05443877564253894
2255,1.3110404362415233,0.7563001082369588,1.7407460496861518,3.9265766708608267,7817450661459325787,0.25,8,0,22.2690632495897,27.463577831081935,21.41013944017124,0.051040465338953546
2256,1.982986764598547,1.3671129650250085,0.5171992048993878,4.468590478078454,6475265014929974635,0.25,8,0,24.293902285065016,27.390007574801164,23.310185838675007,0.07349038701947957
2257,1.5868995315439076,1.9883980964013468,1.1479878649683337,4.378875740994314,1256076059558607485,0.25,8,0,22.20483524807474,27.867504103017296,21.78860310431377,0.06351397453311937
2258,1.2923780859177048,1.62324713837083,1.9318128974484692,2.6517171318652726,498324424405082252,0.25,8,0,24.279888902916298,27.743940159070824,25.255731183777705,0.05021773399801996
2259,1.8075122805703643,0.5049408309632721,1.2109838965883688,4.72645840718,2137151629737872123,0.25,8,0,22.238164373185207,27.74138366367883,21.718835574971163,0.07101577826499623
2260,1.6192702006797437,0.8309625832954481,0.7887981428587597,4.128716516621819,4658558637272952151,0.25,8,0,22.24163615705088,27.70701300340866,22.115991366055045,0.058508068237358886
2261,0.517628255461489,0.5600335652400401,1.4562997951285779,1.4199534740768622,1218873825328156272,0.1,8,0,21.791345789673024,27.77035727812145,23.065663758294956,0.4099321414404998
2262,1.6631830101188956,1.518176672536461,0.5102470416462839,0.16579303983814686,7973000588309242525,0.4,10,8,31.226170938012878,31.284560030299208,29.735186813462565,0.23956000990300644
2263,0.5093092402695614,1.861610770832386,1.0846159378425466,0.09248812644615356,6971304419904602669,0.5,8,8,31.066216386819843,27.980842065395784,27.483685170302234,0.6615571314412293
2264,1.6019909231105909,1.6025621403478136,1.6854096239401035,4.134545067954253,5275199919970922491,0.25,8,0,22.278437066027017,27.553623279888903,22.77890852537514,0.05435282045921023
2265,0.8781317612253544,0.8971886551300172,1.0767808214695656,4.3867708829215,410894544011689790,0.25,8,0,18.06050372427724,23.541724529731095,17.182815847821022,0.05060793620391308
2266,1.1635792216162604,1.7203183657753984,0.8823595244643877,0.8093667976885338,4426723351913760833,0.1,8,8,30.48592349450827,30.982199217270544,28.933895255242415,0.15580247692387855
2267,1.282399194240294,1.9977845182088654,1.839743943400243,1.381139014289583,1604082955213214096,0.25,8,0,28.38176997853806,30.754955182426464,28.808883864724603,0.06491191344218629
2268,1.2588151921783617,1.7647798737933875,0.8299379934360622,1.6633378661768061,8017699249127004469,0.25,8,0,26.313470521398813,27.917781845726548,27.188721698581116,0.05701708798015755
2269,0.9237652814889135,0.8655328077632187,0.5374248032712956,3.1490467994958733,2537668283017765806,0.1,8,0,19.787905567478855,27.813249589698273,20.40390643046549,0.18026522853652804
2270,1.2521324364677993,0.6717658069006132,0.594215885729258,2.564186995085789,3785722003109927586,0.1,8,0,23.784875647014267,30.700037874005805,23.724921692820686,0.25297413177982736
2271,1.3648774943530306,1.978496591735989,1.1211258654818304,4.0206445103118975,1217618778254888668,0.25,8,0,22.172200479737405,27.79450195682363,21.451486131903867,0.056345945016488
2272,0.9339188521867396,0.7884825932863994,1.6427065217475936,1.1583516715967361,4856502576493875763,0.25,8,0,28.405630602196695,30.633127130412827,26.8795827851773,0.0641252099410681
2273,0.5466208539598774,1.903341302544839,0.920061820988606,4.201388048801478,8005012316830631509,0.25,8,0,15.794470395152127,23.535159702057822,15.935221953468933,0.0723545881852637
2274,1.388504008213764,1.2472183199340257,1.569793166306488,2.6778417423540684,5300904932139884047,0.25,8,0,24.30753692715566,27.54851028910491,25.417112176370097,0.0324044072243334
2275,1.090847828866081,0.9123207066470882,1.0197140106253855,1.9131947545146566,8671453604939474118,0.25,8,0,24.323444009594752,27.556463830324454,25.355035952777598,0.05366347753399074
2276,1.0150597301577537,1.1217568294621003,0.6511820537785411,4.668486591325241,5753310713793504672,0.25,8,0,20.06943567731347,26.47648655472794,17.014087505687154,0.05889424019743226
2277,1.4284509536721328,1.3381625624761782,1.8120559319620435,4.745615573992834,3400384478163518834,0.25,8,0,22.181574296174723,27.374100492362075,20.034309048322772,0.05964102633233598
2278,0.6324249776251505,0.9769416868603613,1.7985879932312308,2.121722685290735,3709718321116008157,0.25,8,0,20.139818204772126,27.702752177755336,22.54134505218752,0.05561142046314642
2279,1.487540540397282,0.930267826848912,0.9101626934605513,0.675471739869033,3218691167230216749,0.4,10,8,30.855321297815934,31.22143668728696,28.87291201612626,0.15365946815110207
2280,0.9799515377637461,1.0463383158687305,0.7366104965815362,0.5605060772490839,645752668877810650,0.4,10,0,29.113432647393008,31.062365862896097,25.74962114412154,0.25856291916776175
2281,1.0781872176419574,1.3164453270554826,0.6046048384111559,2.3887269011615397,739448742588046688,0.25,8,0,24.289736144426207,27.514707738921853,23.8097469852226,0.05636862745419206
2282,1.579409469370398,0.889509167141522,1.4009523431667694,4.859758514446607,8561297855973651201,0.25,8,0,20.246496654462824,27.677187223835375,20.234610405655825,0.054496811889209476
2283,0.8096288707718946,0.84987896151381,1.8889822619318068,3.008247198403275,5694956650817299411,0.25,8,0,20.11740941800278,27.46102133568994,21.12412465586402,0.05353985620408742
2284,0.9395730583788559,1.777966114066976,1.1905844174399873,1.3643446510602197,8050072157250951639,0.25,8,0,26.328651685393258,27.68031182931448,26.347882435520216,0.05339839965624371
2285,1.6905279706933258,0.8741330111043402,0.6560732319276874,0.6028560961999352,2218339395038281270,0.1,6,0,29.51552834238101,31.10402726928418,28.581279094432265,0.4265181201308645
2286,0.7504264516451526,1.327994670971237,1.0473310239885172,2.875047733500092,6047372499610290989,0.25,8,0,20.119618735008203,27.33319656609014,20.77407367917659,0.041584934378737996
2287,0.9888274800282684,1.9493796956880698,1.253166709203063,4.706634524304401,2653750646973984856,0.25,8,0,18.07555864158566,26.64748769094811,17.377035121278908,0.06702926991496107
2288,0.8875101468306752,0.5279363278898143,1.7200050602384493,0.5695437827130673,596694130079241128,0.25,6,0,29.49185708875142,30.997033202878423,27.90701853231073,0.5923705127685261
2289,1.4609602233710866,0.6515287677984847,0.6002282718656455,4.302686849514116,4357494578030390280,0.25,8,0,22.24788536800909,27.720647645499305,20.529686697036702,0.06926734534446898
2290,1.9516727182584364,0.7600815561863727,1.2265935223788054,1.4215886115756604,6585887171701459849,0.1,8,8,30.536295922232043,31.055422295164753,30.620039529568132,0.14837881266405412
2291,1.4990535858329048,1.6129219323890478,1.7047900431152907,0.4210869147743912,6614670023835796586,0.1,8,8,32.98538694609267,31.111917687160712,32.10360197808397,0.14728307199371904
2292,1.6969118654770772,0.6327959510935064,1.7875040532283166,3.1098732820305157,7294313075202319725,0.25,8,0,26.415225350334556,30.578525438707235,25.98869878861443,0.06197401306420165
2293,1.4720958479574269,0.9236135872927045,1.5413880750547693,2.113073991299472,7681703965061039730,0.25,8,0,28.416677187223836,30.84017169549299,27.378389984720854,0.04713827993233573
2294,0.8220650999272401,1.0645050109984466,1.799841189975957,3.4328652978511442,49418871127213227,0.25,8,0,20.096263098093672,26.486712536295926,20.01803792965111,0.04731800738725023
2295,0.6686255699083439,1.5325747281841595,1.93415202136325,4.780837812293303,6381597575788237137,0.25,8,0,15.807095063754577,23.534654715313724,15.552947265946134,0.07744055597580367
2296,1.643819525572593,1.147358587996809,1.1855822041483493,2.488595061733614,6249123476739604775,0.25,8,0,26.343012245928545,30.817762908723644,27.20226246552311,0.04325768842213598
2297,1.2663125559253712,1.8391223954810236,0.6215715743222923,1.241341135006055,4308961129005410512,0.25,8,0,28.387956066153265,30.749274081555356,28.30628559355001,0.07160414304464686
2298,0.9167279456224444,0.833311990593715,1.4830614261694501,3.3801484066215797,8821551783973829984,0.25,8,0,20.130665320035348,27.153673778563313,20.46939614436423,0.042272013430194655
2299,1.4710849935846269,0.5106414316219517,1.1603558362920252,3.014865311677056,5503083440440886611,0.25,8,0,26.34629465976518,30.831965660901403,24.497283689516603,0.06028498561951265
2300,1.5958002892595082,1.731063827778196,0.9566491824293097,3.725935470132965,6988173217674867637,0.25,8,0,24.28897866431006,27.75132559020326,23.48801574146979,0.0483311650703691
2301,1.5878387111090286,1.8901079699439618,1.629208167278774,0.92253569166724,3263074947006348993,0.25,8,0,32.60901401338215,31.025123090518875,31.73675757699591,0.06653985001946144
2302,1.5453435438825673,0.6329256806555692,1.1171345081330506,4.29097335031237,3856713098249359464,0.25,8,0,22.248232546395656,27.390575684888272,21.384446190089857,0.05646533283079853
2303,0.8938064798236013,0.8495320547165389,1.2537397774397412,4.55689167857938,2927525616663654232,0.25,8,0,18.037495265749275,26.648055801035223,16.909325848205736,0.051271330649577
2304,1.9195077953804018,1.6109914274366695,0.8626284501049056,1.182240968660024,7886062022760310886,0.1,8,8,30.49614947607625,31.081934099229894,31.285011894447827,0.13776260530053633
2305,0.8044203722830909,0.7536968982382468,1.5357035938755303,4.046195883113374,5838507564116311259,0.25,8,0,18.044028531751042,23.39578336068678,17.950970169792893,0.05242206541767366
2306,1.0350310419885735,1.051546470609205,1.003382483466079,4.517056636453543,5880845487190466166,0.25,8,0,20.10036611538947,26.320824390859737,17.772079103041186,0.046443884006957946
2307,0.5444586845566026,1.7370423283484673,0.6790488722851662,3.1658925371113207,2986613566076436479,0.25,8,0,16.001767453604344,23.54778437066027,18.637930001927163,0.06618228330247906
2308,1.6410858357838152,1.9880339628025345,1.1561285734674969,1.1317015767974175,5975841772416756179,0.25,8,0,32.595884358035605,31.06994066405757,31.20730059532196,0.06723069957638779
2309,1.0328699569257473,0.798277581312637,1.172366443721435,3.9655629651819027,3772707060957016992,0.25,8,0,20.148024239363718,26.659133947733874,19.33087706347858,0.044557276171268
2310,1.5514444186111918,0.5654991143302905,1.0998607524878672,2.1203418004359307,6023776787724314560,0.25,8,0,24.366620376215124,30.650170433026133,27.473486147590616,0.06801870471521866
2311,1.2453497263111295,0.7369626115288168,1.8088232886668725,3.061844810768968,1324125413037349772,0.25,8,0,24.273829061987122,27.38943946471405,23.488134740708762,0.049626432719698146
2312,1.0018947845516741,1.5226808731485504,1.8841229855394042,1.5391910140481613,2268436810723010361,0.25,8,0,26.297879055674787,27.914089130160335,26.572272577387718,0.05203115652054069
2313,1.759244354174038,0.8105860093507928,1.5667678096131783,1.700832487693884,8359594317187567059,0.1,8,8,30.56015654589067,30.76000504986744,30.18723519160217,0.1215601539217919
2314,1.420353777110368,1.097573782574143,0.8981190908161378,0.26430183520036954,5191806675157748911,0.4,10,8,31.02196692336826,31.09834616841308,29.039894612847995,0.14933764774659905
2315,0.9016915779379575,0.6554922692145886,0.9478284605815148,4.636551039214995,8526056329284844623,0.25,8,0,17.89376341371039,23.541219542986997,16.493883473818393,0.06144917941622855
2316,0.8047123378025167,1.4362116913970548,1.2107410081553656,3.5480827080291206,1779520090273150974,0.25,8,0,18.074138366367883,23.53566468880192,19.349315375586645,0.03905001778630365
2317,0.6525792428611137,0.691144425890005,1.6575137793661996,2.503719691768207,52570225847092560,0.25,8,0,20.136662037621512,26.540398939527837,21.415506962072396,0.05816725245946964
2318,1.4503562944199317,1.6444432941635365,1.277529581830466,4.652137834887386,8094275440852100283,0.25,8,0,20.160333291251106,27.652758490089635,20.209579103070492,0.0517518347789021
2319,1.1958287690335963,1.7265494436060325,1.721424898562151,2.2205757834138447,9018898751793379534,0.25,8,0,24.305264486807225,27.891364726675924,25.779974507136057,0.044940694569749265
2320,0.5675838171547547,0.6101047021651295,1.0234212980121806,0.9254091125378427,9135048683641400382,0.1,8,0,23.789420527711147,27.9345410932963,22.589948231717976,0.265489119527979
2321,1.6325132042881212,0.6729608316308752,1.3209638627733544,4.791818354078059,4043573381542255078,0.25,8,0,22.251357151874764,27.463577831081935,20.64771166636651,0.05949462737290021
2322,0.9945112979406021,0.5400498212167061,1.8720687932268016,1.8360999025799174,4687967330950634467,0.25,8,0,24.318520388839794,27.70076379245045,25.40053105456562,0.06700716057739618
2323,1.8138033793781083,1.1240144843435664,1.3153089275344996,2.0800730448170794,670783814315612607,0.25,8,0,28.448049488700924,30.843327862643605,29.430320709174893,0.053372820769407164
2324,1.6933597642816667,1.1427009212091006,1.9784915663796665,4.199352301441066,7035375872003625848,0.25,8,0,22.234345410932963,27.733146067415728,23.201394496456704,0.06196876877101286
2325,1.3470588287382226,1.0537164433853854,1.9080352984617643,0.6524515939717179,5278921584016928076,0.1,8,8,30.48440853427598,30.973677565963893,30.853611287519453,0.1535713920960565
2326,1.1616185835855126,1.9151709975941058,1.6461109723526879,4.39757418265126,6676565493760002068,0.25,8,0,20.121512435298573,24.530236081302867,19.502200533943164,0.06483738198280285
2327,0.8774509054280064,1.6246759258944132,1.546605668118377,3.169087612079831,1771251888170132041,0.25,8,0,20.142343138492613,27.504765812397423,21.096075410770524,0.0415336730182564
2328,1.7023697506506155,1.122647607542603,1.2285525917673452,3.515623070186816,2901986808837781319,0.25,8,0,24.25186213861886,27.81040903926272,24.703044397982765,0.04070777257367898
2329,0.8786764209757367,0.8441227598262886,0.8132875433151248,3.7289871679038917,5907260260509865155,0.25,8,0,18.103111980810503,23.535159702057822,18.869334498496926,0.05399249143699132
2330,0.8835603610019633,1.5507453014325103,1.9171393883958427,3.1537977586909385,4648807141922971150,0.25,8,0,20.145814922358287,27.241162731978285,21.375625450013768,0.05206560774127846
2331,1.0061878848334946,1.0346102272669597,1.672484061463381,4.294573902318668,5027016417299896225,0.25,8,0,20.108256533266,26.47762277490216,18.6205173221665,0.04727706518637627
2332,1.9364271173229421,0.565812001169872,1.841733291736636,4.3258645416812245,1210661859845276891,0.25,8,0,24.292387324832724,27.56612170180533,24.043742488884636,0.0753200610091945
2333,1.8734244412173386,0.8524149066315041,0.7698750642194372,2.7873583787412564,2456153651738681677,0.25,8,0,26.412353238227496,30.799772755965158,27.399506123010465,0.06814590878241167
2334,1.9065056266644906,1.5116968392080072,1.82226206003341,3.2747724183969407,8719599110263575330,0.25,8,0,24.328746370407778,27.662700416614065,27.062555378427902,0.059067149663588954
2335,1.8381547444471633,0.5901478708746366,1.8358141303001543,3.8442611346382454,1662099590714344154,0.25,8,0,24.313975508142914,27.74706476454993,24.798055238609592,0.06859081206999652
2336,0.5176128969183404,1.6533909990162403,1.731576170771326,0.3992303221061394,4345659158708198596,0.25,8,0,30.332344400959474,27.886251735891932,26.802888678495744,0.07444211932574896
2337,1.449696177264289,1.5076325569142721,0.8728544754904025,2.9060598874355033,7048266481180927904,0.25,8,0,24.302234566342634,27.881706855195052,24.793401292029117,0.04113458236207719
2338,0.8889916766015584,0.7218676261275458,1.6593926838457143,1.3237746266342854,4842454457868803243,0.25,8,0,26.405378108824646,30.756217649286704,26.127493516192914,0.06350535098006913
2339,0.9779418241448423,0.7206099242392051,1.0235377643356391,0.057296805533140205,6998097092154491067,0.5,6,6,42.20016412069184,31.31422800151496,25.313559772940483,0.8755737716618015
2340,1.7269987644957816,0.6001056305764174,1.6440345128811085,2.1669135119713125,7210968551568938122,0.25,8,0,28.470142658755208,31.00839540462063,28.705090964088402,0.06634910773769767
2341,1.769492594050161,0.7443898116299661,1.6241685224423463,2.6365208675546548,717370805517826704,0.25,8,0,26.411942936497915,31.04311324327736,27.674515009043077,0.05786483611720637
2342,1.084126923589473,1.0303103236082078,1.149747874353146,3.7087812367893176,1746541357871911106,0.25,8,0,20.171379876278248,27.813249589698273,20.404127681678442,0.034522341282206916
2343,0.7581349465669481,1.0658790700873824,0.5958503804980719,2.357691711541057,4162673278286664951,0.1,8,0,19.78632748390355,27.79478601186719,21.640296068778312,0.19755227423279173
2344,1.072534959084079,1.3443188668941572,1.043758514146457,0.5742800311096047,6767668329728591010,0.4,8,6,31.76303497033203,31.23974245676051,28.62754793350323,0.25617461061992175
2345,1.024288600082719,0.996330866764062,0.7502840576888619,3.833565844573728,8069770487225498029,0.25,8,0,20.135399570761265,26.381328115136977,19.448950783221896,0.04970171820824072
2346,0.6202921262223111,0.9962170555799306,1.1149404020908136,2.208682071277332,6931846662125739323,0.25,8,0,20.147077389218534,27.37097588688297,21.811580229483113,0.053192161098641944
2347,1.4200853685738917,1.8625266695597118,1.9620024601108397,3.8520557551185886,1059253567559871460,0.25,8,0,22.20483524807474,27.77433404873122,22.73667717313651,0.06673801671406492
2348,1.8744545283871648,1.634234654216349,1.4898877064503595,3.215775803647907,1687323366615754196,0.25,8,0,26.353680090897612,27.715818709758867,26.85843967662097,0.05139775508154241
2349,0.7008656360742695,0.6591797083525719,0.9078786611239253,0.18263518606083162,9045673447148299942,0.25,10,0,29.123847998990023,31.093611917687163,23.290008333107394,0.3531538712222126
2350,0.958797913676255,1.0120020133661902,0.5132285623199209,2.681033185242466,2990021005212725472,0.1,8,0,21.81113495770736,27.799046837520518,22.066995203259435,0.19524668172973395
2351,0.8436391250142735,1.0480941644354311,0.8445430461380803,1.7203483760245968,1777102923220736418,0.25,8,0,24.279888902916298,27.705024618103774,24.35159017296131,0.05983838557924549
2352,1.1994931762721521,0.8207866048255099,1.169616199325732,0.9342228856146961,4957697598590509562,0.1,8,6,30.37684635778311,30.975886882969323,28.176119214880366,0.22253771647365345
2353,0.7025980398717129,1.4456203907882976,0.8854191741498496,2.545166662784275,2689184129679438332,0.25,8,0,20.15338972351976,24.629970963262213,21.352011954024245,0.049345253087743145
2354,1.2443165379306944,1.4984375511761612,1.520090500452659,2.626304774722788,5469157903103264898,0.25,8,0,24.264739300593362,27.87829819467239,24.73937763966767,0.030759925565671725
2355,0.7758843923115684,1.1073327271317421,0.9224156796706683,0.7534615355561997,1291966392547057333,0.4,10,0,28.95246812271178,30.832596894331523,25.814264212065368,0.24061296208710473
2356,1.2893302705478762,1.899985817418872,1.0329287913039777,1.3676685203191608,3809354226761364264,0.25,8,0,30.41330008837268,30.607877793207926,28.34660625872887,0.05734381620413662
2357,1.6919451500564233,0.9534870438039784,1.3728116156395642,4.8804181156894995,5356670377096744622,0.25,8,0,22.241983335437446,27.533171316752934,20.849374249996764,0.05477071777298397
2358,1.4783697858322964,0.9145233374852363,0.5521534164209849,4.002291133996712,9021856822529118656,0.25,8,0,22.248579724782225,27.86381138745108,21.532127255726934,0.061129577798839665
2359,0.9778079543332714,1.924885949183165,1.2351082220589928,0.8542686394051591,2764825188692291898,0.25,8,0,28.349072086857717,27.798762782476963,28.063287912379383,0.06246831360843163
2360,1.255561200679673,0.748786655183707,1.9679687969760367,4.774289401379407,193723525833451846,0.25,8,0,20.160648907966166,26.323096831208183,18.85299342768682,0.0661374587753293
2361,1.6044563239312022,0.6642247320610906,0.9291519711190184,0.5938629834224995,7572053790898195549,0.1,6,0,29.51552834238101,31.10402726928418,28.82804416386296,0.38386572090902193
2362,1.111386840807367,1.7303807930132233,0.756742981928566,4.074267459511541,7844163433149499020,0.25,8,0,20.111728317131675,27.3587615200101,19.51677960066169,0.05301418750788894
2363,0.6419786555530161,0.7808251339515553,1.3534109707734687,0.563659774841001,7672946504912104105,0.25,10,6,30.74106804696377,30.74106804696377,25.920555739882026,0.5755284069939801
2364,1.204142707242208,1.3965550566666014,1.6048350793750603,4.960780978726647,4578538599237779363,0.25,8,0,20.110150233556368,26.490689306905693,18.00552660805268,0.05572481547391632
2365,1.7487626193702108,1.255049456769855,1.6180137077419599,0.4187606615298034,798960092800403897,0.1,8,8,33.01656987754071,30.98788031814165,32.458322175962486,0.12137525398990848
2366,1.6011662024691695,1.0417249857969542,1.9990002360686414,4.725129282250096,4686191457221323322,0.25,8,0,22.286074990531496,27.639407903042546,21.16143936922963,0.06617212222760918
2367,1.1372187249151384,1.268107187005884,1.0217154613546033,2.8366431199940805,8839611678594491354,0.25,8,0,22.276701174094182,27.49709632622144,23.14970915170853,0.03265588251318548
2368,1.0555915761746646,1.5836852963704509,1.8363014363496293,1.870735218779117,1917835064309076270,0.25,8,0,24.3226865294786,27.674914783486933,25.947989358519454,0.04726147076011095
2369,1.259974208208119,0.7962338747222768,1.2591046733180844,2.1285651734490028,5890071399712043666,0.25,8,0,26.372964272187854,30.749274081555356,25.8565497102988,0.048700100789236686
2370,0.6609301221276982,0.987227145244353,1.848269104026493,4.404647623681872,336932771039042846,0.25,8,0,15.75912132306527,23.54778437066027,16.36224739783766,0.06317129763943258
2371,0.839362747607409,0.9840026563327076,0.8224798945892755,1.6903204805564342,5835276407667129864,0.1,8,0,23.795101628582252,27.633442747127887,24.226851655549105,0.18909160896971614
2372,1.1962079972391344,0.7757437317146515,1.6754295572505569,4.2002010010972,3220282153901645375,0.25,8,0,20.12814038631486,27.49709632622144,19.945797710828145,0.04887864129743357
2373,1.108287269991579,1.7874712846788094,0.6027024175374319,0.6231999294949264,4217785220418853688,0.1,8,6,30.42040146446156,31.037116525691204,28.266754131920052,0.29530084439091475
2374,0.9454451878750045,1.672486107051327,1.2308478655566946,2.325692081567678,1602046309190587032,0.25,8,0,22.148245171064257,27.56072465597778,23.68010164287804,0.038763054013285246
2375,0.9464821839986115,1.4762525085009786,0.6452949199923305,2.0658519394521573,1112768551587599823,0.25,8,0,22.162479484913522,27.513571518747636,23.99634303070013,0.05698233334249763
2376,0.8696218452620088,1.64824504498546,1.7373932311887925,0.9154238097162637,2554771458913689859,0.25,8,0,26.355731599545514,27.66696124226739,27.45757121750036,0.058740700393805134
2377,0.5473659127707892,1.5212921656395881,1.0004218798777218,3.1370170047114616,2880665347637252870,0.25,8,0,17.99233051382401,23.54778437066027,18.858765670120928,0.05199574890564185
2378,0.6299784259274457,1.17510177926762,1.8203758524444247,3.739042339720344,6762821026268412547,0.25,8,0,17.872175230400202,23.534654715313724,18.069336020792598,0.05526695013494333
2379,0.7571303295680324,1.1259816508120273,1.8631781166552503,0.5320094043128348,501817001152751770,0.25,8,0,32.48933215503093,31.091718217396792,27.775816124167903,0.06895996168743548
2380,1.5487984285800853,1.5520736806336863,1.4468356399517448,3.883405546697525,5973939174629724743,0.25,8,0,22.279825779573287,27.500504986744097,23.014171911053083,0.041165560718205894
2381,0.5266005915514727,1.9186615808982503,0.550981000975058,0.17700197369562298,2370625560859284054,0.7,6,6,37.90032824138367,28.111223330387574,25.262962835598383,1.377699786112007
2382,1.4307675086921483,1.267423977444917,0.5294431715106042,0.24775861176687453,8958251651963215970,0.1,10,0,29.179712157555862,31.06520641333165,27.884740560729554,0.3075609766770085
2383,0.8442979257973762,1.5200126408120855,1.0001747308194524,0.864361868080325,1017885519038626527,0.25,8,0,28.364095442494634,27.761835626814797,26.971170214818184,0.0620282233916943
2384,0.6834662792880193,1.0132557445662056,1.6801442200122394,1.7332264686234677,159177318119464954,0.25,8,0,22.15623027395531,27.51698017927029,23.86390629572247,0.05295346996940243
2385,1.9730228142513782,1.2000960898785444,1.131876564975055,3.396279166250929,6044181061272474165,0.25,8,0,24.33026133064007,27.891932836763036,26.602418179955517,0.052458433894132885
2386,1.117478437144924,0.5378967105457091,1.0187145583208574,0.31453954695544295,3672868532936568290,0.1,6,0,29.56129276606489,30.97020578209822,26.107646297118183,0.3489060820253324
2387,1.000517075289805,0.9818400719907094,1.9114545904868394,0.4121469603842065,1634097494654322110,0.25,8,0,39.12858224971595,30.999558136598914,29.567255542540423,0.0717618761446696
2388,1.128906015082664,1.4645006196772832,1.1084054245378607,2.6861448472523364,3703152608541931739,0.25,8,0,22.244066405756847,27.498800656482768,23.631680906765734,0.030929643429182866
2389,1.9154873921468225,1.9919377662894882,0.9180537951424363,2.5040323146382177,4344884627265147329,0.25,8,0,26.356141901275095,27.69763918697134,28.83848601153913,0.06629923917236892
2390,1.8324156219124468,1.6494798599343996,0.8809060615497819,0.8591093140647643,4437347941960905465,0.1,8,8,30.497285696250476,31.32653705340235,31.428904785843404,0.13117052010437627
2391,1.4257500623921444,1.5228757999419744,0.9305945883330065,3.7925678155416334,2993798419737458090,0.25,8,0,22.278437066027017,27.380065648276734,22.190635401180764,0.039856830550866106
2392,1.60252075234999,1.0806760786691698,1.654081258988258,3.8389140345405073,8270981590155853815,0.25,8,0,22.22184698901654,27.74820098472415,23.44596583619794,0.043448424508193396
2393,0.8549913533537754,1.178584766735234,0.9339328440433269,0.20649506326351597,3375163377253142476,0.1,10,0,29.123847998990023,31.103711652569118,26.682554167568107,0.3037645285466056
2394,0.7004978900630421,0.5400679921017546,1.167221956917293,4.334077809566669,1430576914708798703,0.25,8,0,17.740373690190633,23.534654715313724,16.252661327893883,0.06362277777600135
2395,1.949800456881595,0.7236024195309243,1.579359788853123,0.2639666870099111,4894613877261451490,0.4,10,8,31.00145183688928,30.9402221941674,32.58852719990032,0.22958418630442318
2396,0.5919170514771792,1.2333427816882843,1.3283697122395315,3.1591473668517662,6491494479248136677,0.25,8,0,17.990626183562682,23.535159702057822,19.19421590870062,0.044002300980197785
2397,1.0118982924977529,1.1464233702959148,1.8075940809056341,4.320766074599803,4117512385203338754,0.25,8,0,18.098567100113623,23.68665572528721,18.703826981301,0.05092509363509126
2398,0.6325456207673945,1.6746211799299395,1.8102721137550797,0.12415013025644905,4818258576066405506,0.25,8,0,48.69915414720363,30.996717586163363,28.361346479113962,0.07564328797294295
2399,1.0087703825115106,1.5498336204958925,0.7667475407456632,1.5700592823207367,8379646981176959965,0.25,8,0,26.336857719984852,27.75530236081303,25.897020693635184,0.05669254907558687
2400,1.5419663028770714,1.4248344497705578,1.7939994390232863,1.1512549982993292,8003741934984850973,0.25,8,0,32.578209821992175,30.922863274839038,30.85883397799618,0.057067455993867394
2401,1.3082037488298806,1.0272392514115767,1.1019384975533801,2.656782554510269,1255917670721173868,0.25,8,0,24.326473930059336,30.584522156293396,24.66306495554917,0.03707318757344182
2402,1.947114589433916,0.740797589588633,1.7047457080661994,2.8374758047627786,9162806231308342408,0.25,8,0,28.443188991288977,30.98788031814165,28.233558343028157,0.06436292395732458
2403,1.7233852979055098,1.826161484262093,1.0338229269002532,2.845384537873583,2987793908662502896,0.25,8,0,26.342601944198965,27.9345410932963,26.762983703615603,0.05099244638832885
2404,1.5706059972229274,0.8472913279334611,0.793109883449177,1.9347588832815292,6358495576931423774,0.1,8,8,28.07076126751673,30.843327862643605,27.797699836788098,0.1571432580826843
2405,0.5095892602044451,1.9338947470046497,1.8036305169775615,1.209856912924618,7114879227612882754,0.25,8,0,22.096168413079155,27.639123847998988,24.755101181015856,0.07158984569749492
2406,1.5286025889230401,1.5140102451413089,1.4143171980358495,3.8348432237058065,4460778969718980992,0.25,8,0,22.279825779573287,27.755586415856584,22.972488529081097,0.038417161615930874
2407,0.709820412073596,0.8533440689284804,0.6242021218807396,2.6640667012211794,1142297233732982003,0.1,8,0,19.782855700037874,27.443125867945966,19.755310221988353,0.14263767708823796
2408,1.1203103170983413,1.5268216895017788,1.3513651845018049,4.735561127599584,8349421699274900139,0.25,8,0,20.096263098093672,26.48387198586037,17.975445709161285,0.0496524523811389
2409,1.1809293524206228,1.388848828801989,1.3255769758155798,2.9835680339053523,8626758747033176857,0.25,8,0,22.276353995707613,27.391995960106048,23.233765124051036,0.025321408730031206
2410,1.569868093491012,1.1906656283255663,1.6283421704178462,0.2618671636180714,7125239542274395044,0.1,8,8,33.06375457644237,31.107499053149855,31.89298720529544,0.12353502945118375
2411,0.5112401288176602,0.9817515509025077,0.6653271758471466,3.223569768948736,6214382044926843434,0.1,8,0,17.583291251104658,23.529099861128646,17.703270204368245,0.2234854321225363
2412,1.1863128005369568,1.0509129193644355,0.7470199283916155,1.48684484978657,1871616878794447739,0.1,8,6,27.661785128140387,30.849640196944833,26.660016413037905,0.14693220096502232
2413,1.8367395112654494,1.3061861916107944,0.5009416278644201,4.411111527233508,5635562840729319909,0.25,8,0,22.22184698901654,27.75814291124858,22.515790277285852,0.06679253393672438
2414,1.3279465736710028,0.9624338444505908,1.5657371434607599,2.9514691436226737,1591910829816695692,0.25,8,0,24.29428102512309,27.50845852796364,24.228556652534923,0.03500972926612319
2415,0.6395054512402281,1.7623771333613842,0.5227056433714212,2.6324543170207892,6482159110792342132,0.25,8,0,20.08995076379245,24.51180406514329,20.610986829160254,0.06818030767069841
2416,1.0860656860680409,1.5221317512750456,1.0725371057555388,0.8554234932675153,6296428209747821465,0.25,8,0,32.497411942936495,30.900454488069688,28.558098365154535,0.05756558364888154
2417,0.5588335609049568,1.3786482940189786,0.5601757208488775,2.3175099450651104,4994964374059481756,0.1,8,0,19.755081429112487,23.57505365484156,21.092982091666354,0.32539598797725316
2418,1.9817373007471952,1.3068381713615684,1.8673308389070506,1.4448993642193302,9030044161631502267,0.1,8,8,30.49917939654084,30.838277995202628,32.608167085138355,0.15584415683567931
2419,1.8116812221192249,1.4101397627200754,0.537846465578792,2.0786717237667323,8528666310013451107,0.1,8,8,30.590077010478474,30.74106804696377,28.84949848823882,0.1717343474773256
2420,1.3595423682283112,1.4027946306065566,0.9517247807688187,0.6489581139939227,2789196930271341214,0.1,8,8,30.487817194798637,31.307600050498678,29.66625131867596,0.11783345873650442
2421,1.8650688280777394,1.891360906027366,1.682372888871666,4.93548501637526,366263499821891307,0.25,8,0,22.278437066027017,27.71042166393132,22.123430688967133,0.07793121372545209
2422,1.0352193436815846,0.8652325202427901,1.0270607181094433,4.558039539178799,1911977501460456083,0.25,8,0,20.116462567857596,26.463420022724403,17.58078025525095,0.04916012132981982
2423,0.8261556973643583,0.5797345446291229,0.7567138242071285,3.936199616400447,49868633955272059,0.1,8,0,17.673336699911626,26.64748769094811,17.738219961852565,0.22956030476088582
2424,1.42403442499492,0.80971210239274,0.9335793555008036,3.6223526006393465,6821788308470048377,0.25,8,0,24.26360308041914,27.56356520641333,22.45366973307278,0.04760879138050069
2425,1.085043764982195,1.2024937845411603,1.2419836649656404,0.72682619165023,6826185171626361231,0.1,8,8,30.493119555611667,30.873311450574423,28.754295079022242,0.1359700043834018
2426,1.8784380875016586,1.155390159048115,1.2264980127212775,3.111539923412984,5242874051743120998,0.25,8,0,26.382811513697764,31.014392122206793,26.868142794564076,0.04741471668365372
2427,0.8665143882346477,0.6171429580142529,0.9162128836001244,3.3636004732116187,7996123421077324832,0.25,8,0,20.137608887766696,26.484724150991035,19.832747091297193,0.058267832444703876
2428,0.7292136107795611,0.8272135418442275,1.2214424917214268,4.37273293801613,5950421296134071118,0.25,8,0,17.789799267769222,23.535159702057822,16.421684993132633,0.053101196852475045
2429,1.7532009708765326,1.2367858045495284,1.3000726702583243,0.1362703667708226,4527128721127275391,0.4,10,8,31.23721752304002,31.078777932079284,32.106094032303034,0.1641028259650746
2430,1.0137578091145316,1.5761388913697219,1.756212833233164,0.9937419810879006,4041763517996830085,0.25,8,0,30.393416235323826,30.83954046206287,28.203319521626312,0.0544823200178157
2431,1.622948344220215,1.5137329026009838,1.7436015030116658,2.012459596733237,6794222042237510788,0.25,8,0,28.45158439590961,31.028279257669485,28.897967244984443,0.04817775234184072
2432,1.898006366617639,1.3209371983609153,1.9788107751654362,2.849586393654684,3818881485406940428,0.25,8,0,26.346704961494762,30.74990531498548,28.250324716096515,0.0606923297542236
2433,1.78370055874728,1.9867888230236002,0.9042072056572468,0.61843611356725,8106713068592494689,0.1,8,8,30.462820350965785,31.100871102133567,32.05204616530272,0.1566502388834196
2434,1.2669310235615203,0.686429281470163,0.5875090433396983,3.1381814796866463,6941417621778215404,0.1,8,0,21.804885746749147,27.523797500315617,22.776276126339305,0.24724448234097957
2435,1.5795210283608436,1.4113509716350592,0.8455861961645679,1.3109645118675854,7327401511913495958,0.1,8,8,30.51622269915415,31.014076505491733,29.510042156144607,0.10736190725039077
2436,1.3147738214796325,0.729986999649954,1.8924695883325293,1.6122220272150078,8160458441875467305,0.25,8,0,28.435235450069435,30.832596894331523,28.0889794447882,0.06137276088864896
2437,0.8263013415079112,1.4404574218065316,1.6660810360366252,0.12803502280494317,1168692031497876266,0.25,8,0,46.68526701174094,31.01944198964777,29.456802480323628,0.06860103796532553
2438,1.8431041944723492,1.7429580609251647,0.6315261929898541,2.8383403478204707,6602476016342624919,0.25,8,0,26.322907461179142,30.742646130539075,27.206331461186483,0.06382538287762324
2439,1.9059638233181133,0.579598262594307,1.1297643919948666,0.14864016214107656,389858213277040534,0.4,10,8,31.23690190632496,34.21199974750663,30.49623275677619,0.24836305361367297
2440,0.777975229204337,1.483871525911715,1.857621563137523,3.8207760955178074,8191848711007941779,0.25,8,0,18.058799394015907,23.529604847872744,18.865324468954483,0.05546992207505031
2441,1.9929399995758372,1.2684384332377403,1.7280631975386624,1.5776637446339092,5774724235634832600,0.1,8,8,30.522282540083324,30.958843580356014,32.1126933774077,0.13895542653454276
2442,1.889566507263491,0.569943364340982,1.984109781976488,3.253930778669903,6683588423733731912,0.25,8,0,26.3680406514329,31.117598788031813,26.85367869722437,0.07248876612825733
2443,1.6560024761552392,1.488338704681222,0.9125455205721344,2.235656775704063,4506941021190807729,0.25,8,0,28.43877035727812,30.765370534023482,27.93485968881319,0.04917913519098326
2444,1.6706586675219837,1.881444918380546,0.91724066902461,0.6671869689149162,5565814688428982076,0.1,8,8,30.50145183688928,30.902348188360055,31.41337140991986,0.1369464540288792
2445,1.7087800653208416,1.8458731835000939,0.8902611851362415,0.46965248315379626,1294271250518184840,0.1,8,8,33.02149349829567,30.853111980810507,31.701364625727255,0.13993685682098306
2446,1.0823396513465944,0.6821888003844903,0.9212423079368897,3.4982554132612833,7780248170287157873,0.25,8,0,22.25587047090014,27.64707738921853,20.752147755271217,0.05203904902699873
2447,1.4576522422617673,1.0130738505374772,1.345162459983948,0.7110797740769437,5925125046088937048,0.1,8,8,33.06662668854943,30.97020578209822,30.170882962118473,0.10197739969932205
2448,1.3200664272559048,1.4848413671058969,0.9915936178165345,2.7602620646477187,8064204966974252300,0.25,8,0,24.24958969827042,27.634010857215,24.516082797304158,0.03431888067529399
2449,1.0044190511844446,1.1122021753147802,1.7976003131085254,0.33813476691415545,2665815312026286530,0.1,8,8,30.462820350965785,31.01975760636283,29.85664610098647,0.18090242869300688
2450,1.6900604777565653,0.7963438346771012,1.4761306659899291,2.9465819979009438,8250499876376141894,0.25,8,0,26.375015780835756,31.005554854185075,26.289235862505524,0.0490135798045653
2451,1.7263490190908208,1.0346552355124077,0.7246917459734004,1.3473749652280254,325151158346665670,0.4,8,6,28.946345158439588,30.953162479484917,29.469381406622155,0.31160973902543476
2452,0.8504539819760695,1.5903596425557311,0.5032192370714639,3.2135730560952296,1993217556436598284,0.25,8,0,20.116778184572656,24.48655472793839,20.176022743526932,0.059694807255928
2453,1.4160518068653887,1.9673742367867761,1.7838837559759242,2.7897626691811546,2772791561402785601,0.25,8,0,24.2927660648908,27.891648781719482,25.6334155035901,0.05625471293522396
2454,0.7434999083110624,1.6302786809607686,1.9056050932343236,0.29604918123722235,8646669772869197933,0.25,8,0,36.506186087615205,30.985671001136218,28.773640413613652,0.07127747648109811
2455,1.6363305878745358,1.1151364342672463,0.8012147208187737,0.27006137382354356,3083884759490117468,0.4,10,8,31.228064638303245,30.999873753313977,29.704941556007313,0.16421470199466637
2456,0.8234513293095354,1.2970737742248064,0.8163002664424879,3.4547526697569477,7451913010303040324,0.25,8,0,20.090581997222575,26.48444009594748,19.45297983916152,0.04542181794440827
2457,0.544562654872431,1.9905819776723017,0.6434991741167587,1.7867276033627029,6225972617379421638,0.25,8,0,20.071960611033962,24.448428228758996,22.65850268505529,0.07487976196784318
2458,1.5048379983560003,1.8236537203599534,1.43528443407522,1.3394089229648847,4164353726219578439,0.25,8,0,32.50902663805075,30.849008963514706,30.04053452196917,0.053559632256799265
2459,0.8172326906328211,0.646526278656427,1.1782087845725757,4.280281460438809,3404893966545301976,0.25,8,0,17.90711400075748,23.52304002019947,17.11555000241459,0.05534162460658002
2460,0.5662290164115871,1.4888619588807526,1.8298597628679953,4.863062691003216,5308882271387445337,0.25,8,0,15.753566468880193,23.68716071203131,14.627753236219412,0.07486086421726312
2461,1.7562275064231083,1.704380915969737,1.8574239896126432,2.3503355838776416,9017799495565475515,0.25,8,0,28.363653579093548,30.750220931700547,28.87992264367476,0.05708868957704361
2462,1.92971247575208,1.9632704921526485,1.482802394769382,0.11318902059166858,6300084754933739827,0.1,8,8,33.090834490594624,31.03459159197071,34.19251745639996,0.17732267308764163
2463,0.8256541582932312,1.0400528644982867,1.9827231230557285,4.460218824572973,1315694629646890079,0.25,8,0,17.9582439085974,23.535159702057822,17.290254769819455,0.06278613349861108
2464,1.1225050843666207,1.6762838721994044,1.84934076984032,2.097542810971935,8876900184465595210,0.25,8,0,26.32495896982704,27.72263603080419,25.866529807403108,0.04699592319936322
2465,0.6292882614402016,1.6436495179112862,1.25632870889098,1.9292980870602228,6422098482207968289,0.25,8,0,20.074801161469512,27.38603080419139,23.051160707935338,0.04927022304336742
2466,1.510850762712312,1.2481957293456438,1.5391094561478926,1.5835596350718069,3688262767932957095,0.25,8,0,30.4989900265118,31.00871102133569,29.29609937327969,0.0458589667143546
2467,1.7168793539263902,1.5151486020354297,0.5363215799610005,1.8945214581985366,1464874108235422589,0.1,8,8,30.606362832975634,30.754955182426464,28.90484439507861,0.15802721019063035
2468,1.0345172341988413,1.8511624973326757,1.665650639317128,2.9532897697695986,979702579673945149,0.25,8,0,22.090266380507508,27.36870344653453,22.827382148382394,0.047880841074149694
2469,0.8885290381748208,0.6896440276101798,1.7778681365585165,3.8219469147057876,6019873264050507957,0.25,8,0,20.10320666582502,26.64748769094811,19.257104642575744,0.05384079866623174
2470,1.2461798342231474,1.1958168497155617,0.5473805225689377,4.731095488216672,6279914639724043077,0.25,8,0,20.146130539073347,26.48273576568615,18.08056122461691,0.05873307251057498
2471,0.5601747257710166,0.5483142925158085,1.370851911599211,0.6341828840487362,4403767428330035575,0.25,10,8,30.728127761646256,31.028279257669485,24.40709840054446,0.4633471943464212
2472,1.8032218589404623,1.3339924995566785,1.918497878333465,4.977575718180476,6145162970717103271,0.25,8,0,22.27496528216134,27.498800656482768,21.5964132534651,0.07032537475243422
2473,1.4953745362467483,0.5359659291663366,1.684849563477544,0.7902491157228392,7388687823675509143,0.1,8,8,30.494255775785888,31.038378992551444,30.22376380199887,0.15721514675122752
2474,0.6803062348686941,0.6218066646371461,0.9742621079857192,1.511923513670097,1713162255088564052,0.1,8,0,23.786769347304634,27.553907334932457,22.31589841666668,0.19747953460692608
2475,0.5743982100493408,0.9940267449725918,0.6478632777707636,0.5639806356672356,2120081944963505132,0.1,10,6,27.44880696881707,27.758995076379247,23.018014377637606,0.6119628843521127
2476,1.5507640791367132,0.6155926105506258,0.772235643005108,1.8566206841167792,8591655154770034762,0.4,8,6,28.775533392248455,30.842696629213485,27.218641365979853,0.3443012355989565
2477,1.4489929327553042,1.0870737782825244,1.262595293521486,1.1876271686974453,7823505189434576172,0.1,8,8,30.494255775785888,30.96610276480242,29.521750453045243,0.08423323335678068
2478,0.5832532544367663,1.2667774048300715,1.1158059727694678,4.978729543947607,7208963103556476614,0.25,8,0,15.7515465219038,20.598567100113623,13.876616592458802,0.06259118401861656
2479,1.767281887993759,1.9521371962076168,1.843062690735981,0.1424138378701123,8094211830504090906,0.1,8,8,33.075653326600175,31.085090266380504,34.094150964653046,0.1961950100002189
2480,0.6699639151311167,0.857036543701887,1.5230358366123375,1.556605134986417,7596621959316992219,0.25,8,0,22.271146319909104,27.733714177502844,24.31840717186159,0.05732453305445377
2481,0.5859259823897645,1.4862697891143346,0.5395810293083374,0.5196284392705608,6508831589690079325,0.7,8,8,31.44498800656483,27.79109329630097,24.398133347599472,0.6716929976238352
2482,1.0292622653378833,0.9128962536073081,1.8903088312865024,2.8761997096250007,8090090517932594102,0.25,8,0,22.27496528216134,27.79478601186719,22.917632579190265,0.04568248276398646
2483,1.6694213691059874,0.5466150943755279,0.8777546815453051,1.7198316463246703,3416761688398476788,0.1,8,6,27.744066405756847,31.028279257669485,28.107514997303614,0.2593080779965592
2484,1.413636384718627,1.508890393577272,0.6889189564208599,2.5461982436329307,2979577407938763132,0.25,8,0,26.362706728948364,27.558736270672895,25.484140235088915,0.04933481373055395
2485,1.756696370696829,0.655870707383941,1.7270467146083013,0.43211416731630203,5686700261589970780,0.1,8,8,33.04652190380003,31.07530614821361,31.894642319780313,0.15938279712870587
2486,1.4997106112886631,1.3195980655139388,0.9451741353505057,1.2408219159183786,6107200256801639387,0.1,8,8,30.609392753440222,31.018179522787527,29.41222948702825,0.09465062104930558
2487,1.935872010271443,0.8642019085668194,0.82692859495601,2.4405756012444035,869708375782982136,0.1,8,8,28.047153137230147,31.00902663805075,28.792239846000133,0.17322948589458054
2488,1.259040667279191,1.798358433976943,1.720847949230655,3.6586668242110783,2198536516346291980,0.25,8,0,22.177755333922484,27.831145057442242,22.158286882788605,0.05085077596563036
2489,1.2643122385027614,0.8399308476386886,1.6654914907663323,4.226202113362999,2020537127732443022,0.25,8,0,22.206223961621006,27.562713041282667,20.280754354584793,0.046050742326179395
2490,1.872606266839194,1.6678162240521348,1.6032776127118369,1.7980352686942376,2673920346952903003,0.25,8,0,30.516033329125108,30.84017169549299,30.959913512739874,0.057809681469336904
2491,1.5183401001055317,0.8711942010106504,0.8965070906051102,0.42439696674305694,2777499471004327105,0.4,10,8,30.902663805075115,31.104974119429368,28.936085033780973,0.15494558439798273
2492,1.0077258304787493,1.3875558478449153,0.7404174748580783,3.0704477527320444,1739920928086488116,0.25,8,0,20.17295795985355,27.885683625804823,21.606131576393484,0.04390641570501966
2493,0.669541197065729,1.0547143838891115,1.9866835680302177,2.8115772340818945,7051571769969291447,0.25,8,0,20.090581997222575,26.47705466481505,21.089277153613345,0.05465275919963513
2494,1.550728165923275,1.1145207893372178,1.9680072677545137,4.441336403259774,4679468872798662407,0.25,8,0,22.28052013634642,27.788820855952533,21.626197534489833,0.05854683338288943
2495,0.9618715349507018,1.9065483210629024,1.4878033388447394,1.298922516634119,8240410634683893564,0.25,8,0,26.346704961494762,27.689401590708243,27.012087835893126,0.05394942466341482
2496,1.116615310911755,1.7724511201628637,0.7927901790883007,4.214999646194087,2956282021912495687,0.25,8,0,20.162542608256537,27.506754197702314,19.116623177585485,0.05343861498482884
2497,0.5367258423808635,0.7457792266650278,0.6222183368989684,1.75945032579645,7161730100895095760,0.1,8,0,19.785380633758365,27.58856205024618,19.54134814515372,0.18317772435742347
2498,0.6927677130123843,1.74376547657325,1.9704826618667537,2.1094057270929434,1004730234398141368,0.25,8,0,22.114568867567225,27.378077262971846,23.393926927298065,0.06020673895425091
2499,0.9865407360767339,0.8193223316525902,0.9566005133198949,0.4496933334690295,7698409605284478343,0.1,10,0,29.123847998990023,31.087299583385935,26.308711730112716,0.25437209332804606
2500,1.9112188605931357,0.829790348958249,0.6795514487994578,3.391092803246088,2455202814417063750,0.25,8,0,26.39758237596263,30.811134957707363,25.82129475285439,0.0679685560310231
2501,0.5074254046004502,1.6372435962999639,1.2348247018317264,1.3985239619749517,8984095380093035306,0.25,8,0,22.068741320540333,27.514139628834744,23.81325385366114,0.058313982112616146
2502,0.9723319318434238,1.2737782540911677,1.8742497438908075,0.2516067229370489,7725936704374755754,0.1,8,8,30.50637545764424,31.077515465219037,30.187291534771216,0.18920694626137186
2503,1.5637666868172395,1.034049285056453,1.6237191289442092,2.478593926848162,5286397707331248942,0.25,8,0,26.37706728948365,31.025123090518875,27.05042348276683,0.04151905871402285
2504,0.6196792409420142,1.8956330702710749,1.0040060501027757,2.2186691757823995,8979827742179970891,0.25,8,0,20.05397045827547,27.58202878424441,22.048518782411975,0.057524274744460674
2505,0.8645371655155889,0.8561726577524531,1.4829607859039338,3.4754596958449135,6378868729454880846,0.25,8,0,20.092791314228002,26.48387198586037,19.954844361758582,0.04120892237528985
2506,1.188426126981796,0.7830248092264425,1.8361080024483867,1.2666446561538254,2216160738428336863,0.25,8,0,28.461747254134576,31.01123595505618,28.365931975319253,0.061110700327295396
2507,1.7884962982187753,1.1100205862423145,1.9378833531216155,2.121304272480365,3001742421719263573,0.25,8,0,30.474371922737028,31.025754323949,29.61821560413905,0.0581647207281566
2508,0.626828558114928,1.42689421119616,1.5551462474130853,2.842948387157219,150406677003502378,0.25,8,0,18.05766317384169,23.53566468880192,20.548824306208772,0.043639170322767415
2509,1.232901686550764,0.8853531084790529,1.1825673441483855,2.218126687078193,6751568492488656165,0.25,8,0,24.34313849261457,27.899602322939025,25.516089302043216,0.04379801981113974
2510,1.460316198923619,1.7590740874760966,1.5343018681591643,4.599605746602673,4989019551738141014,0.25,8,0,22.180532761015023,27.714114379497538,20.5285439515499,0.05686414019288376
2511,1.6454864234270454,1.9375980670378627,0.5161088395855429,3.126826050623147,5067612942418417674,0.25,8,0,24.321171569246307,27.70076379245045,25.19168922318109,0.06583274227613589
2512,0.504171970783536,1.8216402546517982,1.7498720297330028,0.28272867784246314,6881201976355234925,0.25,8,0,34.293491983335436,27.978001514960233,27.338730816612944,0.07566491861933504
2513,1.0467412082510938,0.9151153995356753,1.3277751914116733,3.83322558498774,321855040333744653,0.25,8,0,20.13255902032572,27.598219921727054,19.91869292947951,0.03656409422489451
2514,1.5172391580420812,1.9296458440326916,0.6757206934282038,4.347424812808799,5653589023591941028,0.25,8,0,22.180532761015023,27.879718469890165,21.054306242965538,0.06329152959090556
2515,1.37885564595158,0.9790005705860878,1.3670786331704128,3.154924624784595,2034649077023741392,0.25,8,0,22.266980179270295,27.51300340866052,23.85109047321494,0.03225633363696889
2516,1.339362493521343,0.8282967132065767,1.660840686144226,0.7566475260133421,193223072594222962,0.1,8,8,30.50486049741194,30.998926903168794,30.037476966625416,0.1274821641089843
2517,1.829837477436882,0.8256233911880057,1.0910618704350006,3.644594302512793,8127896655418765121,0.25,8,0,24.261330640070696,27.802455498043177,24.880663532035005,0.05337089041311137
2518,1.68932237254988,1.8306057923449308,0.6695022437712325,4.722910692932948,3911208426538420332,0.25,8,0,22.25066279510163,27.668665572528724,20.968725511546626,0.06639264951196068
2519,1.9240760575529996,0.7572833886828175,1.6878625456928003,2.0454425423739497,7998796695592718513,0.25,8,0,28.8108193409923,31.02764802423936,30.37242501633768,0.06668479059025742
2520,0.916434194753927,1.0058948704094837,0.6054809028700012,3.666730640137043,1267548363174085313,0.25,8,0,20.114253250852165,23.68665572528721,19.170097424056983,0.05539681880922044
2521,1.2966431669120615,0.6694482934009339,1.902419795272945,4.8500210910532875,5264759723381311398,0.25,8,0,20.16633000883727,26.353774775912132,18.801935960968436,0.0641117714002026
2522,1.0250974198438254,1.0597582980395672,1.9707250874709676,4.3925016191950155,7357314556588956034,0.25,8,0,20.108256533266,26.64748769094811,18.666912593745362,0.056896129099919986
2523,0.7357043005388914,0.5147745998162438,1.316908485493786,2.8032474371823044,1360428473930111528,0.25,8,0,20.14644615578841,26.64748769094811,20.909945282947064,0.058871940915942195
2524,1.1848726651507662,1.7538680706715404,1.1580758528841293,1.1203625211245987,4238955532122204659,0.25,8,0,28.431700542860753,27.684004544880697,28.57566614276118,0.05233354449348128
2525,0.9302149281062315,1.0775267284236223,0.5090644089552259,4.918435166662758,6250368148187030554,0.25,8,0,17.9639250094685,23.534654715313724,15.643009055648747,0.06542460205910026
2526,0.5303192272011296,0.5093746079906591,1.041458396169761,3.750612262094954,3259619967629220043,0.1,8,0,15.626309809367504,23.68716071203131,16.56085412614724,0.2889725735982537
2527,0.7015886109644649,0.5573892671939453,1.4876548454751735,3.115347534514206,2781581777003017587,0.25,8,0,20.11551571771241,26.47762277490216,19.947026340263093,0.05639996689331463
2528,1.9945374308900683,0.5138317143318507,1.9074432446832001,2.924137905592051,919694145431973724,0.25,8,0,28.447165761898752,31.00176745360434,28.355497246557952,0.07519331345488535
2529,0.5349119613388071,1.0482177043474472,1.258703329735635,4.0569109678226525,8228011828636415557,0.25,8,0,15.714934982956697,23.53566468880192,16.271191802925784,0.052326654659893126
2530,1.1721617909600381,0.9628471103147984,1.5626062633998068,1.3626523905530241,2028528980934930680,0.25,8,0,26.415225350334556,30.633127130412827,27.861579259924888,0.05010451062853752
2531,0.7756704443460622,1.318099088587348,1.2277926149052611,1.2556380193221588,1909963468406331897,0.25,8,0,24.323065269536677,27.928291882338087,25.70827383900335,0.05069169781597452
2532,1.6321673409581081,1.8707979173830565,1.5308288551892606,2.4053549759246535,6676486708981577062,0.25,8,0,26.29418634010857,27.92119050624921,27.82449417742424,0.04948559790476942
2533,0.8071765375862316,0.5634450036486057,1.1024792773864567,3.6294664476490315,4614015802569510358,0.25,8,0,20.119618735008203,26.47705466481505,18.849263466096943,0.05609913693114232
2534,0.9846378601679844,1.7433824596132992,0.681046177729187,1.585940166564133,943953001174811204,0.25,8,0,26.35080797879056,27.948175735386947,25.74761686707788,0.060168184814212315
2535,0.6564534761351871,1.0561288162921896,1.861506062398741,4.5370812123081175,6046534746936989274,0.25,8,0,15.727812144931196,23.534654715313724,16.021788140638268,0.06285289668097652
2536,0.5713766813769461,1.9705248411593947,1.2022257865988388,3.3704169527899768,929865739941758876,0.25,8,0,18.047153137230147,23.53566468880192,18.652340212321356,0.06097547298344234
2537,0.9335890230297366,0.983460064557633,0.8997306086385237,2.2465084271832847,5860800022638028743,0.25,8,0,22.271493498295673,27.707865168539325,23.509358528057742,0.04937617479195007
2538,1.037396947807871,1.4713075846815913,0.7213610320503834,1.5655856135691282,1150970719848797496,0.25,8,0,26.290493624542357,27.673210453225604,26.06745091041013,0.05633936608646999
2539,1.7213105406351152,1.7776086142815601,1.8042096690210665,2.89193078315055,53467187906999349,0.25,8,0,24.335184951395025,27.67434667339982,27.115358784681682,0.05503030550932628
2540,0.6544885033363084,1.9071424505060974,1.8872894804577205,2.148648280602134,6972740262310514635,0.25,8,0,20.05554854185078,24.688296932205528,23.044694672974607,0.06281994596886004
2541,1.9297862046283296,0.5777523695243079,0.9813541935535508,1.3809432935563937,4050300796469155010,0.1,8,8,30.53478096199975,31.04406009342255,30.025048185567105,0.17684876474430553
2542,1.5715080161387698,1.265724096967879,1.6899280267031653,0.8553680959105853,8976396171151396241,0.1,8,8,30.53743214240626,31.217649286706223,31.355059409527787,0.10117253984026713
2543,0.5260452203895962,1.2273031650397122,0.6920278719254255,3.4601145674689575,509098281088093528,0.25,8,0,17.750031561671506,23.68665572528721,17.592723041752183,0.05923489874208599
2544,1.7919816195245888,1.745347072038178,1.714444387344387,4.53927582834765,949662086871880791,0.25,8,0,24.303749526574926,27.55163489458402,22.7652964882341,0.0652952211562584
2545,0.840352732045136,1.770272173441612,1.3729186311808634,4.709167348584126,2771798967155471168,0.25,8,0,17.9778437066027,23.68716071203131,16.47646321415296,0.060730560733746615
2546,1.3168076867148675,1.252242006805895,1.3424389708530369,4.449324383899722,7265921372924222660,0.25,8,0,20.16664562555233,27.576347683373314,19.862744354158227,0.03792222901542906
2547,1.983736972700491,1.6698223812218043,1.7027735219160682,2.480980636832531,1193095957087186691,0.25,8,0,26.37665698775407,27.56356520641333,29.723272278751036,0.05919139835686537
2548,0.8301150465115776,0.7745966476867778,0.5033541216723512,1.2414233446631657,1026963720212692669,0.4,10,6,31.202499684383284,31.0216513066532,22.49818961853892,0.370599450153434
2549,0.5405643269983131,1.1506325145680392,0.973278182919855,2.0545415640078724,8942384308234349569,0.25,8,0,18.084648402979422,24.31763666203762,21.840774344242313,0.0550514201092575
2550,0.7788052597846987,0.7641384491147306,0.5388805331677629,2.4733423982862455,6200015236166893375,0.1,8,0,19.788221184193915,27.628329756343895,19.921644534797963,0.14613101847446885
2551,1.7339464406358274,1.1031179312076045,1.9008112576916758,3.910987207992363,3533186567916359340,0.25,8,0,24.293902285065016,27.50277742709254,24.168795137248637,0.05403333976052354
2552,1.55777560023078,1.8546883646590089,1.3467229668549758,2.886125966104163,1196309851847547311,0.25,8,0,26.342191642469384,27.741667718722383,25.879489932862093,0.04390733120584644
2553,1.1329030394197022,1.79193006969498,1.0551340515951655,2.3571369792245136,5073648524358941763,0.25,8,0,24.290872364600432,27.685140765054914,24.6765933221064,0.040922317700446735
2554,0.7336390999576975,1.146184602934568,0.7788263530863894,0.030697862392019548,5944606039346678699,0.1,6,6,31.438896603964146,31.07499053149855,24.896912677084224,0.7663880866471542
2555,0.982920504269159,1.076504179426869,0.7519619433759703,4.708300551623825,4100887804909858546,0.25,8,0,18.074706476454995,23.39578336068678,16.73059107648368,0.05344514182175586
2556,0.6261506187505721,0.7796428176823365,1.7003089253283143,2.7694989486026356,597818451618529920,0.25,8,0,20.083007196061104,26.47648655472794,20.681550560728542,0.05278355994178085
2557,1.538836933934952,1.4853123620840072,0.95598532637368,4.2283947047980055,3407816492625449721,0.25,8,0,22.272187855068804,27.685140765054914,21.605826070385806,0.04311507250789579
2558,1.3824656410110343,0.5156510777416321,0.5216377841552495,3.086157778111296,526459445533912224,0.5,8,0,25.71304128266633,30.639755081429115,22.71929285954858,0.2856152300193169
2559,1.8161677905021534,1.7913097762769166,1.299700688176388,2.0508777247325307,7832570756143912626,0.25,8,0,30.472004797374066,31.01123595505618,29.722199250660793,0.053282470020797806
2560,0.728588900339645,1.193617912968281,0.5609666138873113,2.754602366401852,5704519225791919594,0.1,8,0,19.751925261961873,27.562144931195558,20.829594993826287,0.22152009409753257
2561,1.2982549172246642,1.0704044944443174,1.6566686914768542,2.760283987224633,3985901197961146820,0.25,8,0,24.326473930059336,27.515843959096074,24.705887476608837,0.033301674206089135
2562,1.7239798022547985,1.3387692099866502,1.3976798494687217,4.95217448722915,638330906512498381,0.25,8,0,22.28052013634642,27.49056306021967,20.8914942718269,0.053591627766598135
2563,1.3417091291191117,0.8915083394269145,1.163959780047934,1.6296384656330265,7330141388688616591,0.25,8,0,28.467049614947605,30.762529983587932,27.798728332336893,0.05263890883705584
2564,1.628117828644636,0.7349402638880451,0.8746442939320493,2.66915629484797,8494540816012522462,0.25,8,0,24.35715187476329,30.84490594621891,26.30505886686531,0.05940479117564251
2565,0.9698761655813039,0.9244272074444775,1.1192573477037175,0.745711748340348,8359475346511235491,0.4,8,6,31.703572781214493,31.07499053149855,27.329464828699038,0.24356701226220337
2566,1.36793512382554,0.7900297495941639,0.8249965128318322,3.1356459648219035,6514811477509953209,0.25,8,0,24.280267642974373,27.74706476454993,23.427920039056495,0.051059932705183345
2567,0.5544527314897314,0.7967528720088387,1.5222998687199156,1.0941699149156947,5189796660922368373,0.25,8,0,24.306779447039517,27.900170433026133,24.896260500221693,0.0666699286323579
2568,0.9156761398240914,1.5637369709658873,1.5431695891931432,2.3333175700111597,6498331949537729194,0.25,8,0,22.148592349450826,27.755018305769475,23.725962957709203,0.03609707039444722
2569,1.4002786965481797,1.71389319409051,1.4035523472676172,2.3438752797193017,5284136448146574493,0.25,8,0,26.32454866809746,27.90840802928923,26.493673343910714,0.03702462060907385
2570,1.1452880385151039,1.0202374574143092,0.5562433896826183,4.680104608047477,1485272074851051732,0.25,8,0,20.112675167276862,26.64748769094811,17.627396882406774,0.05879498761495755
2571,1.2168149902139105,1.128415363873707,1.6034453803822821,4.180218892856516,1758686011177202981,0.25,8,0,20.171379876278248,27.512719353616966,20.181286358370365,0.03847635356633502
2572,1.0278288578404406,1.8170330534334935,0.7032236395280789,4.4703579168689185,2970400713378159125,0.25,8,0,18.07442242141144,23.529099861128646,17.848708340184523,0.0598534956759723
2573,1.4738017161679147,0.9611630847155069,0.7597016616231278,4.689996503426986,5061361393121823974,0.25,8,0,20.239237470016413,27.361886125489203,19.656266230960938,0.05327689556148733
2574,1.8691863847972139,1.4972307097603532,1.8699932494825575,0.024926806263012025,7335517485230357962,0.1,8,8,35.56425956318647,31.033013508395406,34.103569000411056,0.1649626285955117
2575,0.5745071026320465,0.687789732188749,1.1279989944288182,4.486719613684046,8373138532973050526,0.25,8,0,15.687918192147457,23.68665572528721,15.110164052059412,0.06182428104552853
2576,1.0448149255841144,1.1011888145356643,1.8627273183797377,4.595009287364083,6525840574703422772,0.25,8,0,20.083638429491227,23.53566468880192,18.156297947747746,0.05440687485012518
2577,0.5595885893912786,0.5462284944001272,1.9135239622527673,2.0598023819494946,6995537247861666854,0.25,8,0,20.13255902032572,27.470963262214365,22.374422093167777,0.06917133609898556
2578,1.2465614890414625,1.167771865437004,1.3418537204518186,4.289856836675048,348091788236456660,0.25,8,0,20.171379876278248,27.604185077641713,19.89046339896235,0.03499013897995769
2579,1.6995433239786228,1.837515077187024,1.0356042291825391,0.9575899223435685,9217176174549039200,0.1,8,8,30.515843959096074,31.32180280267643,31.30553404841388,0.11812270733014212
2580,1.5498341381462017,0.8258858260270334,1.315932143032215,1.4562434351699316,6427444218286252368,0.1,8,8,30.552581744729203,30.83133442747128,29.36031745825756,0.10090820187867502
2581,0.7760026095224271,0.8876399679357506,1.968050161147727,3.156943399870784,4419657705550692829,0.25,8,0,20.11772503471784,26.64748769094811,20.659168176664576,0.052856418272567325
2582,1.4618636590938006,1.9885588471450941,0.8459535153765767,2.6326766809537134,3467486320027051536,0.25,8,0,24.31814164878172,27.9902158818331,25.75221523190395,0.05336046954031995
2583,1.7233125107492393,1.611890486711439,1.2803260236180578,4.422460485034546,7786644988575702634,0.25,8,0,22.278437066027017,27.57066658250221,22.399193739265357,0.04988445942686806
2584,1.690418166335435,1.7263860047369814,1.7173732652617755,1.3626747779693411,8647241383786533298,0.25,8,0,32.560535285948745,30.971152632243403,31.181798404404873,0.05761530261115781
2585,0.6996954493206257,1.7871432008367183,0.541216114603809,4.61874439453093,3350164348417264402,0.25,8,0,15.819467238984977,23.547279383916173,15.388336651741936,0.0715787926749686
2586,1.7083022089902384,1.2947263717446444,0.9109800148526057,1.7315208127079207,8206998049041524056,0.1,8,8,30.556369145309933,31.013129655346546,29.48246818425661,0.10224216215032302
2587,0.5800195346538666,1.0095812134127002,1.4094040589628918,1.9458108057354717,4616155562017285657,0.25,8,0,20.157808357530612,27.82773639691958,22.606531522648407,0.050141878429743686
2588,1.7059140866105031,1.114897666312819,1.3561896647016014,3.138268720240285,2440625893981299072,0.25,8,0,26.348756470142657,30.60061860876152,25.848649111717215,0.0383539341571526
2589,1.3248863923768943,0.8547777627728449,0.9672177402588635,1.7717456301499013,3216170130831794310,0.25,8,0,28.43479358666835,30.845221562933972,27.149519679593006,0.056264215701941435
2590,0.717420728576379,1.0066526164968275,0.5238639322328414,4.875488948000242,5987158434373285948,0.25,8,0,15.741951773765939,23.68716071203131,14.54248517542529,0.06854300161674104
2591,0.8855813154590939,1.21781489050636,1.6313358262929167,1.3393062353840512,375785111340696310,0.25,8,0,26.285570003787402,27.746780709506375,26.31865444616725,0.0467392661194157
2592,1.5739713130981314,1.407769545367847,0.6884493632337407,1.6296924252758345,72494634826825451,0.1,8,8,27.975981567983837,30.76000504986744,28.882205199196736,0.12409989218665297
2593,0.6644697759096858,1.3304352517630698,1.0038961267665922,2.246001833587477,947996613960147509,0.25,8,0,20.15559904052519,27.630034086605225,22.07662611429082,0.046014837301799935
2594,0.6792862861466793,0.7685806671561715,1.2359181291362897,3.4748997261696184,7522427375446864316,0.25,8,0,18.025849008963515,23.541219542986997,18.679552510744422,0.048660903890603194
2595,1.1090960956845193,0.7317413184336913,1.3175887826439023,2.5366217096140335,4139875739297104603,0.25,8,0,22.261772503471782,27.582596894331527,23.908313577765867,0.043870820966745515
2596,1.1320569290680786,1.1448593976419708,1.1911078542852194,0.8740835983800788,9150969462611961269,0.1,8,8,30.536295922232043,30.884042418886505,28.715684982839534,0.12207775017511749
2597,1.4308056484558693,1.4929891902918069,1.4884977928726686,0.7085321929617366,6734644853118345015,0.1,8,8,30.45335184951395,31.08824643353112,30.97051395739926,0.09854182425480142
2598,0.6461584559665428,1.8615246966613157,0.9313766749340074,3.8705236218896233,2425380374832095205,0.25,8,0,17.953983082944074,23.541219542986997,17.46516411731417,0.05942276457308407
2599,0.6213157976329384,0.846633646306854,0.7040304518385083,3.6312939448697374,7254098355443911425,0.1,8,0,17.5855636914531,23.53566468880192,17.35345596700355,0.19013834817960681
2600,1.9198202741435837,0.7655618147711716,1.7737369911641236,2.6770609141587762,6412985321320610790,0.25,8,0,26.38978664310062,30.828178260320666,28.587737838287083,0.061731845535635724
2601,1.9663036770150426,0.5051735443071966,0.562236478872351,4.95239056667596,583771291773784509,0.5,8,0,23.518211084459036,27.74933720489837,18.27590167560862,0.34886994374167724
2602,0.8711953487493415,1.7023499009369987,0.5992476151709545,4.643742613124707,7983030532504099895,0.25,8,0,17.99943188991289,23.529604847872744,16.3507928643954,0.0636145293583167
2603,1.1274752827627283,1.8151510937536826,1.9672299814634824,4.212092077647357,7766273972426114098,0.25,8,0,20.111412700416615,27.706444893321553,19.995421715991352,0.06579206767995614
2604,1.9930665786934947,1.0193697549572325,0.6366989056706231,3.3413674785253615,1580921841407052983,0.25,8,0,26.38034970332029,30.75179901527585,26.4704310467896,0.06646763602564998
2605,0.6995025477705443,0.5497780241047598,0.5208723739781476,3.9549289988943808,7687536854912036336,0.1,8,0,17.5855636914531,23.53566468880192,15.338446228530987,0.24469073039757705
2606,1.251909391233357,1.5405920809681333,1.8567285586909257,4.95053390322724,8407615699672777165,0.25,8,0,20.13887135462694,26.49608635273324,18.491520267532064,0.06323791702582028
2607,0.6646856763633228,1.7149316354688224,1.5960449509531285,2.647986669613753,1962374196661226331,0.25,8,0,20.07764171190506,27.369555611665195,21.43125510816605,0.048119324375388434
2608,0.5893831793384481,0.9252394094744105,1.3270387265735368,4.240902553110261,4179505154338245292,0.25,8,0,15.723267264234314,23.541724529731095,16.08612106033243,0.05228539443200111
2609,1.7377563223230812,1.9268685511872066,0.8695133490111355,1.2462475466056895,7267290282093296457,0.1,8,8,30.55144552455498,30.95694988006565,30.88797793945102,0.135153920679275
2610,1.226577411067428,0.7497764669449576,1.1668329510379358,2.650243952738811,9020496128427217333,0.25,8,0,24.2927660648908,27.574927408155535,24.177375525029074,0.044246277902612555
2611,1.846675883954801,1.6654863903893107,1.9508850688165928,2.7004310242894287,8636954675343554939,0.25,8,0,28.340676682237092,30.830071960611033,28.45103959866282,0.05976103522758419
2612,1.994177785296275,1.4737393057869221,1.5828521890061202,2.6208349014096672,7887864076591112199,0.25,8,0,26.403736901906324,30.849008963514706,29.252159396323094,0.05339096049174489
2613,1.3384306486870634,1.142302437977544,1.8039071360740373,2.9244070779801916,9078402181123333003,0.25,8,0,24.262466860244917,27.748485039767708,24.579680477386972,0.03678711810512458
2614,0.7662261269731616,0.6344361547949464,0.5775233690247212,0.5281724731139992,4521946851667054666,0.4,8,8,31.940285317510416,31.235323822749656,22.084028123464837,0.4442920873904971
2615,0.5867548451434299,0.9537023910704533,1.6109168886269747,0.020379157680602278,7397742761571294240,0.4,6,0,29.72004797374069,30.996717586163363,27.365921617153774,0.4507516438351291
2616,1.0979742624765652,1.2623541972330161,1.6504096595281454,3.8312339760696967,1514647984103753982,0.25,8,0,20.167592475697514,27.70701300340866,20.539111556022082,0.03605343877502053
2617,1.6954660008934872,1.503785474036639,1.4537118393811648,1.0811928657342036,3076723199553984612,0.1,8,8,30.56356520641333,30.98724908471153,31.42372888471175,0.08839354806526549
2618,1.942556078368114,1.0461552528242206,1.1277376165778008,0.3374546020274899,2391449153577107389,0.4,10,8,30.973677565963893,31.35557379118798,31.90473624486107,0.17064949360403167
2619,0.9130215578160544,1.7485455308925077,1.587933409881729,0.8166925286613169,4303285652057568429,0.25,8,0,32.37823507132938,30.96610276480242,28.066414021634067,0.05605766695531635
2620,1.2692823035832523,0.5982775062591001,1.052807071987109,4.3744495428054515,93825380640448688,0.25,8,0,20.22661280141396,27.70758111349577,19.43379812197488,0.052507506537772614
2621,1.4397828349413881,0.7072536575704811,1.275342376639336,2.808059324610311,8783502537264838490,0.25,8,0,24.24315111728317,30.794722888524177,25.042684345491544,0.04576245164265972
2622,1.8974473367125773,1.3754990210180593,1.9947775691208314,3.2254759151159313,6193861220646049169,0.25,8,0,26.393069056937254,30.749274081555356,27.203921653127274,0.05919488340186703
2623,1.5133839304788026,1.4967652412093302,1.7497989367877258,3.520131193517181,5606610606329716435,0.25,8,0,22.254481757353872,27.576631738416868,23.989593965672125,0.041984005865981326
2624,1.273226733747626,1.8619326286389148,1.7595473326209305,2.148808658996429,7891232647609515107,0.25,8,0,26.351218280520136,27.95783360686782,26.56633180370952,0.048347253497494254
2625,1.7905434949478827,0.8660566176017033,1.9090115649859287,0.6302174753701167,5476479894290075400,0.1,8,8,30.477969953288724,31.102764802423938,32.38560497078476,0.14509078687279528
2626,0.906489056329142,1.569800142838744,1.268537372614171,2.8627399677242957,4712206423265807673,0.25,8,0,20.139818204772126,27.718375205150863,21.99594201553724,0.03289758991172409
2627,1.7037522656708148,0.7032532810750913,1.5127284666674572,1.2695004223294237,7954668696596505918,0.1,8,8,30.523040020199467,30.889092286327482,30.363022627636646,0.11789270337338906
2628,1.2542722898134222,1.5333010773030111,0.7087015503522884,0.5904827097515941,8742248684765022877,0.4,10,8,30.833859361191767,31.270357278121452,28.908006493838904,0.19989279646163435
2629,1.207000806658279,1.5084875576516703,0.8120185078729841,1.7201185770051974,4006469207848848017,0.25,8,0,28.316374195177374,30.84648402979422,26.682631736393592,0.04957637547095484
2630,1.9126399949091382,1.0122056688224101,1.1094953460824932,4.937325057950628,5211044599702257873,0.25,8,0,22.24163615705088,27.551350839540465,21.774823180766724,0.05818083894159044
2631,1.2680725214712176,0.5548427598711603,1.0914332220385257,1.6742307112436938,4391526599945914485,0.25,6,0,29.387703572781216,30.744855447544502,27.082115748648985,0.3591932785072543
2632,1.2084574728876614,0.7553064913143909,1.2127140480916228,3.4484443899256343,4578615961894082957,0.25,8,0,22.26281403863149,27.743087993940158,21.845376732947557,0.03973116180369143
2633,1.9113888309632425,1.822533573123229,1.762738348468993,3.478250751289962,8035644464145958305,0.25,8,0,26.369271556621637,31.000820603459157,26.54235778502594,0.06166096858318141
2634,0.7450060767918893,1.3664485330655314,1.122155254987466,4.864282283728035,5545206824939450883,0.25,8,0,15.782098219921727,23.541219542986997,15.232081472593467,0.05403982163154437
2635,1.3840980590160914,0.6032390428410718,1.0566361328133156,2.77041157679286,865865411050295715,0.25,8,0,26.282697891680343,30.696881706855198,24.654446420359434,0.05366023472704162
2636,0.5105294642676655,0.675957625455935,1.765067134098149,4.796389406578095,1457258089670909010,0.25,8,0,15.796742835500568,23.529099861128646,14.262015295187327,0.07092795464569482
2637,0.6825243275784959,1.5373942321990175,0.8910718263317452,3.220030369626125,4102626687887151218,0.25,8,0,18.084648402979422,23.53566468880192,19.42209682961511,0.04670539606515384
2638,0.6242211078845921,0.7068042127950567,0.5847613944578973,3.34374570611979,6998151904455176349,0.1,8,0,17.608004039893952,23.535159702057822,16.915979023649935,0.17301854277106343
2639,1.9207390524505825,0.7658935306195427,1.4120166508020975,3.997148037202634,3697583110897177217,0.25,8,0,24.329503850523924,27.515843959096074,24.61236640448852,0.0559786111647165
2640,1.9910005645807043,0.9457234015922413,1.907302514583746,4.94248395286305,5021978004819133500,0.25,8,0,22.254481757353872,27.577199848503977,22.714742549029577,0.07136754849175063
2641,1.6452047653207207,1.6738366736831953,1.9947510710078418,4.305651718823318,2739252345798886297,0.25,8,0,22.278437066027017,27.577199848503977,22.74059287555721,0.06518031154083503
2642,1.949750083122936,1.817214139874345,1.263980679857275,1.091886859934762,2758937383471603706,0.1,8,8,27.966607751546523,30.847430879939402,32.389499904111815,0.13001407127999853
2643,1.3795912186552832,1.0565022046273342,1.190335815248935,2.441841036363581,4277006150648578062,0.25,8,0,24.331397550814287,27.661564196439844,25.772538959030435,0.03547984935386688
2644,1.3899964211818505,0.972687378590616,1.9393942859303255,1.6280866482755674,8235975479741869585,0.25,8,0,28.446723898497666,30.617977528089888,28.586784600995554,0.053454180058919255
2645,0.9210379887518632,1.2215069416668203,1.246432064079499,0.49240303433059907,8083451737024829991,0.4,10,8,31.1453730589572,30.88467365231663,28.502226137056418,0.2165157251227803
2646,1.0896657305731625,0.6552843917465085,0.6729655216102207,0.630152420842362,6481103470951553584,0.25,8,6,30.860118671884862,30.935172326726423,24.849370788053477,0.41218682777623333
2647,1.9677179638405036,0.7358132236691177,1.184187781544988,0.44946420101995954,1506487541913111346,0.4,10,8,31.193978033076633,31.33411185456382,31.323862109325557,0.19424424675866556
2648,0.7371667722427866,1.1496449473422243,0.5967547630523545,4.705526998131976,6751064563507427856,0.25,8,0,15.787905567478854,23.68665572528721,15.244051045784468,0.061934746922184106
2649,0.9878658886605015,1.971558366187852,1.4802501281241036,2.19050092348816,1728478487491977765,0.25,8,0,22.148939527837392,27.756438580987247,24.619885464115335,0.048069439607938205
2650,1.7589260031777307,1.1799020274897507,0.5501196764904253,4.1248950611497825,6553953659579960533,0.25,8,0,24.281025123090515,27.56953036232799,22.86618406731949,0.059285948834534745
2651,1.3190343161771048,1.7954333467464174,1.0193747639316264,2.717395454437165,655272091285511711,0.25,8,0,24.279888902916298,27.702752177755336,24.730349071441164,0.039909428749517306
2652,1.7854505605644118,1.6742595728751104,1.7457171002619383,4.9046917040450255,3605932758845563522,0.25,8,0,22.272187855068804,27.69025375583891,21.70803434401546,0.06685369445198734
2653,0.7962417090333715,1.6784134515586826,1.6350322629850167,4.541145468518562,3488477868292447205,0.25,8,0,17.974719101123593,23.68665572528721,16.859164056485678,0.059613553145045246
2654,1.530578854490029,0.9448721294441591,0.6216047942349052,4.1157586345703026,7649328947445330793,0.25,8,0,22.245107940916547,27.749621259941925,21.536014952749696,0.05500218798374339
2655,1.6162401105305269,0.6433142566016237,0.935458762637154,1.1529461438414368,1508035936964934636,0.1,8,6,30.31473298825906,30.936434793586667,28.81107579491139,0.2480493453167536
2656,1.3355636190937623,1.6765640836424807,1.7002083108237471,1.1952145170568607,8967648347009592279,0.25,8,0,30.46679712157556,30.749274081555356,29.527621018674278,0.05030362025461476
2657,0.7970230452479652,1.9484913776858899,1.4227853139934572,3.1884960289355795,2546425217898048525,0.25,8,0,20.07890417876531,24.463325337709886,20.630929156587946,0.05146193493464222
2658,1.4953268207160626,1.8581548870683926,1.4666334668810297,0.21649988497099204,7403055681608442574,0.1,8,8,33.066216386819846,31.25426082565333,32.157669416371505,0.13869490905018586
2659,1.2133878512644956,1.307801804587372,0.6713967705909459,1.1073054588548348,8339286001599012911,0.1,8,6,27.785380633758365,31.00871102133569,27.566364692791534,0.17154993898319398
2660,1.5080363255972147,1.1283131773081512,1.9579443850518803,3.7070468627189546,7599489342390342583,0.25,8,0,24.24618103774776,27.564417371543996,23.454684423657408,0.048207973673704746
2661,1.122390827058058,1.2106510514039708,1.0858216511641525,0.6119389811266951,8707923505811525737,0.4,10,8,30.933278626436056,31.258995076379247,28.885892304112158,0.1662268133446469
2662,1.5931540360176886,1.485524318821213,1.816337237231671,3.224132326689367,793328096146939378,0.25,8,0,24.260951900012625,27.636283297563438,25.32930113224207,0.043875686949651826
2663,0.5062496535959579,1.6722406389951083,1.3527879597668087,0.2366271653251012,4018668402863509616,0.25,8,0,38.46594495644489,27.865799772755963,27.147060239010862,0.07068717945270889
2664,1.3704973110154712,1.6390519008113025,0.6502990465844318,0.40108962452005903,4075324982572381029,0.4,8,6,31.500946850145183,31.02102007322308,29.747661341453213,0.3193957055901508
2665,1.1564226401148094,0.755496918560055,1.766083515413699,2.9565736715894797,8683572535311601485,0.25,8,0,24.26360308041914,27.577199848503977,23.291475728121057,0.04399829176584451
2666,0.9352448603782259,0.7357659988826664,1.8588004682320987,2.7374711022688336,8336414744826122285,0.25,8,0,22.279825779573287,27.75587047090014,22.67351960117567,0.049500085319433854
2667,0.7451182741265061,1.3810191993628094,1.9649088308153042,2.324605517161732,3967678751862289587,0.25,8,0,22.148939527837392,27.50277742709254,22.977352309245628,0.04960607809155574
2668,0.9552884740832579,1.138102859165365,1.8370681773276014,3.598952582555555,4003671376951559233,0.25,8,0,20.15433657366494,27.46102133568994,20.44084238739098,0.04232317476016572
2669,1.98455423698726,1.5469625177152257,1.036647904634634,0.33488612529089967,6613905476615671172,0.1,8,8,33.06375457644237,30.920022724403484,32.76790140033312,0.13474286082229442
2670,1.0826304728327503,1.4620750786844445,0.8884141253508668,3.2916449052302332,3235282935436999318,0.25,8,0,22.190253755838906,27.497664436308547,21.554674444430272,0.0355741133507881
2671,1.9111720632588425,0.5495690854285681,0.5899639431864394,2.483494708602852,6352475553191702221,0.7,6,0,41.30065648276733,30.74958969827042,28.63466608813368,1.613740811072757
2672,0.9268085319324846,1.4926970110080886,1.5081317167649837,2.135570465016838,3967360509390643262,0.25,8,0,22.135399570761265,27.50277742709254,24.320774469825388,0.03458287428318569
2673,1.005688354938028,1.5614768158845922,0.8380493059015302,4.345638113503131,1922529409356656647,0.25,8,0,18.119303118293146,23.534654715313724,18.1084248511185,0.04748160017797353
2674,1.370725887038408,1.9689495373033925,1.5943883571976811,2.0751385647785057,8292454014243215642,0.25,8,0,26.285570003787402,27.699911627319786,27.27484514525565,0.04923383264647828
2675,1.9924756216030026,1.8960512381633472,1.3920584243544711,0.9973389036599783,7257679822473208619,0.1,8,8,30.498421916424697,30.97241509910365,32.9041360825281,0.14530743557455228
2676,1.564312286288613,1.433140943984866,1.8343685207276466,0.0378927286454378,473046836582062082,0.1,8,8,30.525312460547912,31.124857972478225,32.76245103496944,0.14097501629232173
2677,1.6867613282679097,1.6921908323362078,0.8117965773695303,3.1624857142533007,2573721219950266403,0.25,8,0,24.34730463325338,27.73485039767706,25.473745785538167,0.048793151771381583
2678,0.6598498914895563,0.7562027490092473,0.5196043745371586,4.502862228136404,5564457377714344479,0.1,8,0,15.626309809367504,23.535159702057822,14.913338257986156,0.2580018857352054
2679,1.024540649711983,1.038417650696045,1.0131810729021444,2.7305088266724473,5660480782285808845,0.25,8,0,22.278437066027017,27.502209317005427,22.767318223730708,0.037041286109983335
2680,1.3077395722516916,1.35001809881453,1.205597356470585,2.777016739015457,2407703182600191744,0.25,8,0,22.274618103774774,27.517548289357407,24.498259693477465,0.026181568217065906
2681,1.1402118489706605,0.5843743624788869,1.8834935624512148,1.8081227836993452,3914529435202914829,0.25,8,0,26.383221815427344,30.617661911374828,26.480218350022483,0.060385701909499136
2682,0.8464331178118011,0.5242531596726283,0.8959701940209315,4.2107418314625535,5827963641513097557,0.25,8,0,18.010225981567984,26.64748769094811,17.30814598132892,0.060886825612116856
2683,1.098452327507574,1.2301485762109838,1.3871548917307068,4.415162882229053,1063032784858122551,0.25,8,0,20.11109708370155,26.49551824264613,18.705071713795263,0.03767430242810336
2684,1.1072189430989021,1.5677164423095433,1.4799265305178833,2.4228623171782147,2379167920962068402,0.25,8,0,24.263224340361063,27.38432647393006,24.559392555042802,0.030845750676252635
2685,0.837528905233282,1.9554297212285867,1.0980878530271987,1.6465121019715856,1735871519284431877,0.25,8,0,22.144426208812018,28.04447039515213,25.049508660855984,0.05373491974785688
2686,1.2675551660983917,1.9729734790998625,1.1695356832984973,3.792113058503511,6278885136588582806,0.25,8,0,22.169423052644866,27.75757480116147,21.52574741882478,0.048984098637015694
2687,1.5431022193074082,1.2979528855934033,1.5776020056724076,4.962027493526089,2236248953240126913,0.25,8,0,20.169170559272818,27.564417371543996,19.899030655435116,0.05144018917894677
2688,0.5665671015378292,0.842465119509412,1.5565011584121617,2.224979605316748,2776464328948512760,0.25,8,0,20.10541598283045,23.59727307158187,21.804223679225206,0.05213645177197547
2689,0.9434793519606651,0.9674677819235308,1.7596626162954545,0.42462700160757316,8479439050295166225,0.1,8,8,30.407145562428987,31.263413710390104,29.357842866166557,0.17372682722067093
2690,1.840130879158489,1.1845238787561827,0.5101320855264051,4.740885938772214,6246577041173169776,0.25,8,0,22.24163615705088,27.726328746370406,21.566951228160725,0.06548953598984994
2691,0.9792631519098787,0.5978026649965423,1.1585051254330054,1.8938134944461034,3683410839368392667,0.1,8,0,23.80835753061482,27.975445019568237,24.899967596572086,0.2404931959457268
2692,1.7271266838040527,1.1025467636660453,1.350919187335474,2.18305044860897,7480602687298664620,0.25,8,0,28.47323570256281,30.74106804696377,28.659824553713538,0.04525007189866837
2693,1.7115125818898322,1.7168155068142221,1.9829720759387492,4.245569505144461,3620361731621663456,0.25,8,0,22.276701174094182,27.726612801413964,23.285958599211757,0.06572429079222475
2694,0.625211030965495,1.3313229380305143,1.1398232815445621,3.9463690617918745,624296716559578768,0.25,8,0,17.780993561419013,23.535159702057822,17.1364550735958,0.045803164105819055
2695,1.7780250185774564,0.8579628144632876,1.4370714948501087,3.748365961609142,684501792451599308,0.25,8,0,24.315869208433277,27.71695492993309,24.508333115925158,0.046837495155361224
2696,1.9375735602101072,1.6186613691305383,1.3998077428544886,0.6189292413624325,3108051581316710121,0.1,8,8,30.427597525564952,31.002083070319408,32.83631706749232,0.11684627451954749
2697,1.712721809297981,1.5122964061802817,1.9617768931842579,1.9008963920101367,2990953638706281152,0.25,8,0,28.41093296300972,30.774207802045197,29.86489279428489,0.055174116303390495
2698,1.5937141918915396,1.466674945839085,1.1288571263203693,0.17091573291673268,7344712021822054267,0.4,10,8,31.229327105163488,31.017548289357407,31.55008560799175,0.1533557600923377
2699,1.755766614278431,1.7565409937562162,0.9410041726547671,4.388322608153171,3756040957164263217,0.25,8,0,22.276353995707613,27.52436561040273,22.49662928308263,0.05481132120693476
2700,0.8737278584723775,0.7603489892580484,0.8708249581239109,0.14638917692572473,2097571015903904703,0.1,10,8,31.169675546016915,31.048478727433405,24.64998128980143,0.33742331558402955
2701,1.0996391022382488,1.1976375948094442,0.5024964490911937,2.077044893861144,5747228176237767348,0.25,8,0,24.332912511046587,27.981410175482896,24.781831055778596,0.06032331837876748
2702,1.9120839447665534,0.5810247749743095,0.5267334541599243,3.530273738646901,2679038928897256559,0.5,8,0,27.936213861886124,31.158944577704837,25.118423785964065,0.3456437072200245
2703,1.3072126294744337,0.5568032020411817,1.2837369888062735,4.050630415317721,3282635592846770130,0.25,8,0,22.249274081555356,27.633442747127887,20.71705666061096,0.04921092229306956
2704,1.6809399619630299,0.5664593811568137,1.7700341022595305,4.689589198718426,5699921476631077200,0.25,8,0,22.253787400580734,27.74479232420149,21.403440233149986,0.06339922895167174
2705,1.2190979292019768,1.4135628662613902,1.5392949784044985,0.19161086661416749,221300523641608082,0.1,8,8,33.07811513697766,31.102764802423938,30.79384014893707,0.12845157332415347
2706,1.5664966899215458,1.5774356045542688,0.7210298540811352,2.2455926196685816,5109845096511334308,0.25,8,0,28.34509531624795,30.830071960611033,27.273083374805942,0.05167323581560774
2707,1.0496649005527474,1.3245128300456301,1.2003279813038197,0.4163480690946647,9029193772493044901,0.4,10,8,31.148529226107815,31.01975760636283,29.30192091873716,0.18187504108169258
2708,1.5657310998855931,0.6928561070856692,1.7464951138927416,0.7926063546478923,7077499025002132407,0.1,8,8,30.50902663805075,31.211968185835126,30.85529285356883,0.130487030443565
2709,1.3741687337999113,0.5123465770205254,0.5296001879956782,4.017330147410152,8721951509173653314,0.5,8,0,23.41405756848883,27.760983461684134,19.585774406532913,0.21777431161580477
2710,0.8867324354306851,1.232815590933423,1.2538349011692818,0.848466108957876,3201622167871887486,0.25,8,0,30.462062870849643,30.849008963514706,27.49241063244276,0.05429617824875583
2711,1.1140572784524865,1.6722172533364734,1.1951843584852193,2.9522443728484293,2142335388008145753,0.25,8,0,22.17706097714935,27.577199848503977,22.945284073496353,0.032085191963533204
2712,1.5123412869120307,1.203061838266252,0.8695220649015261,4.056246879962803,1609553209081948899,0.25,8,0,22.278089887640448,27.751041535159704,21.821392673855552,0.0408296516045356
2713,1.8980801724026113,1.7930990084448093,1.6023851558321458,1.597619995253305,5252746123908079292,0.25,8,0,30.52881580608509,30.809556874132053,31.66007979713159,0.06022928823707555
2714,0.7390519100403639,0.8891720022108991,1.826672666190553,4.289697793462172,3178787364654454345,0.25,8,0,17.825590203257164,23.536169675546017,17.143453635295266,0.05574110056880385
2715,1.8236551013675366,0.8409724540769595,0.8250223170288653,0.6021057420307491,3853234171751810782,0.4,10,8,30.87015528342381,31.243845474056307,29.885881502161865,0.1876120214457117
2716,1.8335910017888366,1.3723445132149983,1.7505220124454797,0.8302657275430253,1189276278949141592,0.1,8,8,30.496528216134323,31.229642721878548,32.467374640865195,0.11598357316305957
2717,0.5110506773382155,1.8636768377475674,1.2994858473358633,4.053358162052316,5142663096210997589,0.25,8,0,15.780583259689433,23.534654715313724,16.408211631994746,0.06301288884590941
2718,1.5612629188710603,1.8231612532225778,1.0205699892850193,4.332975768583135,3139948768356697928,0.25,8,0,22.197197323570258,27.630602196692337,21.577228972460627,0.05116323039660823
2719,1.6079382010059924,1.6392154377005534,1.8379484532985586,1.7559124934765173,2402855493961897578,0.25,8,0,30.472004797374066,31.02764802423936,29.614800127090636,0.05125850605460861
2720,0.8067129017368114,1.0697759974785983,0.9461057048610237,3.114014106688617,8599561501580692814,0.25,8,0,20.167592475697514,26.510573159954554,20.37517606060781,0.041095404724781195
2721,1.0142190808773635,1.7409065269861725,0.5390323690157471,0.18081105299998623,5707818430288602825,0.1,6,8,31.486870344653454,31.030804191389976,27.65759640289758,0.5085912217914371
2722,1.7779868814879256,0.9744619816257201,1.5278292899492723,0.7353414625709309,8279349554450946177,0.1,8,8,33.040367377856334,30.897613937634137,31.607792912637148,0.10321683913951991
2723,1.0077439655911824,1.8382672731076488,1.1756060054035369,0.8660912107710256,7065278624555064689,0.25,8,0,30.355542229516473,31.109708370155285,28.2671898748112,0.05611805811790583
2724,1.3985828313456088,0.7795682581948247,1.8902085829244208,2.0952224704983657,6603180560398896027,0.25,8,0,26.393479358666834,31.082249715944958,27.238496231066367,0.052268343791200524
2725,1.3255314483116836,1.273210456666615,0.9119778015037803,0.5220241497597877,2699497179885405599,0.4,10,8,30.830387577326096,31.235639439464716,29.387736456770966,0.1350564476476052
2726,1.7720155705987026,1.4957268797373104,0.7607446369922342,0.3607170293298362,6142042779585441815,0.4,10,8,30.956634263350587,31.015970205782097,31.209202223458977,0.17330238505722825
2727,1.3739857575842302,1.3823912313684463,0.63258729406661,2.3558538749341293,2031852741349071996,0.25,8,0,26.351218280520136,27.566689811892438,25.73642489973961,0.05057212993706872
2728,0.8910585956617114,1.1038234158118818,0.5699610657388581,3.288018002434036,6224725268053453929,0.25,8,0,20.150549173084205,27.59197071076884,20.154564149898604,0.05297701792604143
2729,0.5087176504942674,1.7653425251028383,1.5672475087212994,2.4969456882540433,4938536733702757883,0.25,8,0,18.058231283928798,23.529604847872744,20.9488187451381,0.05376098771602042
2730,1.5502396877915856,1.075726356493781,1.0237294156913859,0.912834101244584,4432047230250323884,0.1,8,8,30.508647897992677,31.012182805201363,29.90511686149078,0.09907680731493698
2731,1.977002394369333,1.367840717690591,1.3514747873686472,4.383674340407916,4410874385409438400,0.25,8,0,22.26975760636283,27.71354626941043,23.957083183913184,0.05293274806297629
2732,1.6689119557465864,0.8622893073623057,0.6525073518595634,3.028655476910738,6403751564597433115,0.25,8,0,24.34654715313723,27.54851028910491,25.433820156318344,0.05952820692466178
2733,1.8952104417128193,1.0452221839411635,1.521539767504216,4.349118943098558,9014149705415093365,0.25,8,0,24.280267642974373,27.530046711273826,23.59082113409728,0.05154417042406272
2734,1.7863606142993484,0.8451392100451631,0.7214418648210118,1.8389618984044354,6191591491996108429,0.1,8,6,30.202625931069306,30.849640196944833,28.82905032386469,0.2320479458625074
2735,1.7280906270922556,1.1889605907655922,0.9175589647117336,2.863465620601336,5688929175180616270,0.25,8,0,26.416866557252874,31.025123090518875,26.494185589778912,0.04537964621778016
2736,1.8982906846826344,1.2356151505271669,1.2845695173226348,0.03924769639153891,2791210312499618347,0.4,10,8,31.235008206034593,31.282981946723897,32.61641853510596,0.18984454419731256
2737,0.5216980234041443,0.9081882633483211,1.3017650294083767,2.572892054782031,8144338884801178040,0.25,8,0,18.06504860497412,23.68716071203131,20.416940423522654,0.04968100979935364
2738,1.09542510056149,1.878889026624497,0.6781162721809102,2.9660445376331683,457056146751247611,0.25,8,0,22.124289862391116,27.50249337204898,22.529743536620288,0.051800460203465445
2739,0.7604016634867856,1.3041142156562187,1.801118634166162,3.309974867170316,2846972596735310768,0.25,8,0,20.088688296932204,26.470805453856837,20.131703011207627,0.04387619665579539
2740,0.5541441676146333,1.1229060640107613,0.5827436597517062,4.012105831932805,5919742529626920057,0.25,8,0,15.72402474435046,23.68665572528721,16.13175974988516,0.06206107243873274
2741,1.3790330566023181,1.0332020322310655,0.6276589488432167,4.6089793696911325,4435189923368099258,0.25,8,0,22.20066910743593,27.361886125489203,19.276559254369673,0.05319861685917123
2742,1.3239777788916274,1.116747067853872,0.8300788295484776,1.3488656529404042,1356898123222079060,0.1,8,6,30.29428102512309,30.74106804696377,28.070057973391457,0.1324208954265388
2743,1.4503201110863713,0.82966275906564,1.4353521732553447,0.834559566435612,8926469303395665611,0.1,8,8,30.48440853427598,31.01849513950259,30.04795917330934,0.10540717089192195
2744,1.4648242590983758,1.1804386163037068,0.9950900053146905,4.6151327695125355,8069020341701013816,0.25,8,0,20.197891680343393,27.282918823380886,20.033718000662642,0.04207259485363564
2745,0.7523872653931385,0.8394201784728222,0.518399306164858,2.755837509022252,7757161873216332020,0.1,8,0,19.780015149602324,27.32155030930438,19.421228911236714,0.14282159429824826
2746,1.0647694630572213,1.9984246622524842,0.7214661688851967,0.6126305816886757,7746997516628074440,0.1,8,8,30.470016412069185,31.038378992551444,29.060041695733904,0.18527454932866305
2747,1.117825483412687,1.5124683080680081,0.9940876086206263,3.156067955286237,3848598772504518823,0.25,8,0,22.197197323570258,27.642248453478096,22.222263748163265,0.031693240586517284
2748,0.8245967725802845,1.6295294380717555,1.4535344592048838,2.9602464006503952,4439213019079228802,0.25,8,0,20.174536043428862,27.576347683373314,21.370097369097522,0.037417389317104234
2749,1.989925795902732,0.9340295143128035,1.6669969371409934,3.4491180929314016,6548018193159821636,0.25,8,0,26.375426082565333,30.724655977780586,26.76615542032734,0.05508152327923775
2750,1.3064188576459757,1.8907657077207816,1.9563755005582164,2.47766701286458,2647688957840913167,0.25,8,0,24.30867314732988,27.904715313723013,25.93721406058423,0.05439860520360081
2751,1.4503923146700473,0.8628135128139804,1.3204702060442246,1.0626752662480903,8570058786468122704,0.1,8,8,30.50637545764424,31.055422295164753,29.613743909077584,0.09809807812977211
2752,1.282049812197971,0.6625592934586533,1.5761819897802103,3.357277596945835,6694572551106383971,0.25,8,0,22.24788536800909,27.508742583007194,22.749161258870544,0.04339072471762333
2753,1.47759131822013,1.9574369684899637,0.810777875219691,2.05139939991146,279043327400817874,0.25,8,0,26.301161469511428,30.825022093170055,27.465614697102303,0.05522365562148031
2754,1.9979073069408182,0.7212701465056733,1.2815377728618034,1.30041751873877,8687365945037129651,0.1,8,8,30.513571518747632,30.902663805075115,31.022057773090797,0.14067287121250938
2755,1.85657794158866,1.406203447971877,1.0044572113030819,1.7224227566958705,1288177271531161969,0.1,8,8,30.528342381012497,31.028279257669485,30.252128962956952,0.10134431703755784
2756,0.8846393711864236,0.6367955004284899,1.2655784041062619,2.8579179313748364,2768417735593405114,0.25,8,0,20.2108319656609,27.513287463704074,21.6394466155731,0.04785974113295353
2757,0.627826856855156,0.615398079388418,1.8828885044027783,3.233265768130413,8068241873125270385,0.25,8,0,18.01988385304886,23.53566468880192,19.437756701082492,0.05971928260799752
2758,1.163792711703295,1.5386870718486116,0.8926947695248602,2.014989540447236,323184573624906814,0.25,8,0,24.31738416866557,27.751893700290367,25.668789115342555,0.04198247401768847
2759,0.8659627873936604,1.0660613326551678,1.3338531948606707,3.5461950934228135,5096027405617079116,0.25,8,0,20.11109708370155,26.489553086731473,19.725963208106446,0.03340948431645246
2760,0.7644728412537662,1.2607766537930627,0.6729202599349433,0.539807507177818,415390901886992139,0.25,8,8,30.840802928923118,31.007132937760385,25.337555572773862,0.41124537382619525
2761,0.8093718735476524,1.5433604989048835,1.8776251880700026,2.3319517979311355,2139357370991792995,0.25,8,0,22.10866683499558,27.74990531498548,23.29180216166392,0.04621283410480601
2762,0.8809886541908338,1.7086262398481686,1.936223271638371,2.7896846793538765,178472627556057113,0.25,8,0,20.136346420906452,27.79478601186719,22.490816368876622,0.05105227176973162
2763,1.867710044861923,0.6085307639005699,0.8667301598014389,1.5853328393781134,5044852493441825301,0.4,8,6,31.48087362706729,31.006817321045325,29.56261230789341,0.3893962986795102
2764,1.6123008142203608,1.209338127039466,1.2172353975883203,1.5863261194528322,4050011986541447467,0.25,8,0,30.539704582754702,30.63691453099356,29.62505935805717,0.048162515891750066
2765,1.6915843040563374,1.2218050327359666,1.6681804417623278,3.0117555527339808,986951841057484602,0.25,8,0,24.328746370407778,27.89789799267769,26.32678738412315,0.03947782900767172
2766,0.9403903778811331,0.5322620993643681,0.7275648650056994,2.932191973089093,190241312289481695,0.1,8,0,19.801161469511428,27.628329756343895,20.378128355746515,0.16961039479277773
2767,1.2628345739557418,0.8058991370411416,0.8409332000852704,3.543828346725763,850725741984216362,0.25,8,0,22.24580229768969,27.536011867188485,21.696209927475355,0.046055017457608295
2768,1.9862644256757755,1.0602818559988556,1.874637683996517,2.0631248639860535,4101966706531100856,0.25,8,0,30.495202625931064,30.80545385683626,30.824622400523946,0.06181269011833993
2769,0.9778685727911304,1.8048651832121667,0.6185522932625613,2.2312749393168874,3271104019714711168,0.25,8,0,24.155283423810125,27.519252619618733,23.867869076227944,0.05552879872325115
2770,1.8056519438471947,1.524388678979548,1.855806083409794,4.57453471665444,9133025998846477526,0.25,8,0,22.278784244413583,27.737122838025503,22.75172117983379,0.06164233290105044
2771,1.162073778845151,1.833756137822972,1.9162508842084909,4.350514180814366,8893308348911295817,0.25,8,0,20.111412700416615,27.70701300340866,19.72525857442321,0.0636594645438945
2772,1.7050311182785483,1.0181175706968841,1.6284405485958249,3.6189749148731316,4810633229027735234,0.25,8,0,22.297531877288222,27.518684509531624,24.603999863113877,0.04211646207929888
2773,1.0528187424952344,1.690882757097984,0.873862994835765,2.4976879108121492,7817715263549193606,0.25,8,0,24.151874763287463,27.58202878424441,23.678373308261673,0.04137120961155793
2774,1.923675334973233,1.236517493563494,1.4268631255297377,0.5234505232607556,7483219704656704679,0.1,8,8,33.023134705213984,31.02102007322308,32.5248386130486,0.10798548700063429
2775,1.1202710920465448,0.7867359625776496,1.470554097268479,1.875101757693915,8629821595174351798,0.25,8,0,26.39840297942179,30.761898750157812,25.96238062568107,0.0465026584581807
2776,1.6156634529276146,1.4807278433874287,1.0898539926806896,3.3608652392043803,1283863693053687566,0.25,8,0,24.2855700037874,27.739111223330386,24.60577850799243,0.03522024043292109
2777,1.2538519970762145,1.3461630575335053,0.8471560177831705,4.363596202346925,2186634017622636789,0.25,8,0,20.167592475697514,27.513287463704074,19.46197489810661,0.041290272019716946
2778,1.306217153680993,1.4516926738974936,0.6845463271860494,4.020967298819057,7509846819582767947,0.25,8,0,22.18851786390607,27.50504986744098,20.67180297460749,0.044703010922204134
2779,1.1269944776538716,1.7676290554391907,1.1432870259035601,0.8351193829774611,1594994913518930583,0.25,8,0,32.460042923873246,31.054159828304506,29.009016228910177,0.054874132165366206
2780,0.6146313042398652,0.5295311181085656,1.0825725033542812,0.9779992077360333,5857230267842807589,0.1,8,0,23.789420527711147,27.90840802928923,22.863784650288704,0.25332259761627884
2781,1.5084218099302915,1.4297127788603479,1.069832077256837,2.5705024400115493,34025143962465245,0.25,8,0,24.324201489710894,27.726612801413964,26.199127575503717,0.034358702558385655
2782,1.604165724659062,1.726322668404703,0.7435590185027101,2.9589976523363317,105538444239203383,0.25,8,0,24.349577073601814,27.89335311198081,25.53992513106471,0.04884575387949831
2783,0.7624646783605349,0.9238013741779978,0.5943468976541914,4.571634662338794,8347452640176074806,0.25,8,0,17.79746875394521,23.541219542986997,15.733946435208063,0.06127969883264771
2784,1.04066861489328,1.8109675133249823,0.8835562088238536,3.6526010795299286,7684184353223419186,0.25,8,0,20.15181163994445,27.588846105289733,20.376009623058792,0.04558310658794725
2785,1.7120087550167986,1.479982146575472,1.9377414564634399,2.981985576275519,3773555579915853429,0.25,8,0,26.34711526322434,30.62081807852544,26.745541477200394,0.04984483477395934
2786,1.1625113767018531,1.4512760759786385,0.5569505535308958,3.6305000566783563,7718792697623257391,0.25,8,0,22.189212220679206,27.663552581744728,20.86699654191361,0.04821055485898509
2787,1.7957531149086314,1.4892837534726933,1.9400429921618354,0.6654947414165246,5463250622972618540,0.1,8,8,30.468501451836886,31.02102007322308,32.94826201664923,0.1427757495007894
2788,0.7973206746163395,1.2289396133623,1.9651738398727783,4.212110953053035,2975682012343302278,0.25,8,0,18.02613306400707,23.535159702057822,17.850793558363673,0.05619295696272369
2789,1.124033929958287,1.9147187413513163,1.3431884768938327,2.1066851349807036,6875407219567086636,0.25,8,0,24.305643226865296,27.897613937634137,25.546535153249476,0.04268705326509299
2790,1.5443007644184048,1.891936756069791,1.08342723610582,4.743686712467005,4075350729972761099,0.25,8,0,22.18886504229264,27.720931700542863,20.369135750731854,0.05726943239964965
2791,1.2256928635072601,1.3634296397177885,1.1306996230269046,4.555642649242008,6813759700929535960,0.25,8,0,20.11740941800278,27.455340234818838,18.93315661567579,0.03861528813109839
2792,0.961794054437207,1.957660413366573,1.6761298575393093,3.9889986485028412,3455440311262483719,0.25,8,0,18.072718091150108,23.55232925135715,19.468814485884607,0.05870698534306291
2793,1.350892790466066,0.8643284099165063,0.7755288072748775,4.281458653328009,5575751801331362075,0.25,8,0,20.232293902285065,27.45931700542861,20.108496352447776,0.048581828991730885
2794,1.283413685908022,1.0946701260784635,1.8413084744776769,2.363947234985755,1648998793750899662,0.25,8,0,24.34654715313723,27.897329882590583,25.829557908331694,0.03896764283867976
2795,1.797270407337091,1.3754841230877495,0.6502406025401765,3.295521029331229,6931137625356765398,0.25,8,0,24.3226865294786,27.712694104279763,25.576056124698038,0.053247971246965314
2796,0.7292423680461169,1.486758036788976,0.8301240706344388,2.292251195479404,1481405496963199107,0.25,8,0,22.127067289483648,27.49652821613433,22.29628202742059,0.047364307232768126
2797,0.8804750044353509,1.5712251383715032,1.7243409854078526,4.321537941193466,6679730053944986551,0.25,8,0,18.057947228885244,23.389723519757606,17.974848908036247,0.05253566902617192
2798,1.8509134923888966,0.9781444326009874,1.5033217242129981,2.1492236458375515,8819993133558908756,0.25,8,0,30.51698017927029,30.8376467617725,29.531403033493266,0.05210482256960502
2799,1.651842013413074,1.1020235124491604,0.8185852474321527,1.556388892752375,2022656776875832716,0.1,8,8,30.519252619618733,30.746117914404746,29.172518954535775,0.11350725115587916
2800,1.935440792295665,1.1819443298929149,1.5945829200543504,0.4715233296479171,6657855238217850691,0.1,8,8,32.989489963388465,31.009657871480876,32.81230359247223,0.11691697118512072
2801,1.748676386354048,0.8945285617850313,1.351779168502862,1.1041799746356022,1254047205609190655,0.1,8,8,30.536295922232043,31.002398687034468,30.693632631509217,0.09535327302489878
2802,1.0683421930176227,1.7065491255564817,1.2281388909108246,4.619721913608653,6761022752431772604,0.25,8,0,18.08834111854564,26.648055801035223,17.97368015507133,0.04886110944756363
2803,1.0092978196194047,1.9631506314557812,0.9081708883848532,0.405087390534451,86148114605914085,0.1,8,8,30.51432899886378,31.023545006943568,29.44502442901878,0.17872206228000725
2804,1.3648942806128392,1.9752324421255976,1.951775257093548,0.5218596918431223,4035635621248146879,0.25,8,0,38.633253377098846,31.00145183688928,31.81711938423236,0.06921328675957761
2805,0.6949408319847655,1.3680075363120503,0.7220746961810285,4.024929038482327,2595499796557249466,0.25,8,0,17.950858477464966,23.541219542986997,17.08053021507251,0.0517044193609646
2806,1.419974684592908,0.7289462278098326,0.9632904153315557,0.9444768108361218,5418552952628401089,0.1,10,0,29.117535664688802,30.961368514076504,28.467621576515455,0.2532518909184446
2807,1.6590163503841848,1.312100347746417,1.4168563062843857,2.854964268274726,8661839231566659881,0.25,8,0,26.355731599545514,27.72746496654463,26.452066123283064,0.03399945894763869
2808,1.9197379509870935,1.3288478699010553,1.3088078068428473,1.2841242738358305,8328663865917053173,0.1,8,8,30.576821108445905,31.078146698649157,31.424893582550805,0.09036922716372017
2809,0.878037693355489,0.5915516743098439,0.8358842587117151,4.292022140617629,4994780856123282856,0.25,8,0,18.036927155662166,26.47762277490216,17.257232222687048,0.0582990493652735
2810,1.8449760389013914,1.554835180985317,1.7494636274457973,3.54179067997955,3443217306731609221,0.25,8,0,26.289262719353616,27.73257795732862,25.85318520386674,0.05063158451489555
2811,1.1583634465696697,1.0501006216964752,0.6825605153507,0.9959094099331961,975663901448154154,0.1,10,0,29.05062492109582,31.031435424820096,26.714224128921682,0.21492737828594977
2812,1.6881757505862258,1.58142536728491,1.3404769917627941,3.8698110750613868,2215639481187090461,0.25,8,0,22.25066279510163,27.728317131675293,23.768554576109548,0.040662532384840376
2813,1.8071681717196848,1.4377873292817163,1.8436132974777473,3.470003216743724,1171845178369609166,0.25,8,0,24.265496780709505,27.65701931574296,25.858736263439933,0.049974191456399246
2814,1.551938910275418,1.7950362503711996,1.2968320539593505,3.548509968914639,8158133095034241736,0.25,8,0,22.244413584143416,27.728317131675293,23.908782731982747,0.041202645930055355
2815,1.9339413260703855,0.7347754824986885,1.9462929953383923,3.3030789361866892,728185874388114729,0.25,8,0,26.388966039641456,31.076884231788917,26.945487826898347,0.06279600678745945
2816,1.293808579134758,1.217009364932997,1.28054175646919,3.2312063834139186,8763424146455505423,0.25,8,0,22.276353995707613,27.726612801413964,23.135006152152283,0.023957846515016798
2817,0.7760978634867033,0.8909699472791648,0.8908441018233588,0.11978511353418042,1399789555162355732,0.4,6,6,31.61974498169423,30.966418381517485,25.200029068903387,0.34848887870455253
2818,1.4935806070789646,1.3378025152210362,1.6857423730907926,2.53557946137499,8138529277054341517,0.25,8,0,26.362296427218787,30.79914152253503,26.550097874828033,0.03453199269919129
2819,0.7049533064982603,1.0043947890103386,1.0642474034530032,0.6980240501761731,2381026134346475230,0.25,6,0,26.376215124352985,30.75748011614695,25.999558672883346,0.36158220771741734
2820,1.5637920079213048,1.6537757910992448,0.8385844513299268,2.905463798350008,5447476723687334952,0.25,8,0,24.349198333543743,28.00953162479485,25.493884072453838,0.043151943204136914
2821,1.1834535108166047,1.6175465482416018,0.6279580327681553,2.9671024086236395,6825386338237736791,0.25,8,0,22.215597778058324,27.56072465597778,22.957291306111905,0.046412695223031986
2822,1.1192106380692923,1.672837199189276,0.6599668422930971,2.8483280812396803,2929892588981448164,0.25,8,0,22.1499810629971,27.70701300340866,22.95051540652206,0.04648952873734708
2823,1.3174522648059304,1.5232977540562258,0.8699707998292356,2.28567515465222,8121239113094750763,0.25,8,0,24.326852670117407,27.92175861633632,25.792520425204735,0.03995770345644026
2824,1.0706375178015777,1.7602642309157883,1.1744209968955999,1.4329664553254444,4973158116451129226,0.25,8,0,28.335374321424062,30.754955182426464,27.010329806646205,0.045444642405468326
2825,1.5833758779304459,1.7345023119984577,1.5684440473870631,0.9790732580636047,2010165283107270067,0.1,8,8,30.506754197702314,31.061734629465974,31.448572675217214,0.11332083627499583
2826,0.8378474923589067,0.7971174116516287,1.4336203622036083,3.3645054548491076,5872323348670523322,0.25,8,0,20.1180406514329,26.47762277490216,20.06779235508091,0.04075174973881323
2827,1.1154719738739232,0.5899725963272642,0.9241572559608127,2.3390547573513576,2510205284639685034,0.1,8,0,23.784496906956193,30.43365736649413,24.0980203513155,0.19982490067586986
2828,0.6988814300646542,0.7095073749423051,1.4941385013528534,1.8648844719200197,8012119723421853782,0.25,8,0,22.278437066027017,27.528626436056054,23.527207918594833,0.05457739400817296
2829,1.7854057778377974,1.913610654843756,1.3704154257110108,3.0258471245756677,1410939657277463702,0.25,8,0,26.359424315111724,27.678891554096708,26.829173022149195,0.050133405193560895
2830,0.5633963876418313,1.7446688423607843,1.3051077646267744,1.2314207864846782,5748835690426781189,0.25,8,0,22.086100239868706,27.64963388461053,24.689654224819066,0.05597335744736424
2831,1.8900394955397248,1.6121259652054487,1.9052876779654713,0.49955987838944504,2659547854333364832,0.1,8,8,32.994413584143416,31.017548289357407,33.48912860984045,0.15110939867349102
2832,0.623244397228838,1.6613531807712696,1.635370224037652,0.03776718021057335,2513462561234930827,0.25,8,0,58.87226991541472,31.051319277868956,28.59468439348982,0.06923877771695633
2833,1.6914181334795528,0.8971767535725097,0.6587369348277764,0.2747601781902176,8506326548807952351,0.1,10,0,29.17655599040525,31.030172957959856,28.906474426935258,0.2968443995505307
2834,0.8607959419240225,1.2102048082905277,1.3850042052062466,0.7637993157608908,667179937911472255,0.25,8,0,30.490941800277746,30.819340992298955,27.75943324651056,0.05402745511482641
2835,1.900674283314583,1.543991856665495,1.5301907273685782,0.5883157976325049,5921374307864670773,0.1,8,8,30.427597525564952,30.999558136598914,32.78769684522626,0.10986831193588062
2836,1.983338469017733,1.2879239503421764,1.1844278708542053,2.4760406043781606,391717720146958739,0.25,8,0,28.47323570256281,30.638808231283928,29.27529476242489,0.0509931006688422
2837,1.7679711979696755,1.800366689892423,1.5438842993559385,2.3413342003212407,1310246808089474111,0.25,8,0,26.348346168413077,30.83701552834238,28.768835306509708,0.04864786585356299
2838,0.7502578436201766,0.7508927333604261,0.8404293316648651,1.2654805595308938,3050525527884508834,0.1,8,0,25.76612801413963,30.84459032950385,23.329823927481208,0.17311812144935665
2839,0.6895241615568841,1.9263490217881833,1.8256206877430792,0.9854484009719955,5793111803109993818,0.25,8,0,28.19397803307663,27.93056432268653,26.598140597554497,0.06348086475492
2840,1.6347153467417057,1.7400146590066536,1.6432639890384673,2.1491076194671432,8673767066690132242,0.25,8,0,26.355731599545514,27.76382401211968,28.587486418513176,0.04551920576649936
2841,0.6606282434817532,1.062911167146238,0.5422985749349134,0.643365615253973,5940454371561316360,0.4,10,0,28.95246812271178,30.754955182426464,23.128389418114317,0.309732772273266
2842,1.064395107260424,1.7023170432134447,1.8172700812031997,0.6003333178064935,2360365466483861735,0.25,8,0,32.49438202247191,31.03964145941169,29.815664075694738,0.05814381555728235
2843,1.363404861857873,0.9048901952023332,1.0101800321162637,3.15093441807675,4882732396091219011,0.25,8,0,24.280267642974373,27.75587047090014,23.519004431805747,0.0382656982656885
2844,1.061319133548934,0.5567802158523456,1.7093395067552553,0.36686395301066654,3414127885971451717,0.4,10,8,30.956634263350587,30.976833733114507,29.024974759571244,0.23235249902476082
2845,1.0138302510936303,1.0061574801334414,0.534584258920979,2.1244959706040003,2330547160131226053,0.1,8,0,23.79055674788537,27.63514707738922,23.625293290199487,0.191216605141618
2846,0.6222377214318233,0.8418331782225906,1.8847307856627253,0.2923491192420036,8361348515295342519,0.25,8,0,36.590834490594624,30.981567983840424,27.948884139776684,0.07425826543959371
2847,0.5303323905435304,0.7441610510646366,1.81097261758712,2.74929732878729,6285849299020897737,0.25,8,0,18.001420275217775,23.39578336068678,20.311174094878044,0.05647951767852081
2848,0.648185858880039,1.8221119358898001,1.477578144512942,3.6548459540975693,3711823846521686093,0.25,8,0,17.998011614695116,23.53566468880192,18.455037330952663,0.05347556548854492
2849,1.769429059359355,0.6096202083734403,1.3263428905290127,0.4373860728891166,5927385906319448053,0.4,10,8,31.169991162731982,31.025754323949,30.674697612619926,0.17150276939734327
2850,1.6777552637570383,1.6539646131088852,1.2041097565680428,3.428000535637562,3247877697232915354,0.25,8,0,24.250725918444644,27.881706855195052,24.86358167509206,0.0390460082723881
2851,1.8660489977139856,1.740482972803452,0.94723177130657,0.7649642445999205,6133829289271218273,0.1,8,8,30.41206918318394,31.01944198964777,31.770470563058275,0.11732891321109255
2852,0.6040527346012793,0.9811750424839187,1.7251800136261168,0.0842385290147396,4376842306039594874,0.1,6,8,31.446787021840677,31.005239237470015,28.65258343472827,0.72396608580179
2853,1.2318794033347151,1.7460435590075567,0.993326168150878,2.341175204272961,8678047413067521587,0.25,8,0,24.315490468375206,27.891648781719482,25.305878162736494,0.038798694182298255
2854,1.2395398953214496,1.3730385827750178,1.2666846644110081,4.611089019484515,1681498992659395479,0.25,8,0,20.11740941800278,27.69195808610024,18.877338253464078,0.03899038253224784
2855,1.7097899933916605,1.2027185864167818,1.4903432251282924,4.9075206974037915,5536594475851016107,0.25,8,0,22.28052013634642,27.760983461684134,20.843620246477958,0.0500505079078798
2856,1.314672111359295,1.274312608450032,1.03622900460096,4.1198878843818,4376794433973304297,0.25,8,0,20.154967807095066,27.698491352102007,20.564123036825446,0.033174748370699544
2857,1.9213982023247524,1.6586123535081416,0.8393734980435164,3.2663028417516755,7314759459949124813,0.25,8,0,24.326473930059336,27.89335311198081,26.518680900998937,0.05318022725557012
2858,0.634140746140375,1.0105480153771882,1.4971613408871003,3.5225920250615768,3547982060797601936,0.25,8,0,17.99943188991289,23.68665572528721,18.557041059348638,0.04300422874601203
2859,0.7855271633736693,1.9182822643417308,0.7408706448083623,3.750764223138028,4968597836874613124,0.25,8,0,18.06050372427724,23.541219542986997,18.54283045249259,0.05739811282602157
2860,1.0104014805452997,1.8108533229853352,1.7548343396097674,4.194922949904251,3312643982458524032,0.25,8,0,20.090581997222575,26.47762277490216,19.165649482699248,0.056301901218444535
2861,0.7380787789665051,0.9544572570569543,1.4426735396910093,1.9367604008656798,5771818468715581097,0.25,8,0,22.215597778058324,27.57748390354753,23.677934335885983,0.044592920415512015
2862,1.6562477987846576,1.4028760712947432,1.079335464586147,0.5421194257591011,7983464650605932019,0.1,8,8,30.424567605100368,31.272566595126875,31.18602689612512,0.08995768594457089
2863,1.9953887539050361,0.6118221766501051,1.8690075741044188,1.302944765090766,3432119595534300483,0.1,8,8,30.513571518747632,30.902032571644995,31.72204317249796,0.1573158608864198
2864,0.8273569372520834,1.551045812721688,0.8493987359759969,3.0931414872304694,7232011108999140669,0.25,8,0,20.117093801287716,27.512719353616966,20.650076451227445,0.041541335054279906
2865,1.931920891059801,1.8353527106960341,1.1417449060507217,0.8453989709941884,7014077887530490455,0.1,8,8,30.471152632243403,31.0989774018432,32.24002115987772,0.12094460425595838
2866,1.6625344431855928,0.8058317679268563,1.3125231173150522,1.0696835216924694,5249256619246859093,0.1,8,8,33.025186213861886,31.06994066405757,30.260241967631927,0.10118432935304064
2867,1.944959787108743,1.5771055068891457,1.922076085302647,0.35130665992905485,3771472693737444801,0.1,8,8,30.530236081302867,31.003345537179648,33.76953209494791,0.1535540223284266
2868,0.9823253873919746,1.4402395629838864,0.7738295376612417,3.227309992825803,1440925074948298304,0.25,8,0,20.147393005933594,27.828304507006692,21.08496026391256,0.03959653573054977
2869,1.1101436738540555,1.8325182125118074,0.9468481741927928,0.21760358712688443,3696479515483823292,0.1,8,8,30.468122711778815,31.01123595505618,29.969670544463135,0.15602499640604203
2870,1.0696791890353499,1.765943216967086,1.1895648966445755,1.3843039157429233,9065766613020292683,0.25,8,0,28.337141775028407,27.761835626814797,27.24153885666391,0.04550861651292627
2871,0.802171196613291,1.4285998086775589,0.7867280094783025,3.3889699780797153,2740233364134729301,0.25,8,0,20.090897613937635,26.655441232167657,19.579628414007516,0.04328516048353031
2872,1.4059223120747535,0.7822367223316531,1.721839038346155,3.060912457085203,7987209276041079111,0.25,8,0,24.301098346168416,27.564985481631105,24.436815648432173,0.042085869281915114
2873,1.8738297087994873,0.8350114914529534,0.8250226657933181,4.72872074433463,8835139471358703099,0.25,8,0,22.254134578967303,27.39114379497538,21.80056401918563,0.060054950687530015
2874,0.5266543019596737,0.5926937548313824,1.7493027287606369,0.8231085410064259,2086054868032253042,0.1,8,0,25.778847367756597,30.751167781845727,25.762538279057488,0.45072846607960443
2875,1.2347832235114689,0.6249796600679998,1.3721621634768906,1.353308784786792,4554139375220069761,0.25,8,0,30.518873879560665,30.774207802045197,28.10438135666278,0.060051085626867465
2876,1.410974934108618,1.064474695011343,1.154567859929649,3.8637414395740426,5135920711878641807,0.25,8,0,22.272187855068804,27.77035727812145,21.876940803116053,0.03178966621987543
2877,1.3690379118762976,1.8107605994101537,0.9747693720590331,3.999146587060774,4874663067867153071,0.25,8,0,22.184351723267266,27.51101502335564,21.323656678235235,0.04436601673873073
2878,0.7521039084523087,1.8779689894492364,1.8721647167867876,1.3223570612851565,2437045010188434913,0.25,8,0,24.179144047468753,27.99362454235576,26.035546907884733,0.05884112465605435
2879,1.6245810611741196,1.0735517005371928,1.8038287131752375,1.496835414715686,1509117979965441194,0.25,8,0,32.57568488827168,30.76000504986744,30.339811044196228,0.052627983436676684
2880,0.7404598048198754,1.8601635883755392,0.7315849332162595,0.20040873363194822,6161830102018019878,0.4,8,6,31.847494003282414,31.102449185708878,27.695861540356127,0.43429195587818814
2881,1.218830233173688,1.2996871337841633,1.0365856519882801,1.3502907454772128,1003007288515867005,0.25,8,0,30.472004797374066,30.744855447544502,27.99582443234507,0.04655893123562917
2882,1.9353679365159633,1.1785369622967194,1.0730552849217958,1.6061771826665427,5939106872335121173,0.1,8,8,30.502966797121577,30.746117914404746,30.515927908236417,0.10294142925522932
2883,1.2984321476997078,0.606568918966866,1.6445013644240447,0.030089346516298243,3570027223805350383,0.4,10,8,30.801666456255525,31.347052139881328,29.917018893064668,0.21032137009258123
2884,1.8322490329937782,1.6360319791404425,1.632909688572957,4.199869633207801,437790723093319438,0.25,8,0,22.2520515086479,27.751609645246813,23.794433253810514,0.05329334693833292
2885,0.676866886712762,1.3325916436983372,1.071761904304565,4.37548880448294,7676868891177222330,0.25,8,0,17.757701047847494,23.39578336068678,16.16030006820383,0.047581077784663264
2886,1.6954789386161928,1.1624612607095792,1.6871564365028024,1.5291551326122799,4113976199501065905,0.1,8,8,30.520388839792957,30.742330513824008,30.642651345749535,0.09338942849763061
2887,1.0552870492082413,1.0133126949081364,0.8043734008424628,2.5508435299961842,5566297612092285042,0.25,8,0,24.290493624542354,27.707865168539325,23.376882240096677,0.04473458032513627
2888,0.9536802440449488,0.6972234002564202,1.517054731224906,2.0541647655676707,7840732728134938608,0.25,8,0,24.29314480494887,27.707865168539325,24.579708236673074,0.04823602680528062
2889,1.2830172566221312,1.7995124052985294,1.1701757143789044,4.417784218369928,1491211690148973322,0.25,8,0,20.14108067163237,27.544533518495143,19.733889761422148,0.0468455039959031
2890,1.819394445962085,1.8263277703415803,1.0190557945558052,4.970046442631748,487774033233919199,0.25,8,0,22.272187855068804,27.668665572528724,21.166429727680434,0.0617403135012373
2891,0.9804948640314637,0.8413820648027217,0.9500870233496681,3.923196821906259,8196561151678048113,0.25,8,0,20.15370534023482,26.48387198586037,19.032895605924537,0.04313315466562676
2892,0.6801409607400062,1.5348569691128848,1.2638234480598443,1.89960298699775,5836463863095198115,0.25,8,0,22.055201363464207,27.742803938896603,23.492459295871576,0.04227706543390201
2893,1.8326407868328425,1.2021233074038504,1.2839099174628088,3.487021668908807,87730549507220732,0.25,8,0,24.31283928796869,28.0180532761015,25.52919032226912,0.04033561866624696
2894,1.8371128137356287,1.8232921207895108,0.9762870448926888,3.989620453718386,3280333335057986462,0.25,8,0,24.290114884484282,27.57890417876531,24.07189157289748,0.05320860501102871
2895,0.7969594940930878,1.870534636226535,1.5550074694737774,3.8246450513159975,3303722515431176566,0.25,8,0,18.065332660017674,23.529604847872744,18.88099693994092,0.05329584222740018
2896,1.4671929127716015,1.8987396238281227,0.5466960296218876,3.132696762160947,8840519990877796928,0.25,8,0,24.264739300593362,27.628329756343895,24.153289897538734,0.05620357777988047
2897,1.404533243208081,1.2830286829497235,1.7564136420755072,2.652383068389992,4726138739336512994,0.25,8,0,24.339351092033834,27.64963388461053,25.759077793449215,0.03394445024832226
2898,1.2237201886186662,1.864232481808774,1.4422696184578883,3.332477236868996,2213596847359203155,0.25,8,0,22.164562555232923,27.755586415856584,22.70198727432983,0.04030584666642589
2899,1.777531258434517,0.9363842394688457,1.5180874169793621,1.4440878682148939,3688135139083210303,0.1,8,8,30.49614947607625,30.75748011614695,30.58607362909231,0.0909890334794692
2900,1.8258264106397795,0.5705135212003714,1.5089577570791626,0.10847577573308231,4213871364600733636,0.4,10,8,31.22901148844843,31.351786390607245,31.381858611568244,0.21083730640483325
2901,1.4867549581002135,1.6207740776803337,1.919129599757539,2.069614944873446,8087202315096068893,0.25,8,0,26.31470142658755,30.830071960611033,28.09680921052915,0.04707362713983259
2902,1.7601047154490292,1.0157789362551974,1.451429564979385,1.8539433068879712,2681193458126777074,0.25,8,0,30.494729200858476,30.74674914783487,29.86740450056524,0.05016587850802566
2903,1.9095816057795232,1.1924754785392389,1.760924871634118,3.120706229749841,8511426359969845303,0.25,8,0,24.352606994066406,30.749274081555356,27.314642911705278,0.04901777570739098
2904,1.2657933182858216,1.2468613108751108,1.268396130215462,4.792328713833402,2430165689223646408,0.25,8,0,20.135083954046205,26.50886882969322,18.475808494727705,0.04034977707617485
2905,1.5896113772629565,1.7308022249849309,0.6603681008131921,0.32316192115718956,5879802529534272188,0.4,10,8,31.02480747380381,31.153579093548792,30.73606285375721,0.1973378509162999
2906,0.7523427292195924,1.6629258649947376,1.0413719175156069,2.4062164852211754,3243338814242928970,0.25,8,0,20.081744729200857,27.49056306021967,22.346081400920397,0.04181967875268572
2907,1.0513066990406783,1.3811795919667986,1.254503986746688,0.46678288076247243,1602429998067204236,0.1,8,8,30.470016412069185,31.0989774018432,29.4724413737646,0.1303009874429041
2908,1.4459069133387523,0.5860422705404895,0.55432617380868,0.674283230155378,248739840452817285,0.1,10,0,29.123847998990023,31.07057189748769,25.821077333469827,0.28615041457202617
2909,1.3390176028167002,1.913813019789942,1.5028049890119672,4.6377541606796076,5060518875866456494,0.25,8,0,20.14108067163237,27.54737406893069,19.65291489258303,0.0570946263111139
2910,1.2418731201723123,1.2905821815699958,1.4932530988566999,1.076091557445909,7567927696219935309,0.25,8,0,32.5458906703699,31.02764802423936,29.19320504987936,0.045443319889519045
2911,1.2118578810360359,1.2257454931291412,0.960348347402162,1.4986634232682383,1778630986817612123,0.25,8,0,30.38678828430754,30.774207802045197,27.46977046191769,0.04705189711666548
2912,0.8361942631438055,1.7550364345665759,1.9317757576506942,0.447448163196732,5098925421070830283,0.25,8,0,34.399192021209444,31.193978033076633,29.04268762199037,0.06435317600120062
2913,1.7396365961110487,0.8840485170787126,1.0165907896357562,0.7077885761903607,3577457292260433279,0.4,10,8,31.154210326978916,31.280457013003407,30.312955973400673,0.14304614461527715
2914,0.5668789135332006,1.0317146133602892,1.8414461525334713,1.9511367915072957,2821628588284726975,0.25,8,0,20.147393005933594,27.359613685140765,22.924708638294547,0.05220459718945987
2915,1.5344138058207635,1.2339062323879866,1.8536035856734872,2.8804892578035597,6026866892076706406,0.25,8,0,24.313596768084835,27.904147203635905,25.900643203944707,0.039532146300544135
2916,0.9536972511858721,1.8641884864848635,1.017851704121258,4.668190825314122,5445858334195956213,0.25,8,0,18.0639123847999,23.53566468880192,17.022077943654207,0.05598035366232796
2917,1.9795456707005756,1.609508680413977,0.6239105536822861,3.601234080651426,4595267967594979826,0.25,8,0,24.319277868955943,27.73541850776417,25.75144052545471,0.06004799917561897
2918,1.7145653735233841,1.8254021237047477,1.5248952252109471,3.195588269197696,9104712780412876345,0.25,8,0,24.34654715313723,27.98226234061356,25.98146223624481,0.0461565479480036
2919,1.3462434793732818,0.8040256435904005,0.8801865366990651,0.8166274026535952,1553503890986483018,0.1,6,0,29.505744224214116,31.081934099229894,28.039129434432983,0.2538329672621376
2920,1.9368990935200001,1.7665767844281923,1.043205250563944,3.273762599603173,8379201457402276780,0.25,8,0,26.365578841055424,31.023860623658628,26.73465213951784,0.05137673451470312
2921,1.5750982902913924,1.8551032893781374,1.5002601266200488,1.9535489543228786,3223564799016607357,0.25,8,0,28.361002398687038,30.756533266001767,28.74969749427819,0.04582722512610505
2922,0.8533657676953819,1.004214085767788,1.9015731284061383,3.654663928344707,240077898046877758,0.25,8,0,18.085784623153643,23.68665572528721,19.68782816244821,0.04681085327057226
2923,0.7817394053182477,1.3474045124295204,0.646291520239056,1.283711947455387,6080012609389729819,0.1,8,0,23.796616588814544,27.54737406893069,25.174730611022174,0.29409460360882494
2924,0.8603543121056201,1.395854504244646,1.246976824090002,4.598800574122819,8576423542330981087,0.25,8,0,18.01789546774397,23.68716071203131,16.70186730206321,0.044521156614094635
2925,1.8043941053707893,1.8990958781487832,1.0209825080798298,2.7673732650866825,9154180301080892680,0.25,8,0,26.313060219669232,30.6365989142785,27.449436989388722,0.05100135199621597
2926,1.6260337654387977,1.511609429056138,1.732980147670944,2.565499794487278,4372926799016852893,0.25,8,0,26.319214745612925,30.861633632117158,27.329144160873305,0.04015347717365016
2927,1.2873511128170871,1.328909888431087,1.8638349072384692,3.8179755955194077,1909059546172315892,0.25,8,0,22.181574296174723,27.51243529857341,21.784189981697526,0.04153592345784204
2928,1.3551234112152986,0.9019686184665159,0.5507614292820482,4.572389987203086,5123765557060996677,0.25,8,0,20.18021714429996,27.545101628582252,19.104021035310215,0.05630777355326954
2929,0.6692172543483972,1.7191176161795247,0.8789987342870935,2.61792770343221,1931739038819165655,0.25,8,0,20.07637924504482,24.48655472793839,21.178289060364055,0.04841454797985401
2930,1.181485446398177,0.855736324411766,1.5593199035759093,3.9764798168146736,3129830851621264577,0.25,8,0,20.17232672642343,27.54737406893069,20.415685319549578,0.037781536751782134
2931,1.4833551811797066,1.8732978278163648,1.7329336815099832,2.188557226922398,6198932467406945560,0.25,8,0,26.29418634010857,27.833417497790684,27.67857069728207,0.04725019384398566
2932,0.9877136674046925,0.702902252649816,0.5746877373517607,1.414477265015962,5142280741182149984,0.25,6,0,29.387703572781216,30.748327231410176,23.776679950538085,0.31203061969969903
2933,1.6848172744739627,1.6900855354306787,1.643006445614282,1.862841426988302,4767064970180511241,0.25,8,0,28.44053781088246,30.849008963514706,29.683493473410895,0.047055858266233784
2934,1.6669046937963696,1.4848698544293712,1.334626745873376,4.885656765423045,3062483013608595346,0.25,8,0,22.286074990531496,27.37694104279763,20.618382158231967,0.04879758010968826
2935,1.9391812478109447,0.8353173872329711,0.9711054957377783,0.39585606458823197,6053166412702311677,0.4,10,8,31.219858603711653,31.07278121449312,30.797110360084176,0.1803917294304974
2936,1.6022759505554802,0.54736943915433,0.6930390594802316,3.938933326405205,6964282214493714622,0.25,8,0,24.25830071960611,27.70701300340866,22.36784740662775,0.06293819359523029
2937,1.0027450409882959,0.7368842097940704,0.8785475188288805,2.4127320118138695,8575253239535304487,0.1,8,0,21.819814417371543,27.743656104027266,23.405530468327708,0.1437418711408228
2938,1.277427957033562,1.6983195869961973,1.2600318701626034,2.389569039395141,4690334171787613542,0.25,8,0,24.31889912889787,27.73541850776417,25.57666706694511,0.032297185500553986
2939,0.5866592743546957,0.9196735729999312,0.5031178776779334,1.8442016815676154,1896837235756643401,0.1,8,0,21.764613053907336,27.51896856457518,20.023896796176523,0.18505147777718678
2940,1.3465045833191074,1.802602902928122,0.9385396877090966,4.115322343243071,5294719723416132757,0.25,8,0,22.173589193283675,27.539136472667593,20.83032136289266,0.0448998855321803
2941,0.8414982763954784,0.9239678633572763,1.6391787259164938,1.877403993437775,1045946253513525902,0.25,8,0,24.267769221057947,27.751609645246813,24.5690533587763,0.04429074009113854
2942,1.5229698284491096,1.8480393104734885,0.8052664831230321,0.6491283922289254,8450821194496506964,0.1,8,8,30.499558136598914,31.09613685140765,30.630136089722786,0.12439317035424918
2943,1.5536835197084138,1.1883509626573059,1.7652136101333484,0.9948093140279707,8073512952326937901,0.1,8,8,30.535538442115893,31.21922737028153,30.993083939930568,0.09596901794714521
2944,1.6917297145076076,1.1970455798580282,1.4312955555258364,3.958410779341105,4973660379661123902,0.25,8,0,22.257606362832973,27.58288094937508,23.431709917624932,0.037368988909182076
2945,0.5688666942095004,1.9578380424850739,1.8156951964843544,4.318614127198423,9089905710472071638,0.25,8,0,15.795227875268274,23.68665572528721,16.301843202762367,0.07330773420955825
2946,0.6113164782267845,1.7513767624356902,0.7996155025085863,1.6232954112940146,5454960904498649902,0.25,8,0,22.10380633758364,27.75217775533392,23.669926984905565,0.05837441507889377
2947,0.8494396921104655,1.0993865514634273,0.5211891289485349,3.9690514932111065,6400079336209049689,0.25,8,0,20.05428607499053,26.48387198586037,17.957760987516096,0.05462595748584791
2948,0.5636686555510895,1.4393472922460018,1.3073211574584898,3.057233184963951,7019195952004692208,0.25,8,0,18.004260825653326,23.68665572528721,19.482954714259854,0.041573582216381334
2949,1.534758044426419,0.5377785119036254,1.633539038519404,4.72083916808952,3998356376989223809,0.25,8,0,22.246149476076255,27.610434288599926,20.287818406242945,0.057397590214547184
2950,0.5093065395902865,1.2428432389578992,1.0224016831348004,3.7886931090214033,1176537048293874453,0.25,8,0,15.830576947355132,23.541219542986997,16.841969173265777,0.048537618171516965
2951,1.7368260220787546,1.5031381522318727,0.6279809155422977,2.363375637764042,6171608210386482624,0.25,8,0,26.40742961747254,30.73759626309809,27.890776049269117,0.05570867890490307
2952,0.6921362528880912,0.8361342196123491,1.0617797412840848,3.039318750832402,7254773445801181480,0.25,8,0,20.083007196061104,26.490689306905693,19.98847448078503,0.04597799904521489
2953,1.1449077652566002,1.0161032339966765,1.8424233382723385,1.5898753803996306,6181035521595038445,0.25,8,0,26.40742961747254,30.624289862391116,27.296626726208196,0.04599433818393095
2954,1.4793194470578193,0.9607582205740188,1.8198289475183869,0.6173182690505663,7145323269481639478,0.1,8,8,30.49501325590203,31.008079787905565,31.096219730762,0.11380466030763281
2955,0.7984237412021515,1.9155813748466486,1.5827198316388973,2.749804181289486,4268759066288574045,0.25,8,0,20.122143668728697,27.681732104532255,21.999246447677304,0.04806227624599231
2956,1.4878674969281978,1.893831839725156,1.6989629161954065,4.1384388834794406,3736716201924311372,0.25,8,0,22.200321929049363,27.899602322939025,22.052402426178244,0.05475607232721967
2957,0.5455453414365337,0.9497676845821379,1.1097651416961198,4.460659558470956,8837030731433548030,0.25,8,0,15.767201110970838,20.59900896351471,15.096204182535566,0.05364287571253888
2958,1.5315220437604269,1.7355562160818119,1.8423951141150547,4.996606259798786,3347842571692193328,0.25,8,0,20.162542608256537,27.581460674157302,19.881396360066397,0.06489137775425523
2959,1.348561068699776,1.9927689492662461,1.0719804447209011,3.7757080122598916,515853796489777026,0.25,8,0,22.185046080040397,27.69025375583891,21.942440620269437,0.04753809256400947
2960,0.6415008072650568,0.9256747562945261,0.6174435662325881,2.7834433741119398,4177460044549734387,0.1,8,0,17.73810124984219,23.535159702057822,19.232325678150225,0.14116784920746572
2961,1.0398439510108384,1.0673874107316519,1.92388390326023,4.179931856960211,5636364183114642272,0.25,8,0,20.08521651306653,26.463420022724403,19.281660014847617,0.048278666070927144
2962,1.3913295486422763,1.9521870565885204,1.7346666180497117,3.6551230453048618,6453561796659021111,0.25,8,0,22.155535917182174,27.557600050498674,22.923111659648622,0.05247379480590757
2963,1.9820783111003148,0.6330374706275885,1.8977007459932782,4.199107709183668,8847349070468526912,0.25,8,0,24.323065269536677,30.786516853932582,24.57215594633356,0.0664966709964362
2964,1.3616025970600956,1.3465783043475965,1.2020465758954388,1.644828912369782,4723519744343369491,0.25,8,0,26.4103017295796,30.76505491730842,28.086874054080052,0.0387407059359503
2965,1.3692622475758571,1.6837141697099716,1.3542486101544395,1.89645123096529,4502388348838314109,0.25,8,0,28.32300214619366,30.609140260068173,27.57161637680535,0.0367026735945478
2966,1.4133694967625625,1.8213721478838674,0.821855236048294,4.70466355597435,5914241458495793889,0.25,8,0,20.183057694735513,27.702752177755336,19.453500040842084,0.05378718974431096
2967,1.9531379965464928,0.7232261489389391,1.4140284534470995,4.7081873848945435,8279559364865465084,0.25,8,0,22.23747001641207,27.74990531498548,22.670415383083636,0.058994872139404186
2968,0.8978869624488053,1.9562816680923014,1.4079562918412734,4.279724891358402,3052517399012552675,0.25,8,0,18.069877540714554,23.39578336068678,18.07241727779731,0.055967477775975244
2969,1.8560539404671599,1.2235260495329279,0.7193771334118588,0.8137846927164039,4963282191127333214,0.4,10,8,30.882148718596135,31.22143668728696,30.686577409854372,0.17924638475445942
2970,1.4641907393687856,1.642331813197408,1.2363720142210661,0.5017235386451008,2535135160169222539,0.1,8,8,30.462820350965785,30.935487943441483,31.021786431241594,0.09346587520663728
2971,1.8548674940085657,1.5796772951983074,1.3889933331543527,2.352483255037555,202568767337393277,0.25,8,0,28.400770104784748,30.774207802045197,29.06882673799414,0.0448633954260703
2972,1.2465947285856598,0.7929443789518322,1.1031501464034017,2.028153474962231,3539622165334680981,0.25,8,0,26.382401211968187,31.015654589067037,26.127493307514598,0.047474193594537084
2973,1.119008577049481,1.7299516711139677,1.6479246783198886,4.380766846066611,8219038194466072384,0.25,8,0,20.127824769599798,26.522787526827422,19.151721158985108,0.050160361076923274
2974,1.8847288476419615,1.804913631362121,1.8744514095936216,4.00258787384357,7547873450383331009,0.25,8,0,22.270451963135965,27.74706476454993,24.829548810323026,0.062368467327268
2975,0.6007610273885142,0.7535917292092125,1.3444115092697286,1.351058129325848,7796184728582906276,0.1,8,0,23.774649665446283,27.516412069183183,24.157628487276032,0.2672904115798613
2976,1.3086759685096545,0.8706344388833331,1.7309054445757273,0.37037555393821586,7182049786485786329,0.1,8,8,33.03585405883096,31.29087236460043,30.635045555109667,0.12828382530725324
2977,1.0597948130445112,0.9409395613508236,0.938952309527257,1.6677132830971564,8321558343807526866,0.25,8,0,26.315111728317135,30.831965660901403,26.024389741809955,0.050974790996493845
2978,0.6816010129988801,1.7338742072709588,1.9863108352493153,1.752767262133002,8737539539727587447,0.25,8,0,22.05381264991794,27.792797626562304,24.388943241721655,0.05662945275454975
2979,1.6907196644213225,0.5493396114618196,1.329897389483454,4.964814038887883,8057164774855261744,0.25,8,0,22.256217649286707,27.64963388461053,20.32118433998341,0.05877145718160929
2980,1.6845228484977817,1.4588866805982283,1.5754950399962522,1.9885421546014104,5923449161514120334,0.25,8,0,28.406072465597777,31.020073223077894,29.2074895303618,0.04166648434522069
2981,0.6426201514218578,0.5342596095141214,0.584816862666472,3.4589188055838505,8737707157208811012,0.1,8,0,17.602606994066406,23.53566468880192,16.22760048377738,0.1938755982169792
2982,0.6723755596392168,0.6513781307436826,1.3733114329307976,4.264358200217232,4214815916111475378,0.25,8,0,17.757701047847494,23.535159702057822,16.495169351009306,0.05331454028352016
2983,1.2500933945296389,1.312249586699451,1.7606914399574825,1.5117551293232308,5201607418272865205,0.25,8,0,28.36144426208812,30.6407019315743,28.138901985077293,0.04135102374946437
2984,1.7313435069815075,1.885125901032151,0.9747981359910436,0.708999456680367,5330998672874735645,0.1,8,8,30.447292008584775,30.998926903168794,31.497076603131823,0.11588188469439467
2985,0.8102310187499897,1.8384813154993664,0.9612672157693172,2.755777554160078,115534973970077059,0.25,8,0,20.122459285443757,27.666393132180282,21.65858235809524,0.04499338386351773
2986,1.1540555983075707,1.5158570445896913,0.9889607098236054,1.1499583896782728,113389722902572843,0.25,8,0,30.450700669107437,30.75432394899634,28.21599768770993,0.048956383630945975
2987,1.3567412396665046,0.8877949999437154,1.2226420614482498,3.6811758647159545,5999374305884164773,0.25,8,0,22.248579724782225,27.53885241762404,22.103765883536607,0.033628512576614734
2988,1.3412310395588025,1.114837024895274,1.4728727828526433,3.806240393931141,7800024947204862451,0.25,8,0,22.263161217018055,27.75587047090014,21.84908788191958,0.02921936176982256
2989,1.893191627687582,0.6588538568723064,1.2470956176335315,3.4733152320072875,5833559801290354413,0.25,8,0,24.345410932963006,27.64963388461053,25.774439554660365,0.05487263033215983
2990,1.9695615444208279,1.9345355290307409,0.5570992538640169,3.358491276245468,2781942913170576482,0.25,8,0,26.351218280520136,31.057000378740057,26.419333599587212,0.06636031205609555
2991,1.7274869360720562,1.7624785976297261,0.6051551469453793,2.439774088777013,6038563457983669694,0.25,8,0,26.31757353869461,27.688833480621135,27.6544877872757,0.057496907320179855
2992,0.557906225435956,1.3954702803677954,1.3541823817992997,2.1917764455962234,4644932399945116341,0.25,8,0,20.075748011614696,27.361886125489203,21.956393624341647,0.042455326659962295
2993,1.264757724062053,0.7044897952997782,1.519734261549575,4.672956187322908,2355447501269282359,0.25,8,0,20.168223709127634,26.48273576568615,18.847700918857758,0.04762797959344147
2994,1.9347890778678205,1.4443789739315087,1.766424400319064,3.885348420835456,5320641496788638270,0.25,8,0,24.331397550814287,27.69025375583891,25.30218901150397,0.052441494832286294
2995,0.5438781971287457,1.060584368076023,1.6364344848655423,2.0499649545519025,1430274176108113134,0.25,8,0,20.159702057820983,24.51230905188739,22.374427122413753,0.04759365911832014
2996,1.1966432114629524,1.7931863726624613,0.7564875135485253,1.8848091977437598,3186855927968738825,0.25,8,0,26.354910996086357,27.761835626814797,26.269026559065146,0.04958057848106783
2997,1.083139004444724,1.217163874735606,1.8568083876914576,1.4903246149133524,9130249804959895413,0.25,8,0,28.339351092033837,30.755586415856584,27.26653185759325,0.044223015364322625
2998,0.9455029759008696,0.6829478712850543,0.5541924976910306,0.6528166778819772,3520538107108043681,0.1,6,0,29.505744224214116,30.90108572149981,23.58799508945397,0.29986324665078723
2999,1.7818946847313497,1.1483864681588822,1.9346750835125819,2.9455273400156914,1216815741264684455,0.25,8,0,26.381990910238606,31.009342254765812,27.156572479359088,0.04885557685221213
3000,1.2293899829643418,0.7257778632204634,1.5070223399195561,4.395587352229429,445467102101677485,0.25,8,0,20.143921222067924,27.539136472667593,19.43882993720491,0.043891843828490894
3001,1.9622483272778035,1.056346685094098,0.5737817126712322,0.15281104995762407,2288928946295218739,0.4,10,8,31.025754323949,31.281403863148594,30.213872267623877,0.23629463761894062
3002,0.9625771662946403,0.5323451412871151,0.6033010981172134,1.5399530582829624,2390421508514620211,0.1,8,0,25.78500189370029,31.015654589067037,22.752251332629466,0.21543741488395765
3003,1.8368294771775524,0.6053713462671599,1.8149682297907894,3.5593414107956716,5742825289823006610,0.25,8,0,26.37788789294281,30.57820982199217,25.519101644552276,0.05854339730084342
3004,1.908130004191273,0.5188901338044754,1.696186961050235,0.44139387979970357,3269277522861229910,0.4,10,8,31.211336952405,31.109077136725162,32.16432118606432,0.21277477361760283
3005,1.209883759386136,0.928546002662653,1.3668010193571143,4.423712425631172,1384268256539327215,0.25,8,0,20.160964524681226,27.470963262214365,19.209023740881886,0.03754319498081837
3006,1.7155142268992687,1.3589350006727492,1.6762625302026557,3.0533741282853133,8656649145142601397,0.25,8,0,26.339729832091905,30.988511551571772,26.356498846756715,0.03856850449079387
3007,1.1672042548437367,1.8263515924799099,1.9660280738142877,4.741379200918664,6876612558253399367,0.25,8,0,20.10541598283045,26.33303875773261,18.592349525817745,0.06701540640147609
3008,1.775560382095007,1.0461103279758628,0.7581707373448199,3.0206777429073464,9057639978519251620,0.25,8,0,26.364347935866682,30.990405251862136,26.190122094304822,0.051376388754428085
3009,1.00556030452781,1.6263968167308698,0.7607969593430415,4.58661089391555,595560396676543368,0.25,8,0,20.080482262340613,26.485008206034593,17.35347584669073,0.05033335779412268
3010,1.0408754073642177,1.4088926737127052,0.6019777415298337,1.6149419628240773,6590445451166152978,0.25,8,0,24.263224340361063,27.703320287842445,25.968698068886642,0.05583538097802504
3011,1.1737855499894785,1.5115537002298778,1.7264592546236102,4.611594024272312,5420156583486275241,0.25,8,0,20.15591465724025,26.520799141522534,18.806384554069165,0.0488771894716
3012,0.9079163056989401,0.6709265998979994,0.6678783427573007,3.008242489036983,7326437841603020445,0.1,8,0,21.77294533518495,27.232641080671634,20.30573907896059,0.1314799227880193
3013,0.8283236109554576,0.6575215324726493,1.4188494298301582,2.311268911082305,3976657632280404926,0.25,8,0,22.27496528216134,27.775754323949,23.04817120239924,0.04834441121939431
3014,1.1881348800794251,0.5718934699327807,0.86290467554345,3.4222908543930126,8328651044927140277,0.25,8,0,22.241983335437446,27.72803307663174,21.588859079780413,0.052499351750918855
3015,1.256867511082759,1.6946129714567435,1.217844635314809,3.313952153212168,7186199391392478325,0.25,8,0,22.154147203635905,27.577199848503977,22.75831926911542,0.03104766547295435
3016,1.3756390720930782,1.9940794508959603,1.3750632280275388,3.708294579148754,2878011114003638349,0.25,8,0,22.15588309556874,27.70701300340866,22.47145317339774,0.04693509438934683
3017,1.6911158538702407,1.3561285463030242,1.1296022240854173,2.1813659734665007,610385992761588491,0.25,8,0,28.404746875394522,31.028279257669485,28.399046620175813,0.040804435911150384
3018,1.9374518352818304,1.8643250475366506,0.9861583885131339,1.1918415308859753,8229186475461757990,0.1,8,8,30.51773765938644,30.9809367504103,31.532661507448353,0.12421681444030125
3019,1.6765848784036077,1.5240104325921011,1.2438771106380602,3.454068711585511,6214009828782800666,0.25,8,0,24.32609519000126,27.84222320414089,24.7625559189485,0.03463140891518493
3020,1.0044340788735169,1.069767985544195,1.6685593728496755,0.29994138514598867,9018080724947560245,0.1,8,8,30.477591213230653,30.998926903168794,29.863887190916962,0.14971169924159455
3021,1.800977540460051,0.5198492537487369,1.5651396583577384,0.5079347990886307,4852399213747860838,0.4,10,8,31.156419643984346,31.22711778815806,31.33332428972837,0.18258260669314105
3022,1.452282816196436,0.5520673178831987,1.175815279498089,2.9326280874583643,8058147009068288238,0.25,8,0,24.323822749652823,27.63514707738922,24.708069710166868,0.05024158267120945
3023,1.8839182056377912,1.723685671059633,1.999255411979496,2.103644528061529,8981232377301364829,0.25,8,0,28.41093296300972,30.74674914783487,30.333551465614956,0.06000638544628336
3024,0.5295780476613862,1.7640278837814767,1.1897176768273539,1.0467480775694575,3716945365400845819,0.25,8,0,22.101723267264234,27.905567478853683,25.06007220086679,0.05799740412595798
3025,1.3839220562497478,0.5161478639746164,1.907698719494698,4.709833289427439,6056154656610915055,0.25,8,0,20.230715818709758,27.35109203383411,19.634886351614668,0.06138732631389143
3026,1.0904728044323158,0.8476960644267861,0.5971436808935047,3.6203888249071055,2344048028706604897,0.25,8,0,22.172200479737405,27.505333922484535,20.36157929115235,0.05203524548143848
3027,1.9687205049724417,0.9416763050899668,1.5222663581026121,1.551870172628837,158600343707326618,0.1,8,8,30.497664436308547,30.755586415856584,31.08715080330702,0.1092390582104168
3028,1.850170932215623,0.722287452221866,1.8877403910637471,4.482954687841251,5305887886425678229,0.25,8,0,24.263224340361063,27.526353995707613,23.020452709623065,0.06102397871731699
3029,0.71743292707127,0.8248179693531015,1.3820901335795908,2.6673274170894072,3471963741499251337,0.25,8,0,20.16980179270294,27.46727054664815,21.39926550595013,0.04259256983095326
3030,1.0950420353550885,0.6827041922206762,0.6260232357725339,0.6565722853097383,3533552508640868736,0.1,10,0,29.118166898118925,31.068046963767202,24.911603878117184,0.23436023279599033
3031,1.804680019382359,0.5480026905964042,0.9647334701059416,0.16249900251552762,1882228028607187398,0.4,10,8,31.22838025501831,31.03680090897614,29.5934198743625,0.21327658544577105
3032,0.7949722193078611,0.7783137118570421,0.7372783204185808,3.760857856301507,5952007735052171642,0.25,8,0,20.068488827168288,26.648623911122336,18.31783684466134,0.05298611752844912
3033,1.715443708711862,1.6442291208981716,1.5735614193875476,3.7959004706220814,6567568531060094101,0.25,8,0,24.2855700037874,27.400517611412702,24.224869082936994,0.04353048211576937
3034,0.8507002967140482,1.403521741543024,1.2409988934080438,2.858269109263018,5919094513523492347,0.25,8,0,20.155283423810125,27.628329756343895,21.662207589951617,0.0296775729485815
3035,1.6426201389616462,0.9460962867917829,0.5730186346681012,0.7083941361674584,2956649181955099511,0.1,10,0,29.123847998990023,30.988511551571772,28.708555738608236,0.2579672590101012
3036,1.2241904152299665,0.642219518479628,0.8814644872895705,2.9551702579667145,3153520661764708824,0.25,8,0,22.254828935740438,27.589982325463957,23.1758959431989,0.050464734675901776
3037,1.302663862864537,1.735347902503426,0.6074927287586895,2.7641299859114583,7041156370513172101,0.25,8,0,24.29768968564575,27.651622269915414,24.245870679875495,0.04823433021331326
3038,1.6345575394389642,0.5691689611998293,0.9546043925590113,4.10078688251595,1938422722540016268,0.25,8,0,24.28367630349703,27.751609645246813,22.29099909191239,0.054755183490793204
3039,1.2003532689884977,0.640295895967946,1.6887491854429855,1.7572236035590771,2948124159892557291,0.25,8,0,26.3840424188865,30.855636914530994,26.950064463508916,0.05260888526003002
3040,1.8307700904499944,0.5573003119291393,1.3717779716643368,4.273622386945305,5416682383289745570,0.25,8,0,24.274965282161343,30.550435551066784,23.17930544831879,0.05640916983523787
3041,1.007791793560068,1.6164990041317766,1.515632669719991,0.8914773789657471,7326653426356185802,0.25,8,0,30.467743971720743,31.030804191389976,28.417246572550585,0.04782304618742507
3042,0.5490818639726858,0.6208665919995056,1.4046949284102093,1.7010241225442972,8129764035855475038,0.1,8,0,21.77850018937003,27.357341244792323,22.745221967324294,0.27393918614293683
3043,0.5102170479141024,0.7376848176052324,1.0379741606309807,3.350642447265499,6795007266872396073,0.1,8,0,15.626309809367504,23.68716071203131,18.02504678717817,0.21407204130323476
3044,0.7345207709441457,0.6433079748200319,1.1288702929339722,0.5339846255230085,8318829424326663343,0.25,6,6,31.83783613180154,31.210705718974875,25.191916099513776,0.4187862640725726
3045,0.7187849599901519,1.7212774104280824,1.217642750900586,2.6291847738977534,3977635418767494415,0.25,8,0,20.086794596641838,27.545101628582252,21.606598694924237,0.0403980335294881
3046,0.8332760612087291,1.6592679409073718,1.7738201448264186,2.07347805777002,6421811967277117128,0.25,8,0,22.13262214366873,27.75530236081303,24.17636985621047,0.04338593200459537
3047,1.7074748339639765,1.026226689431891,1.9891723182340655,2.0094546319268467,5575423282363204277,0.25,8,0,28.448049488700924,30.849008963514706,29.423237751592243,0.053389546500774265
3048,1.0495081568876623,1.4619774364376865,1.2694142457766047,1.730404311248626,6006617426449493315,0.25,8,0,26.338909228632748,27.674914783486933,26.07563226812664,0.034626506827764345
3049,1.9529729023465867,1.0547856741138455,1.841630209076441,4.761069480010923,2386288058125099026,0.25,8,0,22.2510099734882,27.74933720489837,22.868492782181033,0.06042019484507383
3050,0.8214331636508903,0.7532337359000503,1.106708089556482,3.84807970123065,4358523568870455068,0.25,8,0,18.054254513319027,23.39628834743088,18.4374288420298,0.04446386236041237
3051,1.059347034533881,0.7768149904646324,1.162910724837251,3.274018189326516,3156253087281427859,0.25,8,0,22.26663300088373,27.347967428355005,21.50095739541682,0.037535398094324796
3052,1.8048720630488173,1.4841621462583972,1.912113831175621,4.032303352690454,7595022038299139763,0.25,8,0,24.29428102512309,27.564985481631105,24.22784868692062,0.05379294574063669
3053,1.6657509343915722,0.6860934687424309,0.8238162203893571,2.553607672376195,214835013784974601,0.25,8,0,26.39758237596263,30.828178260320666,26.869148006294875,0.059076269468721236
3054,1.3253612612844698,1.3604847904336166,1.0205459215624975,1.6221992600586037,861788399175396906,0.25,8,0,28.361002398687038,30.744855447544502,27.8200248738651,0.04173791548764106
3055,1.7797966951297164,1.2895033923290742,1.8380794509766654,0.4026768548798526,926144349549721748,0.1,8,8,33.03134073980558,31.069625047342505,32.701909193731034,0.1173523903951414
3056,1.568050464400877,0.7786612544379209,0.9088267262248859,1.0281836341226203,6070783986486613144,0.1,8,6,30.222320414089133,31.249210958212345,29.118434756058523,0.21667787160896992
3057,1.9472713960812558,0.9210746302126198,0.6219098655315749,2.3238428144163317,2183119389126075565,0.1,8,8,30.62454235576316,30.7546395657114,28.73640145446455,0.1712936423434957
3058,1.873633019879982,0.6708611610091627,1.7925191651405172,0.8502158999158682,6791611491023335512,0.1,8,8,33.03626436056054,31.08319656609014,31.83203385432583,0.13485887484735956
3059,1.6033534234117015,0.7725805787276139,1.0028490967661738,1.2603216618258928,2247163549245085045,0.4,8,6,31.56381769978538,30.887829819467242,29.519944757753066,0.24794257466915368
3060,1.4234873502153402,1.4112007700827058,1.8987040599694982,4.300948250293796,1150403426655858659,0.25,8,0,20.1644363085469,27.731441737154398,21.223440867092137,0.04837730605490913
3061,1.562629223325652,1.120059344964726,0.6952932284685063,2.3608845765520043,7437938287341969833,0.25,8,0,28.371165256912004,30.841118545638174,26.839020176610425,0.050848787208051915
3062,1.8141079267252718,1.0950597088516107,1.5968434720419717,1.1098260975261294,9148081027979027371,0.1,8,8,30.522661280141396,31.302865799772754,31.40949500004451,0.08621341742504168
3063,1.0585491980161712,1.2505133076310573,1.530423431317769,3.374577409455296,191463318860030631,0.25,8,0,22.195461431637423,27.862959222320413,21.518078467187376,0.026774590723524297
3064,1.8733367663026121,1.3199071202376007,1.6170818108362772,4.768648473353475,5225232224741108257,0.25,8,0,22.240941800277742,27.389723519757606,22.30413011638667,0.05297687877254831
3065,1.3295982703282871,0.9652347890828741,1.9795455564591036,4.90510157183041,4021291017103691733,0.25,8,0,20.160017674536043,26.671064259563185,18.897112889648003,0.05690424257620628
3066,1.0826920801306092,0.6579780519156583,1.0095694953671175,1.6537087468238054,3920845120157650787,0.1,8,0,25.784181290241133,30.74990531498548,25.84553113287649,0.1974608816968625
3067,0.6529933068633116,1.7578017837498159,1.8661821465976975,4.770942890364316,1448382163381438799,0.25,8,0,15.80128771619745,23.541724529731095,15.45797130021908,0.06996146979311799
3068,0.6072395102712909,1.5645109606844292,1.5766304086510754,0.21552559198579457,4908480193716567436,0.25,8,0,40.57000378740058,27.913236965029668,28.06080747835885,0.063095810590949
3069,1.8405411272984153,1.5303486706931653,1.4579302811154147,4.553352025552168,7603183276448586282,0.25,8,0,24.245423557631614,27.70701300340866,22.665975065583176,0.04942323559123329
3070,1.5416373681732969,0.5722257763981848,1.6507506143443664,2.304003759746971,4407900062418996873,0.25,8,0,28.434351723267262,31.043744476707484,27.333519643160535,0.05350113996714062
3071,1.9016866988150243,1.7614873035541625,0.8618467146496384,4.987079884561874,7521877356644121875,0.25,8,0,22.278437066027017,27.70701300340866,21.472623413698944,0.06143598556042206
3072,0.5085370205112083,0.5623446437051701,1.7436128745059842,1.7383587069324757,5917937836078727680,0.1,8,0,19.785696250473425,27.256785759373816,23.301160746994192,0.3709989026217472
3073,0.6816736828097638,1.0206230268717706,0.6136283396874502,3.0563989167954713,8245202825541698830,0.1,8,0,17.719353616967556,23.68665572528721,19.33817322500224,0.15882922815245773
3074,0.8432876577433712,1.2736903047455335,1.6975154092901525,3.764195850560444,1106048692183229552,0.25,8,0,20.086163363211718,26.47762277490216,19.26207541454134,0.03925279666314487
3075,1.3335439756024967,1.7681361700163247,0.6077154347673506,2.15750502750848,1618407777533900649,0.25,8,0,26.313880823128393,27.675482893574046,26.190607677150428,0.05217067998820883
3076,0.8976142358980019,0.6444929260124024,1.5533864248641518,2.2766944255169426,5252714351009116039,0.25,8,0,24.262845600302988,27.742803938896603,23.646918059704433,0.04765489782424671
3077,0.6597143809944837,0.6684703680384749,1.146517317198092,1.2535675846119116,8717841991200922821,0.1,8,0,23.792450448175735,27.649065774523418,23.395563345092977,0.1868703543606979
3078,0.6685190480106364,0.7001344565564144,0.8935541301136357,0.20524485557521843,7364498967521369572,0.25,10,0,29.123847998990023,31.02102007322308,23.840759320991097,0.3245971620136336
3079,1.063134252372344,0.9385632882073811,1.4265148425256116,4.311573422472245,43211532839615183,0.25,8,0,20.1180406514329,26.47762277490216,18.731063637149735,0.03727386010401647
3080,0.9684877793750797,1.5237939960090838,1.9016260861167695,3.105713991165025,389595349057870008,0.25,8,0,22.153452846862773,27.64963388461053,22.056440996896377,0.04204245999151678
3081,1.449283729228936,1.9398021010232913,1.8714016987274955,3.17596703397244,8025703284587867286,0.25,8,0,24.263224340361063,27.50277742709254,24.702678513088035,0.05223637279265272
3082,1.6377278071414934,1.7062893490268767,1.8456991895564143,1.9902178474586858,906271247152330468,0.25,8,0,26.335626814796115,30.82880949375079,29.14328641774051,0.04852023565803391
3083,1.342594081890513,1.8362903137493394,1.2802338520759906,4.8121835993527755,1932288407426452509,0.25,8,0,20.11520010099735,27.52976265623027,19.003626473259082,0.05174769969137043
3084,1.8282867020738016,1.217647590205038,1.2952040213545428,4.759869986214288,6742894207173595305,0.25,8,0,24.26360308041914,27.83881454361823,21.847577407578544,0.04701958171697069
3085,1.712856027222775,0.5457464317097517,0.5549720325551175,0.6229048526508402,1339714384373907443,0.1,10,8,30.820287842444138,31.22143668728696,27.83241005144463,0.6783602200943477
3086,1.0357296537084655,0.9656286924990983,1.3275470828778788,2.2968168663728323,204829356153865299,0.25,8,0,24.2855700037874,27.5061860876152,24.322391490178735,0.034063111509412984
3087,0.5958901469528709,1.2328274919650162,1.1506004812389858,0.3586032949961876,3088195517940906083,0.25,8,6,30.887387956066156,30.934856710011363,26.81978114873288,0.46262722506169424
3088,1.4661532285624665,1.2224486699611519,1.006310473044522,1.7862623956860175,3714165159949874965,0.25,8,0,28.40518873879561,30.84648402979422,28.1456073699548,0.043198014886571004
3089,1.746516604612011,1.9401056106346977,1.7140419117661863,1.5438017763363632,4688972135527610382,0.25,8,0,30.542545133190256,30.84395909607373,31.023198610083927,0.057051491361281834
3090,1.7347698608823348,1.8106060636256696,0.8579364493970542,4.979111851413841,921976384784756398,0.25,8,0,22.210390102259815,27.744224214114382,20.54677697907287,0.058771504747524364
3091,1.2228022797860623,1.3259065553948077,1.5451538420609587,2.566393084984602,6007718331478980511,0.25,8,0,24.263224340361063,27.804159828304506,24.828525943186253,0.025537748981509362
3092,1.990277564830737,0.9998084711339343,0.9889217694055193,3.41937407435223,1938162400060076766,0.25,8,0,26.381580608509026,30.99545511930312,26.42552863340288,0.0515567251068305
3093,0.6414253432676771,1.5748280866787687,0.5373511275716253,2.0601003062145167,1172100749215206083,0.25,8,0,20.078272945335186,24.704709001388714,22.387048860469356,0.059350357832550986
3094,0.9032590959824331,1.4605229539020894,1.0412968562470843,0.5363170267995193,5079297305994007630,0.1,8,6,30.257921979548037,31.086983966670875,28.394404232625146,0.2439632939695289
3095,1.1369446374684111,0.7244167327015536,1.2504555103672432,2.43459276327274,8097366281143959889,0.25,8,0,24.29314480494887,27.75814291124858,24.41428875193581,0.0419698838377795
3096,0.595212076795584,0.8801765660244028,0.7479794334624483,4.898608778405638,8144736764108521286,0.25,8,0,15.687160712031309,23.541219542986997,13.933028295477136,0.06190586813336561
3097,1.809565647952939,0.787957352446761,0.979000807959706,3.164334399382784,185852812452049927,0.25,8,0,24.344653452846863,27.65985986617851,26.06427927340588,0.05134912902322621
3098,1.6725067686592712,0.5923162800323327,0.583614050387314,4.662286943360508,4338921664352437951,0.5,8,0,23.45571897487691,27.394552455498044,20.337460413021656,0.23501419019560943
3099,0.5638838526735774,1.8697767573228772,0.9915612207438526,1.955251935380606,2134923561361515506,0.25,8,0,20.006312334301228,24.334806211336954,22.560803310104106,0.05372534835721703
3100,1.8766847187222588,1.994437769966813,0.7401613640931654,3.746646776156386,7425761311691220837,0.25,8,0,24.305264486807225,27.72689685645752,24.881288538452367,0.0600875228554315
3101,1.7057689313879298,1.829558682131626,1.7875633788514462,1.3822608606891296,8582150828502201007,0.25,8,0,32.578209821992175,30.87804570130034,31.265305839311043,0.055897448979679305
3102,1.3492000242337214,0.5585207398823651,0.5216174706130641,3.5171799258487897,1553245541465850175,0.1,8,0,21.80592728190885,27.73797500315617,22.213844368377842,0.27250706831052346
3103,1.7911168024502262,0.5622688289441053,1.0207732248705386,4.081687614092159,8951126789615349733,0.25,8,0,24.284055043555107,27.50334553717965,23.297994125659383,0.05661476827079541
3104,1.1629672532877082,1.7019985886891078,1.1254747345202654,0.7336754277524199,6870334632636417587,0.1,8,8,30.417750284055042,31.086352733240755,29.618193453859963,0.1206708116205241
3105,1.147813185744459,1.1274287686693607,1.222137055084758,0.050336616675252244,5137452519362401850,0.4,10,8,31.243214240626184,31.07246559777806,29.38154428690513,0.16743491587830664
3106,0.5937942530274538,1.3463646357721455,1.4382027094609249,3.224105957481705,2150864901240690271,0.25,8,0,17.983524807473803,23.53566468880192,19.237458808870503,0.03968780062534233
3107,1.8021501126945174,0.6002677930545247,0.5078611165689566,3.9604418575865004,8640430138920278728,0.5,8,0,25.712283802550182,27.74820098472415,23.555036599900113,0.27183189422604476
3108,1.1648055255322691,1.2991092646387763,1.2470923001219836,1.2804662519393373,2365220764609302636,0.25,8,0,30.432710516348948,30.75243024870597,28.005099942724254,0.04150004105693502
3109,1.1064736928174024,1.2886179414215424,0.7805457636280472,1.9905559342106804,8506231422413701914,0.25,8,0,24.32609519000126,27.714682489584646,25.35402906683108,0.044014902763001615
3110,1.8557472170954723,0.8518096912953985,0.8675716273630986,0.2863237787699252,8319804233340863398,0.4,10,8,30.971468248958466,31.15484156040904,30.298561416947344,0.1721763372332479
3111,0.678004284249933,1.3203256383175217,0.8275148006428276,0.6993767117647709,9453618126462630,0.1,8,0,29.80968312081808,30.76000504986744,25.8833466392647,0.29756493536590034
3112,1.9299497140742283,1.8711498236442996,0.9383501385142325,1.0676785250277665,6739074023947852232,0.1,8,8,30.515843959096074,31.03964145941169,31.60133927879663,0.12433218054000057
3113,1.7746436221628092,0.973437068671112,1.8201128243648848,2.220363218625856,1282484140382157407,0.25,8,0,30.50703825274587,31.030488574674916,29.109681405320917,0.0500197290698569
3114,0.6156836473677423,0.5566641625218234,1.6965946022492995,1.4043206561872457,5887465452390995838,0.1,8,0,23.79623784875647,27.549930564322686,24.38854657009997,0.3226492323750632
3115,1.159795120195593,1.973507325655512,1.8310740462111743,3.262257567101149,2161125027583767010,0.25,8,0,22.144773387198583,27.799330892564072,22.76065319381029,0.051816197377558014
3116,1.859855466041295,1.4437141268659555,0.7836256637519393,1.3058287315046284,7747447143669847642,0.1,8,8,30.53818962252241,30.94053781088246,30.476741423210804,0.11147815821687614
3117,0.8429773845254529,1.098282787335167,0.6796573442359464,4.315829195484479,4662692999673815619,0.25,8,0,18.01846357783108,23.541219542986997,17.043346898935567,0.04951991653215937
3118,1.4589153478962347,0.787661452270408,0.5020886941224059,1.9244309866906695,2718267824999522656,0.1,8,6,27.639565711400074,30.73885872995834,26.139110945726724,0.23141293168934565
3119,0.7847267726136662,1.8529780016347759,1.3679516885782985,0.762465588452233,9205475551591428670,0.25,8,0,28.32300214619366,27.747916929680596,27.476905729273856,0.05515342045989416
3120,0.6817582866736566,0.5295732705467256,1.1150658036732473,2.859950762221406,1182481806570435276,0.1,8,0,19.70016412069183,26.47023734376973,19.674105108474723,0.17616107925119706
3121,0.5279620695497278,1.5225694530681757,0.5511293422226295,0.7127378474501583,1878513621981618181,0.25,10,8,27.551350839540465,27.67747127887893,24.68511726446559,0.7208791907302035
3122,1.2504234586871583,1.2880940799531024,1.62977102330703,1.8276660645997411,2155107003555933480,0.25,8,0,26.319625047342505,30.93990657745234,27.155700578673322,0.034188271270781945
3123,0.8283211114621293,1.239970079521114,1.853574792653095,2.0981227797490987,4124628672702967221,0.25,8,0,22.15623027395531,27.576631738416868,24.05437461778713,0.04120017210127511
3124,1.7630868597594942,1.3990587185665269,1.4670251874473241,0.6778286863190197,3778181407005114869,0.1,8,8,30.443883348062116,31.29055674788537,31.871631173330957,0.08036764145934579
3125,1.961319768593404,1.2228124896772832,0.5385426097165369,2.3981084685585414,3758657970553671685,0.1,8,8,28.03083575306148,30.774207802045197,28.870457707168665,0.1649930564347827
3126,1.6284930701331681,0.6956171420697204,1.7824995885782586,4.794098278021084,2036278504020587059,0.25,8,0,22.24788536800909,27.678323444009592,20.7870012478002,0.0559132853136768
3127,0.9763514135733479,1.414910504276276,0.8093884250812821,4.488280006929197,5510006825051522493,0.25,8,0,18.07555864158566,26.313438959727307,17.462239712612252,0.04451722881510623
3128,1.2315349930885897,1.331582088602871,0.818410809443326,2.782193963696839,6540105936700862527,0.25,8,0,22.244413584143416,27.74933720489837,23.83353611266297,0.035344469749843024
3129,0.9120095974457797,0.5957600740731153,1.14361994773392,2.9617007218181852,476351864775197564,0.25,8,0,22.254481757353872,27.813249589698273,21.51085140893273,0.047337221523528955
3130,0.7379208405945998,0.5288996377302736,1.7624697983684092,4.325016325226052,1200134064511360252,0.25,8,0,17.818772882211842,23.53566468880192,16.937054373534597,0.05898382345127893
3131,0.5316344110362761,1.1783629353674454,1.4746725916867525,0.7594150378287734,2104949772476210731,0.25,8,0,26.332754702689055,27.92459916677187,25.946073305856785,0.05761340188327206
3132,0.6083397287372657,0.5686386985469184,1.6329576168960949,2.205059044515591,313910463192054406,0.1,8,0,19.785696250473425,27.345410932963013,22.42564212191863,0.29096966967961996
3133,0.7691798236349173,1.5819845042299034,0.5894336770899764,2.9779080071712727,2243613596329792083,0.25,8,0,20.098156798384043,27.566973866935992,20.50578315781478,0.05046731862334384
3134,1.4410761605302027,1.875860484360333,0.7703000063711849,4.6934947396040485,7560911479486748156,0.25,8,0,20.18779194546143,27.62066027016791,19.630363986579823,0.05504733822015244
3135,0.6294103014444055,1.8500917109845052,1.021302925792165,1.7583948117023407,5371101810314471487,0.25,8,0,20.04828935740437,27.756438580987247,23.50606274765635,0.05168018972282082
3136,1.2118889881868669,1.4379983249088366,1.6902860350421935,1.1290938727772089,9083748439791279448,0.25,8,0,30.48336699911627,30.6407019315743,28.998124350343765,0.043929001447766014
3137,0.7285001499383162,1.6073573717385354,1.0981934972369625,2.723996121949957,2976718441924733130,0.25,8,0,20.10225981567984,24.62845600302992,21.298250361285394,0.03794261884170002
3138,0.7507550419780135,1.1179759973735917,0.6072551359836706,1.9829839810375112,2167904210716079361,0.1,8,0,21.798289357404368,27.74990531498548,22.591328547398426,0.17347178092686477
3139,0.5855643400338373,1.8721249305217325,0.7923751522484177,2.237837183995315,577200317421610462,0.25,8,0,20.016412069183183,24.456255523292512,21.732973981202708,0.05555939600989562
3140,1.832304790360354,1.7626906379593512,0.6330408032089752,1.2543307473484833,8981598028096997925,0.1,8,8,30.510920338341123,31.22427723772251,30.498002088782663,0.1311659911628395
3141,1.5437818444593137,1.796052930074496,1.204624731705291,2.5944545878782743,4745664351949400626,0.25,8,0,24.309430627446034,27.934257038252746,26.493765870150465,0.03756079712183923
3142,0.8108790980075945,1.5839172806679667,1.5661546165461122,1.9882058124600477,983767799212019937,0.25,8,0,22.142690316879182,27.71695492993309,24.157661144282702,0.03782724262192313
3143,1.7850123297987,0.5720426340413189,1.6339615886465584,2.487259050958542,807341727396008256,0.25,8,0,28.41977023103144,30.765370534023482,28.227937490935865,0.05724716782409656
3144,1.251535887629352,0.61730790583238,1.6974206784569352,0.05157655632209157,2478971844048672039,0.4,10,8,30.80766317384169,31.086983966670875,30.00594835212076,0.20327256356686066
3145,0.6982321384977472,1.072341573512972,1.0113067531269955,0.5878350757332523,8980301234461763839,0.4,6,0,29.72762277490216,30.82186592601944,26.19870128035664,0.29766212038060363
3146,1.698840523639607,0.8056838212389891,0.915196450077348,0.901773231581508,7254638559766168741,0.4,10,8,31.154210326978916,30.9402221941674,29.72365797241531,0.17109940510246938
3147,0.6757959576835111,1.541956430870211,1.7837246434957172,3.704074310505985,525697200421241689,0.25,8,0,17.985229137735132,23.536169675546017,18.565582516585774,0.049365026223877596
3148,1.9463758921049013,0.6799257739829374,1.8406171849304227,3.9522776528006998,1431195552813837974,0.25,8,0,24.323444009594752,30.426713798762783,25.100704716890306,0.05935081158621282
3149,0.9336215636325229,1.227339920514937,1.3550193143322558,0.7969997788508981,6126969045322637159,0.25,8,0,30.48715439969701,30.754955182426464,28.096889953810752,0.04959973232825074
3150,1.4162579198887801,1.3654601643384296,1.9373380713370272,3.0912402613775356,33337491833626061,0.25,8,0,24.274965282161343,27.390291629844718,24.67903717807192,0.03955107981598263
3151,1.755778820008373,1.4198807017093331,0.6448940562378678,3.156255496518911,1800472329443186301,0.25,8,0,26.35326978916803,30.733493245802297,25.705603624414945,0.04950689450224705
3152,1.842985756886792,1.201787779470001,1.100522756813941,4.634432547760204,7471226022966258463,0.25,8,0,22.241983335437446,27.762403736901906,22.194241939926687,0.04626960584805329
3153,1.4125240467704074,1.806304621838111,1.8005044989559387,4.326116742098084,4608599978720366182,0.25,8,0,22.173589193283675,27.73655472793839,21.10689253610414,0.05384537567610761
3154,0.9069249619127189,1.3551620178247832,0.9291392521685499,2.6405764215221477,9060468538076000945,0.25,8,0,22.179491225855323,27.682300214619367,22.420723357673037,0.0347363171872812
3155,1.4681478804662136,0.9282237080061606,1.138496706226336,0.3941742391892067,7060312465720944789,0.4,10,8,31.169359929301855,30.95758111349577,29.891378925398985,0.10277165611251161
3156,0.6918619009016003,1.1900472269334652,0.6415398592109927,4.832862698732462,5086876839165427155,0.25,8,0,15.726802171443,23.535159702057822,14.672749384851503,0.0579428397523596
3157,1.6843206387821554,0.8292991372301225,1.422821718161855,1.7476784255619526,8523625588115284961,0.1,8,8,27.997853806337584,31.014392122206793,29.676910110213672,0.0946052756380853
3158,1.9755253680689746,1.5592295111573058,1.41060262158747,2.466010161037026,1860795436308109837,0.25,8,0,26.435740436813536,30.84017169549299,29.4432237416939,0.04752863789033362
3159,1.83041843455833,1.257990886559006,0.5400179143406831,3.943712720662433,6687225892521246525,0.25,8,0,24.29314480494887,27.74479232420149,23.78262649404849,0.055328221264165936
3160,1.7082221420177215,1.3823161351267443,1.4577038638518531,1.9404013874601693,7830590477639756056,0.25,8,0,28.447165761898752,31.030804191389976,29.393211201107338,0.04065205188263601
3161,0.9030844817582037,1.3341590651635125,0.6262525035806675,1.7306546413779633,8336282569468244055,0.25,8,0,24.33594243151117,27.712694104279763,24.83041866547668,0.05340019676736886
3162,1.259947744770304,0.9637533618272465,1.3248988161492499,3.3065127284143188,7211741929341461645,0.25,8,0,22.27184067668224,27.73996338846105,22.717085259420173,0.027876317035629573
3163,0.9358661086563007,1.386307355653346,0.5196230085323454,4.865047547860783,5777780944994230497,0.25,8,0,18.04658502714304,23.53566468880192,15.965804171939999,0.056838775702388954
3164,0.7747936096599997,0.6552131390061873,1.9520449378759088,3.4693306956765153,6251000157287549771,0.25,8,0,20.119618735008203,26.47705466481505,19.751972711844566,0.05417435777468342
3165,1.3158315870025872,1.5641624770443643,0.8445265650684188,1.1542330844560555,2613547802668766820,0.1,8,8,30.523040020199467,30.843327862643605,29.072015409285495,0.10784587876087079
3166,1.8378219317415243,1.1825343057515743,1.042067485173251,3.0005532796052776,7411046157225896138,0.25,8,0,26.37829819467239,30.61292766064891,26.816643140994607,0.042265181600054755
3167,0.5947596884027802,0.5231421765970112,1.0746553533002434,2.9460642114729616,7037524456437132718,0.1,8,0,17.648339856078778,26.470805453856837,18.474409602138657,0.17470502350360886
3168,0.7988791854219865,0.7008611985357452,1.0384585502856662,1.517636627081389,6156161746000062100,0.1,8,0,25.77515465219038,30.79061987122838,23.79507610020613,0.14310038057516042
3169,1.826859314902961,1.002444026640367,1.92327737242136,0.42888257817659814,1878108441389924806,0.1,8,8,30.48024239363717,31.061734629465974,32.6704222284032,0.12770857850449738
3170,1.6561544815627038,1.5832179969475793,1.817002265800787,2.9155319630035055,7816326247412646253,0.25,8,0,26.358603711652567,30.990405251862136,26.53682106992869,0.04238019756823577
3171,1.2139981604788148,1.2622305212758937,1.492084332960588,2.899502612025127,8773236659983419818,0.25,8,0,24.279888902916298,27.5061860876152,23.772548052653594,0.02311657951988839
3172,1.9520428763378046,1.415618361937797,1.278019215341362,3.1131338625868366,8939630636034746885,0.25,8,0,24.38176997853806,27.549930564322686,27.335568548056578,0.042943906817739415
3173,0.8134080607171835,0.7623510547835144,0.864381820885182,3.931347408503254,6955780721201634849,0.25,8,0,18.06504860497412,23.53566468880192,18.032645474321974,0.04875352898847793
3174,1.5585752697290653,0.8986737035837622,0.6501745924521061,4.39684476255576,6996376555835397757,0.25,8,0,22.245455119303116,27.393984345410935,20.906519088209293,0.05159075509503309
3175,1.9120576685230994,1.3211791405620723,0.9511255792226085,0.5202462401121388,2786112613935602595,0.1,8,8,32.992362075495514,31.105289736144428,31.770598461589568,0.11537650963398728
3176,1.2463327120095524,1.3698922130171958,1.0820288051450841,1.1726339435923223,7102133081393128941,0.25,8,0,28.42330513824012,30.76000504986744,28.693133820016303,0.04545805666468661
3177,0.9245319326542257,1.7959558966404863,1.6264309453252306,1.2983646029724367,8003766657271537196,0.25,8,0,26.332754702689055,27.743656104027266,26.866109956823852,0.046672960679313535
3178,1.4294577997202949,1.1572401853258514,1.7916395944547057,1.846124926687584,2505261704803009128,0.25,8,0,28.406072465597777,31.030488574674916,28.196691827093403,0.04045456996986916
3179,0.584031378027122,0.9945113154070142,1.9276717842696887,3.400560954735404,322154320213194187,0.25,8,0,17.88098093675041,23.68665572528721,18.89574967271717,0.05181615392775693
3180,1.8434517205589809,1.449604195628129,1.655635803000473,0.6106129055051313,4414303579907249361,0.1,8,8,30.42646130539073,31.01912637293271,32.489090835295514,0.10146735013472574
3181,1.2546685965042566,1.259766288861283,0.7838430863643515,2.8932320178153454,3252631686915427541,0.25,8,0,24.282540083322814,27.728317131675293,23.60983361983731,0.03633718787905499
3182,0.7039644708424613,1.800096591963987,1.1971305147330633,0.4715542528105865,809674093722978318,0.25,8,0,30.396730210831965,28.176271935361694,27.710547461346156,0.05975422694372661
3183,0.9110301553919096,0.7327909616731303,1.2199806469656393,3.735543874287849,2962435796631014211,0.25,8,0,20.153074106804695,26.48444009594748,19.363605013525667,0.04063728040609464
3184,1.2189566633754763,1.6711202825033855,1.95557880781929,0.025426555080557134,1670597708533643204,0.1,8,8,35.57751546521904,31.078146698649157,31.799753178032237,0.16576718440823393
3185,1.0950700843969812,1.5874145990692266,1.6216176233769755,0.9446294659583504,3756338071364961315,0.25,8,0,30.45638176997854,30.76000504986744,28.832245300782084,0.04599931340955091
3186,1.862483179655451,1.206872331714907,1.3107077766209234,1.5708525090493315,5886013915432433176,0.1,8,8,30.576821108445905,31.028279257669485,30.620622964579425,0.08007510960814423
3187,0.6001292056241071,0.8101990207414772,1.0285965953918375,1.8754721259415796,456834118207233553,0.1,8,0,19.785696250473425,27.66582502209317,21.73498951802242,0.13830298933395999
3188,0.7248618789196858,0.857059819967609,0.7847544709311933,4.593659090129283,6299541542230418821,0.25,8,0,17.75457644236839,23.541219542986997,15.591873179766433,0.05435885084212284
3189,1.3291665683729676,1.1252626560726444,1.5211798511289805,0.3043017124816594,2499220097536602328,0.1,8,8,30.45751799015276,31.029226107814672,30.80338799021016,0.10238292128705734
3190,0.650534630796574,1.3742049764972768,0.954599871621213,3.5557758271611126,7848957057817969041,0.25,8,0,17.989774018432016,23.68665572528721,18.34043871725438,0.04161182054284278
3191,0.9610573390455801,1.7888867295376112,1.8112331246349676,4.048732636172087,3842681501717043496,0.25,8,0,20.07858856205025,23.551824264613053,19.291199635274413,0.05297996566649181
3192,1.9541715797076016,1.3305090890037063,0.5645823171648758,0.49538055805232684,2573995876456667934,0.4,10,8,30.90866052266128,30.855952531246054,30.93730084159229,0.19506800260473872
3193,1.509485556056324,1.3325094324701654,0.8213704764468652,3.5025773561445828,3565718504384838137,0.25,8,0,22.241983335437446,27.498800656482768,23.374259780832556,0.03639675116900688
3194,1.9413187202539393,1.9273386627631868,1.349117150288438,2.917259823551775,1542821957938292855,0.25,8,0,26.313880823128393,30.642911248579722,27.96503237194771,0.05208235419248951
3195,0.7941927435420699,1.337997300315707,1.6377100579857267,2.320274561192343,6636797613148397716,0.25,8,0,22.11109708370155,27.76211968185835,23.109270637588015,0.03486412242454671
3196,1.6313080903329065,0.9333881856581614,1.66719459000875,3.917633882039593,8456698077125681575,0.25,8,0,24.278373942684006,27.55163489458402,23.304395336180793,0.04070264497559378
3197,0.5254691840957684,1.6040736069260813,1.162324267334642,2.685406164508798,1881937294251684756,0.25,8,0,18.05965155914657,23.68665572528721,20.27730682449315,0.0440924332609436
3198,1.5532047002069296,1.4452366419520344,0.6129442270485228,0.20544926826808363,5968304081627163511,0.4,10,8,30.977464966544627,31.280457013003407,29.889677406324648,0.17348465367011442
3199,1.3746295670061581,0.7558751955099888,1.958573012633701,1.7254437871052923,6259599571865175296,0.25,8,0,26.439433152379753,30.749274081555356,28.254805330286768,0.05363059769700051
3200,0.6340181508762097,0.883032841488245,0.779694533235088,3.6659130082858242,597624601128353179,0.1,8,0,17.58613180154021,23.68665572528721,17.677932448974648,0.1729776641700422
3201,1.7517447005293199,1.1061033108480882,0.9347431273646306,0.027756315304443557,2635875501599431346,0.4,10,8,31.225855321297814,31.118230021461937,30.808225247717274,0.1583740383846987
3202,1.3250680190640394,1.4455420788782893,0.9601181614296173,1.2575939156439202,6316217904102501900,0.25,8,0,28.42330513824012,30.60282792576695,28.84914294165311,0.04723179622339179
3203,1.7256917728005858,1.3112309754654365,1.4535467226887124,2.3594779645298223,6147618784780767239,0.25,8,0,24.30185582628456,30.750220931700547,28.265721253243147,0.03716109712919254
3204,1.490922722836754,0.9031502726552936,0.6576245189691332,2.2537303723132855,8251434633420159155,0.25,8,0,26.393479358666834,30.637545764423685,26.6716301470307,0.055554098726362904
3205,1.7308698899804238,1.9104065463474793,0.9244732485471117,3.5938017952376766,1862232018259107812,0.25,8,0,22.22948491352102,27.703320287842445,24.550029442895845,0.0490536489837642
3206,1.98657899001505,1.3403510314676137,1.5248546872573183,4.0953673737819845,4943766234092060007,0.25,8,0,24.286706223961623,27.66525691200606,24.83157794726791,0.04783875104537925
3207,0.8156929809075799,1.4133925595285053,1.002021415654246,0.6914520763350379,4524997283823124039,0.1,8,6,27.849608635273324,30.93170054286075,27.589035842588864,0.22757039196639467
3208,0.7768105530526309,1.0163860774253253,0.5352362768163623,4.987539946671142,2393193332488227672,0.25,8,0,17.760541598283044,23.535159702057822,14.652866621100063,0.060869569647368546
3209,1.9832464806223828,1.2676846018386398,1.1817768847769752,3.5494652859979574,587212538504316656,0.25,8,0,24.3669991162732,30.99513950258806,26.16446000886398,0.04435899652827018
3210,1.962358512564068,1.277507121878957,1.9054662375172464,4.459432076609496,4367351865016524268,0.25,8,0,22.266980179270295,27.707865168539325,23.851519558609382,0.057884761354731896
3211,1.2336653999867075,1.6709957239096598,1.3080126675803232,3.1365107477973897,4049025317086812705,0.25,8,0,22.17810251230905,27.57464335311198,23.165720727201283,0.028557376713833342
3212,0.6413058635119049,0.9359860299188876,1.70574434757373,1.6280154195610326,235074302922877032,0.25,8,0,22.183310188107562,27.40335816184825,24.17863516978248,0.04968951102290848
3213,1.4324148780121537,1.7615916098227171,1.8300363842344307,1.6698470048401122,5463385112754882874,0.25,8,0,28.376909481126123,27.764108067163235,28.831399503742592,0.04657470515013221
3214,1.14907916412684,0.8700007125255814,1.7616587309189196,2.906289879561057,9174120151979603191,0.25,8,0,22.241288978664308,27.5561797752809,23.456634291190127,0.03679982577919321
3215,1.7687354600435297,1.4199288937492283,1.695461631223785,1.7854365174200733,8332845850150907414,0.25,8,0,28.472351975760635,30.591465724024744,30.300090788629447,0.04618898697575361
3216,0.5315655591525742,1.3993436995702453,1.1090180716790043,2.655886937907227,9009965005407299151,0.25,8,0,18.063060219669232,23.68716071203131,20.333686172443873,0.04210750284810415
3217,1.8941756766635678,0.9322008312137748,1.121879407956722,2.2049236543114716,1057551172299515711,0.1,8,8,30.580987249084714,30.842696629213485,29.388101487190664,0.11605619629592655
3218,0.8840964485087639,0.9930482987440341,1.4268729896732164,0.5709719766745447,718601792013353728,0.1,8,6,27.84891427850019,31.29055674788537,28.63987665208458,0.2965891936142998
3219,0.7469839429195546,1.433733169305496,1.8818939398851013,1.2836800346547361,4240329219167053227,0.25,8,0,26.351218280520136,27.555895720237345,25.952685245370606,0.049315676259673966
3220,1.0063734154989525,0.656058440372802,1.4239775635983165,2.2188358673499575,6163914178169688333,0.25,8,0,24.29428102512309,27.75814291124858,24.36993405157058,0.04526801916167247
3221,1.6119239313417688,1.6680618898198185,1.3036502114689263,0.19122316809418616,4105801063829698884,0.1,8,8,33.091244792324204,31.01660143921222,32.02987929503687,0.0987911793054184
3222,1.5957109214658416,1.827037939137575,1.7544128701620574,2.1660546377129766,4351971114291610918,0.25,8,0,26.30731599545512,30.849008963514706,28.314768171485518,0.046129875661184254
3223,1.5174532086162482,1.257279630914733,1.9646977436454778,4.040384781176947,4980625699309845354,0.25,8,0,22.278437066027017,27.74251988385305,22.509365119853648,0.04637304483307528
3224,1.606655961815141,1.2000335106539026,1.715372982303964,2.2336446916723895,1232460740620263810,0.25,8,0,28.38176997853806,30.74674914783487,28.048539954272194,0.03828022606547635
3225,1.773957715812205,1.7349753234878271,1.2656102847134403,4.5322845648381715,6159084842608307416,0.25,8,0,22.278437066027017,27.726612801413964,22.262206290555643,0.049225655212243646
3226,0.6783777505266626,1.8368306042377516,1.4844200015260234,2.117996909802245,6459769973752908940,0.25,8,0,22.078462315364224,27.400517611412702,23.00829670476757,0.04546205343678857
3227,1.4906787189641937,1.9585200046964728,0.5883387524799084,3.1058889196644843,137185506696213062,0.25,8,0,24.290493624542354,27.632306526953666,24.368977741762926,0.05370227589211502
3228,1.3435672772401515,1.5078223756768825,1.5929902476443407,2.9098768737165748,2095100377652704671,0.25,8,0,24.306400706981442,27.39114379497538,24.57747693953025,0.027996747903003154
3229,1.2450986574628884,0.6448776932972234,1.7560975383061002,2.8789033896601146,5268520553817507449,0.25,8,0,24.28216134326474,27.521525059967175,24.042883222716984,0.0442545210060969
3230,0.7239103046941917,1.0446311081669837,0.5896223742465259,1.0085448729958268,6260722511789769088,0.4,10,0,26.064038631485925,30.765370534023482,24.073416481517057,0.28231873071005453
3231,1.7210466900900308,1.8322551595666643,0.6791500957580403,3.8190068959640087,1674678376929640144,0.25,8,0,22.249274081555356,27.751609645246813,23.683056793620953,0.05260547920923701
3232,1.5357597285621518,0.9663421264991043,1.0274609004148094,0.49311454765539275,6058724693949936170,0.4,10,8,30.827862643605606,31.01912637293271,29.92392569184085,0.10247447959611683
3233,1.118954084625213,0.8582572249199358,1.032163346006879,4.75886435366953,1416717132923094527,0.25,8,0,18.09515843959096,26.47705466481505,17.55179835439082,0.043816774082416125
3234,0.6547801212884234,1.6653042787429524,0.7341579866125175,0.39799940712586246,1124087867302934675,0.1,6,0,26.555169801792704,27.9345410932963,26.811173712970433,0.48171588458404313
3235,0.8152219749013598,0.9946458065838584,1.1688879545769737,0.10534725533145606,6087683227028436355,0.4,10,0,29.1623532382275,31.274775912132306,27.47568013631381,0.32316614184216386
3236,0.5253206539688947,1.2041044671423895,1.306570815443759,0.8302542122746048,4231133003489763934,0.1,8,0,25.79525943693978,27.761835626814797,25.711294396807443,0.29835193360947904
3237,1.983024181736166,1.0733683412481945,1.9511716079941088,4.4187430150146,8994906018394178409,0.25,8,0,24.299204645878042,27.513571518747636,24.069620619810525,0.059184329881592716
3238,1.000537270093674,1.3150720164009175,0.9456629545343621,0.2240594443315863,8105897208134355253,0.1,6,0,29.569498800656483,31.069625047342505,28.51210772725024,0.3082811602976428
3239,0.8811572585686682,0.6261065500745738,1.1759515858208944,3.4902568056152066,2044693855187346906,0.25,8,0,20.15370534023482,26.48444009594748,19.860673145752376,0.04469227088327086
3240,0.7974053619491479,0.9801430612504635,1.3533844991695052,3.208409930276659,768767080404855730,0.25,8,0,20.113622017422045,26.47023734376973,20.347401487215663,0.033829835956324314
3241,1.2548406214616779,0.8090033754095948,1.1063851038600718,1.198659040111521,1213953940474785670,0.1,8,6,30.28329756343896,30.795985355384424,28.219707017213384,0.1746010452933202
3242,0.6478779252918606,1.0790869930616014,1.5141435295363987,0.7802327507765516,8030853359243805884,0.25,8,0,28.355258174472915,27.69309430627446,26.552140093180995,0.05501582822490387
3243,1.8769236368873858,0.9544031415491532,1.8372085572093462,2.1686028515782385,785530367414336695,0.25,8,0,28.482514833985604,31.028279257669485,29.82296935034001,0.05324493902359491
3244,1.085098816068598,1.5764546917051327,1.6526775957739,1.5387243236007224,556983506207827253,0.25,8,0,26.290083322812773,27.626341371039008,27.063568991456783,0.038389218673323414
3245,0.9079100230491326,1.062840686584335,1.0495262681490471,0.8921419101535388,2004577621966342893,0.1,8,6,27.77947860118672,30.83954046206287,27.180965898559595,0.18270802195716995
3246,1.8818017418498822,1.5667833079466367,1.1419260292202256,1.561507992359099,8031412795023898284,0.1,8,8,30.496906956192397,31.165256912006058,30.797151249600294,0.09199582349338584
3247,0.5735775469358317,0.6467129239906618,1.9297639289222053,2.8256418154929044,3230615192492028102,0.25,8,0,18.05908344905946,23.535159702057822,20.429369716467864,0.057021383982096004
3248,0.5095125513045471,1.7693966120564535,1.6771009848162242,0.9986088837817042,1000007770913761532,0.25,8,0,22.134358035601565,27.67150612296427,25.3384124700991,0.05756937694870983
3249,1.9374001074995737,0.6764661009865433,1.9568751106590512,2.489134055846734,7788012800410595373,0.25,8,0,26.439433152379753,30.79346042166393,29.26879588105667,0.06206000003204248
3250,1.766136099395613,0.728432607520816,1.4396661763735488,3.608741957880102,8509834022950216805,0.25,8,0,24.323444009594752,30.558641585658375,24.783546604338603,0.045460509712593536
3251,0.5376291104901918,1.0285618689957685,1.476611540335671,1.404507819184131,7431408910268070141,0.25,8,0,20.121196818583513,27.712694104279763,24.08838330753448,0.05071624792602243
3252,1.7730015505233858,0.6848252087023861,0.8792918712997816,2.9888206104653783,3032252040267487521,0.25,8,0,24.351092033834114,30.81429112485797,26.274372702269346,0.05559197905490025
3253,1.1801745215903643,1.5789811678065042,1.9460266583842414,3.0511242360621265,2744505605174737357,0.25,8,0,22.142343138492613,27.561576821108446,23.43562139560925,0.04152130339953002
3254,1.3917262776551214,1.3642238583057311,1.5299637173114118,2.488234195150192,8934778420915114824,0.25,8,0,26.358603711652567,30.991036485292263,25.99133924151021,0.026886456259890293
3255,1.5406069493219166,0.6885769791237559,1.0330689073920052,2.6837277549525367,6322441582897734921,0.25,8,0,26.375015780835756,30.817447292008584,25.88995540311962,0.04820404849568431
3256,1.782110538144221,1.57713915586359,1.0408624808573945,1.5398403055516923,7295227949449520689,0.1,8,8,30.57644236838783,30.76000504986744,30.377923416552584,0.08714067669310513
3257,1.434323171743173,1.2016710004558315,1.767273224064004,3.8532160958977824,7743900186272583255,0.25,8,0,22.278089887640448,27.681163994445143,22.435782847336615,0.03619914505607809
3258,1.6792680247217406,1.5823381636742688,1.3592749628609682,4.650907018490265,8908465614432396671,0.25,8,0,22.272187855068804,27.712410049236205,21.40469812801993,0.045122461289919036
3259,1.2472046157648249,0.7409093639978435,1.042844664672195,4.155672042332396,6261718355971888158,0.25,8,0,20.299520262593106,27.512719353616966,20.002621871155267,0.041049887222652785
3260,1.0071430595599993,1.0307318715242577,0.5289781375122291,2.4949217991590182,475243110224676097,0.1,8,0,21.803497033202877,27.75217775533392,23.142514793658336,0.1626618439722363
3261,1.3705490094762114,0.5961889660775517,1.0360277619345157,1.673507272236211,7553869747580375462,0.25,8,8,30.935109203383412,30.8376467617725,27.81317042260314,0.4016036342544352
3262,1.4163635504416736,1.4040729800084024,0.6046171892435906,2.671140426373425,4327334238078776376,0.25,8,0,24.340866052266126,27.89676177250347,25.098871112390583,0.045347541356823305
3263,1.4820635739216599,0.6009297742378711,0.9705772444909013,2.0783940240555694,7655692895076258980,0.25,8,0,28.41977023103144,30.848693346799646,27.23347508225163,0.05715373356986485
3264,1.3587643679565686,0.9669690856915345,0.7899959289197709,0.6216838159074295,4618199626033591418,0.1,10,0,29.123847998990023,31.238795606615327,28.438647032229373,0.17653928357242252
3265,0.8618403617706314,1.8084182321504447,1.7562971051665466,4.028727395731526,5930284633647487249,0.25,8,0,18.071297815932333,23.68665572528721,18.734123424630198,0.05312901233335927
3266,0.6097225329780274,1.7162917996270002,1.4061960518993843,1.512866223644378,2384583939223524854,0.25,8,0,22.067005428607498,27.75587047090014,24.26542602187125,0.047224309841460296
3267,1.6604294067068786,1.0223884033547805,1.1875501933904915,3.681069419797037,7192649365012626113,0.25,8,0,22.26975760636283,27.743087993940158,23.878209677850414,0.03492395715810541
3268,0.7561654471274682,1.5632851378203858,0.505255637801836,2.109943566070869,5415818170852986831,0.25,8,0,20.054601691705592,27.387451079409168,22.866460732170818,0.05601054957681681
3269,1.9993052704508418,0.8321537530997949,1.7325332380781877,2.686439775162715,8533886218410231637,0.25,8,0,28.430374952657495,30.764108067163235,28.95258326160002,0.05495435127329951
3270,0.8647326151655481,0.9376509639328339,1.9337525440935255,4.857324180324969,6167220662974400130,0.25,8,0,17.854563817699784,23.541724529731095,16.327076029229936,0.0576927557079919
3271,0.564838990028347,1.4221347401701305,1.4245397169395253,0.13976869495108457,2573929226993389993,0.25,8,0,42.60513192778689,31.345474056306024,27.88308084732116,0.06242242773023873
3272,0.9936709349282034,0.6386622758292179,1.9267158960798267,1.9127148099360407,981529482726306086,0.25,8,0,24.341244792324204,28.022030046711276,25.46375874810538,0.05329602672968156
3273,1.1343736566133868,1.9160713355503936,0.5472974284631869,0.8362151853482586,2475296735073263005,0.1,8,6,27.86488448428229,30.96263098093675,28.657756565715886,0.2890459585187537
3274,0.5906998651682493,0.5502996763780792,1.7271709678007978,0.6537485124825465,654739267150723190,0.1,8,0,29.77464966544628,30.835121828052014,25.56408317782974,0.3049052792206479
3275,1.0970099137205953,1.4150945825473396,0.9066515062232097,4.316882543820605,4331933597062336595,0.25,8,0,20.15433657366494,26.495802297689686,18.70985597619018,0.03762351086922494
3276,1.9833535897204086,1.2842361996576175,0.8241515333365121,0.20707669510263316,9008807776928732148,0.4,10,8,31.235008206034593,31.297184698901653,31.76100866689832,0.1752286584773406
3277,1.56280216732145,1.9361088705853453,1.701233985638067,4.130397465912627,9080597482692860457,0.25,8,0,22.258300719606112,27.73598661785128,22.465129359487772,0.053771850838363326
3278,0.5635295907911173,1.2815342496751034,1.8538975578223784,0.2704216859954711,4087006234132744783,0.25,8,0,36.4675546016917,30.961052897361444,27.772525451029733,0.06347883663420091
3279,0.6882232649746878,1.2090105551041324,1.1317242473546985,3.0264611339182856,3530900126859509073,0.25,8,0,20.082375962630984,26.463420022724403,20.165489452275526,0.0353036707993998
3280,1.1508666727597956,1.7388539322416976,0.6155103651459144,3.891666169065367,3035047646857788240,0.25,8,0,20.136662037621512,27.628329756343895,20.12659157265869,0.0475893318151818
3281,1.9557731627798018,1.5211795176530902,1.665376295548063,0.25856986689624883,3938957537395977895,0.1,8,8,33.0268274207802,30.933278626436056,33.40537433581516,0.12201929149079684
3282,0.8557696424097458,1.8849047775966525,0.6389689679351709,3.877456958508047,7698380164962767165,0.25,8,0,18.05766317384169,23.535159702057822,18.51206903964981,0.05424453076713252
3283,1.6608376346545815,1.3131338224984876,0.9302261428573408,0.42855614574387635,178461011363601604,0.4,10,8,30.841118545638174,31.011551571771243,30.922119128018025,0.1105940285360817
3284,0.9048662410929622,1.8537706163072243,1.8679916430068668,4.878839964360858,7728581156855080140,0.25,8,0,17.988637798257795,23.39628834743088,16.607682341152785,0.06669899852751121
3285,1.4808511068317447,1.6743635684712945,0.5262459625806699,1.456641501260885,3002389086020133951,0.1,8,8,27.960011362201744,30.76000504986744,28.919026419324744,0.1335232414649344
3286,1.5758514407075679,0.9400630503247212,1.6406095068626696,4.7856719552442275,6691374607052726402,0.25,8,0,22.27427092538821,27.45789673021083,20.443586855952212,0.04612993346847974
3287,0.8750576686777229,1.057440117112956,1.1691000961253373,3.2040312491811216,7229669850660365674,0.25,8,0,20.14960232293902,27.498232546395656,20.722521732523454,0.030939499744509266
3288,1.3745611982148491,1.4635966248493884,1.2648457999793241,2.4451361860735297,3651039750811722965,0.25,8,0,24.331018810756216,27.65787148087363,25.89760779332826,0.02656998938775739
3289,1.8496556642834638,0.7657363069419392,1.6781324716839472,3.124305786329948,1243104807834764901,0.25,8,0,26.38034970332029,30.734755712662544,26.788435275576834,0.04906214214535032
3290,0.832641183219808,1.5248795217555353,0.7595604538606557,4.136730152465805,7786930579552809527,0.25,8,0,18.04658502714304,23.529604847872744,17.640487874112694,0.04555896120410968
3291,1.6125815495774285,0.7607083147848439,1.7491015731449406,2.8136321388970065,5546550588604248837,0.25,8,0,24.34616841307916,27.905567478853683,26.359935044122878,0.04460749794535058
3292,1.7239016971414756,1.934016158388325,0.7343865296028821,2.1946187877550374,515031489830364532,0.25,8,0,28.357909354879435,30.762529983587932,28.398059063309127,0.05562775458326817
3293,1.334012155475654,1.505000725084249,0.6380206657316481,4.487003824303392,8022791349516032700,0.25,8,0,20.168854942557758,27.513287463704074,19.4389283964258,0.04651387871338129
3294,1.3595263617741935,1.8794038818674261,1.6296318929467755,3.816489847518887,5374118690400251077,0.25,8,0,22.202057820982198,27.550498674409795,22.149189608217295,0.04534501477642456
3295,0.8227593090407201,1.5644732813347761,0.5222451703450849,3.601242034626004,1312458855040965787,0.25,8,0,20.074485544754452,23.535159702057822,18.998250863719882,0.05074573588011899
3296,0.9855217720510469,1.5684126754648204,0.82325743628605,2.9919615527340095,2742439702740401032,0.25,8,0,22.17185330135084,27.79251357151875,21.858911573226493,0.0364123648649137
3297,1.3876362143400491,0.7093786792524485,1.0856605430418342,4.893823591548263,7398343042466021684,0.25,8,0,20.23481883600556,27.50504986744098,18.695708594793267,0.04744539753334241
3298,0.8854880138774035,0.7102422275946796,1.3247369689344068,3.2609439176478743,229243015864787691,0.25,8,0,20.147708622648658,27.3865989142785,20.64851401246708,0.039728490826844494
3299,1.5298557302305706,1.3245462361700526,1.4055698857516292,1.6230246171826646,5151411770716244964,0.25,8,0,28.402979421790175,30.843327862643605,29.205919720447454,0.038556849449342165
3300,1.1344723591814916,1.0909919453172423,1.2454405051301416,1.8147288708730647,6915554535510211148,0.25,8,0,26.359014013382147,31.00871102133569,26.253573410329217,0.035431863019110846
3301,0.8944922216610824,0.6420206785085079,1.1356031677420395,2.9202004446822927,9207157286722587464,0.25,8,0,20.184635778310817,27.70871733366999,21.55869110417933,0.04467883455618798
3302,0.7753913439689768,0.5968446859667342,1.383648275823307,1.157600072560196,8518861467684843058,0.1,8,0,25.777616462567856,30.749274081555356,25.373476736471634,0.20603178666379213
3303,1.9495021417578846,1.3128607763882651,0.699346503123426,1.7200121085367597,29690036412784346,0.1,8,8,30.535917182173968,30.60850902663805,29.96435836611275,0.12573725825341697
3304,1.4949423972091287,1.295244431058904,1.1197911748802682,1.394086427775127,6627380003515618211,0.1,8,8,30.52758490089635,30.8376467617725,29.508717088811608,0.06921309468666123
3305,1.4263989801809989,0.8373043210083844,1.269278608093908,2.338289801372597,759421844676063016,0.25,8,0,26.368861254892057,30.748327231410176,26.390674931234376,0.03905497406466401
3306,0.5422713451352197,1.5753162985727234,1.5957566704070967,3.9352001552788356,5042210869666769057,0.25,8,0,15.819214745612928,23.535159702057822,17.048077534393705,0.05105160484463262
3307,1.9846959708426528,0.7799294468372506,1.8562109288505901,0.5996530516992205,868781813139011164,0.1,8,8,33.02600681732105,30.898876404494384,32.65341191898883,0.13939335256863447
3308,0.5015373276185797,0.6442692438366378,1.8836708337813488,3.3130013796250712,8612138572222054841,0.25,8,0,17.728727433404874,23.534654715313724,18.59863034548205,0.058041880798513065
3309,1.4155950812284412,0.7276000165305583,1.8645499632067462,4.971528719165736,5644789312666823811,0.25,8,0,20.23260951900013,27.813249589698273,19.079544250078683,0.05528125973283772
3310,1.4679701211550458,0.6480032028911997,0.7327453786888016,0.9827442054525692,8176295900834112009,0.1,6,8,31.276669612422673,31.23974245676051,27.651789096261034,0.4653032765270285
3311,0.567913400796883,0.9620484687483748,1.8926754626186413,2.011163917590645,7090218859167355121,0.25,8,0,20.150549173084205,27.576347683373314,22.781335726303027,0.05085888639331546
3312,0.6430383218899087,1.1063278609671494,1.3320132083356893,3.6329431167215303,7728589667877408190,0.25,8,0,17.98210453225603,23.541219542986997,18.25446848459486,0.038365937924225636
3313,0.9365498723775334,1.0440912203569446,1.1142374730346873,0.21954785304859836,2198646915931795231,0.1,6,0,29.56634263350587,31.071834364347936,28.190938214989394,0.3156230475046748
3314,1.3645926650964917,1.1959449582222816,1.7796947785785555,0.7536056068298835,3726529419283478822,0.1,8,8,30.48630223456634,31.068046963767202,30.74640795679518,0.10192406757876417
3315,1.1397137814081837,1.1533817934372046,1.2301355790455202,1.6342665428857588,7251614077890977802,0.25,8,0,26.32044565080167,30.745802297689686,26.800168965139438,0.03682523178979243
3316,1.8595915404988348,0.7980898019469898,1.905223907623063,3.774129421703191,5858231542643235131,0.25,8,0,22.238164373185207,27.75700669107436,25.107258872152936,0.053346395349944925
3317,0.5132167635618012,0.6761428851889755,1.743225706377506,2.4220586603871412,7184673053236170921,0.25,8,0,20.06438580987249,26.48444009594748,21.141354198957714,0.05429827710940755
3318,1.3161365337752349,1.568005373376573,1.3959913811738291,2.417474106825455,3168314956705606449,0.25,8,0,24.32458022976897,27.739111223330386,25.73097840421783,0.027236979603466053
3319,0.6084967210921771,1.214765722108094,1.482810475961736,4.117620401392059,2664598336991019278,0.25,8,0,15.758616336321172,23.541724529731095,16.766618342026682,0.044429694600289824
3320,1.0862183850549105,1.207589560493619,1.2677367799489558,4.306542703172157,5334555893771655721,0.25,8,0,20.11078146698649,26.331902537558392,18.84330217069591,0.03200813024034041
3321,1.4138357947434392,1.6524447578972998,1.8530245947905823,1.5546072165893459,1237209433814369675,0.25,8,0,30.434604216639315,30.83133442747128,29.042413527734727,0.045026465646409566
3322,1.1645823034499618,0.7318059963139012,0.9988490663601617,4.47125054318378,5461666991176648148,0.25,8,0,20.18021714429996,26.48898497664436,18.581509444996534,0.044009171973671456
3323,1.5296378268104387,1.8039574741172857,1.5517477792188965,2.413293221881835,8714200415867024746,0.25,8,0,26.290083322812773,30.84490594621891,27.100116587545553,0.0386425233723999
3324,1.7821766783039665,0.7285212875700617,1.0494670503376053,4.1467976161682,9175364305442482568,0.25,8,0,24.26170938012877,27.75388208559525,23.09169782633536,0.04877390301684804
3325,1.3147997897489367,0.8035217965292131,0.6174852055403393,1.2851421144167052,474008878270445752,0.1,8,6,30.299583385936117,30.79914152253503,26.60898207830144,0.19134048399984296
3326,1.5253376247166426,1.4663991257748152,0.5041244287538238,0.8979159401277265,8741156467696550922,0.1,8,6,30.37154399697008,30.97273071581871,29.40141534552352,0.2503365308894773
3327,1.5830496588729335,1.5318421964260178,1.2977460188245034,0.38457909766490606,2696664820372522093,0.1,8,8,33.03667466229011,31.25047342507259,31.562886624054048,0.08258227890300852
3328,1.1221002856688176,1.2275742400335996,1.7518261894835563,0.8257360587001816,5980325331830166279,0.25,8,0,30.566216386819846,30.94053781088246,29.32650992913387,0.048356694960588205
3329,1.5293788036228073,1.4712471883944587,0.7620047719756027,0.3519739337959449,5279936941341842004,0.4,10,8,30.985671001136218,31.34768337331145,30.323991761676385,0.14043305172828757
3330,1.2702913098543722,0.574366671777525,1.2965040615090702,2.1875881142570206,4220814941571996706,0.25,8,0,24.35222825400833,31.0469006438581,25.894438731958836,0.048604990499661646
3331,0.574494456772306,0.5614646625790825,1.8655142047869844,1.1025266077047136,1379491777101462371,0.1,8,0,23.79207170811766,28.03992551445525,25.400747126006166,0.31203259145247403
3332,1.227383768260357,1.5282510410723558,1.7933837638473773,1.3497668466927726,503819048145023691,0.25,8,0,28.38309556874132,30.849008963514706,28.50495487542207,0.04220991527742758
3333,1.4173249684111442,0.5205660507732031,1.8722006139890333,1.8852666003837664,1888360528447045867,0.25,8,0,26.406609014013384,30.746117914404746,27.917914481753876,0.05718146372216845
3334,1.0249117941939305,1.347963129676621,1.7837249560923398,2.1334185065568665,8603178102050436878,0.25,8,0,24.279510162858223,27.636851407650546,25.050746086456392,0.03411764791242929
3335,0.7980813993830095,1.595930610882704,1.8367554412100136,1.8901549561232789,7834532330387798959,0.25,8,0,24.16058578462315,27.743656104027266,24.521479729429814,0.04343980430203035
3336,1.823037487863041,1.78143613536571,0.9803904786323678,2.066413333727703,3947992945116864707,0.25,8,0,28.44053781088246,27.925451331902536,29.455897487729718,0.05017532382843043
3337,1.4216054984704447,0.871927771422952,1.5482467276239502,2.04783157999647,7035605629080034872,0.25,8,0,26.386093927534404,30.748642848125236,27.35274480269438,0.039763834957524016
3338,1.4402431637322939,1.997333531528662,1.2200923441185423,4.632626512635093,7402496411792126921,0.25,8,0,20.181163994445143,27.589130160333294,20.06263616023465,0.0533220140113999
3339,1.4346549701369997,0.8695892647987097,1.5720418342038414,2.4190381864259574,875812432702454814,0.25,8,0,24.34427471278879,27.91437318520389,26.373313653085454,0.036775873533739706
3340,1.4847086215912821,1.9236123677757164,1.6650516960979653,2.7898204470987045,844004391342872820,0.25,8,0,24.315869208433277,27.735702562807724,25.844212104392415,0.043532807849389794
3341,1.4349462742461534,1.538194515471963,1.7728508550042479,0.9674393297026013,1627455446216577494,0.25,8,0,32.58578462315364,30.97273071581871,30.774948284932513,0.048543109888178816
3342,0.5001858945239108,0.8295817680351516,1.565313792647015,0.4519860175782764,800487172694008495,0.1,8,0,31.811639944451457,30.753061482136093,25.939092389178935,0.261773038189214
3343,1.6515945141507447,0.6654580640573403,1.5853821116100564,1.1796341740388994,2090444775648823127,0.1,8,8,30.521146319909104,30.82312839287969,30.371988344907095,0.10770948390541983
3344,1.960804603330555,1.3591975405743408,0.86851740929822,2.4688693783417714,7597671289762166948,0.25,8,0,30.50703825274587,30.774207802045197,28.946589941334828,0.05136961778225097
3345,1.9655448223882117,0.7980717922080882,1.024360116377923,3.149858914727284,7360512767366980860,0.25,8,0,24.371165256912008,27.573223077894205,27.004773153938757,0.05323320595580026
3346,1.4572870129623372,1.964498078155711,0.8271342604798047,2.8587738042899953,6304771689202488885,0.25,8,0,24.2927660648908,27.903579093548792,25.027484484880926,0.04599509254567421
3347,1.0285968601567288,1.4213237839914057,1.9240862546924846,0.5688479212250119,5357907734326418983,0.25,8,0,32.58426966292135,31.080040398939527,29.65476888294278,0.05397406319392573
3348,0.6261503176452847,1.3338229988243069,1.8312255783589526,1.5066309150169337,5681198658198740253,0.25,8,0,22.134358035601565,27.520388839792954,24.590658060267526,0.04760321975330752
3349,1.9927960788682113,0.9718005154108004,1.5237363995619795,3.7295494341829087,362154187933891080,0.25,8,0,24.35147077389219,31.00145183688928,25.80364402173082,0.04727287102485159
3350,1.7873294478284694,1.7416662777928538,1.2309507502663284,2.9781325713418543,446308392060748177,0.25,8,0,26.363937634137102,30.74674914783487,26.7618696069696,0.04061837680124013
3351,1.0202989984771167,1.3914151291366579,0.6500671375598408,2.14081732805977,2924846715462416781,0.25,8,0,24.276480242393635,27.631738416866558,24.37304360561444,0.045769496088598476
3352,0.8651009768975473,1.2169412311073198,1.4865786546276576,1.9826292089559783,6280087985488745743,0.25,8,0,22.23747001641207,27.74933720489837,24.373824830968985,0.03289558158438602
3353,0.872178910269939,1.6916536065767946,1.7971338812919582,0.6810316924139109,2526686929799078466,0.25,8,0,32.42772377225098,30.94716576189875,28.414988463322167,0.05320104166375114
3354,1.8664763058400329,1.9867020935971875,0.8682882908322676,0.19346067627183994,1086574185707266602,0.1,8,8,33.06293397298321,31.07562176492867,32.5455073410422,0.14088757734851523
3355,1.8831955732703507,1.9740552044432678,1.8065235571193043,3.387287366531229,1165396324492524602,0.25,8,0,24.33442747127888,27.98567100113622,26.506948928755733,0.057979484479610974
3356,0.596412933739671,1.9224516443760606,1.0087015871102034,0.8665573741696048,7989912345728255171,0.25,8,0,24.14505744224214,27.7567226360308,25.91078843900408,0.05994575069553157
3357,1.7768577466515523,1.9051529992877945,1.7543684205428463,3.0070013892456386,684063475728315810,0.25,8,0,26.359424315111724,31.01123595505618,26.94084913646529,0.05072425893473992
3358,1.8856640580066941,0.8674681781037261,1.9815020878682201,3.3474764483905157,8469640226759099330,0.25,8,0,24.3669991162732,30.73444009594748,26.51931914978267,0.053562636466776094
3359,0.7740765221473938,1.2314664690282258,0.8752393776641376,2.4750153133164754,2836830065652871393,0.25,8,0,20.139502588057066,27.71610276480242,22.098751883195334,0.039808247154249056
3360,0.5611388264097286,1.718352129760885,0.5191097611046551,3.8754041045748435,6090189815274911521,0.25,8,0,15.903800025249337,23.687665698775408,16.742573861192803,0.06008999731758433
3361,0.8944339942582639,1.3943023358470548,0.7172572532642487,3.254778514034778,8681815666657774434,0.25,8,0,20.112359550561795,27.513287463704074,20.485159002245148,0.03986975221311517
3362,0.8858199640862345,1.0029465425978474,1.5033472909500656,0.8241496451924984,2601610665914507965,0.25,8,0,32.47014265875521,30.754955182426464,27.79022332866121,0.050857290333551006
3363,0.6133902134049616,1.3256199017618868,1.6847852439255573,0.7662792778536437,3628720211475499085,0.25,8,0,28.39458401716955,27.75814291124858,26.568517369235995,0.052900532013418704
3364,0.7611225986007144,1.4227985757243804,1.6494007786659353,4.155257611790643,3910766321056989653,0.25,8,0,18.003408660522663,23.53566468880192,17.662896453295176,0.04441419978493306
3365,0.7351277161659411,1.5929699512994815,0.8952523556361649,0.8509695887133295,6360959010853796354,0.25,8,0,26.356962504734252,27.924883221815428,26.63003509630261,0.05553809458756439
3366,1.4331442978342455,1.8706325458935067,0.66239356293593,3.848931066706904,6260534991055481144,0.25,8,0,22.207265496780707,27.842791314228002,21.91974243716695,0.048858124963954135
3367,1.0825525459806136,1.3746788049461511,1.2260202262348847,0.5076999330820475,8727865998198582017,0.1,8,8,30.48175735386946,31.258363842949123,29.581266386815056,0.11826515097417113
3368,0.9150751925203434,0.5573965545398187,1.691671627610552,0.4450711050613393,8207033104274472398,0.4,6,0,29.588751420275216,31.039010225981567,28.250377820999557,0.36946315027499077
3369,0.9181147986252508,0.5276628504493244,1.7749746929572539,4.681481374806534,4867682420198431453,0.25,8,0,17.89376341371039,23.541219542986997,16.95570046654558,0.056903345073090916
3370,1.2914312233995535,1.699849681955508,1.1066577715503474,1.1439810232089442,3251613376043753025,0.25,8,0,30.490468375205154,30.754955182426464,29.11178359652355,0.04538891381607142
3371,1.7595995449004467,1.638119635943488,1.1431463393072576,0.14862684469223397,8243205426393322133,0.1,8,8,33.01862138618861,31.279510162858223,32.33958446716399,0.10350545067242661
3372,1.2092647723480825,0.6914254049769573,0.5996484400751569,0.39110459517015583,8191608639849666071,0.4,6,8,31.561040272692843,30.98030551698018,25.735112968701817,0.4083980664423963
3373,1.7923025625342308,1.8442195762034985,0.8959212693491253,2.575027705122434,255744241095615121,0.25,8,0,26.32044565080167,30.824390859739932,27.772838403256195,0.04862948281059777
3374,0.8949102545827025,0.9485004601210302,1.6032902879468742,3.015190628917809,5900409772794284563,0.25,8,0,20.16664562555233,27.594243151117283,21.600795001486325,0.033248406304073656
3375,0.8507838417404008,0.7571136110332619,1.0376980199485661,2.783108123687867,6260580442026604198,0.25,8,0,22.170464587804574,27.51840045448807,21.65922168417232,0.042949486412621286
3376,1.1178037734804525,0.8717365152762966,0.815179886062066,2.9607728619883,79211099219847028,0.25,8,0,22.27913142280015,27.830861002398688,22.573486316398725,0.041745891155579674
3377,0.9208012301414312,1.4837225839329444,1.7282091973387743,0.41386974609425975,1691019287885470017,0.25,8,0,38.6020704456508,30.86731473298826,29.403021041326657,0.05323169222355674
3378,1.5682008292839764,0.9184685743456815,1.6297887297153588,0.21068488544741304,2989317684030049213,0.1,8,8,33.039957076126754,31.25394520893827,31.671477068421694,0.10927357959855931
3379,1.2934121067342084,1.1407976296827853,0.9729846839845776,1.2951695206273484,2465757847422343684,0.25,8,0,28.481631107183436,31.017548289357407,28.524950119799936,0.047630068436379104
3380,1.1708816724780533,0.7547984596210833,1.6374554321155583,2.686629552253083,7273689422164512716,0.25,8,0,22.257259184446408,27.549930564322686,24.118009272931886,0.03738899124421869
3381,1.0546864618466834,1.9682564178217288,1.9009700170357398,1.069463388864701,8585962673638907986,0.25,8,0,30.389155409670497,30.843327862643605,28.491272819783045,0.05544079822294947
3382,1.1861939833429616,1.0415643985572696,1.8700767315893962,3.3935637550707605,5652762665110253331,0.25,8,0,22.276006817321047,27.376656987754075,22.35085290852049,0.03611402369017943
3383,1.986595116217011,1.3164274153529236,0.6960093504253457,3.721126018053659,4401550144129872711,0.25,8,0,26.339319530362324,31.166834995581368,25.36654563894867,0.05261886516420608
3384,0.8508787475936981,1.3666648844706817,1.232963209628411,4.111394478050704,149719860781202927,0.25,8,0,18.063060219669232,23.534654715313724,18.055839385863017,0.03535289354669561
3385,1.2466863823978176,1.9902632235197768,1.0281078112501776,4.423617147691934,3945237143826823471,0.25,8,0,20.147077389218534,27.36103396035854,19.421927774976254,0.050413291784860564
3386,1.820109605868807,1.3063045303417171,1.7368019696557417,2.9123724469440315,8220572895970661742,0.25,8,0,26.413173841686653,30.749274081555356,27.342849009103844,0.0408615774205363
3387,1.8512452175534662,1.450433497876745,1.4453397989489352,1.090903209691077,2407072978211510098,0.1,8,8,30.563943946471404,31.027963640954425,31.64026168897431,0.07990642007572993
3388,1.7728478276301258,0.6973057101764013,0.6156960345365188,0.40441923613408814,136901829044768800,0.1,6,0,29.56602701679081,31.334743087993942,28.902501631318156,0.44540426176839065
3389,0.7844298637151378,1.6063255074950797,1.9285615785781016,3.140686224203135,2145048014986215759,0.25,8,0,20.08995076379245,27.235197576063626,20.91963838254125,0.04670644507907935
3390,1.2716667395946915,0.6175358050314138,0.5897729729455387,3.2328921918692446,2048418200137816435,0.1,8,0,23.79623784875647,27.751609645246813,22.333317716846032,0.21542324027886406
3391,1.2618970241789944,1.1271998871805462,0.8919030397890417,3.3961037839955615,3319955253328317676,0.25,8,0,22.278089887640448,27.50703825274587,22.234074186447664,0.03175129193205632
3392,1.3748326091353107,0.5537883608261531,1.2367658919341449,0.5404951662277602,5397931066401550967,0.4,6,0,29.70300467112738,30.951584395909606,29.176204278107853,0.36591335826109006
3393,1.0465796025322283,1.3829812138046087,1.112508565013141,4.450354072858875,312229558309592535,0.25,8,0,20.095631864663552,26.47762277490216,18.133207739169475,0.03580801593310517
3394,1.0054637887218238,1.1362838645906608,1.4932119027714685,3.9314027907654463,1483650522466519040,0.25,8,0,18.088909228632748,26.323096831208183,19.566922999779642,0.030855350815569664
3395,1.4931010964152152,1.8372957469209024,1.0427657197071962,4.838394635273825,2384958871536998675,0.25,8,0,20.162542608256537,27.650770104784748,19.618388501710683,0.05031474301019034
3396,0.6361443471632083,1.8673708175836432,1.0683328977273603,0.471702179266712,9052241303317207288,0.25,8,0,30.393416235323826,27.899034212851912,27.329370000216375,0.06119259515450531
3397,0.8704253029248898,0.6276728174089988,0.9751353282397628,1.460010688997051,6893656530358568011,0.1,8,0,25.790335816184825,31.023860623658628,24.27114917122007,0.14229518848749093
3398,1.9604018109294874,1.523250471647214,0.68420622253393,1.4103372979680884,997194704975606210,0.1,8,8,30.527963640954425,30.95758111349577,30.59222062244458,0.12295607845303017
3399,1.171958405376767,0.6249192179086711,1.2519869062914633,3.0161046536885143,1875310461202436192,0.25,8,0,22.24163615705088,27.74763287463704,22.924652496538965,0.04058991291219576
3400,1.794203915441091,1.126441467723701,0.670219913429108,4.172862196726163,6207537672677766625,0.25,8,0,22.25864789799268,27.724624416109076,22.913926233479685,0.04955338941143169
3401,1.7142095666098522,1.5179161787830595,1.9095410050648867,4.541772473427484,7563901212606148893,0.25,8,0,22.278437066027017,27.74990531498548,22.16803826479927,0.05395617453829658
3402,0.8419395238057665,0.5550302743754156,0.535474933538644,0.9480457119046337,2223097002089377220,0.25,10,6,30.774207802045197,30.774207802045197,22.46693679372427,0.4058768275785651
3403,1.2670382506805473,1.7823875397990108,0.8937132402612289,2.8509047485014296,2627057094007047707,0.25,8,0,24.26170938012877,27.707865168539325,23.967069374429094,0.0368679587912142
3404,1.6510459459970337,1.13442418642136,0.5888918734463684,4.713320081405318,3911607232785910528,0.25,8,0,20.255333922484535,28.01464461557884,20.488763034080783,0.051675535669315736
3405,0.9718342338237658,1.3544269204324895,0.6325483046112388,1.1634074558738945,4103125190072918987,0.1,8,6,27.627761646256783,27.924883221815428,26.442430531693564,0.175291004849568
3406,1.672373247115756,0.6473379785184789,1.1826174227322808,0.6051604347681105,6824975355551935096,0.4,10,8,30.956634263350587,31.248579724782225,30.127060318336515,0.13926244083529227
3407,1.3317277196069077,1.548767332904743,0.790850724670022,0.2785573816853337,1860078876694639233,0.4,10,8,30.923178891554098,31.07057189748769,29.881271840199908,0.15998941620322776
3408,1.5349748933666394,0.7430084319462489,1.2772153686290597,4.714368732780505,1474365973031038924,0.25,8,0,22.249621259941925,27.828304507006692,20.134414794767945,0.04426450197705492
3409,0.5397654996422105,1.3563305053867978,0.9077634763621634,1.2068613325145434,103609265853676839,0.1,8,0,21.805232925135716,27.757290746117913,24.534181162267036,0.265097883960709
3410,0.5480384515526929,0.6772946968829634,1.2798707546326287,3.5680991196073486,6293139339869190912,0.25,8,0,15.776038378992551,23.39628834743088,17.78735665400649,0.04955272056517245
3411,0.7117727332510562,1.6315696949963192,1.0634927742515607,4.1588071736107874,224101292840643685,0.25,8,0,17.971310440600934,23.68665572528721,17.079551760071013,0.04503970684005617
3412,1.0366568450913478,1.5143987181226166,1.6438377174062506,1.2669177455973013,8050694112723504805,0.25,8,0,28.36674662290115,31.01092033834112,27.592895652437694,0.03976727098705255
3413,0.8592659281674414,0.6041188101458845,1.1506430520461595,3.1867372984805984,8527224327004751053,0.25,8,0,20.145814922358287,26.683278626436056,20.57807106908315,0.04502916913895833
3414,0.921954431116286,0.6899353392802097,1.771065122555108,2.3710981748589766,5430729077078948914,0.25,8,0,22.240941800277742,27.748769094811262,23.659264703466754,0.044891411503044126
3415,1.7301320795047213,0.709186260894425,1.0875509088936801,2.356882658062,7878261636263049614,0.25,8,0,28.429933089256405,30.827547026890546,27.941778483637858,0.052007083966673875
3416,0.5583498127769935,1.6849720298256698,1.9401430778961903,0.06337820338840061,4825458945603833899,0.25,8,0,46.7005112990784,28.12911879813155,28.529239855985107,0.06673387743435302
3417,1.1335816113471102,0.5424059331599298,1.1634032923285365,1.929436408986847,1208478236844089003,0.25,8,0,26.38034970332029,31.005554854185075,25.782370996973057,0.05275722826676469
3418,1.0521448533170878,1.5749658489155527,1.5489818722000428,0.5226909940839009,7516543639135898279,0.25,8,0,38.59067668223709,30.985355384421158,29.842401664590096,0.04950290721390797
3419,0.7051469911039957,1.1202657205772852,0.568679462016958,3.6110455778225377,763975641321384018,0.25,8,0,18.056811008711023,23.68665572528721,18.235030842625036,0.050721239045144494
3420,1.3481433644547884,1.250463572352088,1.5015548601637365,3.4448437737769795,8740135806202531183,0.25,8,0,22.278437066027017,27.5144236838783,22.961240544272442,0.024268332231923408
3421,1.025601897652158,0.8923121693714796,1.4870578011460838,2.3214902499100267,8642810694696107878,0.25,8,0,24.26587552076758,27.515843959096074,24.3017720057931,0.033905880440156994
3422,1.36961275028659,1.6142776876184999,1.6740015427970667,1.1093684629960854,3907102137390231403,0.25,8,0,32.53478096199975,30.879308168160584,30.050811030793568,0.04421861393202103
3423,1.9548496973411895,1.5396553080739206,0.8532087756048122,2.4040552122009333,2321839229892392348,0.25,8,0,28.467049614947605,31.007764171190505,29.129430730625632,0.051426801146217976
3424,1.5276921370382386,0.9752185038966197,0.7829849216558646,1.0664646665406308,1166629975915588045,0.4,8,6,31.70016412069183,30.915604090392627,29.14790206206382,0.2211377608578304
3425,1.096318087364166,0.8754064505757801,0.6849256509378704,2.6322842964728173,2641482936545492544,0.25,8,0,22.223582880949373,27.510162858224973,23.32585105150142,0.04772786457431614
3426,1.6596002977752615,1.2426908000157888,1.477234072431944,1.6721725845037994,2392371204214923558,0.25,8,0,28.472351975760635,30.83133442747128,29.875905843656,0.04110426290327347
3427,1.0301527901270158,1.1340209976306015,1.969743044293793,3.8652199896083688,8551945338637679969,0.25,8,0,20.116778184572656,27.806148213609394,20.1776662136519,0.04352060347486666
3428,1.269322516844272,0.8366317478528109,1.5686814468754238,2.90050405719679,4236029941567129004,0.25,8,0,24.291251104658507,27.390859739931827,24.0439034691473,0.032713044011425295
3429,1.1505970652603166,1.1446867586350407,1.724563201531435,0.7056780086856673,1812640121567597497,0.25,8,0,34.59181290241131,30.928228758995076,29.9061641260249,0.049562633896470226
3430,0.5731974807261994,0.9971428980190999,1.1236221874759802,4.524485574323689,203524851483391100,0.25,8,0,15.705592728190885,23.53566468880192,15.122375518631088,0.04920570021574693
3431,1.3025784114228225,1.597798643875865,1.7223289204359151,2.6739270372736272,3674827202299720391,0.25,8,0,24.290872364600432,27.69366241636157,25.151058551022352,0.03239052288978124
3432,0.5812599442488033,0.597470711456481,1.986099667743621,4.678467012953609,7542788849267384032,0.25,8,0,15.703320287842445,23.542229516475192,15.148836774554683,0.06642536602379676
3433,1.8616964522590345,0.7961174668914269,0.9361457837879701,2.77171630076426,5720379685475843668,0.25,8,0,28.443630854690063,30.748642848125236,27.416541357324203,0.052826117914525676
3434,0.5958478471118104,0.7486529217190719,1.6807028328840061,1.9267449654415487,8930072135402765977,0.25,8,0,22.178796869082188,27.628897866431007,23.09180694147474,0.05045020266689746
3435,0.9439237641213968,1.7855872320114263,1.9011619064948881,4.508955704780505,3852047567975755093,0.25,8,0,18.07442242141144,23.53566468880192,17.910519319489442,0.059037386347433364
3436,1.7514897703642702,1.0762591877105714,1.4143281697383374,4.740544139611861,1086183509471083984,0.25,8,0,22.248579724782225,27.69025375583891,21.404490215554414,0.04336727439816099
3437,1.4606299698646183,0.9345986251102697,1.3013566795509592,4.750016217847397,5194823193997600325,0.25,8,0,22.262119681858348,27.594243151117283,19.622535381145667,0.039334546360478104
3438,0.9249963546681406,1.847103760126291,1.5162634806706756,4.977895209951427,439671443657185053,0.25,8,0,17.998011614695116,23.68665572528721,16.226558799388332,0.058153976693809895
3439,1.6699622240221685,1.2054446520230044,1.4183658004952742,1.139973614564067,5176205275373794754,0.1,8,8,30.527963640954425,31.078146698649157,30.74179427215664,0.061533374724687895
3440,0.882437104055255,1.0279281372973013,1.9284282592860893,1.8202237286777245,9113358824139720652,0.25,8,0,24.29314480494887,27.808704709001386,25.239130535305645,0.043711843548137806
3441,0.5137805132047141,0.7473933963932333,1.949980705470902,4.89329822982202,2215149175744691269,0.25,8,0,15.742204267137987,20.593264739300594,14.156299790029639,0.066846297516367
3442,1.691469683333397,1.2748870111862627,0.6007096501061141,2.103335119715788,7219497156269883903,0.25,8,0,26.435740436813536,30.84395909607373,28.28966300646176,0.054150252377056986
3443,1.8597825486279778,1.841527866390425,1.0527923570908762,4.965791305084613,3789469477290914525,0.25,8,0,22.278089887640448,27.668949627572278,21.321873558334396,0.05682896745194321
3444,1.5267680772315346,1.2941208447534063,1.0280364590992357,2.6374027705757763,3432946856023391718,0.25,8,0,24.321171569246307,27.660712031309178,26.055688471507736,0.03175934015967037
3445,0.8662115324918561,1.5371162448553386,0.6696403657530392,0.11248535279035743,4604321400356075434,0.1,10,8,31.16809746244161,31.281088246433534,27.12180119796304,0.4281699558144587
3446,1.8811837300828675,1.7246716248732403,1.6791334594993992,1.4498535802258272,4290332578232817904,0.1,8,8,30.52758490089635,30.988827168286832,31.80787451238184,0.12876693459164512
3447,1.6749071995494067,0.6015066335139525,0.9227704554094247,4.5820902816236035,7063915856466628056,0.25,8,0,22.252745865421033,27.660712031309178,21.040217102852644,0.05304931127009141
3448,1.536218728829851,1.961345944659232,1.6537759045752896,3.0511546474959195,2464536592753926410,0.25,8,0,24.296553465471533,27.566689811892438,25.425129305626015,0.04513426764766385
3449,1.8974706665535126,1.543802860885338,1.9840397314498488,0.01897547196485272,7975263020995248927,0.1,8,8,35.59032950385052,30.97273071581871,33.99224093424736,0.14844597376975208
3450,1.2984756741660972,1.5197773817790092,0.5948776689203739,2.606568187348705,1209272640455342095,0.25,8,0,24.28329756343896,27.670653957833608,24.63128008807341,0.04383719613914965
3451,1.7163224518534248,1.6704170222195567,0.629236106984908,4.889087385752308,7730977930676530344,0.25,8,0,22.26559146572402,27.74195177376594,20.437922119833157,0.055376004001112526
3452,0.7604162830638286,0.5029692778723456,1.42176228553422,3.599432469408772,3050506296271650089,0.25,8,0,20.089319530362324,26.470805453856837,18.962600030956022,0.04902417789416924
3453,0.7221668228615101,1.6650986773764063,0.5160013737430234,4.212240534514363,4441171086300740953,0.25,8,0,17.97954803686403,23.53566468880192,16.672199913558327,0.056419696091122164
3454,0.6592085972357609,1.4326210351235837,1.1307984561479476,2.5027100296685685,4765665116525201813,0.25,8,0,20.10036611538947,27.362738290619873,21.594677407710403,0.036158770149233146
3455,0.7758429748093123,1.2235447755124245,0.5817908948779671,1.4232600602328875,7898525923093541167,0.1,8,0,23.776164625678575,27.90272692841813,24.237349209738504,0.2088776885348945
3456,1.281144153760356,1.3617544876472998,1.9847567157330914,0.4422009803037752,6075677412140434514,0.1,8,8,33.00138871354627,31.013760888776673,31.345712316417057,0.13440854240612582
3457,0.6386488411507295,1.0302784029840302,0.6597304065672562,1.111611549916272,599740311029901838,0.1,8,0,23.783360686781972,27.677187223835375,23.272202780291167,0.18278972769586185
3458,1.4516749828897477,1.712741375525785,1.9885043325614526,0.8471026366732182,2554371459634621339,0.25,8,0,34.64707738921854,31.262151243529857,31.483241901701746,0.05540869980186887
3459,1.4734412762241402,0.8114474374225451,1.7713869846525374,0.8402493275925194,8716512991798537752,0.1,8,8,30.507132937760385,31.205024618103778,30.67092909909698,0.10525066448033929
3460,0.6408061228206645,1.0997236229324878,1.4550643262388228,3.0148943287626007,4896220975422998172,0.25,8,0,18.061355889407903,23.68716071203131,20.124844520626283,0.035862330290870735
3461,0.6784310915016889,0.5359238446156749,1.349089624714353,1.6465269879425692,5902144749985475493,0.1,8,0,23.795101628582252,27.403074106804695,23.285046719482693,0.17438681623866495
3462,1.8079744953583856,0.6989747420058356,1.192382158987029,4.925413302981864,334418359929036524,0.25,8,0,22.252745865421033,27.886251735891932,20.990172956147223,0.05212952476161182
3463,1.134901933491735,1.5382279498454916,1.0698082155274307,2.2845037716586223,4084744338839389399,0.25,8,0,24.301098346168416,27.69707107688423,24.92403016322415,0.02973584314367143
3464,1.0323705942464758,1.542468628527404,1.6628763822009063,1.4950871298899409,1574023868911407224,0.25,8,0,28.31416487817195,31.030488574674916,26.986400906184375,0.0373189232847933
3465,0.5227356046429971,1.6904227989500935,0.7639089813499783,3.595519668590015,8496354276814006632,0.25,8,0,15.908597399318268,23.52304002019947,17.474169383782073,0.052363056674800824
3466,0.5841520880755702,1.6345865144832032,1.5203615049871144,1.1925600409714254,1603567837130130207,0.25,8,0,24.106425956318645,27.669517737659387,25.241320385615733,0.04806088539093651
3467,1.9202091076251353,1.8450967089349624,1.9927488649030813,4.092542139969824,7204131304482115036,0.25,8,0,24.2984471657619,27.517548289357407,24.777673569810233,0.06321559389445128
3468,1.9767745160043235,0.8325552832475434,0.9824988185102574,2.440521385572282,4803201927448239398,0.1,8,8,30.59803055169802,30.59840929175609,29.049048012166796,0.13999148417534468
3469,0.6176813989560775,1.6206147212003543,1.9589625632210796,4.321496296271877,6408823175221335033,0.25,8,0,15.838909228632748,23.52304002019947,16.607146428877215,0.06108263557804582
3470,1.2147139359808676,0.9452973219256602,1.7205680573839686,0.02438708168400805,6022711423714856328,0.4,10,8,30.99293018558263,31.015654589067037,30.7687477327704,0.1966064926398742
3471,1.1511595285049867,1.7768810601924945,0.7185302428819996,1.5358746433259118,7942946042227488112,0.25,8,0,28.32300214619366,30.7701047847494,27.027978429028934,0.04998062781900513
3472,1.6253542293382928,1.8655790848434537,1.2357521918842078,2.694270118299415,4293814629724715306,0.25,8,0,26.32454866809746,27.549646509279132,26.70251138269456,0.0391942143409123
3473,0.8805642010355882,0.8349091979944595,1.8639965735535147,4.288544066091796,5349690389965224238,0.25,8,0,18.06107183436435,23.68716071203131,17.978218370316124,0.04837343741177188
3474,0.7290836569181249,0.6912663879777954,1.7289051678496117,1.1290165647073374,851584230131912236,0.25,8,0,26.322907461179142,27.75700669107436,26.178711180697192,0.05664809335254863
3475,1.1283194616230574,0.8330928387777476,1.069341186519318,4.190533173695083,2859888605959123864,0.25,8,0,20.144552455498044,26.527048352480747,19.20228677172427,0.03704520634855704
3476,1.2306858890840169,0.9313498220821006,1.2730138985703878,4.118037033466887,137381437046667720,0.25,8,0,20.18147961116021,27.513287463704074,20.140763503488696,0.03145983372769056
3477,1.5078722563955098,1.92741385185098,1.7243264006925814,1.066459586906836,58079271341680122,0.25,8,0,30.48904809998737,31.241004923620753,31.062838906667963,0.05267692103623088
3478,0.9367347160684314,1.6857661283164052,0.9979885747203197,4.234814162302612,1248999569561656718,0.25,8,0,20.07985102891049,26.47762277490216,18.116378577550837,0.04161024672499433
3479,1.0220996827545803,0.5502628296187378,1.1249340833862072,2.7158928157816025,3578606107315777955,0.25,8,0,22.246149476076255,27.770925388208557,22.853774317164362,0.04661868186281063
3480,1.7422697977939718,0.9752331003358188,1.767286327139858,3.686220173723177,4431082641377923386,0.25,8,0,24.303749526574926,27.748769094811262,24.619164682064206,0.042074865525162694
3481,1.2346941586130444,0.5295900396708089,1.2086715225061218,1.7671974930921674,5156037191142525940,0.25,8,0,26.388966039641456,31.029857341244792,26.865184191695878,0.05389231476216072
3482,0.5652748530938001,1.998062792975448,1.966173679957562,1.2523626550516687,1963592978185999822,0.25,8,0,22.128108824643355,27.912952909986114,25.30112027788976,0.06235867201753672
3483,0.5488365739633021,1.3147811531482618,0.97061131182561,4.164156307732582,2203594041896260632,0.25,8,0,15.82375962630981,23.68665572528721,16.01504928080236,0.04682703722714145
3484,1.5556746988474717,0.8808959781788143,1.0166599818994257,3.940043974766059,1477184598804339658,0.25,8,0,22.24163615705088,27.564417371543996,22.353395804318517,0.03787434244251784
3485,1.5593038916134014,1.646588272042907,1.8138303922824848,0.24659069472451056,4322619090378107382,0.1,8,8,30.517358919328366,30.935487943441483,32.516682233479855,0.1207502837917214
3486,1.4841099213342575,1.3881719568815916,1.7486441809230933,4.329807123166161,2878672065039145898,0.25,8,0,22.280867314732987,27.830008837268025,21.351974522161903,0.04083352741381347
3487,1.344223613159599,1.442409680731479,0.694625190963527,1.9847006295135172,3079774186725766782,0.25,8,0,26.313060219669232,30.921600807978788,26.74436118803872,0.04464747152622426
3488,1.0768660333602607,1.2208014551223003,1.9013498208976312,1.041034882964058,2270404760271840664,0.25,8,0,30.48336699911627,30.74106804696377,28.624812046972487,0.04650808194731183
3489,0.9673747098718404,1.582654903470315,1.8586418833414577,2.0791278001583025,887238528685215940,0.25,8,0,22.164909733619492,27.515275849008965,25.040103653009705,0.038776300994819005
3490,1.773298413049357,1.754569194910145,1.3138142333770044,0.24261411681748002,8315956176281537493,0.1,8,8,33.02149349829567,30.99324580229769,32.59256096853068,0.10287587905294202
3491,1.5708517323483,1.288214203935665,1.9888869128527331,3.4757282945712915,9155045571045933700,0.25,8,0,24.28632748390355,27.516412069183183,24.447898785275907,0.04252411265189803
3492,1.0059340660022245,1.5426062376094014,1.8228284018974845,1.4652133453405758,383011564865129317,0.25,8,0,26.29664815048605,27.90443125867946,27.007964572693844,0.04082710970710998
3493,0.616418177492141,1.5866121444304526,1.0709927450140724,4.616502900436301,4590138968371502728,0.25,8,0,15.802802676429744,23.541219542986997,15.202055169895509,0.05124144072483775
3494,1.7741728491597215,0.6766517958194855,0.7204922604263055,1.2247131900874138,3984593935188118636,0.4,10,0,29.101123595505616,30.95505617977528,29.408622848675094,0.530547093946914
3495,1.58031039799637,1.9278573764479148,1.592404297519471,2.51830912056912,3922097433969840377,0.25,8,0,24.267769221057947,27.730589572023735,27.175441802505787,0.04282812042452891
3496,0.6928572990203077,1.2160397301570312,0.710188012834013,1.6847992576193138,1061360403457820439,0.1,8,0,21.8128708496402,27.514707738921853,23.394020170986835,0.1854072238569894
3497,1.4405864328878781,1.247376031380909,1.4873608950298494,0.8785771781791796,1249055888333478021,0.1,8,8,30.59803055169802,30.913079156672136,30.494928465307073,0.07013271054993539
3498,1.8955872603532904,0.8185504477405489,1.8050156269870707,2.5684410602596803,5508620698655854886,0.25,8,0,26.399223582880946,30.63943946471405,28.72735545661458,0.051460184440355466
3499,1.9987853494881795,0.8008812836396075,1.4496510357578685,2.2907004326990976,572594137351730291,0.1,8,8,30.56508016664562,31.009657871480876,29.96475373833737,0.12796974444646214
3500,1.9110056544029268,1.889374846723169,1.1000136257071877,4.212323865481389,9079063737525232180,0.25,8,0,24.269662921348313,27.743656104027266,23.8454003749502,0.05204924134766828
3501,0.9474472320442928,1.079556140759104,0.5057826399447112,3.5534595925940495,5860669354541644906,0.25,8,0,20.168539325842694,27.453067794470396,19.744028026929485,0.04839347692815956
3502,1.546855941716504,1.0841239979796922,1.6765856292937302,4.597415591537007,5232679094983086338,0.25,8,0,20.255333922484535,27.386882969322055,20.82541014107934,0.04154207087051976
3503,0.7464727680114877,1.2319150450830745,1.7250567259015233,0.7556027778641827,4877247143738967689,0.25,8,0,30.40335816184825,30.756848882716827,27.45893520886625,0.04999251110079399
3504,1.8242031977762665,1.2027609563808535,1.5785046631827937,3.3646561378644884,2315917515571608652,0.25,8,0,24.31738416866557,30.812397424567607,25.94917091660728,0.03750753683179348
3505,0.6254769543741362,0.8574230631492028,1.4713461366723473,0.19978598268562187,856190148490719178,0.25,6,0,29.523734376972605,31.01975760636283,27.245883896092927,0.45197937451495385
3506,1.8081036970421958,0.5514295733204125,0.7286651354297387,2.4972931744784184,8889894092230603012,0.4,8,6,28.860939275344023,30.825022093170055,28.05907475903647,0.40351802451305296
3507,1.2910788215122784,1.8860815426239999,0.9563052076057654,2.6299280715207116,463748412159554941,0.25,8,0,24.285948743845474,27.748769094811262,24.813625652937407,0.03854010247514573
3508,0.6049856589266892,0.7705490478652786,1.441247268728159,4.327986489285974,5919697160081441750,0.25,8,0,15.740689306905693,23.541219542986997,16.03105858447492,0.049123881664547855
3509,0.9654786705108054,1.5401219243523423,1.0812906372752782,0.8838909725421129,3059534948969483517,0.25,8,0,28.397235197576062,30.84017169549299,28.027419257896216,0.046921613854052156
3510,1.6839985450020951,0.5867032617685242,0.5672650086927199,0.22787602883741043,5550431989695228236,0.25,10,0,29.175293523545008,31.276985229137736,27.80932890898399,0.557650777686016
3511,1.204862794901945,1.5836697063457772,1.9820882011284378,1.1939155078283732,7342837190343581847,0.25,8,0,30.450700669107437,30.849640196944833,29.030485665952785,0.047408523145292224
3512,0.5113601448052426,1.1151977291097037,0.7539499070716683,1.3427571365420399,6547323782091765179,0.1,8,0,21.803497033202877,27.751041535159704,22.285591778976524,0.18629154495663028
3513,0.8753005832374947,0.5690895054136588,0.6286279523163617,4.279356879360181,7920008497531356585,0.1,8,0,17.651180406514328,26.47705466481505,16.698709489224626,0.19934220209798179
3514,1.4015115876600335,0.8573563563125841,1.277198816743942,1.5070553384485752,4824126085924052524,0.25,8,0,28.465282161343264,30.62618356268148,28.68303044368052,0.04595475193396559
3515,1.0787429104515707,0.8564690698013048,1.8764348401113928,2.4739635123406822,5150431525912932200,0.25,8,0,24.257164499431887,27.50902663805075,24.387429763146994,0.03956516585355885
3516,0.6609472260264491,0.7740777973306011,0.8521514890627696,4.3178371972783856,3484611166631972673,0.25,8,0,15.757353869460927,23.535159702057822,16.03219663032673,0.05158201043302749
3517,1.3613030591459587,1.0395588382264367,0.899482302894657,1.6412362368172184,3615130501518615347,0.25,8,0,28.456003029920463,30.744855447544502,27.87842581863725,0.046470335471549294
3518,1.7454091103599485,1.3085529028572296,0.7629714893317328,2.9370984586099387,4584811068630100639,0.25,8,0,26.37050246181038,31.024176240373688,26.281997399216774,0.043362920189778636
3519,1.8672487891774878,1.2829521382844093,1.175255565184973,1.130159221353132,4300423481019974302,0.1,8,8,30.509405378108823,31.029857341244792,31.13244309201534,0.07550437568248942
3520,0.9744215277182201,1.5625221908381355,1.0402218120338862,1.8330448976087803,6183104996361585624,0.25,8,0,24.299962125994192,27.728601186718848,25.305898602054874,0.03585736995217213
3521,1.5052372036044723,1.0873955309926695,0.9781514222312908,1.5727867854013555,3702529183970356135,0.1,8,8,30.575684888271685,30.754955182426464,28.957619965992865,0.08796384401870996
3522,0.7138631656601313,0.5547052089317449,1.1421472562502044,2.8278403715412375,4919049405661430749,0.1,8,0,19.742456760510038,26.64748769094811,20.34893788617343,0.15053843940566108
3523,1.0342788831834941,1.0382270701919576,1.7999088475085796,1.0248380676543016,6778941944308934993,0.25,8,0,30.480999873753312,30.62618356268148,28.332889246676764,0.04696883117729539
3524,1.816098044151781,1.9658941368799037,1.4444063020852618,4.868582503287739,5069064562173827038,0.25,8,0,22.278437066027017,27.742803938896603,21.609169202634092,0.05939496692916504
3525,1.8490540972839873,1.2419537313386317,0.6331449118410504,0.5938756847672116,2337433524616358299,0.4,10,8,31.15136977654337,31.110339603585405,30.59302396203066,0.1610147435884781
3526,1.7843341279372116,0.6165274593459225,1.3829731003616494,0.2880810202694545,3621710133995348160,0.4,10,8,31.22175230400202,31.0469006438581,31.087393901599658,0.15514029500048948
3527,1.6059743351075149,0.5971042374891966,1.6462122905725995,3.0402729648901827,4358437656615269563,0.25,8,0,26.385683625804823,27.722920085847743,25.564037146137437,0.04601730370388328
3528,0.7827402166088695,0.8369364381881188,1.5655109509883247,4.863349817123987,2392819260241538549,0.25,8,0,17.757132937760385,23.53566468880192,15.57564529696822,0.049885555743339846
3529,1.3799373926123228,1.7789995849874127,1.077582655479252,4.190203188374581,8241821956283963448,0.25,8,0,20.17327357656861,27.79478601186719,20.83976457664779,0.03935637031438095
3530,0.8057801304630243,1.574340820326309,1.675067722902318,4.758478174106971,5363225764349709428,0.25,8,0,17.93438328493877,23.541219542986997,16.22857204694714,0.052681582066063944
3531,0.5401590702034071,0.784900433019176,1.0257175580233087,1.0268258834317778,5554936368147126080,0.1,8,0,23.78222446660775,27.714398434541092,23.057514703092977,0.1543560974976663
3532,0.658039864630902,1.7572346830839691,1.8258694351150124,3.5027532339238716,3392613124845280447,0.25,8,0,18.02187223835374,23.68716071203131,19.161867872172948,0.05146046083251689
3533,1.2363901198417508,1.0415560770373578,0.9004915171815239,2.5912282019336077,7108005188323045696,0.25,8,0,24.31814164878172,27.5840171695493,24.410102452939757,0.035404034463815355
3534,1.4318147744054892,1.9693539787747907,1.188300275027216,0.028082546396814845,1023924661303476147,0.1,8,8,35.57751546521904,31.308231283928798,31.803644036974955,0.1260249172486677
3535,0.7044167410751738,1.7481675415684288,0.6742683756266021,3.3353605680572347,8072056898248009829,0.25,8,0,18.063344274712787,23.68716071203131,19.224097647341452,0.04905032460677031
3536,1.6198923828041893,1.065331218461436,0.5797553056356877,4.862387579800933,7173736372617448844,0.25,8,0,22.274618103774774,27.714114379497538,19.81792706732302,0.05197547740458908
3537,1.8942279533620912,0.8834009510674382,1.362753889030512,3.090404538115601,4087904557540513068,0.25,8,0,26.38978664310062,31.028279257669485,26.958135994769584,0.04379634987788444
3538,1.060530773870508,1.4927048943597185,1.3966944560786652,2.827743921656346,6125421070897787294,0.25,8,0,22.15484156040904,27.742803938896603,23.104630014864433,0.02370964619877473
3539,0.923262791608056,0.5043846090875936,1.3020723503715332,3.54535259794106,8517370392214886019,0.25,8,0,20.171695492993308,26.47762277490216,19.987876260643073,0.045536405440474936
3540,1.6976110672639595,1.399557783581348,1.764211925433237,0.35701541188311925,1389300391753789521,0.1,8,8,33.09945082691579,31.062681479611157,32.52901149591946,0.09925582466173892
3541,0.6432906529326954,1.1640653412067392,1.2889118466438938,0.6894469901091754,7542936320866995331,0.25,8,0,30.40761898750158,27.764108067163235,26.80016954566064,0.052766958046160294
3542,1.3342455533794761,0.7464494051241762,0.7459360789302253,3.862460582619471,9136604067607581618,0.25,8,0,22.24163615705088,27.681732104532255,21.132791009978618,0.04559331004075114
3543,1.6638554782791235,0.5395753011754629,1.7827072665313313,1.6470250577016117,5257630605067183310,0.1,8,8,30.585532129781594,30.843327862643605,29.96596943807439,0.1260055031418138
3544,1.8433382048061149,1.784565585642407,1.31565734976899,2.379269986550488,2091354306391380653,0.25,8,0,28.461305390733493,31.0273324075243,28.87982132166028,0.04386200967595217
3545,1.1126636600119366,1.0041567520004113,1.6838768490233131,2.905439015511684,6536059059118820779,0.25,8,0,22.278437066027017,27.883127130412827,23.252099006175907,0.02957044964031765
3546,1.5231003116509545,0.9416127149632707,1.2008979768360153,4.066958569494327,4459081880575594486,0.25,8,0,22.245107940916547,27.38432647393006,21.922268147824152,0.033452991348582865
3547,1.4757063369508914,1.799103232846957,1.4742679650404675,3.06025431192475,6572602773951710188,0.25,8,0,22.256217649286707,27.526353995707613,24.90184710216772,0.03466304984839174
3548,1.69690716663917,1.4517011588404198,1.1818614109609868,2.4466577040907236,6444532622752507689,0.25,8,0,26.406198712283803,30.82880949375079,27.704012957091116,0.034608596377991484
3549,0.8971585100647643,0.8942140213220949,1.5663091968843683,0.7177720259147213,2362651653459590850,0.25,8,0,30.52550183057695,31.170938012877162,28.2856990942769,0.052806287216231734
3550,1.5047698633553563,1.7187823890734995,1.446238221094955,0.16518041330934874,6428032473749095493,0.1,8,8,33.07729453351849,31.080356015654587,32.03621005129585,0.10114072404081047
3551,1.3194649201620556,1.7989496158950613,1.5768420233989229,1.6719309197450576,3555822280441491121,0.25,8,0,28.342444135841433,30.774207802045197,28.100744076090535,0.03894522799053399
3552,0.8886673988964835,1.644627239269235,1.6320997367083936,0.7534765952105121,4992340533781815239,0.25,8,0,30.343233177629088,28.137924504481756,28.319058248307115,0.04740351930313336
3553,1.3333521299663498,0.6302179899591563,1.2327737854485965,0.3147746381929556,1530443652244548780,0.4,10,8,30.953793712915036,31.15010730968312,29.035069633721633,0.14693141708768243
3554,1.4618700859339877,1.4930316806606925,0.8529973026427085,3.067990646880254,7258044210422870161,0.25,8,0,24.26360308041914,27.87716197449817,24.374659260261257,0.03341391655470194
3555,1.7283681864513216,0.8392336591558209,1.8454311409840636,1.1368889327404508,7619033501697716584,0.1,8,8,30.48365105415983,30.976518116399447,31.210461438879445,0.10470480356761751
3556,1.5603993749495904,1.601732090488107,0.6221952308756302,1.452288835140626,6830557221224665825,0.1,8,8,30.497285696250476,30.74106804696377,29.28537114801975,0.11382767602620136
3557,0.6880846573982646,0.9732259113217112,0.8451342230203374,2.4912378368993693,2105985328403203770,0.1,8,0,19.764549930564325,27.34825148339856,21.195178863991295,0.11802603687355938
3558,1.541659121273175,0.5339561772503265,1.224913307869974,0.6908973051901707,4030572186906021407,0.4,10,8,30.86983966670875,31.094243151117283,29.552257365003662,0.1564522936221149
3559,1.6721763410465695,1.1450461116746429,1.7770222493626584,4.987847508838568,2918267660328054302,0.25,8,0,22.280867314732987,27.714114379497538,20.469297256652894,0.05008119412273134
3560,0.6602241577951962,1.296805892818305,1.8684663175172136,4.9827129168441155,4263553507220964379,0.25,8,0,15.715692463072845,23.535159702057822,14.806109302668784,0.05966991841243734
3561,1.8649546105776842,1.2310944042201204,0.6560905348726652,0.6098096882467186,4657814891012693220,0.4,10,8,30.870786516853933,30.87804570130034,30.71848759460103,0.15735917410875802
3562,1.561779384560041,0.9636195854576176,1.6038965238569798,4.231109109550398,3513678617940416348,0.25,8,0,22.248579724782225,28.0041345789673,21.908327257451617,0.03742848147750991
3563,1.4556797974572613,0.8706651131245191,1.1106676583803612,2.8115325110783833,5201315285764917113,0.25,8,0,26.365168539325843,30.78367630349703,25.11877163146787,0.03547212646097214
3564,1.0527793461968769,1.1373483413030354,0.8086606170493988,3.003248917435624,9024537016030794569,0.25,8,0,22.18886504229264,27.390859739931827,22.139728661233935,0.03491993487994377
3565,1.2701439951699933,0.753892126454245,1.6547174911865357,0.9090633946763199,1799780242160475261,0.1,8,8,30.50145183688928,31.050372427723772,29.72819152080336,0.11418039631538764
3566,0.944345336679407,1.154339930671009,1.9483854450548208,2.534092012806266,706950278516819436,0.25,8,0,22.20691831839414,27.725760636283297,23.561241571226677,0.03794760376151651
3567,1.8845701666221548,1.4264117528777935,1.038428717085917,1.4211575428442613,252505398429593965,0.1,8,8,30.498800656482768,30.817762908723644,30.759225977075722,0.08339415959784142
3568,0.8634730637073216,1.4992461896189488,1.069285273055349,2.8937739217112473,6903676235065681788,0.25,8,0,20.157808357530612,27.645373058957205,21.6007341669665,0.030313911961308906
3569,1.8883413167597034,1.1086517019039313,0.6261378019122448,1.7486721872608841,8655921515774285523,0.1,8,8,30.556369145309933,31.009342254765812,29.50052298756328,0.13212053229021473
3570,1.5498717674175495,0.5515794487159704,0.952990873816678,3.322156370690388,7675868241337657465,0.25,8,0,24.321550309304378,30.831965660901403,24.02084639917428,0.049587598672767824
3571,1.024510542379316,0.734936619830054,1.1262525211841488,0.9909835379390131,1522267773303961687,0.4,6,0,29.336573664941294,30.75748011614695,27.218185309704452,0.22455422550889498
3572,0.7423163436244274,0.5245381800720383,1.3290117108014823,4.253743715522948,5787991348056657822,0.25,8,0,17.834964019694482,23.53566468880192,16.929773686158818,0.05057238637312862
3573,1.87146137392604,1.1579464502417007,1.5121765023856257,3.696721448391527,8195946530498215534,0.25,8,0,24.336321171569246,30.771998485039767,25.208704604919017,0.03908943405558621
3574,1.8807359836205,1.9823437582267818,0.8109871290529519,2.3866375083387026,8700660523447078861,0.25,8,0,26.331523797500317,30.774207802045197,28.805417316074998,0.055401299877490574
3575,1.9917607203447552,0.8184317858160499,1.9293924097368063,1.1863146364445303,6158784562839460956,0.1,8,8,30.5340234818836,30.96736523166267,32.05815481792104,0.12906207648237109
3576,1.7627996531467018,0.7446551159141893,1.0686846400678354,0.552279334057334,2201498410517585880,0.4,10,8,31.143163741951774,31.284875647014267,30.431590200604173,0.1305136270467941
3577,1.1350166101939811,0.6687730209050513,0.7454292966845817,2.9234993270791936,8954185173293613913,0.1,8,0,23.797374068930694,27.40392627193536,22.74266444746449,0.15866814582619532
3578,1.9151064964062485,1.9126166821655302,1.0754896938838394,0.8569988503030129,2046554446792701405,0.1,8,8,30.402221941674032,31.00871102133569,32.09311121339335,0.11269949797674562
3579,1.7561728155532355,0.9598991860205158,0.7291568135021682,0.054549870151317514,5290081357999887648,0.4,10,8,31.217333669991163,31.02133568993814,29.97652863651102,0.17830977907363382
3580,1.5901162246544702,0.9223179124883769,0.7858446069850005,3.303489307694564,5503249594126513659,0.25,8,0,22.27913142280015,27.748769094811262,24.273028924372703,0.04291061007765095
3581,1.4490589823462474,1.8248915168248439,1.9842052377962514,0.010937032919186573,5257403899573255867,0.1,8,8,40.608004039893956,31.077831081934097,32.85904737392694,0.15454895486830864
3582,0.520422960909964,1.0061231906652282,0.5282777806554836,3.6106661695561937,5616225263958590675,0.1,8,0,15.622269915414721,23.535159702057822,16.171879847419433,0.19645580634982107
3583,1.3746797837877869,0.5701669622628026,1.3487847174190917,0.29500274205291444,6349413203009964019,0.4,10,8,30.961368514076504,31.166834995581368,29.468136550454357,0.14771300534504844
3584,0.5495139943846887,1.6536509357168674,1.4821955034420704,3.566070495859546,1704879191387903611,0.25,8,0,17.96335689938139,23.53566468880192,18.133128059112252,0.045663064883163296
3585,1.143062981177419,1.2187641473511586,1.669601873740944,0.8788378046719253,1794902580310410007,0.25,8,0,30.574738038126497,31.037432142406264,29.34610143954883,0.04439423822439402
3586,1.7195134301274129,1.8409251523007555,0.9147133898079038,2.641270007887689,8871837999149399436,0.25,8,0,26.363937634137102,30.637545764423685,27.17480849790924,0.044515896454497515
3587,1.5294144615464496,0.972800122037863,1.7670823026136697,4.7397453778860985,3699768268347996437,0.25,8,0,22.27427092538821,27.71297815932332,20.345398319135242,0.045546187490102134
3588,0.5467711771366192,1.0433208477677405,1.836443891094567,0.7472724770183742,7427354662761079822,0.25,8,0,26.339319530362324,27.91210074485545,26.403765408085324,0.0567538810504597
3589,0.9882488240539923,1.8523828194706127,0.5061333972397786,1.1977277292759825,588893566861329385,0.25,8,0,26.343832849387702,27.923178891554098,26.960023380551768,0.06093628155886586
3590,0.9858674022050294,1.9438836917074047,1.6055634665800775,2.1570746186259857,7220750895059089981,0.25,8,0,22.148939527837392,27.637135462694104,24.83412299316167,0.04169800301680368
3591,1.1271783238402966,1.6260854538124951,1.3794238456820889,0.6787242342745503,1206010405320337196,0.25,8,0,34.59932458022977,31.039010225981567,29.734247778390802,0.04603628899944689
3592,0.6316213794138228,1.9649035322804826,0.6282345055237565,1.5011535769171536,6117511246535442136,0.25,8,0,22.087488953414972,27.636283297563438,24.145580784781902,0.06076575560860734
3593,1.9658560447294544,0.6291641313133727,0.9711890392050346,2.4453794889940257,7155302503711343,0.1,8,8,30.59916677187224,30.774207802045197,28.735414210891673,0.1498415180110642
3594,0.9726876469712393,1.9197402669969001,1.0624992038129826,3.773388016966759,5814065730048268703,0.25,8,0,20.13255902032572,27.33603711652569,19.73136596535977,0.04287028722015097
3595,1.894171045502364,1.4650872761577907,1.224501224369285,4.423022846235804,248411308894117861,0.25,8,0,22.235386946092664,27.552771114758237,23.109590971088743,0.04348327537290222
3596,1.0742716196477855,1.8821295171232122,0.5200238067817486,2.478527262244828,9222221733928871536,0.25,8,0,24.15263224340361,27.771777553339227,23.740344136781992,0.05133800267605132
3597,1.1312461495336474,1.1028234261739993,0.5296272154702455,2.5409613659056376,1615436942112774142,0.25,8,0,22.261772503471782,27.724624416109076,23.752025922802503,0.048088810233085796
3598,0.9293313650689338,0.9305381872962155,1.5857602749085724,0.12939211036615328,6199668735232923967,0.4,10,8,30.977149349829567,31.06520641333165,29.359526741733383,0.2059670493201539
3599,1.274371026601609,0.6462006943435914,1.4183782597300336,4.784026720976579,2755634386655623520,0.25,8,0,20.16412069183184,26.495802297689686,18.50046282556163,0.044899445926246784
3600,0.8100917554540419,1.1809046770587388,1.0918978353359379,1.9273617360745954,2475130945747508619,0.25,8,0,24.209821992172706,27.498232546395656,24.054871821263866,0.03672982970199706
3601,1.0356801203230699,1.6008800182329337,0.6233673201306087,3.9952268610688075,3155844609564855061,0.25,8,0,20.171695492993308,27.55902032571645,19.125227352554482,0.044102845538764236
3602,1.754986143601835,1.536406391652572,1.5160189272797924,4.661918179066677,7747373252821799160,0.25,8,0,22.278437066027017,27.669517737659387,21.811414365284502,0.04544665278210146
3603,0.6458614089480945,1.195793299796379,1.818982055813994,2.531399699695653,6133039469662927187,0.25,8,0,20.11772503471784,27.590550435551066,21.805734462123173,0.040456213705695986
3604,1.746330251950298,1.8865826683122389,1.9542807048188044,0.6779960890981096,3920572658241434439,0.1,8,8,30.49501325590203,30.878992551445524,33.049588248402245,0.15107565307001997
3605,1.2118602257361069,0.6326210853567893,1.8815052943042727,4.741496847241975,1106661395169392361,0.25,8,0,20.17201110970837,26.463420022724403,18.546355917428844,0.05254713458080081
3606,0.8431979717926394,0.6291601052700222,1.2031101194671558,1.7822499159524663,3192776432376346569,0.1,8,0,21.804191389976015,27.744224214114382,24.252180074944526,0.14245274430254784
3607,1.2987240723962772,1.686725367730162,1.5691359451018863,3.103159567396564,5175161562351020377,0.25,8,0,24.28291882338089,27.390291629844718,23.79932135215017,0.030722086970413905
3608,1.869874862031591,1.933285611578167,1.5634214076696735,2.0155587807238677,4292436282476579807,0.25,8,0,28.44142153768464,30.835753061482137,30.25048292905283,0.05097899862463039
3609,1.0743419631956894,0.9571382509746283,1.6602139498390125,2.0813055876877233,482500740542134404,0.25,8,0,24.265496780709505,27.70530867314733,25.41422327934871,0.034373496950453816
3610,0.9172581166274836,1.9913081876440506,1.9178791864515157,3.5966806773840245,2424421705509548113,0.25,8,0,20.096894331523796,27.326947355131928,20.45596936767786,0.05598524955452528
3611,0.7327386527357898,1.5539886692021492,0.9368713308255451,0.19676591507231278,9050972255171655660,0.1,10,0,29.123847998990023,31.10118671884863,27.923511252332954,0.37402734705059704
3612,1.5893812281249222,0.5661738737985075,0.6425047375875004,2.0163824537911634,5902747512501193170,0.1,8,6,27.694767074864284,30.774207802045197,26.993586035150027,0.23825706027083662
3613,1.134215273163749,0.7321675953591121,0.9265157893404925,2.8697059400387674,8322302448740972048,0.25,8,0,22.24163615705088,27.577199848503977,22.986230846606606,0.04169379921412694
3614,1.7822832926809569,1.9813027995061832,1.839266298411848,3.5555612947445314,6310580557671327391,0.25,8,0,24.289736144426207,27.88994445145815,25.451516069379398,0.05531101878917255
3615,0.6201205299308836,1.9993384349179613,1.8049247792957637,0.8495294452451391,2114098441500436263,0.25,8,0,26.194893321550307,27.573223077894205,26.66947107104052,0.05926298366385362
3616,1.0597937642550557,1.1453523840956017,1.5491779937912042,4.113469381444962,4185713737128542074,0.25,8,0,20.098788031814166,26.513697765433655,19.39713155306057,0.031755410427217426
3617,1.5763455048392632,1.8450323025284012,0.6842053287713348,4.893959956085375,2386511546849732645,0.25,8,0,20.157492740815552,27.65020199469764,19.67592254318277,0.05479263053758147
3618,1.1623540956024232,1.4578098449924066,0.655955671236695,4.582307802056686,2656912061684326191,0.25,8,0,20.14076505491731,26.49892690316879,18.140945289276047,0.04447429693355559
3619,1.4532292958645248,1.9653023937400764,0.7350756698566805,0.2463765507181409,1659078875345858471,0.4,10,8,30.971468248958466,31.068046963767202,31.147247527926737,0.21366787040643626
3620,1.7240907743973628,0.9557825094226104,0.8949947483474905,3.667416268906166,619799471144198245,0.25,8,0,24.303749526574926,30.831965660901403,24.05181653513811,0.041551009937399075
3621,0.8545196442979264,0.7638081265563441,0.7680398616020265,1.8440284265153455,2686623164776575738,0.1,8,0,23.792450448175735,27.74706476454993,23.00952970000939,0.1084606733586869
3622,1.241456370125277,1.0685571328800245,1.9556765974640813,3.3024993274748886,7986621822466542658,0.25,8,0,22.278437066027017,27.89448933215503,23.014787721986913,0.03725842435024762
3623,1.8506359381693245,0.8664046283923587,1.515954592677187,3.311574666004878,2072657715272433956,0.25,8,0,24.36169675546017,30.999558136598914,26.158663202978126,0.04226318221547944
3624,0.8740897516228816,0.730174560690295,1.8788336948733366,4.431143453593538,1206539511168940096,0.25,8,0,18.014202752177756,26.64748769094811,17.542375446871176,0.05089941582950189
3625,1.7472783816257926,1.8358680348137613,1.3988049970387024,2.8014465784242666,5921810145866524355,0.25,8,0,24.2984471657619,27.92261078146699,27.147877763552824,0.04064625434775011
3626,1.7294662928958318,0.5993332312070192,1.0557830884356183,4.326505384047639,3410952867377365603,0.25,8,0,24.263224340361063,27.74763287463704,22.201485348899215,0.04962262870477104
3627,1.1138270222325461,1.6788842458019402,1.5259151741861552,3.437769373654147,7307807515315717395,0.25,8,0,20.14139628834743,27.376656987754075,21.743005691623637,0.031791871686334724
3628,1.492413749500563,1.5374226141202172,0.6711975610880647,3.972995389702491,1395116699065265089,0.25,8,0,22.278437066027017,27.692242141143797,21.81329676821528,0.04128353729559136
3629,1.7969369104800306,1.70032732340895,1.2207621032871214,0.9625148310870985,7440805793708888621,0.1,8,8,30.516601439212224,31.082565332660018,31.595306719764967,0.0828157605553221
3630,0.5473298904538326,1.2566022855078878,1.3222110910846863,4.166246494583108,4600963863969998427,0.25,8,0,15.817699785380634,23.53566468880192,16.214308693773223,0.04403077941974411
3631,1.9936922416375253,1.326710799172833,0.6920989819645099,3.378482350959515,8436610190573250831,0.25,8,0,24.381012498421917,30.72339351092034,26.36794182703087,0.05106779252778523
3632,1.4268387884053797,1.2773596933968476,1.4934259863007728,0.7215814906997209,6295545787078273213,0.1,8,8,30.49804317636662,31.26530741068047,30.763577662333038,0.07183856092079186
3633,0.8830533338377553,1.2762558722079782,1.3751085200533768,3.9461136693792485,1904084152923900134,0.25,8,0,18.059367504103015,23.68716071203131,18.7975410646153,0.031203737001376103
3634,1.9126190354893855,1.7156557685271232,1.3242433709821626,1.6492124558330228,1710534164403906877,0.1,8,8,30.624163615705086,30.76000504986744,31.17084353069446,0.10571968814435437
3635,1.850097272154727,1.3119145724536638,0.7363009800895399,0.04818423417473294,5233655278027826110,0.4,10,8,31.240058073475574,31.037116525691204,31.15663270136996,0.17215378471730702
3636,1.089413699792035,1.1046246838338678,1.2288472571165687,4.7874616816879625,5043416220887703166,0.25,8,0,20.10099734881959,26.47705466481505,17.41417181979744,0.03714467745656374
3637,1.4536874066285734,1.8680479278514657,0.6700042176170797,4.915042658871569,2093329314382541324,0.25,8,0,20.180848377730083,27.61838782981947,18.91508199396673,0.05472763921281661
3638,1.3619102924955495,1.316813473874928,0.7202630524982406,3.2976511366444705,6544095346669404321,0.25,8,0,24.28897866431006,27.74706476454993,23.0222523114857,0.03559368566434747
3639,1.711354449541104,1.7896076934259246,0.7692562557728934,4.384853128285862,5223756394878491655,0.25,8,0,22.278437066027017,27.747348819593487,21.968081637743094,0.04904373119203739
3640,1.0281528359913281,1.2274213907231606,1.7305787030622235,3.5663746530673035,6907548515263731241,0.25,8,0,20.171379876278248,27.613274839035476,20.928323514127047,0.03147266462203906
3641,0.7138635651228581,0.9223473824068242,1.7015876076295868,4.1690194199747985,1571265855404340995,0.25,8,0,17.823601817952277,23.39628834743088,17.324354217985018,0.044777084137712676
3642,0.9479070811742906,0.550015373625645,1.7500994791899867,4.334368001415333,8715332155658738488,0.25,8,0,18.113337962378488,23.68665572528721,18.14276784619593,0.05004272629679359
3643,0.7733520735333009,1.1932871569078543,1.74048310528983,3.4658278777669764,5687391863159855061,0.25,8,0,20.090581997222575,23.53566468880192,19.77069177108467,0.03666197957995699
3644,1.7098788699543743,1.7232197974212324,0.9158101810315278,2.7052923113584626,648152131705914286,0.25,8,0,26.32044565080167,30.744855447544502,26.904015264061105,0.04100274178625325
3645,0.8570748412553642,1.9120739996892788,1.7146912316729748,3.371312501817743,6023556690042969396,0.25,8,0,20.098788031814166,24.530236081302867,20.6272887517896,0.04704925965312783
3646,1.235244754062131,1.882044927249262,1.7220827210168395,0.3538083853838475,8555093836937473163,0.1,8,8,30.51887387956066,31.285191263729327,31.519509297355683,0.14087892727221904
3647,0.967221498085057,1.432538789842523,1.1336695902592984,4.997372706214119,3180984451369005379,0.25,8,0,18.009089761393763,23.68665572528721,16.115621839955768,0.04363074267510251
3648,1.7687545754669007,1.827437917004144,1.3159716948524758,2.520227983716384,1543095942742389130,0.25,8,0,26.322497159449565,30.811134957707363,28.027749534783002,0.041297613957588145
3649,1.193292059186384,0.6359129979168958,0.6587284322056282,4.69027021672276,3083556349109635661,0.25,8,0,20.171695492993308,26.4855763161217,17.88071947954164,0.05347305099701348
3650,0.870142968764597,0.6318260761127144,1.5108199563294074,2.460851180189239,7184467306112230188,0.25,8,0,22.275659638934478,27.368987501578083,23.00798072189453,0.042749037695323434
3651,1.1473911006779216,0.6272699209544479,0.9978258828290875,3.938976975823829,4961037120498246536,0.25,8,0,20.22661280141396,27.605889407903042,19.99923304993607,0.04247275510632184
3652,1.1773985348587541,1.260248959546622,1.419888732910352,1.065228092383067,830129287239937631,0.25,8,0,30.51319277868956,30.78493877035728,28.845353924526606,0.04004170199412026
3653,1.2470113887158674,1.4458463305125009,0.785428408360985,0.2019547231094465,8820523204672848218,0.4,10,8,31.037116525691204,31.10434288599924,29.407757199816412,0.15828619444274955
3654,0.5079481506096796,0.8230501173906397,1.8068215593428003,3.8097277547038,7415511733746458744,0.25,8,0,15.735134452720617,23.535159702057822,17.246560213002514,0.05152101668077868
3655,0.8086046236406039,0.850328928827306,0.8281534819311019,0.6491540752107783,7319862726698791232,0.4,10,0,29.249147834869333,30.873627067289483,25.25854169223665,0.22816107235119473
3656,0.8574894411499001,1.1793803891878218,1.4845169023785714,0.5109671124369891,6184819877479844992,0.25,8,0,36.631738416866554,30.9654715313723,28.659877588634338,0.050237878331952854
3657,1.0291931655700528,1.4377531058062785,1.6137758936277158,2.198438574632338,6373827805125846796,0.25,8,0,24.29768968564575,27.88000252493372,24.872164777284837,0.02831850373607404
3658,1.3732773339206796,1.4285364773766294,1.7155663400947487,4.541766067920509,1747770815101057851,0.25,8,0,20.161280141396286,27.513287463704074,20.080273291453807,0.041152995286252034
3659,1.5690726033579223,1.7176886724110938,1.9463603040313786,1.1509355651186977,1243369526277936394,0.25,8,0,30.566216386819846,30.95758111349577,31.21978552689074,0.05180945006964162
3660,1.6778160757982805,1.9621295460656571,1.1167146462496866,1.065024062766871,3211921404277620520,0.1,8,8,30.506754197702314,31.006186087615202,31.16050027259608,0.10463186741737905
3661,1.8600389427911148,0.7246499133558408,1.5649506547238845,4.454691617821505,4755010840109645657,0.25,8,0,24.259436939780333,30.573791187981314,22.898447048229645,0.04934148518302392
3662,0.6678620239304841,1.351090940382556,1.3370070084938488,2.1556363307241035,5512636546979272179,0.25,8,0,20.13571518747633,27.75132559020326,22.766459811450304,0.03443766744313048
3663,1.9122465699667637,1.433881772718423,1.5908534956224134,2.9358999620248105,1338643858589977349,0.25,8,0,26.405788410554223,27.668381517485166,27.735491326108992,0.04055650783211686
3664,1.835926725141104,1.4273427017304545,1.1258662258460346,3.3730687504151446,3241277447703249681,0.25,8,0,24.3226865294786,27.885683625804823,25.758464797783148,0.03634643823724774
3665,1.045223981540375,1.8411453426499333,1.847049822481764,4.288116706656957,8557148122855682258,0.25,8,0,20.10289104910996,23.55232925135715,19.093923336105384,0.05310360295329063
3666,1.2869611280136684,1.372542669572102,1.3648914181879932,2.022904806425255,2122486465686409460,0.25,8,0,26.290083322812773,27.749621259941925,26.686887096506204,0.027021793536312778
3667,1.3683497832055382,1.2014712701388728,1.4729958990987293,4.851688727690993,3591745557143035580,0.25,8,0,20.136977654336576,27.529194546143163,18.97682601864433,0.03808436676056906
3668,1.125034053243798,1.139987939708934,1.3220534985350614,0.7303496599883386,1101562357831012245,0.1,8,8,30.538568362580484,31.085721499810628,29.456288443956428,0.10631681612948371
3669,0.9880015915642579,0.7727742666178599,1.4861070783234596,3.1191340430961247,8268826267137554892,0.25,8,0,22.201363464209066,27.46329377603838,21.78346674189099,0.03375964492545302
3670,1.275400451185483,0.9669463711431936,1.793820138829746,1.5119216325177443,2452399052738593304,0.25,8,0,28.446723898497666,30.633127130412827,28.290486210882506,0.04212601382052983
3671,0.61497458154568,1.3528790537907356,0.9788191621164172,4.905981392548962,4731935863202609793,0.25,8,0,15.780583259689433,23.534654715313724,14.275212138742166,0.05111541641142883
3672,1.9916113199712189,0.8315210204722407,0.6360836230018178,1.5737432878233881,550427862966027041,0.1,8,8,30.497664436308547,30.96294659765181,29.8008218871454,0.15432717397598827
3673,1.3950624639870721,1.3940352704340646,0.5589829845229485,3.464007499626845,7535582446619030661,0.25,8,0,24.30185582628456,27.735702562807724,22.652182715684805,0.041915294481784215
3674,0.6945418249116023,1.9310531297874765,1.2773546494636918,4.747868365505562,3458467474823119866,0.25,8,0,15.927029415477843,23.39628834743088,15.456666447955216,0.05793483426104166
3675,1.7448296874668565,1.8840868923164897,1.6766579737667884,0.46232538615523233,8260430827123949325,0.1,8,8,30.481378613811387,31.102764802423938,32.85905658491253,0.12039077777329411
3676,0.9722428027746995,1.8668247034638958,0.5957672404488853,0.82818777502778,8201548036083814379,0.1,8,6,27.84370660270168,28.053844211589446,27.9193815135812,0.2587675427489185
3677,1.975825400616544,0.9395594638616607,0.8862430529657502,4.152373911105241,5368183971663285618,0.25,8,0,24.315869208433277,30.79030425451332,24.075343519377043,0.049762302664071084
3678,0.5155758274586151,0.9679226413947938,1.9878772905785023,2.788582359086522,5044627341648077827,0.25,8,0,17.99119429364979,23.39578336068678,20.383827343033726,0.05002354223208559
3679,1.9212833493964518,0.5259325694537222,1.3282962423399178,0.48138614224631227,6329695969680698065,0.4,10,8,30.863842949122585,31.289294281025125,31.298252967747786,0.16921931276666932
3680,1.7465725373382632,0.7635188077613435,1.7355916826232733,3.133145384128217,4794539700021111471,0.25,8,0,26.391838151748516,30.997033202878423,26.195234727746556,0.04436895893567599
3681,0.6599230934815491,1.6604183867873763,1.2015970121806592,3.206746845739988,2205991401872077,0.25,8,0,18.06504860497412,23.535159702057822,19.64114175295977,0.038131159103746516
3682,0.5720738229835558,1.7961207181619707,1.4174792271466257,2.849399200699834,311785110405300033,0.25,8,0,18.04914152253503,23.541219542986997,20.322573224934526,0.04369123798259757
3683,1.674115397498294,1.447293446359079,0.7161949420991922,2.791718022354729,1049144769891885070,0.25,8,0,24.34768337331145,27.760131296553464,26.293737391803198,0.04232184861432039
3684,0.5820276169995159,1.6202750083023567,1.694508421557287,0.1680879922557066,5931071225737807317,0.25,8,0,38.53790556747885,27.92175861633632,28.285202011303824,0.058612512333377366
3685,1.675823841107954,1.6752609009974953,0.7648575164997622,1.6038060331508492,5067503210715583486,0.1,8,8,27.983619492488323,27.90954424946345,29.693441160828836,0.10142619972957223
3686,1.0935059439542443,1.1887706741913715,1.1293406999581896,2.873961377541133,1567184683589461513,0.25,8,0,22.278437066027017,27.54282918823381,22.95529870619882,0.024088041116279484
3687,0.6937252482076521,1.777128185044234,1.9033190842094116,0.05817834259706334,7087807216838193557,0.25,8,0,54.827452341876025,30.98630223456634,29.421254707278383,0.06213287355366775
3688,1.2770748944976533,0.5346421318121886,0.9878411431961371,2.1325806923775987,6327055533622978875,0.25,8,0,24.351092033834114,27.735134452720615,25.964265959600475,0.052664119005097036
3689,0.9457729689057542,1.974417177913424,1.8078279313279841,4.3119632905590075,4242863266019353043,0.25,8,0,18.055958843580356,23.68665572528721,18.483220450781456,0.05749561061830255
3690,1.418525096361913,0.8684687978806921,1.7643056340579713,2.2844436014584204,1382499662414892028,0.25,8,0,24.379497538189625,27.761835626814797,26.85369587800382,0.03840132832475645
3691,0.748906380383585,1.0427531934798033,1.8007060213606463,2.3797859137976083,1813492515466792310,0.25,8,0,22.19962757227623,27.660712031309178,22.84114298594984,0.03819630407720137
3692,1.9109736040056338,1.771893963328488,1.8100568606033751,2.969171264646881,2379963701339278358,0.25,8,0,24.298068425703825,27.900454488069688,27.828063056078587,0.049804534380042224
3693,0.7277219078926449,1.5285211669578649,0.6409417563229427,2.740769063607007,888861180167159902,0.25,8,0,20.137924504481756,27.359045575053656,21.050851584617348,0.04547834038886672
3694,0.9770297574582527,1.432406804669867,1.9242666451463826,4.472605243135999,4595207917652319450,0.25,8,0,18.071297815932333,23.53566468880192,18.156468195724095,0.048803477291491405
3695,1.9694906181892873,1.2467426888285893,1.1078770547111094,1.7615781873012915,437907125600358258,0.1,8,8,30.520388839792957,30.748642848125236,30.468653727669146,0.09094498139711026
3696,0.6498574334749676,1.129819514396035,0.8246918415875639,1.0066317404272325,5126758952970706976,0.1,8,0,23.79623784875647,27.761551571771243,24.516105391253063,0.1812668854699399
3697,1.3665696702149037,0.7634275224265937,1.9125376053277565,0.3623678570148514,5411182503855221594,0.1,8,8,33.01041535159702,31.108130286579975,31.1851688727116,0.12700821183390842
3698,0.8950615292450624,0.628465331760707,1.1333080798024193,3.020888058059806,5839240465801801844,0.25,8,0,22.18886504229264,27.34825148339856,21.310197611880987,0.04214495473641919
3699,1.2808745853228034,1.6475755352681165,1.2569344816733143,4.263188924062468,4904075006981030836,0.25,8,0,20.183057694735513,27.633442747127887,20.11837036335129,0.034565945105674185
3700,1.9303620860878197,0.7467117057974291,0.9647277374707592,3.8598285028765305,2807956009808867077,0.25,8,0,24.32609519000126,27.70161595758111,24.625542834984138,0.050456784750981504
3701,0.8725655859916183,0.664259188770453,1.050919370131533,2.3159698770039263,640183029523780863,0.1,8,0,21.809399065774524,27.706728948365107,22.864834574465828,0.11610118947400463
3702,0.5635221017385976,0.6013836990804143,1.8010648348955973,0.986187015749011,4197354357250819731,0.1,8,0,25.755460169170558,30.794091655094054,25.56797960345526,0.26496629929370785
3703,1.7760930652290274,1.6124448816485972,0.7725651540939105,2.8154003512804526,725279615374751458,0.25,8,0,26.315111728317135,30.99861128645373,26.84770012278022,0.044077663001410354
3704,1.3289897020445784,1.7678956964950037,1.8067279887843302,2.0596073581010788,5134460080428844106,0.25,8,0,26.28515970205782,31.025754323949,27.1885919069186,0.03942288252212399
3705,1.1225943687344277,0.9166260926629034,1.3358398942347793,4.802442411447929,2998613207697486287,0.25,8,0,20.101628582249717,26.47023734376973,17.563394982118925,0.03867586658575706
3706,1.9189096874516742,1.593352367830362,0.5299975804989415,2.3522847087375154,584010317808131993,0.25,8,0,28.40518873879561,30.601565458906705,28.85475673485463,0.05757476662112594
3707,0.879446313915559,1.3608821421105213,0.9844904693066385,4.273963058889582,1043928340645655240,0.25,8,0,18.055958843580356,23.53566468880192,17.60477460828924,0.036715098604240645
3708,1.7056060404191635,1.3242549287491456,1.7045910553432309,0.8280286167835349,334007774951339442,0.1,8,8,30.48440853427598,31.035854058830953,31.792070816955587,0.07946948141546456
3709,1.2123803541880354,0.8317267818847627,1.2232763856926456,2.776256623823634,8351378884446815759,0.25,8,0,22.266980179270295,27.564985481631105,23.911537275615476,0.03201207890011837
3710,0.5417761817793025,1.1377611557490055,1.3404298353609827,4.452890452785455,6093944699160269851,0.25,8,0,15.770483524807474,20.582660017674538,15.352535248116336,0.046349732624242156
3711,1.983957005629018,1.1137689445899168,1.4044795799899328,4.089494828980688,6077903546336430608,0.25,8,0,24.30905188738795,27.586005554854186,24.58947662907623,0.0433504037427509
3712,1.9222285700782789,0.6616785262036233,0.6839572145792856,3.170283163423853,2970494404394530315,0.25,8,0,26.38363211715692,30.747064764549933,26.40566455479919,0.060031427783813936
3713,1.3701299996944507,1.6409482331839989,1.5484305791353368,1.6985674132431305,6987553248993217798,0.25,8,0,26.335216513066534,27.58344905946219,28.29300093642251,0.03470269645213158
3714,1.4482850221672108,1.1081827997238691,1.8623015695804463,4.377017010972793,2079294719698879049,0.25,8,0,22.275659638934478,27.493119555611667,21.003309680332492,0.04183460799203931
3715,1.8970546616274704,1.3089376479888732,0.5652281102764877,2.2743421216682416,1436470727949045956,0.1,8,8,28.01278247695998,30.75748011614695,28.8689344803739,0.13372788389600257
3716,0.7820317037116187,1.490556193996835,1.8830283345049623,0.42036852211334963,4122210881602734329,0.25,8,0,32.44489332155031,31.20060598409292,28.881882085353613,0.053764001432599504
3717,1.236905651735246,1.5926030493246206,0.5932118621830607,0.5840341643182179,6620442545977232653,0.1,8,6,30.390480999873752,30.931069309430626,28.91174360949393,0.22859911294160032
3718,0.9285286270538948,0.9508335260453931,0.6004309982267695,2.137872118888299,8499894246071792459,0.1,8,0,23.776164625678575,27.745928544375708,23.051359479097353,0.12658231442446738
3719,1.270819552458625,0.8509220572965829,0.5755196835841726,2.877311796408259,4845891364160839821,0.25,8,0,24.293902285065016,27.56612170180533,23.551767502630494,0.048956315402213874
3720,1.8281397406721855,1.3451750383022416,0.6576857676983311,4.88719101356374,3340311455255842760,0.25,8,0,22.271493498295673,27.685140765054914,20.961792078256327,0.051245781312659826
3721,1.8570213344679751,0.9575783808992298,1.382150220986412,0.2399548935227641,1705308564435478775,0.4,10,8,31.214493119555613,31.296553465471533,32.2078310288576,0.13716892712893208
3722,1.5173868990034376,1.8227923981095253,1.1016481293377787,4.718836066486767,8614971442917990486,0.25,8,0,22.189212220679206,27.721215755586417,20.06041322555956,0.045876023277775756
3723,0.6444003980389883,1.5177483901136535,0.9578097820855335,2.984871049088098,7451752150676553879,0.25,8,0,18.06220805453857,23.68665572528721,20.060286229553046,0.03853935642384883
3724,1.1817631869328307,1.3800886190108477,1.1546086707173917,4.451422770761683,1640081680792964492,0.25,8,0,20.15433657366494,27.357909354879432,18.902288301090593,0.03204971433103766
3725,0.7314505890982204,1.5944211813144389,1.499330796520546,1.191097424432136,7441054924961968264,0.25,8,0,26.284749400328238,27.677755333922484,26.133531043644236,0.042246737863965135
3726,0.874918398294289,1.9077002961558305,1.0293994590707587,3.3309923116426776,2354641388599288088,0.25,8,0,20.08774144678702,24.455750536548415,20.463408900269865,0.04110308186113893
3727,1.5744647377395695,1.1304369702783188,1.7720809052251851,2.31044076435754,8951022517207769147,0.25,8,0,26.349166771872238,27.67860749905315,27.705874869045523,0.036110480380088135
3728,1.5638173746455002,0.5691025842292983,1.9113524231476917,2.023195558465366,6452259817893992501,0.25,8,0,26.422610781466986,30.849008963514706,28.465648933658933,0.05394592688108408
3729,1.5513825038495392,0.5588563455002135,1.1989866110366567,0.5286003557508723,7308317524966654900,0.4,10,8,30.87015528342381,31.29308168160586,29.668260305937633,0.13880567382679065
3730,1.577133888367721,0.729652834552666,0.79338216866497,1.8047089527911653,6708226454091935602,0.1,8,6,30.267011740941797,30.774207802045197,28.1294107623236,0.18046025344078917
3731,1.2636164667912753,0.5068336465092576,1.1149871058671323,1.6591877514045972,3197719277426564549,0.4,6,0,29.314480494887007,30.744855447544502,27.35267331721123,0.38680462433009993
3732,1.7115131364164142,1.438194433968836,0.8667045631472357,2.7999363607785828,2735633060008904573,0.25,8,0,26.3700921600808,31.030488574674916,26.55114807743696,0.03833459049923212
3733,1.5199223476327255,1.4478156437938192,1.5408899112832743,1.382280817484578,4613093144821436176,0.25,8,0,30.5108256533266,30.79346042166393,30.02101813087756,0.03890430864194885
3734,1.8144265711314524,1.0330727002907867,1.2765665109767619,2.596928480584859,2405500170791299076,0.25,8,0,24.355636914530997,27.756438580987247,27.898972678407,0.039191188482377536
3735,1.1757364833544999,1.7666139971856223,1.8189753371188853,3.240361067433557,1836771539825111723,0.25,8,0,22.164215376846357,27.89448933215503,22.883187060396338,0.03980476255069069
3736,1.8536069172039447,0.9213186094372431,0.8474028184598935,4.512391973023812,5767605580823534273,0.25,8,0,22.2510099734882,27.710989774018433,22.240786680242532,0.048010741756377845
3737,1.6836002973118405,0.8079032841977325,0.8788017087372724,2.7941800846952707,3768499370441239703,0.25,8,0,26.386504229263984,31.105289736144428,26.29596751494493,0.04635940315844722
3738,0.9287563742865634,1.3302584528565466,0.6245803847954373,1.7062728010552881,5259879804494381954,0.25,8,0,26.325369271556625,27.658723646004294,25.159257913883486,0.048905001964385623
3739,0.6543669160365384,1.1834568758575994,1.6050662503742703,4.747730028589764,4540424876060254611,0.25,8,0,15.723267264234314,23.535159702057822,15.301917088185544,0.04881161849387166
3740,1.9918038955707054,1.446621791184834,1.6526771815258883,1.6910409702780715,7293120855236798052,0.1,8,8,30.513192778689557,30.836384294912257,31.51074899829711,0.11233027845433247
3741,1.439053647081592,0.6631059084695139,1.0350112214806892,2.15265998621382,4572177112425919490,0.25,8,0,24.380255018305768,30.82186592601944,26.859372018720904,0.04777775299692808
3742,1.8949271172656343,1.745666576317268,0.878108866801058,0.49121639700281994,5174087342691480214,0.1,8,8,32.99113117030678,31.00871102133569,32.0525693117779,0.11221741105771514
3743,1.6254881782098494,0.5068095912863677,0.9216436093773678,4.349651987795802,3211834365909783022,0.25,8,0,22.26281403863149,27.894205277111475,21.39361334737256,0.05180688499243866
3744,1.5062210789932073,1.2656652137524864,1.3970950380811828,2.4949569769885716,1316743152230706306,0.25,8,0,26.37829819467239,30.84490594621891,26.569521768380522,0.02651408536653703
3745,0.6765337314966691,0.7283856759107343,1.562880750811099,1.7979083964832787,895669912176975827,0.25,8,0,22.278437066027017,27.645941169044313,23.92632831968252,0.04704115218449541
3746,0.5493801685654183,1.1094276573816113,1.5379355442509897,3.430621593026826,192502811843712183,0.25,8,0,17.782129781593234,23.52304002019947,18.500142544392958,0.03965649115651695
3747,0.8700315420777456,1.0117005182687884,1.639682820037715,1.8564697916656896,3786668976353922068,0.25,8,0,22.239205908344907,27.696502966797123,24.94316114155771,0.03630581945590073
3748,0.978638919105454,1.751505964166238,1.7308240378702509,2.0318988765930355,9213782763276214929,0.25,8,0,24.190884989269033,27.89505744224214,25.23939755249852,0.03768910440790825
3749,0.5126541008988312,0.7269025404678884,1.5955226338089195,3.6213376751722093,6827573862218148658,0.25,8,0,15.723772250978412,23.535159702057822,17.69354513789645,0.04817859127774399
3750,1.2579030510588642,1.4019726639430867,1.7691378061783,4.683046134579074,3437826671888560113,0.25,8,0,20.11740941800278,27.32098219921727,19.034540611301463,0.043427069477377074
3751,1.3736338199394387,1.3092634804854966,1.3326954837954474,1.159823834174441,7998772234746149376,0.25,8,0,30.52881580608509,31.030804191389976,29.68275840143535,0.03967280217525428
3752,0.7844290680190693,0.5785163901300239,0.5847895408672185,4.687798327491464,5981114649814729867,0.1,8,0,17.580450700669108,23.53566468880192,14.892392064439601,0.2214374171298938
3753,1.1279216051030538,1.6047742906291076,1.109603111291291,1.0948522206053923,8165534567462330326,0.25,8,0,30.462536295922234,30.807347557126626,28.409504965722736,0.041713905090401265
3754,1.8046381962719844,0.8930975890938104,1.9956331450724474,0.636511131740366,1674681772258193955,0.1,8,8,30.477969953288724,31.020704456508014,32.38599316973936,0.11892641723978958
3755,0.6224833904902313,1.306664401884541,1.0459700792746083,2.0471788063205487,5342215249590092720,0.25,8,0,20.109519000126248,27.760983461684134,22.68431481117908,0.03957821110633307
3756,0.9952382500295403,1.3378910501737533,0.8582158942091956,3.56656648084603,4320601724181927239,0.25,8,0,20.11520010099735,27.513287463704074,20.244740167266293,0.03193910235959221
3757,1.3932767077977424,1.1031889399252568,1.9715296691130728,4.377066577337801,4033352918608546076,0.25,8,0,22.202752177755332,27.682868324706476,20.756627375658297,0.044867663372961365
3758,1.7503726084262552,0.8587126013212676,1.233322978822725,3.3975805594852493,1945387153342948867,0.25,8,0,24.24315111728317,27.647645499305646,25.135881799997733,0.03820180297078665
3759,0.9696357101745645,1.4139249245698897,1.4635155385080596,3.4936962806791994,4874764773680855705,0.25,8,0,20.112359550561795,27.504765812397423,20.69571206830324,0.026563133727433085
3760,0.8796665899368936,1.9672725950700756,1.8358667075377433,1.7075641065341052,3396124518006455897,0.25,8,0,24.23406135588941,27.904999368766568,25.73313846755014,0.04853784435002259
3761,1.1497105469655284,1.4654976922496004,1.7364657707742401,0.2283365913540103,3272980400319629444,0.1,8,8,33.03257164499432,31.090771367251612,31.051992110661367,0.12131395770929111
3762,1.6928791865086392,1.491243774538669,0.5728865394846461,4.723622068175771,87589696210037925,0.25,8,0,22.27496528216134,27.891648781719482,20.665957151973952,0.05022441823754132
3763,1.029510031511181,0.6734455562557964,1.2608582723868156,4.578169625377634,6024503342253531462,0.25,8,0,20.15086478979927,26.463420022724403,17.60272532858747,0.04227913647368576
3764,0.6052322185905362,1.4943749126313342,1.8450699814472535,0.5762727807959422,118205579933647471,0.25,8,0,30.359803055169802,27.91181668981189,27.38873253555999,0.05375905119269695
3765,1.519648818390376,0.567081877281908,1.4531335324674748,4.648046099614142,6157657836788643502,0.25,8,0,22.246149476076255,27.677187223835375,20.26475526045069,0.04648354473019296
3766,0.6351258200868737,1.7720467014391348,1.1171070839362651,1.0479146695981272,7173862159107980109,0.25,8,0,26.181763666203764,27.747916929680596,25.79955426832265,0.049633064014645525
3767,1.9507618574049148,1.9914573243714804,1.611382268265341,3.0147522418358266,3750657500635636196,0.25,8,0,26.322907461179142,27.54424946345158,27.833727364743535,0.05250982286896248
3768,1.3398078815745438,1.9525031742076697,0.5710395958872762,4.99499892399459,881777002609031879,0.25,8,0,20.147393005933594,27.379213483146067,17.96875388790661,0.05841780854791395
3769,0.9638590886192338,1.8741411699972244,1.7347708666981747,4.141527725253179,1583235889502465735,0.25,8,0,18.066468880191895,23.397803307663175,19.0300245024882,0.04974847500333053
3770,0.5353144326565616,0.9962296620906923,1.1886917571284963,1.8963990120825214,7310534948570360541,0.1,8,0,19.769915414720362,27.674062618356267,22.443685739668076,0.16813086436485358
3771,0.7674546056088956,0.6322320720969454,0.689883302584251,4.427248330204308,7797104714136822499,0.1,8,0,17.584995581365988,23.53566468880192,15.993028669575153,0.1950125085718219
3772,1.721807000473762,1.202481747360836,0.8566507548318019,1.9908485627295658,2752252442572453735,0.25,8,0,28.448491352102007,30.75243024870597,28.918944286269156,0.045977213557948704
3773,1.8804002121193344,0.7886223922029729,1.030037692999997,0.8072398410239912,3282655674894030306,0.4,10,8,31.171253629592222,30.997033202878423,30.844201670970524,0.15042418929331677
3774,0.6579312697557795,1.0332856910107677,0.6815253579504125,4.279176527018512,6761117767425731442,0.25,8,0,17.748895341497285,23.541219542986997,16.10499431171557,0.049613849231502125
3775,1.251899436097782,1.40415299052671,1.6355806631444976,1.8176602048611263,8334343528190854156,0.25,8,0,26.320035349072086,27.695934856710014,27.278529027432786,0.030675104310958556
3776,0.8055584269402423,1.2906857239374454,1.435055509160334,3.398916376274813,3884276764284794180,0.25,8,0,20.112990783991922,26.655441232167657,20.00912857682222,0.02893609220697822
3777,1.9258825020459256,1.6286958248342276,1.9367810586073921,3.3034043906636015,9185764530191590345,0.25,8,0,24.326473930059336,27.652190380002526,26.972350656287603,0.050781381181942864
3778,1.8544591478802683,1.8842947304057729,0.7212698890017339,0.6643571935830594,6160668585950217361,0.1,8,8,30.485544754450196,31.291503598030552,31.6113160611176,0.12230726170666884
3779,1.089666998300978,0.7645446386727608,1.1519258358648292,3.8120872093590954,4848919148460008924,0.25,8,0,20.141711905062493,27.597083701552833,20.13871886980542,0.03458540295534617
3780,1.3476720956004231,1.0524683048498014,1.9144849594412965,1.6081968421775017,6100703146661673743,0.25,8,0,28.446723898497666,30.62618356268148,28.526383157620646,0.04202476606888608
3781,1.9111166949849594,1.3883664822796586,0.7443577169429498,0.7211751599379168,8250902544638875079,0.1,8,8,30.48592349450827,30.99324580229769,31.314504306052328,0.11571276875109184
3782,0.8783110188892204,1.0752294683148786,1.2786354425095205,4.675807810965061,85842364706015921,0.25,8,0,17.995455119303116,23.53566468880192,16.563496540551245,0.03871388781173087
3783,1.6940587589407952,1.6424481627069178,0.9164382257344823,1.8009038224536904,1901617008034569019,0.25,8,0,28.409607372806466,30.75748011614695,29.43142862367415,0.0449527661312014
3784,1.4532955656056827,1.7500041673037847,0.5743692008351626,0.19158286423333448,7174915140991965300,0.4,10,8,31.233745739174346,31.272566595126875,30.257679236561465,0.18810658165768962
3785,1.9022249230102162,0.8918095795595602,0.5100556919177683,4.5738793579806085,6552043130227093061,0.25,8,0,22.28885241762404,27.577199848503977,22.13898273059073,0.057934141193720264
3786,1.6008459073739085,1.6423762169026417,1.3293829913632607,3.868817259914781,4564861839453501610,0.25,8,0,24.290872364600432,27.728317131675293,23.125392458039116,0.033679973979888006
3787,1.9515164784176757,1.6017196556396787,0.5860032717570721,3.5620904604263304,7584576079312823798,0.25,8,0,24.319277868955943,27.900170433026133,25.544714315711843,0.05215300005483103
3788,1.280715815597504,1.6671378465451663,1.8376940189872024,2.2898744189466114,6539175909093272809,0.25,8,0,24.312081807852543,27.91181668981189,26.231495949999264,0.03625611531578536
3789,1.7141621535044242,1.538514592235476,0.7440415731282455,1.627491159956519,1399803285308279728,0.1,8,8,30.52758490089635,30.75748011614695,29.59504474989145,0.09607445658093633
3790,1.186900363141104,1.1297058964559703,1.6665458244665379,2.6822382991994886,6211957066986031220,0.25,8,0,24.276858982451706,27.5675419770231,24.355393933792733,0.026206143336050227
3791,0.9588335876759573,1.0856499999695814,1.176615537602846,2.6658156926435184,7843661758919753861,0.25,8,0,22.267327357656864,28.004418634010854,22.817634967947676,0.027401479430204236
3792,0.7732331414605541,1.8230709962033225,1.2607328554914958,1.494436178076883,2940488367363858479,0.25,8,0,24.16778184572655,27.714682489584646,25.371590153166412,0.04222454286458147
3793,0.7414122719916786,1.319634189331122,0.8608714880265571,0.9482673150315402,2222286336627530515,0.1,8,0,25.798952152505997,27.925451331902536,26.089598234948856,0.22061999176886601
3794,0.824377121340452,1.3266365299411391,1.2625500193017476,3.3764810949985513,7775075659311987951,0.25,8,0,20.084269662921347,23.541977023103144,20.084799383239954,0.027791490897315436
3795,1.6093970360986276,0.5112264147128296,0.9494407701183708,3.0318361428461698,2456345984096010104,0.25,8,0,26.386093927534404,30.59809367504103,25.17401019607044,0.05134463837827324
3796,0.802273675768775,1.9448418379631436,1.4235186869588132,1.4904649182233054,6884690573154051084,0.25,8,0,24.167024365610402,27.903010983461684,25.663316366072365,0.04452560493742791
3797,0.5297776410191296,1.9667167759164772,1.7585228809799518,2.14735155606181,8875540950874131398,0.25,8,0,18.06107183436435,24.322434036106554,22.41479560696775,0.052679246161018385
3798,1.3848461298893247,0.6318412073510473,1.0315912906388087,0.6090744350461214,7742464710364068090,0.1,10,0,29.123847998990023,31.218280520136346,28.716847294659008,0.26006178718171025
3799,1.0049007012993538,0.9619110410717976,1.1258585454497612,2.734978494156914,4403137962997381860,0.25,8,0,22.272187855068804,27.891364726675924,22.822618681979474,0.030221637632361374
3800,1.7284271879590514,1.8528469488387451,0.5723127784640345,0.9244534138664906,731489553349386959,0.1,8,8,30.45562428986239,31.24731725792198,30.63517534724188,0.12304447247854623
3801,0.9944119875607652,1.2581834748608494,1.9122594644030184,0.02412539182196194,4212962493246725540,0.1,8,8,40.60749905314985,31.01912637293271,30.96037551679316,0.14815338187414873
3802,1.4851518386569507,1.5608889002342665,1.1493509800155992,3.9744289856046837,6502071217927000176,0.25,8,0,22.278089887640448,27.668949627572278,22.04084446405453,0.030591591075558647
3803,1.9219760401723156,0.7320852112806502,1.2274117910902882,2.19313645401096,1849839660252769332,0.1,8,8,30.592349450826916,30.82880949375079,29.379577136844404,0.1167432243801257
3804,1.8430726820240024,1.728786471464621,1.7140203168962698,4.357931537805378,1651911065869652765,0.25,8,0,22.26593864411059,27.707865168539325,23.30783703238221,0.050818909648431464
3805,1.5983470309158874,1.4168038533347014,0.6355964061199784,4.250933467080084,5171842084094375147,0.25,8,0,22.278437066027017,27.50959474813786,21.544272267275005,0.04299207171315939
3806,1.9837057606289792,0.5593581316238857,1.1269514608121973,4.6416532385805835,6883716800644704445,0.25,8,0,24.274965282161343,27.5675419770231,22.723036125207567,0.055879678659528746
3807,1.122079772913705,0.8231146892902632,0.7364664628474479,3.6803312380886553,2109908406699595491,0.25,8,0,20.187160712031307,27.65588309556874,20.47880000859544,0.04167344644143664
3808,1.7029589602447648,1.10142738361709,0.8447486804357348,3.056162004979946,8571678714826463004,0.25,8,0,24.3669991162732,27.983114505744222,25.68674738104147,0.039269604063386164
3809,1.4404486812193888,1.0016783331674728,1.020930965243413,3.0589366782157654,4097131811266455534,0.25,8,0,22.26871607120313,27.74933720489837,24.282179328728912,0.030790743779241955
3810,1.717535764000386,0.6719783205535783,0.5265107749608338,3.584794113855559,2055313773921681355,0.25,8,0,24.31738416866557,27.744224214114382,23.96189020067962,0.057275809152946396
3811,0.5388930239556422,1.2350932053759887,1.0959772005988984,1.0191627476247174,256673870525318626,0.1,8,0,23.790935487943443,27.897329882590583,24.70531839566246,0.21038854693881837
3812,1.2098824332679596,1.8528204805423831,0.8637549264030348,4.4384875561467,5644660779371512284,0.25,8,0,20.111728317131675,27.513287463704074,19.017153057130663,0.04491488338736276
3813,1.6052435708032151,1.185660974860985,1.7749535880856109,4.167469045509356,123413289428877836,0.25,8,0,22.240941800277742,27.518684509531624,22.461714067827163,0.038754771362086646
3814,1.2189480559807244,0.8427388480557128,1.342930678432079,0.6746620021445304,6046066766064900741,0.4,10,8,30.886882969322052,31.08067163236965,29.527641776446934,0.14174467738978075
3815,0.7991127511729532,0.9014797910704098,0.7170230534060762,4.350776584781354,1608119824158118100,0.25,8,0,17.84149728569625,23.529604847872744,16.703727168394657,0.047269564791758784
3816,1.1034521125526795,1.7673274460207906,0.9814992506749205,0.4717331234182681,4488086256963832519,0.1,8,8,30.48440853427598,31.273829061987122,29.945720697524976,0.12702289562560498
3817,1.1853713243540274,0.5725532089156798,0.9402486453413259,2.253919502948496,2000789076089515345,0.1,8,0,25.794028531751042,31.083827799520265,25.076402625075207,0.18257933216086747
3818,0.9775036374552334,1.8871354192607672,1.2028770498703003,3.7263504739000024,5854777203820305649,0.25,8,0,20.159386441105923,24.62845600302992,19.98865935474795,0.039258742253925026
3819,0.9433524899789509,1.1808527164827018,1.6135105036938193,0.1875815878479814,8711362356018980305,0.4,10,8,30.9964019694483,31.259310693094307,30.15206153881241,0.20542845564166679
3820,0.9782609074705548,1.5157727043286493,0.8563985275994828,0.2340946379440273,3745902148763680643,0.1,6,0,29.536359045575054,31.033013508395406,28.811587136276444,0.3247124255519901
3821,1.2487566319567427,0.7568599228688696,0.627207872288193,4.164376763390777,4012229055284699314,0.25,8,0,22.293018558262848,27.406766822370912,19.707347218435583,0.047280222634982744
3822,1.409419193070128,0.7813611837718409,0.7343510255709531,2.5967750485419945,8028814190246037901,0.25,8,0,26.345063754576444,31.062050246181037,25.249467721910218,0.04707523888412282
3823,0.9646460332101274,1.2683361104048059,0.6117272091449559,3.935501989602904,1842183487047764105,0.25,8,0,20.11109708370155,26.32025628077263,18.85625058978288,0.04156132713668284
3824,1.6311381559041418,1.3032297353090543,1.9257131069340074,1.291317397089189,2709939394210105430,0.25,8,0,34.58215503093044,30.866683499558135,31.086820219400852,0.04776095140831671
3825,1.0921066843697882,1.190204900777124,0.9578695052168126,3.3494432232203635,6221344340253788286,0.25,8,0,22.17185330135084,27.45278373942684,21.470959698198136,0.027310320359992948
3826,1.7857963116473106,1.9076084769291022,1.378471598602824,3.3563107365248044,1838897424663969229,0.25,8,0,24.34768337331145,27.900454488069688,25.734448707837444,0.04317888272633412
3827,1.9805244034761187,1.7808952064283148,1.9266626463023853,3.870084098438451,2239482178763017590,0.25,8,0,24.265496780709505,27.89448933215503,25.63395471683824,0.05690553617326507
3828,0.5406815057790791,0.7215093813086495,0.9273371438931218,0.8192431252093851,7469791725990121311,0.1,8,0,25.759973488195936,31.084143416235325,22.799072010730487,0.16587411733066265
3829,1.3136960434753995,1.2747654228487688,0.9965072728892944,0.3930899630815249,62394301261242360,0.4,10,8,30.886251735891932,31.236586289609896,29.917992169500927,0.11118064055673968
3830,1.0001007883816815,1.9678443900139457,1.1650445407093537,1.2800221456208383,1658456772556009729,0.25,8,0,26.325369271556625,27.66696124226739,27.23102826916326,0.04529038069627171
3831,1.591924028412832,1.9642880208690765,0.9293097099428149,0.33385855075264703,289864845499500607,0.1,8,8,30.52606994066406,31.166203762151245,31.62460734897754,0.11200534970168233
3832,1.8949734830808482,1.811242511995709,1.7026590405662376,1.9833505589484468,6580638634034730672,0.25,8,0,30.448333543744475,30.804822623406135,30.51680884939761,0.049419268999710615
3833,1.5566718809674283,0.9963828929151752,0.9629249652090868,1.5735880226574501,5512579385653560220,0.1,8,8,30.573791187981314,30.83133442747128,29.055444021385426,0.08906971382067712
3834,0.9440414107917647,1.247080464747944,1.868178263776326,1.154629142669517,4607116177011461749,0.25,8,0,28.355258174472915,30.808610023986873,27.570265194598303,0.04281904008729329
3835,1.0397924460812504,0.8039399142684511,0.8476483883414132,0.8345018286319966,7504632522538959537,0.1,10,0,29.073033707865168,30.960421663931324,26.520963659758994,0.20035437070189677
3836,1.4710200095524115,0.8797801419943216,1.090070395615926,3.475566327429539,5517056725000656693,0.25,8,0,24.269284181290242,27.56072465597778,23.268097575703262,0.03222359195409594
3837,0.5156654907538576,1.5316989575724054,1.455797985868323,4.168101768352686,820837697986173133,0.25,8,0,15.761898750157808,20.582660017674538,16.181896804805167,0.04744662897571088
3838,1.2388030993973818,1.0045841473464412,0.611044713091029,2.19594425543115,8624807036068567033,0.25,8,0,24.315869208433277,27.948743845474056,25.427808032238584,0.04754480778336022
3839,1.0771181056272274,1.8022653153641779,1.2403785186019973,4.464132741287614,8792062219210628753,0.25,8,0,20.109519000126248,26.47762277490216,18.40510672497517,0.04213020950170531
3840,1.9146763349604832,1.6090377642457296,1.07013605111315,1.5486050669360312,1812027016771505595,0.1,8,8,30.512814038631486,31.028279257669485,30.75947806248546,0.08814408274181748
3841,1.9660551492366645,1.217233642089521,1.1089062559757925,0.22693800097676908,9163259954552069396,0.4,10,8,30.943378361318015,31.099608635273324,32.38982248039459,0.14518643601766348
3842,0.722084343876807,1.252621609710741,1.9987789180987698,2.2642297714550885,3212587769473079325,0.25,8,0,20.12845600302992,27.491415225350334,23.164757170675035,0.042354345191090645
3843,1.9293797307807987,1.5283153576004085,1.5324358956975601,4.2014842351979,5488626652477254485,0.25,8,0,24.2855700037874,27.74820098472415,24.10666356529007,0.04432244496976287
3844,1.539187751847286,0.8355138925378588,1.7885248331556027,1.0701053074707711,1423214352359344609,0.1,8,8,30.482514833985604,31.054159828304506,30.749856377723862,0.0941226661036666
3845,0.9515427782747006,0.7652540859264153,1.8274034401346486,0.9169232618501694,308548737120657339,0.25,8,0,30.539704582754702,30.8376467617725,28.19673570656715,0.05292866258123175
3846,1.275523581216589,1.781118257125837,1.3849846625438502,0.8453081774369209,1555764524308476334,0.25,8,0,34.51401338214872,30.945903295038505,30.14768559669669,0.044739969282943326
3847,0.7107315414072417,1.2653790945038406,1.0477509185668064,2.6286257148685537,617764324263565646,0.25,8,0,20.129402853175105,27.60532129781593,21.486386553636578,0.03362756150754555
3848,0.7586221743867466,1.708786599783581,1.4340352059313433,4.866416668498359,1517931389067729012,0.25,8,0,17.831839414215377,23.541219542986997,15.530220244231328,0.05162195678544821
3849,0.7487552872770564,0.5017157697659123,1.9397766436055957,3.289375503342736,5817572582274747962,0.25,8,0,18.13180154020957,26.478190884989267,20.168031829812286,0.052691077425853564
3850,1.6608917871859408,1.002719761515737,1.7213012879577292,3.127852620395968,7420414276870899031,0.25,8,0,24.36283297563439,31.12138618861255,25.74142861113554,0.03567768267966211
3851,1.1986548418354357,1.7255512377518651,1.4592023661286169,0.20160665889912222,7562494717152235235,0.1,8,8,30.532508521651305,31.27761646256786,31.231368516493863,0.11372432515864712
3852,1.5171913386758211,1.7143426837183968,1.3380188947480456,3.726416363641954,4551839201084414407,0.25,8,0,22.258995076379247,27.740247443504607,23.08446237665801,0.03285900132448722
3853,1.362206511500671,1.9421702547445299,0.813333617520511,2.2285895885640565,599465004943475493,0.25,8,0,24.321929049362453,27.76041535159702,26.30815947735028,0.043703719859028
3854,1.8886468050120182,1.641240515028303,1.789183935414651,0.2511274818554088,1381393633826634576,0.1,8,8,33.02600681732105,31.343264739300594,33.51783052772364,0.11773825323192715
3855,1.4003945423383075,0.664058628122607,1.821212960516883,2.048672143470372,4775554517819737683,0.25,8,0,28.44407271809115,30.748011614695116,27.415236855075058,0.046029460827488884
3856,0.8877879701207069,0.7976322210158003,0.509787223851181,3.088760005619347,2251567517262011852,0.1,8,0,19.787589950763792,27.51385557379119,19.849752219112645,0.1205392172713013
3857,0.5772100846182786,1.5870074469826594,1.83250949986225,2.983581700852006,5949998741970517882,0.25,8,0,18.025564953919957,23.68665572528721,20.209272483405794,0.04486238117771968
3858,1.7067674569976354,1.7383835295567538,1.2051643207660958,1.651628607205713,6475037866767865280,0.25,8,0,28.448933215503093,31.009973488195936,30.125129475041618,0.04298758743260809
3859,1.9417230788981459,1.4827145833304374,1.2817467576823298,1.2559935370907915,6120992915292443024,0.1,8,8,30.535538442115893,31.195871733367,31.434761024654218,0.07880959391431887
3860,1.8894835475442295,1.7893936862295474,1.8139840045283744,1.0103279841924202,6099221822353320141,0.1,8,8,30.516601439212224,30.850902663805076,32.606219796126524,0.12840115054293336
3861,1.5027363354262482,1.0605173012812643,1.4428707938430256,2.72179197959951,7443937656365570025,0.25,8,0,24.335563691453096,28.003282413836637,25.87821642008332,0.027636602136864693
3862,0.975398204372919,1.0941274124281541,1.7889889170127842,2.853606660838181,8852567975658433467,0.25,8,0,22.17810251230905,27.383474308799396,22.72408823627149,0.031216090433954433
3863,0.6154822030961529,1.729422093409128,1.7604685956443888,0.13766644666913574,1345333140876465368,0.25,8,0,42.668760257543234,31.368198459790428,28.694932882843354,0.058382322857934765
3864,1.4639166082027153,0.6216436294963592,1.8722095894366477,4.797574234308986,6647472826299950762,0.25,8,0,22.335027143037497,27.513287463704074,19.7705818124416,0.05196410599997812
3865,0.6701259341691692,1.164748397696537,1.2234644705305482,4.874999436583155,7079729924060095709,0.25,8,0,15.722257290746118,23.68716071203131,14.789923665481536,0.045887854778021035
3866,1.1295816723315513,0.6773237936432355,1.9997376720880422,4.179220754478845,986997368511906983,0.25,8,0,20.176114127004166,26.54068299457139,19.787697796485695,0.048835332022405906
3867,1.0540278964421455,1.4085917918440611,0.5217989814592728,0.6956568754474951,3468854384078730016,0.1,10,0,29.117535664688802,30.84679964650928,27.04554947737991,0.2826227712111908
3868,0.7415093612168993,1.843272479989634,0.5424973126385337,1.4263971463223397,8398022387917295525,0.25,8,0,26.184635778310817,27.891932836763036,24.98012588083027,0.057938483252066415
3869,1.3949799730230343,1.9788767796717526,1.701329083808217,2.505523707211,3405676718743348985,0.25,8,0,24.321550309304378,27.96891175356647,26.219350486971297,0.04191247200223579
3870,0.981414183155918,1.394672297613584,1.2573076510730354,3.636018560257304,3172819596562011949,0.25,8,0,20.144868072213104,27.33830955687413,20.223735748663263,0.025504863742975926
3871,1.6885985462077358,0.6183943807651955,0.9156050166838285,0.4448589996286889,6615715214692817609,0.4,10,8,31.154210326978916,31.108130286579975,29.52381337465947,0.1546457169198965
3872,1.46197351009439,1.0235350496114106,1.0789215768561178,1.3239522196285707,7583454940916487088,0.1,8,8,30.518116399444516,30.742330513824008,29.336813175230443,0.0807645652454417
3873,0.7713272057522165,1.938226260678082,1.4439491597885366,3.802441368748707,5953105438457364086,0.25,8,0,18.05908344905946,23.53566468880192,18.75794999778837,0.046586868703185576
3874,0.6362259815839888,1.4363609476263106,0.6271982545368207,2.286652642217701,1708945153779727305,0.1,8,0,19.743087993940158,24.484029794217903,21.815807649248992,0.22871828819687212
3875,1.5272621341953245,0.9006836279433439,0.5784066449408779,4.807379914530371,5443607285114664413,0.25,8,0,20.232293902285065,27.46329377603838,19.38888331524452,0.04982082091432049
3876,1.9319066125259234,1.9486628348004675,1.1061070001428441,1.7131484120877605,8357139565189082851,0.1,8,8,30.515843959096074,31.028279257669485,30.86366584574217,0.12072590128683829
3877,1.3380925797276002,1.3757384042019771,1.874987022643087,0.672669633187748,3354881983400667888,0.1,8,8,30.45638176997854,30.954424946345156,31.25291782482618,0.10413490576309156
3878,1.525244059898155,0.5278476944722661,0.7054799800135678,0.4118206008483599,4692658875101406257,0.4,6,6,31.911374826410807,31.29118798131549,27.62165662774907,0.5436478095206377
3879,1.2064311832749044,1.1516515158897016,1.4910185629612547,3.3924614810290965,3136789728241397359,0.25,8,0,22.27496528216134,27.53345537179649,22.298294383784437,0.022328094488717917
3880,1.2606022241759747,1.5496347063846911,1.139539242997411,3.520684195688802,3456955968303044018,0.25,8,0,22.19198964777175,27.793933846736522,22.088898957031,0.02510793739815974
3881,1.1709058282077456,1.859902987515525,1.1903277517436157,3.371343660118991,7759326216565484188,0.25,8,0,22.161785128140387,27.893637167024366,22.102631180375024,0.03364255389040953
3882,0.9652853516643113,1.881625532229077,0.827892902249838,3.3382092996694785,5020064326318321665,0.25,8,0,18.138902916298445,24.629970963262213,20.832245413458487,0.04132860375297464
3883,1.8958094426581678,1.8186287134744246,0.9611262762946111,1.5771114137030513,8028005771512151667,0.1,8,8,30.51622269915415,30.82880949375079,30.651579949413158,0.10304958286778632
3884,0.6032254658378848,1.458641498569587,1.0204693394785218,1.1865412398207416,2701654505308869558,0.1,8,0,23.78639060724656,27.728885241762402,25.26342337090114,0.24908664643945266
3885,1.5734999364947164,0.6759360688785438,1.998927117801443,0.7391320481013858,2963689670137183098,0.1,8,8,33.136377982577955,31.085721499810628,31.462327740690565,0.12110614740510452
3886,0.5193984337755224,0.6380660925630003,1.3372202415706003,1.9390614373809034,5619647079044537701,0.1,8,0,19.782855700037874,27.47948491352102,21.497068627546156,0.16194740856403525
3887,1.5860297278400073,1.3612290564571556,0.7039548231544314,3.44510405404945,6592833155696772577,0.25,8,0,22.299267769221057,27.574927408155535,23.851298134250076,0.03779124613414707
3888,1.3310148822827312,0.6415063650831153,1.8543967676720003,0.4511444508762552,679771287590333914,0.4,10,8,31.153263476833732,30.979043050119937,30.98376919424955,0.17879257116240224
3889,0.8967064420902412,1.4303238213763039,0.6317317671931191,1.2201627108500235,4951527928141339748,0.1,8,0,27.76890544123217,27.90982830450701,26.257817120855243,0.2318583245360538
3890,1.4734277024684275,1.3074255800795251,0.7356481335725061,3.1935720399121763,2762859998522899776,0.25,8,0,24.32761015023356,27.405346547153137,23.95994822204756,0.035141613039725746
3891,1.154558414046976,1.7905227253204752,1.0017623516087524,1.5757759146965138,587018512699360734,0.25,8,0,26.30731599545512,27.75473425072592,27.12985901335087,0.03988114083279823
3892,1.0569927188891546,1.2297782792679743,0.9488362689024643,3.809628835989117,7791197682974195611,0.25,8,0,20.12024996843833,27.513287463704074,19.928950031909185,0.029170261558914706
3893,1.835333789514024,1.550966377456685,1.4490584524982526,1.3857399118316875,3119494887925117959,0.1,8,8,30.52758490089635,30.88467365231663,31.210504778476807,0.08005787172990386
3894,1.917110736173599,1.9504515602300077,1.9902622187921202,4.406129706636696,1607821421494520100,0.25,8,0,22.266980179270295,27.577199848503977,23.765739254103515,0.06450284555216593
3895,1.1586182168844925,0.6728350808265304,0.7617522549252891,4.170828794533137,6989570069492949221,0.25,8,0,20.135399570761265,27.39710895089004,19.244918149752586,0.04549968099627273
3896,1.4383981178091882,1.982042348732631,1.8953054460545204,2.080404058073171,1760755462594434431,0.25,8,0,26.291724529731095,27.92119050624921,27.809397358418508,0.0475032417369338
3897,1.7605251217210123,1.7329084961585237,1.3440609198526874,1.051162861235766,4273231911368869667,0.1,8,8,30.495391995960105,31.179459664183817,31.451276891241243,0.08055126305276697
3898,1.6816245618065448,1.3956693253378885,0.5410976291193287,1.6511151170785072,8348719576254707485,0.1,8,8,30.523040020199467,31.008079787905565,29.046058798160598,0.11334709131879182
3899,1.03904958001293,1.7340112100883402,1.9821424445931908,0.27766122870095833,1705593207006757777,0.25,8,0,40.60850902663805,31.155472793839163,30.83774919707311,0.05595093041786287
3900,0.7705108527632752,0.973897955856186,1.7051411146355577,2.288388528211509,6014130756174191577,0.25,8,0,22.17393637167024,27.885683625804823,23.178111209030103,0.036400926855818895
3901,0.698486121997367,1.4704878239476462,1.8455614717896607,0.20889954830563273,265382935333775956,0.25,8,0,42.63363211715692,30.96515591465724,29.026572713740915,0.05529631764972072
3902,1.9413793144045517,0.7699656818142762,1.5326629761958213,2.8612690199025845,8906585571673140239,0.25,8,0,26.412353238227496,31.027016790809242,27.95166757785216,0.047272360530670306
3903,1.1074204658396738,0.5443720100985143,1.700413584659728,4.827034234031082,2702508288592265186,0.25,8,0,20.15118040651433,26.47648655472794,17.556947539955125,0.050181300666934305
3904,1.9376872283278592,1.8393392734196863,1.1259595626817507,3.9930567531221417,3435517077541387670,0.25,8,0,24.250725918444644,27.63117030677945,24.537419346416545,0.047224427214157906
3905,1.1875607346378048,0.6749388825044722,0.5564285825455744,2.0365242930411567,2668498863505305451,0.1,8,0,25.789104910996087,30.80608509026638,24.592840712442346,0.18877968497089337
3906,1.4669541756795146,1.6221135596498526,1.243399036378204,1.9012954392627923,8598611311342940139,0.25,8,0,26.331113495770737,27.922326726423428,28.070481427427143,0.032722749269761466
3907,1.4903254331371742,1.1376984102419603,1.2366959918934395,3.6056046762896754,5340460252437602686,0.25,8,0,24.24201489710895,27.497664436308547,23.113659698564245,0.02506185495561853
3908,1.2496256242883341,1.6578144661733443,1.2570782203812831,1.9718525262676572,5654375637913817572,0.25,8,0,24.26587552076758,27.667813407398054,26.656343750991525,0.029863351202790354
3909,1.0317218277422786,0.5542615015159669,0.7516749272867689,1.987989327016565,2530870634018721024,0.1,8,0,23.80949375078904,27.89789799267769,23.645248194691142,0.15287116929402048
3910,0.6884195398479376,0.9895136657090624,0.691263735825969,1.500367789107937,6791947289829928352,0.1,8,0,23.783739426840047,27.72803307663174,22.721117884805324,0.12619891640884037
3911,1.0576527181561477,1.0129263700781577,0.7729161213718944,1.0176787747801401,6835798587299481964,0.1,8,6,30.305643226865296,30.744855447544502,26.83569052214884,0.1464573846089838
3912,1.0856218226732721,0.7830608889818902,1.8966261824534252,2.4993551059233488,267114150789977888,0.25,8,0,22.257259184446408,27.562428986239112,24.43339602632555,0.039917360300638555
3913,1.9656493289743278,1.564847818905028,0.7318178072295032,2.5334382835691187,7467692483243001390,0.25,8,0,28.404305011993436,30.74674914783487,28.69036761443839,0.05032401433311277
3914,1.0644842271422967,1.8035865446591854,0.968579063208745,1.605146381039959,3179534956593111976,0.25,8,0,26.32454866809746,27.713262214366875,26.53922882472159,0.040618461864891556
3915,1.8393214611359614,1.7910148997401998,0.9924157445549078,0.8871914910477324,9070948885870292604,0.1,8,8,30.488574674914787,31.03648529226108,31.46681586075956,0.09075532465242149
3916,0.6271441749430768,1.08523814546342,0.5409099337914287,2.5004498129847037,1914266546922247027,0.1,8,0,19.741509910364854,26.545795985355387,19.788191007070132,0.14042512670144866
3917,1.6473731828568143,1.6526470515102893,1.5771930934025795,1.6565507872500969,617401517973262379,0.25,8,0,30.490468375205154,30.76000504986744,30.00475449403236,0.03997768558974488
3918,1.876320295784717,0.6343424706744683,1.372305551625105,1.785156249023796,7003121148527791206,0.1,8,8,30.555990405251862,31.025123090518875,29.99876563380966,0.11095759226366844
3919,1.79883968618849,1.2351032264384103,0.5246675241921686,2.7399974716734112,1255273447054218380,0.25,8,0,26.34465345284686,30.845221562933972,26.96699041443604,0.051209694945767055
3920,1.8150947086216838,1.4436348067773501,1.9906892474562161,3.2608947365971703,1791903074045511585,0.25,8,0,26.35326978916803,30.73096831208181,26.457105499172094,0.0460170434831371
3921,1.3251517408164646,0.6355945343131482,1.3192195140880023,0.3424765371584909,2953553087201965954,0.4,10,8,30.8783613180154,31.27130412826663,29.48634389578215,0.13230007608816205
3922,0.5689162925854045,0.7344390913779009,1.465159827250028,3.2086842680795264,2503537530119688928,0.25,8,0,17.858256533266,23.541724529731095,19.17876432210816,0.043345011524714296
3923,1.5362327358303929,1.4182539776667549,1.153173302173477,0.10530726845805027,857662830358753816,0.4,10,8,31.236586289609896,31.074359298068423,31.47536896174833,0.1304816563425402
3924,1.414782293654817,1.1648675878416215,1.4564309129822874,0.6190433805497286,5595698959124196859,0.1,8,8,30.465850271430376,31.079724782224467,30.82061286871765,0.07291185606062428
3925,1.5415321184372437,1.5411574082736532,1.8504242019286066,3.788571297486107,4027587938772186872,0.25,8,0,22.277048352480747,27.5561797752809,23.304556334491522,0.039663717110838145
3926,1.4723912315199414,0.639031518502877,1.9070601045444528,2.3659533130421666,6477131196357228797,0.25,8,0,24.36056053528595,30.808610023986873,26.97310281101697,0.04701150883134211
3927,1.3956662611218438,1.5926636651413195,1.3357051874462784,3.4606883607542156,418637772577283559,0.25,8,0,22.276701174094182,27.75047342507259,23.14183894536722,0.025881140845504403
3928,0.580236899161092,1.8276394768957678,1.9182594607065055,2.308937043123687,1056070827138836264,0.25,8,0,20.082691579346044,24.629465976518116,22.337398909069076,0.05028304487328426
3929,0.9498735498879975,0.6778861511670362,1.9516644811383075,1.5690141142820297,8774551080321271599,0.25,8,0,24.38139123847999,31.03427597525565,26.405470946666778,0.05028745191227487
3930,1.8637881415983024,0.6075002984373779,1.452195342747446,4.413666154735273,6804903714425657415,0.25,8,0,24.265496780709505,27.75814291124858,22.876604318354964,0.04933345628010553
3931,0.8971911903104792,1.667085557506214,0.9619759580880711,0.41377244848442296,5680701261778969585,0.1,8,6,27.782256028279257,31.086037116525695,28.894343641129844,0.234996363103284
3932,1.3384627366327744,1.5873366200648407,1.8778062960164448,4.702571936940423,7338035506637082114,0.25,8,0,20.16191137482641,27.359045575053656,19.503046579672112,0.04883527717067205
3933,0.8296501003963239,0.9577741835763913,1.9033508342967382,4.957572292735262,5401488594433148012,0.25,8,0,17.797184698901653,23.535159702057822,15.80851583825057,0.05300339248214277
3934,1.8727681349043794,1.3888923537886722,1.0015869405409208,3.1187481424492463,6225454012504555394,0.25,8,0,26.416866557252874,30.79851028910491,26.586750207339023,0.038091258027882026
3935,1.0637747410141811,1.4322392570653144,1.083798311175331,4.319287275719036,49066476691694505,0.25,8,0,20.10857214998106,26.4798952152506,18.58320596262646,0.032138397285861806
3936,1.564149044712779,0.982139063381199,0.7942252350090719,2.2348605702525455,2430441337837533076,0.25,8,0,28.416677187223836,31.040903926271938,27.250537982995112,0.04462049282537862
3937,0.6839952110957288,1.5911538171868453,0.8126451240637909,0.16637326359229598,6712038465285715777,0.25,10,0,26.23475571266254,31.138745107940913,27.257185502915796,0.4355596111689649
3938,0.8633415537199174,1.2363341710815974,0.9705681626207668,4.998111977084837,5514028166802387381,0.25,8,0,17.854563817699784,23.536169675546017,15.368825513086463,0.04374431497325075
3939,1.1456073148283792,1.2247973889357284,1.2886146724146954,2.7357844777607894,7428627609952271347,0.25,8,0,22.253440222194165,27.393416235323826,23.77446735821398,0.020770601288407506
3940,1.7382611781359798,1.3047103379699752,1.219806295390464,3.877804794977497,3769360087740954567,0.25,8,0,22.26975760636283,27.749053149854817,23.726554796774014,0.03190701005701023
3941,1.670924586490089,0.9979857027154839,0.7251097267372038,1.7308327648898925,9066064345987469184,0.1,8,8,30.57909354879434,30.63438959727307,28.88635417608796,0.10963994168784422
3942,1.8620934328973116,1.9737206536583543,1.4973054511132144,4.289734144497067,1177943085191766751,0.25,8,0,22.264202752177756,27.711841939149096,23.492685481982573,0.0525975372878381
3943,1.6048295297738004,1.4070627758516443,1.938926027784414,3.976495016328059,147180191145332632,0.25,8,0,22.276701174094182,27.733146067415728,23.13543435764136,0.042784029412392906
3944,0.6167043694155157,0.9288587539586131,0.8673716258272884,4.973238587446003,4290593428485628523,0.25,8,0,15.685898245171064,23.529099861128646,13.948582452187608,0.052344951398353566
3945,0.8502538828259418,1.908424455462592,0.6515089780333172,1.4153549227007427,468081073357023420,0.25,8,0,26.277774270925388,27.755018305769475,25.717496536271735,0.053867857540903265
3946,0.7031785208368164,1.0528578181934658,1.8626831817029712,2.2023950963530488,1829708430698539374,0.25,8,0,22.19962757227623,27.725760636283297,23.171593239060932,0.03999226001418734
3947,1.9468935888681433,0.7196309939747967,1.466374282068927,0.17379163440240486,3068976392842904369,0.4,10,8,30.911185456381773,31.05763161217018,32.231601065495404,0.1688191038098082
3948,0.7131875797647569,1.4109267947942303,1.8119765940352284,3.3673199365938715,3100113282476680650,0.25,8,0,18.07016159575811,23.53566468880192,19.842558739432636,0.039174327992916716
3949,1.9021146457547364,1.1726841075910612,0.7533387882707905,3.296390522650498,9080314191731180553,0.25,8,0,24.33026133064007,27.937665698775408,26.04672362310619,0.045090497451099054
3950,1.652320629285159,1.10401022631258,0.6608779373890671,0.5514887553858105,839769672201776817,0.4,10,8,30.861949248832218,31.281719479863654,29.778072782197288,0.13618877657948106
3951,1.5376083062433086,1.1303720470832117,0.6561110431825888,3.988324691535396,2335797820247755904,0.25,8,0,22.240941800277742,27.520956949880066,21.90738547158007,0.04015620282446582
3952,1.7486850427735061,1.2452174777712977,1.2184831082679657,0.47370125011866826,14065135018464542,0.1,8,8,32.992362075495514,31.040588309556874,31.70468407995148,0.07864534743414202
3953,0.6039447947906389,0.5523240640663922,0.8251115548642293,0.5850744612486708,7923010363540359668,0.1,10,6,30.571897487690947,30.835753061482137,22.896481356287833,0.46802966723353717
3954,1.8570898677269019,0.529914210421053,0.7070329189797468,2.9600208869790565,7054535140798627756,0.25,8,0,26.405788410554223,30.751167781845727,26.64269428566574,0.06031867663202586
3955,0.7100481350612055,1.2779586846211202,1.2267821866103072,4.828999608351992,468530859046233888,0.25,8,0,15.74397172074233,23.53566468880192,15.170330971906335,0.044038079342659464
3956,1.080646217403521,0.9794350422948074,1.357984090036303,0.06685987720559561,4973014195415395796,0.4,10,8,31.03680090897614,30.936750410301727,29.54916764270163,0.15818563223702348
3957,1.1438636643317524,1.9256942587659012,1.6692467663405783,2.8626016423784844,5825380874269881299,0.25,8,0,22.152411311703066,27.753313975508142,23.735357079447475,0.03861922329987356
3958,1.83240998529497,0.9426955176459817,1.6144916627927124,0.08750474657408136,6364637128185693500,0.4,10,8,30.963893447797,31.081934099229894,32.71135989017529,0.16978052187449696
3959,0.6836048068150824,1.0187607220619879,1.9963997379994387,2.422830503550235,7109586762422329736,0.25,8,0,20.14676177250347,27.576347683373314,22.487301453883443,0.043641499198665674
3960,1.265660757847115,1.1090690406761041,0.6708137792810778,4.359381759583045,4076058476615102979,0.25,8,0,20.17295795985355,27.35109203383411,19.30326201879178,0.039699696668699526
3961,1.924316160315957,1.7341871304319725,0.5977525249010056,1.317687029279988,8444698402760379873,0.1,8,8,30.497285696250476,31.084459032950384,30.54396986165265,0.11693805771288572
3962,0.8191814381467444,1.4862447519454032,1.0602443017383405,2.861799982764693,2112161461518104193,0.25,8,0,20.153074106804695,27.576347683373314,21.479977971907026,0.030060327339283398
3963,0.9290774361575652,1.6084183360884012,1.5830229134006124,3.833690455040972,6442236142253835248,0.25,8,0,20.096894331523796,23.53566468880192,19.578378068548375,0.03539716947718447
3964,0.6125311299954027,0.772668818921312,1.7608611476001863,3.909525739081135,1646685119258796862,0.25,8,0,15.787148087362707,23.54778437066027,17.54907863443271,0.04707145608727796
3965,0.7962132767429921,1.5446350228629844,0.6856116505741612,4.381598726500424,5871740589031611520,0.25,8,0,17.99772755965156,23.534654715313724,16.68550123204782,0.04635744110742339
3966,0.9146333215931572,1.3810921093880322,0.8139752027474831,1.2248987830535119,732860525832876365,0.25,8,0,28.32300214619366,27.927439717207424,26.646725727079787,0.04650093081878963
3967,0.973563008269368,0.6895096839065384,1.6367441076035656,1.5902571757485622,9164518831312019502,0.25,8,0,26.405788410554223,27.668097462441608,26.278618135592012,0.045290991525290064
3968,1.4012361608880508,0.9267319095761153,0.9725742371088005,0.7842585039848593,4626616476805860947,0.4,8,6,31.574043681353366,31.32180280267643,29.479387361735586,0.20803416166557656
3969,1.0248439758145458,1.8509657762297709,0.5956098708174579,1.6259222405501124,5439923120494851414,0.25,8,0,26.328241383663677,27.75984724150991,26.0436602228507,0.051200372683372644
3970,1.4966168420016706,1.8015048824037814,1.9877197200485788,3.5020508713029894,6497721600032818110,0.25,8,0,24.26587552076758,27.50334553717965,24.002867213360545,0.04727478460001359
3971,1.8106310790503386,1.1767730918749526,1.715460793547098,1.099182142734736,5834432369613676287,0.1,8,8,27.985008206034593,31.31454361823002,31.624613833369068,0.08052978127603944
3972,1.8720690861551559,1.8918213362168985,0.5768228223195441,4.626381200365346,4469106003673480765,0.25,8,0,22.276701174094182,27.75217775533392,22.001008545049967,0.057463113355235095
3973,0.9526009922139614,1.2196487147255657,0.5238481197723698,3.470746252481044,5102830118058969976,0.25,8,0,20.133821487185962,27.512719353616966,20.086353034664317,0.043249220759827185
3974,0.959978533462941,1.1217184802273434,0.8511169839263235,2.5640753916867833,2668753374917624237,0.25,8,0,22.245455119303116,27.74763287463704,22.960029349113583,0.0347678723966762
3975,1.7418005580115552,1.0634184469496428,1.7925948511549752,2.5043380789901044,2938928486133337896,0.25,8,0,26.38691453099356,30.765686150738546,28.063828023223866,0.03969347454323747
3976,1.0806874879560235,1.051269789362635,0.7111340426664096,4.04948836541319,5321817112055454331,0.25,8,0,20.136662037621512,26.534717838656736,19.190927778948467,0.03822880249619609
3977,0.6138812400120747,1.890461860159567,0.5737952217035509,2.3096986339501786,2166569999858522149,0.25,8,0,20.062492109582124,24.319656609014014,21.731863606631162,0.0545016667722346
3978,0.8803326396529082,0.7251170310188415,0.7516965770642332,1.6395793055991381,2908195491714278400,0.1,8,0,23.781466986491605,27.695934856710014,23.56723372315905,0.11922960155639171
3979,0.7793891904940152,1.9379998768799034,1.6854522972753845,1.0078606599386903,665889913716866333,0.25,8,0,26.345063754576444,27.925451331902536,27.130086483509903,0.049245741881581546
3980,0.7999179909103671,1.7499908818648011,0.9374819225116986,4.018669041207232,7996548079991986209,0.25,8,0,18.02840550435551,23.687665698775408,17.955030358130063,0.042211882660295776
3981,1.4880251315059072,1.3720179843390012,1.093283855008422,4.743830072082357,3966909190162338253,0.25,8,0,20.15181163994445,27.62066027016791,19.720492008513073,0.03543286951016751
3982,0.5450044853962065,0.5239157794205473,0.9550342961455252,3.550937616713723,2102281805473761503,0.1,8,0,17.57959853553844,23.534654715313724,16.48956789420508,0.17545896597758565
3983,1.7542725472065932,1.666073071252156,1.3880264157251663,2.3999031244913738,2843825720243931156,0.25,8,0,26.34629465976518,27.93681353364474,28.30070339185201,0.03633676129278441
3984,1.686499046345113,0.6162228159842682,1.5645154329871858,4.492269952107338,4754411933766515786,0.25,8,0,22.26281403863149,27.75132559020326,21.72214261562503,0.04630484802471961
3985,1.3237418505433305,1.6943738214542245,1.4178430203023569,3.3913590492683925,3002759878710813205,0.25,8,0,22.169770231031432,27.751609645246813,23.0029647778742,0.028281031954431907
3986,1.1986464859796633,1.0652439447774198,1.4115831806816785,0.7742270042627108,8994872448431935109,0.1,8,8,30.53478096199975,31.219542986996593,29.867244967761355,0.09409027692128494
3987,1.8389515663989766,0.9251644095251501,1.9098341629687217,2.6656730593720592,954127073700946479,0.25,8,0,26.384452720616082,30.753692715566213,28.179841598234177,0.04642664311007005
3988,0.856375455269138,1.4849029938004787,1.421728947268811,4.422621030043153,4216991978731648431,0.25,8,0,18.04061987122838,23.39628834743088,17.33038247830861,0.03830163560547124
3989,1.9394255618361766,1.1031943009973646,1.3189456727806976,2.860320073760219,564005052603616778,0.25,8,0,26.41399444514581,30.748327231410176,27.852363279794293,0.039655407349031994
3990,0.917777789987199,0.9942913344756983,0.6923892086130219,1.7778600874245503,251434700592052077,0.1,8,0,23.792450448175735,27.897329882590583,24.219359407324568,0.12234821652377738
3991,0.8406841866502586,0.828016547047558,0.8037386031265455,4.6376920104240416,3102992263184020799,0.25,8,0,17.859108698396668,23.535159702057822,16.143575683872484,0.04654868771290803
3992,1.744644512236135,1.5590937149718362,1.5869466722605203,1.5861339345180698,5128926525952009975,0.25,8,0,30.53070950637546,30.63628329756344,30.719376063119654,0.04195234133975572
3993,1.043934708629249,1.1398358322434843,0.6105254085804328,3.697047083136863,5948754778585928361,0.25,8,0,20.17264234313849,27.70701300340866,19.977188333250613,0.0397027369501763
3994,0.9793095324917381,0.7332689827500256,1.9281118883896196,1.0852962901553802,7268401439288977960,0.25,8,0,28.420653957833608,30.768211084459033,27.96136709475102,0.05227322473982078
3995,1.3334993717598467,1.7213805720234703,1.6341031872037215,4.425314386300167,2573731159504195474,0.25,8,0,22.201363464209066,27.363022345663428,20.16100311745279,0.042002486305010786
3996,1.9095707035461826,1.2015474559982624,0.8004659196257858,0.20829297014236137,8495758406489280815,0.4,10,8,31.226802171442998,31.036169675546013,31.266970444881782,0.14510387743789618
3997,1.4667799987650199,1.7671060779795678,1.815812759255147,0.0373120026519308,4098753289688024172,0.1,8,8,35.60314354248201,31.05226612801414,32.663277689594324,0.1198117107310168
3998,1.7366450228982455,1.7080350523297039,0.7124065661679273,2.831420708884027,1232102935528384022,0.25,8,0,24.322307789420528,27.94448301982073,26.54369795354327,0.04397858435549129
3999,1.1766240367143288,1.9651186563016643,1.0126825777669175,0.8144624076619655,8628685893642979367,0.25,8,0,30.439811892437824,31.007132937760385,29.523596714731937,0.050619444653856024
4000,0.9064327418836599,1.0453780592718158,1.5167576174924995,3.163312909440034,7920801862776668558,0.25,8,0,20.167592475697514,27.545101628582252,21.284544994481582,0.027230898778395136
4001,1.7944625308545559,0.835566953739548,1.0243008515560694,0.568149177427541,3875937331875783253,0.4,10,8,30.830071960611033,31.10402726928418,30.67782189269984,0.11548383180600193
4002,1.5514265221394359,0.8946968192858881,1.899520420057228,4.622662551010588,2244637706003342930,0.25,8,0,22.2690632495897,27.666393132180282,20.825244364154887,0.04638865481757012
4003,1.7726065193036162,0.5332082618033711,1.958248611119493,2.984785058781587,3254812774312701923,0.25,8,0,24.339729832091905,30.794091655094054,26.833468105193365,0.05392333627986219
4004,0.7832121338692875,1.1343504409023333,0.8762818643914365,4.045099283006822,277188794344031414,0.25,8,0,17.99829566973867,23.535159702057822,17.65326601227093,0.03796066133783853
4005,1.967259218501216,1.7690715746148948,1.953396641442199,1.3748911860537723,6485665858928662011,0.1,8,8,30.50220931700543,31.054791061734626,32.403019187693594,0.1481439465010507
4006,1.2721789987443293,0.6889577552009754,1.9348474708171672,0.7933623730683842,4132998441778839508,0.1,8,8,30.53818962252241,31.071203130917816,30.487670782560116,0.12349064438007877
4007,1.926803018225471,1.7109563099909721,1.7810093335294164,4.924235112884433,1544038869198214632,0.25,8,0,22.278437066027017,27.515275849008965,22.111153115660954,0.05749899282709259
4008,1.221356312294568,1.3896877040445994,1.7743938534550576,4.481972881843891,6068042809730534400,0.25,8,0,20.1180406514329,27.32382274965282,19.39842422998937,0.039569099460229386
4009,1.231491621475816,1.0127921512201157,0.5855328840229089,3.8472183904937296,8406782363926199293,0.25,8,0,20.203888397929553,27.66468880191895,20.5503726579016,0.04146536081100651
4010,1.1048401554707354,1.135508658623001,0.8634025325733672,0.7489840627386357,690854438762795027,0.1,8,6,27.84266506754198,30.91055422295165,28.02875633581344,0.15054502895299662
4011,0.5143552143354279,1.257116624294993,0.743973477785995,1.76031545300681,6016478453034119151,0.1,8,0,19.76833733114506,24.318899128897865,21.602677769599037,0.17537042650782778
4012,1.6711818471326714,0.9593921757724871,0.9926294431229544,4.9744711525085545,5214380660902604054,0.25,8,0,22.2690632495897,27.682300214619367,19.9442803939951,0.04251407738279569
4013,1.747194118373187,0.8805005163276516,1.9135371114393656,3.840324489249216,6382710423964557622,0.25,8,0,24.292387324832724,27.568394142153767,24.217187408515862,0.04498024381007695
4014,0.7136845288762685,1.2030943461344934,0.6587082719975741,3.569076007369088,3463347266332233134,0.25,8,0,18.063628329756344,23.686150738543112,18.541598110791593,0.043053872746276194
4015,1.5255383686386266,1.2854094946516936,0.794482248844588,4.632742773859613,5519239929613463703,0.25,8,0,22.26767453604343,27.64963388461053,20.070415239241896,0.03865489963362406
4016,0.8402243509430255,0.594431847355168,0.7040722224735547,0.6684612424190051,6904755019082024748,0.25,8,6,28.348851155157178,30.91055422295165,24.055222588866812,0.3339419642708421
4017,1.7142354404423368,1.2269293784058424,1.4098522951987607,2.1482862018663527,2768437090965559794,0.25,8,0,28.47323570256281,30.849008963514706,28.7432870007273,0.034762605039248225
4018,1.2470359428041222,1.5048273221532242,0.8557482051381562,1.1331256074696117,8362188142910091307,0.25,8,0,30.45164751925262,30.835753061482137,28.816267424147846,0.04523873925135176
4019,0.5744014746520849,0.6387181916952762,1.0344693952351285,1.5707022394879693,3427267502995548369,0.1,8,0,21.78995707612675,27.38887135462694,21.676940275950365,0.12478476937802323
4020,1.584049794908993,0.914307690979705,1.59145348249994,1.4233979831178583,7669865564411725126,0.1,8,8,30.54727938391617,31.00871102133569,30.171627024974384,0.0763191927662723
4021,1.4999446415527125,1.3880248902579204,0.6846903005285816,2.8893263226656343,5070595999889431208,0.25,8,0,26.333165004418632,27.73541850776417,24.981462200445325,0.03737817726217385
4022,1.7007000866519881,1.0720844265404808,1.5737469450038595,2.100298288012791,7908187678852741347,0.25,8,0,28.467049614947605,30.774207802045197,28.87910160495108,0.037494159557336995
4023,1.0699600869050987,0.9284294882980071,1.763400830178056,3.3628368518460263,2260275290828996129,0.25,8,0,20.168854942557758,27.29144047468754,21.740119344429655,0.03221554249961139
4024,1.7764283984534437,1.3129081033328007,1.1077012471789944,2.56157214136655,2962161788381884193,0.25,8,0,26.353680090897612,30.653642216891804,27.72356979372957,0.03512609630363635
4025,1.1562607013599457,0.8410866904560628,1.849468507966598,0.5219646449015269,5179956452133838026,0.1,8,8,30.496528216134323,31.26530741068047,30.547107442420955,0.12183067630224684
4026,1.0955980781396013,0.9707217308420573,1.6560527188131333,4.113281672491861,5428863149406838809,0.25,8,0,20.145499305643227,26.545795985355387,19.63274016776927,0.03331796426478061
4027,1.5239081569752748,0.9499778628091367,0.6970029253763106,0.21433144507253754,806179488762432365,0.1,6,0,29.635462694104277,31.26025754323949,28.989795268429898,0.31932534979134763
4028,0.9460344463204682,1.8370336098598068,0.8429407506113253,1.203600730764189,7495516974949386605,0.25,8,0,28.35039767706098,27.543113243277364,26.977328707113713,0.04800518920889595
4029,1.0847248219816665,1.2015199040013234,1.003585977934215,4.178252053457323,6198312559755148707,0.25,8,0,20.14991793965408,26.515402095694988,19.04251082615535,0.029933810499281878
4030,0.71862630074839,1.2127720221908338,1.0178737756033573,4.546853201860366,298646953631930318,0.25,8,0,17.7804254513319,23.389723519757606,15.926197719118173,0.041091284362342106
4031,0.5174273862446339,1.0873267072043828,0.8790633134299295,2.350726553139753,5701713173894879412,0.1,8,0,17.696061103396037,23.68665572528721,20.27248994570369,0.14411840452023192
4032,1.4292650364311004,1.1773292937395157,0.939921229285658,4.877765008524739,2893590695345788335,0.25,8,0,20.19505112990784,27.36103396035854,18.887975225037405,0.03740001016718918
4033,1.4082974789607303,0.6055981123610756,0.7015697450934413,1.9516889856452158,2849845906301959993,0.1,8,6,27.660396414594118,30.820287842444138,26.582459469732182,0.1996002030420694
4034,1.6176810858518527,1.047556185549683,1.4196815197572317,4.242487350549956,8312103530409978855,0.25,8,0,22.2371228380255,27.64253250852165,22.056161946538047,0.03260789942129657
4035,1.972964031923121,0.8497487579468258,1.1921175266993755,2.575669534729288,298718939322463717,0.25,8,0,28.434351723267262,31.005870470900142,28.751274910164955,0.04763543129412795
4036,0.5602813839696532,1.9948522549386833,0.6752411794150004,4.160671462406015,3273045753100700825,0.25,8,0,15.79649034212852,23.535159702057822,16.109189752476997,0.05902972903178982
4037,1.0156518002207737,1.820533932285861,1.6088605776904543,4.31628748517676,470235020676458729,0.25,8,0,18.076694861759876,23.535159702057822,18.71216637650323,0.04486251159049064
4038,1.5787292413895675,1.164077225420723,1.0943908579510588,0.12747668144368507,1434904926964183003,0.4,10,8,30.926650675419772,30.935803560156543,30.89483924480837,0.10486591444535855
4039,0.9708230314713795,1.7479003742259849,1.9961825912840527,0.45393002526898596,7724791445796917971,0.25,8,0,34.500599671758614,31.22364600429239,29.961315450682473,0.05386193385250553
4040,1.7317995625196159,1.7891553121027917,0.8260375127524741,1.8369129177669068,4147578069463227626,0.25,8,0,28.444514581492236,31.03206665825022,29.5122867754848,0.04775707597207643
4041,1.527795054771767,1.2940251942984995,1.295697437086625,0.5529246294740597,5618605766527204197,0.1,8,8,30.419643984345413,30.973993182678953,31.12372366482722,0.06575110899150051
4042,1.77130959569323,1.2574690150158003,0.6848757955852589,1.9607949858733886,6504633577540121219,0.1,8,8,30.59348567100114,31.030804191389976,28.989398421596917,0.10392322624233473
4043,0.6547526395471459,1.9161593430505355,1.1329981345290083,1.780803447303222,8672520942095983365,0.25,8,0,20.09247569751294,27.734566342633507,23.84900752365838,0.04469188411842094
4044,1.6800811091476637,1.3264379875032495,0.6418740508178722,4.669091937874699,7767361657502388850,0.25,8,0,22.27496528216134,27.394552455498044,20.74944970288906,0.04482474836611432
4045,1.314417094134204,0.671617072095612,1.7621473095190556,3.6681812300930923,2295031834070581537,0.25,8,0,22.226013129655346,27.75587047090014,22.174943789597958,0.039076786399659974
4046,1.3769334245877605,0.9096884510371783,0.764520343804604,4.920875402171788,6668351044171418319,0.25,8,0,20.14108067163237,27.178386567352607,18.320198450059436,0.043477879876747796
4047,0.9530272603099379,1.1909982005242523,0.9564065153152607,2.8719040304768977,6581604957034976886,0.25,8,0,22.190253755838906,27.681732104532255,22.097614117427817,0.029065674157374766
4048,1.6950911600543312,1.5198920470812165,0.9870795619986167,0.9074259134867385,513194877094435417,0.1,8,8,30.516601439212224,31.02764802423936,30.846378640325238,0.07073924444591835
4049,1.7694538204390033,1.9594079769859953,0.8505295377606392,3.2364486677975215,8266924487687607663,0.25,8,0,26.362706728948364,27.67974371922737,25.670979339612206,0.04606963829157406
4050,1.6446379754133282,0.922639226217304,0.5098944418185565,1.7069625606341714,8227005647765470518,0.4,8,6,31.550940537810884,30.74106804696377,28.248008793596615,0.293118689779444
4051,0.6474322358095698,0.9255994758509183,1.4653687859498516,1.2851761911515518,1444957820618179645,0.1,8,0,23.794722888524177,27.67179017800783,25.278206074333216,0.18761428686917717
4052,0.9798535848791272,0.5803145493665705,1.2674111000742454,4.894460023229378,9031156774597351896,0.25,8,0,17.913931321802803,23.68665572528721,16.414326594478183,0.0465922210364594
4053,0.687269514809054,1.971038489861638,0.8108301376774794,0.4074552943177595,6302464463624225766,0.1,8,6,26.963388461052897,27.92601944198965,27.852187440980334,0.2873708444309335
4054,1.4324790434748462,1.2831601911780048,1.7312532520485258,4.96568360970625,8155847777497942153,0.25,8,0,20.16633000883727,27.35819340992299,19.130437487084333,0.043375526420258485
4055,1.970812178250292,1.9215567065393804,1.221701822264569,3.32184438781455,7628953523715771075,0.25,8,0,24.331776290872362,27.745644489332154,26.759705181649423,0.04698030087374957
4056,0.7838761521193922,1.141137432029901,1.1608276302063054,0.6665644903391849,2678456980369543208,0.1,8,0,29.831934099229894,30.889407903042546,27.382502084354332,0.185469993515306
4057,0.7841185784663689,1.6125566136371665,1.0064529182485233,0.28962183771785666,7660828985761289022,0.1,8,6,27.843012245928545,28.11860876152001,28.318859304563365,0.2340050995122983
4058,1.7914115067501908,1.5329827554681952,1.6219095435980013,2.3176049713822335,5384673442113451554,0.25,8,0,26.37829819467239,31.028279257669485,28.854401555545756,0.03777492192230418
4059,1.4157030278257223,1.2556860918257196,1.4511914895615217,4.889246076044608,7891193425400487477,0.25,8,0,20.16696124226739,27.35932963009721,19.09171866047715,0.036688605281468945
4060,1.5506156495844832,0.5110382740295182,0.693091546625551,3.1297266426626367,1700827624839127209,0.25,8,0,24.323065269536677,30.92570382527459,24.425532608498685,0.054230708255514896
4061,0.7958055540260667,1.3530472547761248,1.9845635152337238,4.166217342026576,4824520581081167407,0.25,8,0,18.034370660270167,23.535159702057822,18.06357108523143,0.04735724077056149
4062,1.243014044426687,0.8879779694642174,1.7792786610582372,4.024062552842677,2508687197115631316,0.25,8,0,22.224277237722507,27.399381391238478,20.78538473564891,0.03593680601617389
4063,0.5356124280373347,1.6307305996386128,1.8153367876946696,0.24470399489967654,7950988009721757790,0.25,8,0,38.4737406893069,28.15354753187729,28.009390335976526,0.05701049948575
4064,1.6939174283583516,1.2291679189048978,1.5660156003549082,0.8576543681690707,6680293353792183821,0.1,8,8,30.531372301477084,31.037116525691204,31.45827464817337,0.06300009840247309
4065,0.8960368237859702,1.810964297539294,0.8771959212534948,3.1165960863723225,2783602802134293840,0.25,8,0,20.176114127004166,27.39824517106426,21.126036093165613,0.037964367155317306
4066,1.5104361757898552,1.445673365902353,1.6480301985806158,0.8147225585622286,3478611201811676074,0.1,8,8,30.50637545764424,31.184193914909734,31.260069000850912,0.07386578951091699
4067,1.8098740280097192,0.7207879467662596,1.984825251002679,4.6308711679279,5944151218276975621,0.25,8,0,22.254134578967303,27.51243529857341,22.269135150928047,0.054664238165647035
4068,1.505779311445634,0.9004146026366946,0.9937931491654729,0.31817893163235744,4207439215758720272,0.4,10,8,30.89319530362328,31.077199848503977,29.804798582124373,0.10327983830048709
4069,0.738475172175254,1.9322216735526383,0.5985257531509393,3.4959876052172465,7466518850994580378,0.25,8,0,18.069877540714554,23.68665572528721,18.989872965173344,0.05140245003346817
4070,1.7266549081545628,1.5300973960106234,0.8825701608986943,1.9091618564905195,6680278344478992636,0.25,8,0,28.41093296300972,27.925451331902536,29.252701314088448,0.04309654137979913
4071,1.0779082266205804,1.1261190155363734,1.4500592258498242,3.796538845571221,1107361095007139054,0.25,8,0,20.170117409418005,27.50164120691832,20.375266509257703,0.025123805578140434
4072,1.0377749837913501,0.969117559881161,0.5968355358137716,0.4842091088280176,4945875979632068000,0.25,10,0,29.123847998990023,31.05952531246055,25.90529296046148,0.2854203664783631
4073,1.8404828393448232,1.7702802345215836,1.013535157331329,1.0918898078258006,4394277744721278162,0.1,8,8,30.484029794217903,31.037116525691204,31.19134811057051,0.08580666425940137
4074,0.9894151970925441,1.3470108400925174,0.726415439128338,2.5333626053239966,4412722342539995715,0.25,8,0,22.125678575937382,27.726612801413964,23.185299325367765,0.03623865436874236
4075,0.8451660540218404,0.5791022484959963,1.2012375475300838,2.0823733875713497,1154663189160567709,0.1,8,0,23.789420527711147,27.73257795732862,23.42472449297786,0.13257205899161537
4076,1.7297469282904758,1.4260481826853657,0.8296705768701522,2.6029077380141996,2910525779766601366,0.25,8,0,26.403736901906324,30.637545764423685,27.18864919071152,0.03890876551130166
4077,0.5927621085724831,1.2470195951100516,0.9958519228599998,1.928939028670078,3251258404855110384,0.1,8,0,19.757290746117913,27.470963262214365,22.709945873475142,0.17078424013295804
4078,1.9082246782640062,1.9840670692052218,1.295605149756803,2.339102088600397,5217673836908664965,0.25,8,0,28.361002398687038,30.849008963514706,29.324803091461384,0.04772605237101688
4079,1.6631426059260355,1.654128956665914,1.836239658903113,0.8643579915225869,1143139639496141424,0.1,8,8,30.515086478979924,31.32180280267643,31.991113009727556,0.10427220666144882
4080,1.3268147042590714,1.0287362333091639,1.3751625832119185,4.219910378190114,2310919126230775450,0.25,8,0,22.216292134831463,27.37495265749274,20.46525653082701,0.02829641242938806
4081,1.585368027390543,0.6338768567154515,0.6284724244615167,3.2057096061667205,4931033788970235929,0.25,8,0,24.323822749652823,27.519252619618733,24.3685462244748,0.05219645368605468
4082,1.2255069140432242,1.9901760366739034,1.5849032514142884,3.543192642341691,7343014670300235845,0.25,8,0,22.161785128140387,27.91124857972478,22.16204584225265,0.041589268958148434
4083,0.8433872842346238,0.9469871090935889,0.6696433224471633,1.0918176944324047,3052205075635475943,0.1,8,0,25.778437066027017,30.774207802045197,24.791163841314773,0.14686045773645331
4084,1.9863041758898372,1.0212009310460946,1.2526264735025658,0.4690253965263469,8427201590841138020,0.1,8,8,33.029289231157684,31.074043681353363,32.26537050184975,0.10979398621728416
4085,1.1708058816971718,1.3100792142359126,1.873264129197286,3.9274845734719257,6005469368010647109,0.25,8,0,20.168854942557758,27.356205024618106,20.79364927717349,0.03593731473085597
4086,0.9960613230482567,0.6198963341664557,1.4520911794204012,3.202895036869213,7857613838624205089,0.25,8,0,20.239553086731476,27.254513319025374,21.575109092031507,0.03717748033408349
4087,1.5621058076479575,1.2765806208455561,0.7696605464276265,2.654340954662292,3147524654957795565,0.25,8,0,24.336321171569246,27.751893700290367,26.040227647134113,0.03684451984247129
4088,1.7135382389999403,0.9131739057036503,1.3480202451002303,0.09957509913971263,145407744153758561,0.4,10,8,30.91086983966671,31.085721499810628,31.496706508998976,0.12451376947805615
4089,1.5437149309596225,1.368646709216458,1.0968010539842123,1.4721252113367695,6927092411530044499,0.25,8,0,32.55851533897235,31.01944198964777,29.60419162419948,0.039171530807663855
4090,1.9427645215038614,1.790859122010255,1.1888155376356426,1.5549657131985533,7094800277477471940,0.1,8,8,30.608635273324076,30.861002398687035,31.049305728562143,0.09897469826711325
4091,1.3159303254458081,1.1735020280812274,1.8561190902165137,2.8560556642041997,1484196301517466132,0.25,8,0,24.326473930059336,27.572654967807097,24.70560501574984,0.03048866160654595
4092,1.164139231569365,0.8619144303081852,1.950905738038571,0.9642778447613953,4829039496091582485,0.25,8,0,30.51698017927029,30.744855447544502,29.4001361364113,0.05029860842593927
4093,1.3065659741548887,1.832485068401773,1.8791340180853928,4.54804569803973,208397582498502076,0.25,8,0,20.14076505491731,27.576347683373314,19.821688546522452,0.05185785996892727
4094,1.5655388123892986,1.4565014531506986,0.5847045698672603,0.3947674659823214,8991203200048047104,0.4,10,8,30.899507637924508,31.264360560535284,30.09017225104568,0.14452914052392526
4095,0.9841047400622583,1.5670075231532072,0.6009912108383957,4.488022779052658,2282577650712097116,0.25,8,0,20.07921979548037,26.64748769094811,17.393023206524465,0.04534255584660591
4096,1.3623838377109734,1.5465604405421824,1.3923894117788291,0.7463555894082896,5734389212805009755,0.1,8,8,30.45562428986239,31.025123090518875,30.672440365473584,0.07529011112612927
4097,1.806016653131743,1.9946911105966876,0.8877540566348008,4.69914728648831,8725789788009532679,0.25,8,0,22.278437066027017,27.380065648276734,21.609047030944648,0.05363345875424083
4098,0.9266079091719127,0.9890376074131857,0.7239243611759608,3.717349750820661,1001450518251952561,0.25,8,0,20.110150233556368,26.489553086731473,19.31058721604016,0.03903229165389607
4099,0.8977523178237696,1.9442181014414264,1.110430865241245,0.2952005666763591,9024298988135840295,0.25,8,0,38.53490720868577,31.284560030299208,29.550755414467186,0.05507525908597586
4100,1.817440735483773,1.6813061510743628,0.9174044141658697,4.480975979854979,6772467124324965234,0.25,8,0,22.26802171443,27.757858856205026,22.27707454717792,0.044209718257919535
4101,1.761535816753861,0.9223611881729122,0.8211435973563543,2.734719827232473,7325345333963425541,0.25,8,0,24.359045575053653,31.00871102133569,26.89731750272296,0.04477301614993532
4102,1.193249113421513,1.9251038191567273,1.2862235521334713,4.545582668207742,2018517685809302184,0.25,8,0,20.120881201868453,27.70814922358288,18.865281485181487,0.04468683630111168
4103,1.8814958732978593,1.7558778542830216,1.7822420270520256,1.5711378109215963,3609618088269409953,0.1,8,8,30.609392753440222,30.992298952152506,31.57814863525322,0.12812636412302153
4104,1.0909022209502788,1.157335058675857,1.3444506772324647,2.655591470814863,3318812136685644329,0.25,8,0,22.26489710895089,27.58288094937508,23.734002103943226,0.021847102677785335
4105,1.1775171901681727,0.9929447436780869,1.226371262785627,0.1768985039469989,1321021005567957782,0.4,10,8,30.89256407019316,31.0273324075243,29.567831619010754,0.12836022510946063
4106,0.8859839847888089,1.5914536648620108,1.244713092464642,3.6664679079747113,5452776258720828246,0.25,8,0,20.09216008079788,26.501199343517232,19.646995659404965,0.03060535982703642
4107,1.1758400523360037,0.5038170255855713,1.6890180343754104,0.16736280756603827,3757290699481991350,0.4,10,8,31.02891049109961,31.10118671884863,29.774371513084166,0.1802545450520574
4108,1.0922312966324117,1.7633307476732807,1.4467549696404776,3.0992976395147513,8158211090073747736,0.25,8,0,22.121512435298573,27.501925261961873,22.60900204781938,0.029741786610132114
4109,1.7864843913256845,1.497840075960398,1.3175359235646824,0.7777212582884069,271225766599142964,0.1,8,8,30.496906956192397,30.976518116399447,31.67417515461479,0.06431952448133807
4110,1.5708825450718322,1.2754707402206311,1.606884463197688,2.3528861172477717,6756633173701564447,0.25,8,0,26.405378108824646,31.02606994066406,27.471986125429492,0.02984475603904432
4111,1.506038472784853,0.5072456621829815,1.4432889456222537,2.689438158834447,1439837317724420246,0.25,8,0,26.375836384294914,30.786516853932582,25.89022206235618,0.044450395557351564
4112,1.2782751168840456,1.6733647038389547,1.439792902138008,1.1407115297585686,3414831406671618988,0.25,8,0,32.5231662668855,31.00871102133569,29.36469595139017,0.03809837975018763
4113,1.0939435058347546,1.7277775288248565,1.4579857462962094,3.296923932303274,811200296487813403,0.25,8,0,20.15623027395531,27.50789041787653,22.04012376484248,0.02954046938901182
4114,0.5239012336549977,0.8995972968329766,0.7924197897619494,1.5869980801888306,6904599574801775123,0.1,8,0,19.796111602070447,27.866367882843075,21.079245800644067,0.1235114739044732
4115,1.8432986216562637,1.7530406189694105,0.6613211124556828,1.7442008873266808,4654610152277394580,0.1,8,8,30.540840802928923,30.76000504986744,29.802815463577296,0.10951618474953374
4116,1.3601219423251176,0.9700380041584544,1.5168666027340354,2.2116838554739515,5344420323163549712,0.25,8,0,24.372301477086225,27.752745865421033,26.605192609419195,0.030520562805205483
4117,1.2461259303273797,1.968591964168128,1.2164396643973088,2.905407166172977,7473528507534427260,0.25,8,0,24.147329882590583,27.387451079409168,23.936245817253596,0.035055740412246
4118,1.8863021633007895,1.9578067611698136,0.7425715524237323,1.2413349392141437,6361923847683615751,0.1,8,8,30.53818962252241,31.00902663805075,30.87476642979291,0.11245770652458495
4119,1.5211103247560158,1.4538428936732315,1.6011226648828376,3.744504605802561,3254889634202910670,0.25,8,0,22.276701174094182,27.400801666456257,23.143318146852625,0.029880369907513405
4120,1.066422285636644,1.8019328166074202,1.1048423181847653,1.6723611431555025,8075617796823815310,0.25,8,0,26.321266254260827,27.753313975508142,26.453886035110894,0.03653349963091067
4121,1.3734562726097101,0.5945968632525065,1.974506425826618,1.593013547711191,1635614606853474937,0.25,8,0,30.520294154778437,30.62618356268148,28.692181243855075,0.05256001281873218
4122,1.7415765048869412,1.777450205177118,1.9369158333002972,2.330540764295969,4936046911828046424,0.25,8,0,28.363653579093548,30.76663300088373,28.773189784378523,0.04662474009372737
4123,0.7202725126470519,0.6957850739158484,1.736946325911778,1.917163751085178,3809557956289327780,0.25,8,0,22.278437066027017,27.751041535159704,23.98256987742854,0.04576731210634708
4124,1.120212000613884,1.7673396758162334,1.2390839593448515,1.3210713859052987,3170395948342511269,0.25,8,0,30.388208559525314,30.843327862643605,27.85565268215122,0.0376110866623374
4125,0.7973774876228708,0.9405197755396575,1.1799220196691396,1.1919603706478754,3493392410189039974,0.1,8,0,25.77228254008332,30.749274081555356,25.88173434767166,0.13847530541800157
4126,1.746485049014841,1.0561174764735748,1.7641088078519136,3.3123415437446453,6241583468786329530,0.25,8,0,26.35655220300467,30.64922358288095,25.691485534759458,0.036954597854654124
4127,1.1334889173048028,1.7309138139954199,0.9802583565132506,0.9187752472229499,8390218838881222236,0.25,8,0,32.490342128519124,31.002398687034468,28.954826131679916,0.04542696533672622
4128,1.2710239858439527,1.4141002290864773,1.7244146952949364,4.765049485338262,2221509802497057250,0.25,8,0,20.116778184572656,27.317005428607498,18.8174410119171,0.04128374628822069
4129,1.1231969991477275,0.5174673834990102,0.8619919488059455,3.7432156454206917,1491189953249772247,0.25,8,0,20.248705971468247,27.563281151369775,20.326257865531712,0.04612930758980717
4130,1.8277821674518395,1.244646829629217,1.09738662791459,4.092625612980055,1811808805186777176,0.25,8,0,24.29428102512309,30.445019568236336,23.500611041205683,0.035721596944183906
4131,0.9997274744822067,1.0588692319589412,1.6414927670270059,1.6884418772088738,2357448858176421813,0.25,8,0,26.363117030677945,30.74359298068426,26.220784115643117,0.03399543424262023
4132,1.3163853884412222,1.5985911460801083,1.8073680050248035,0.6453977989743215,2583065923582612775,0.1,8,8,30.41585658376468,31.03964145941169,31.232338557720105,0.10632743421272378
4133,1.5572722497540386,0.9678229015701048,1.5983254842181371,4.277866601520776,2249277011223428305,0.25,8,0,22.238164373185207,27.731157682110844,21.691584606331272,0.034761493000374837
4134,1.1187103019653941,1.2512572381204636,1.7457882010169623,1.6174501402361514,722877226944799090,0.25,8,0,28.34509531624795,30.753692715566213,27.189001342399465,0.033333735257158485
4135,1.5866747205733327,1.0499668237961117,1.4062241284812198,0.014846181609670106,8680823793569856662,0.4,10,8,31.004923620754955,31.110339603585405,31.553829636698914,0.13010694240291334
4136,1.2620528555424133,1.3661527176859716,0.5641005577597836,4.8514292608758955,8704862742457562045,0.25,8,0,20.165698775407144,26.515686150738542,17.828938668009126,0.04506201765528184
4137,1.7980364275922704,0.5000659152421348,1.4913204056881069,0.8274034563472071,8163530649643503308,0.4,10,8,30.850271430374953,31.26530741068047,31.220233680419778,0.1680141736150823
4138,1.317835282500902,0.7980755746829852,1.1215145371985156,3.6991218857688613,954123248817066380,0.25,8,0,22.245455119303116,27.362738290619873,21.74671854019127,0.03166358784571687
4139,0.6336362635566724,1.360610401274723,1.1978681761288001,4.447688131655599,2333014321940057627,0.25,8,0,15.737154399697008,23.529099861128646,15.88092161085479,0.041582508371661185
4140,1.9768389170443175,1.00957005050307,1.017234592413922,2.638506336725216,3647283007023219746,0.25,8,0,26.40045448806969,30.604721626057312,28.5124367320496,0.045736285612494314
4141,1.3572190420005676,1.2216513779854588,1.51666658567311,4.294525395615123,8142776744498694511,0.25,8,0,22.181227117788158,27.46840676682237,20.526817980414645,0.02950338216507694
4142,0.8743286960111749,1.2546524601351436,1.2795610207049615,0.481447421888912,6216276233367992706,0.1,8,6,30.434414846610277,30.84932458022977,28.739590948874085,0.2328513454863812
4143,1.5333317754018645,1.2254614646179816,1.7873928052462704,4.188405795073836,3673977737857689386,0.25,8,0,22.272187855068804,27.49567605100366,21.98042031283604,0.03651076845760843
4144,0.5855850222068412,1.1415927482182344,0.5318104954154209,3.930728635057233,7799715283388935733,0.1,8,0,15.622269915414721,23.52304002019947,16.287925176934294,0.20302963878709468
4145,1.8166081867527593,1.5381525313993523,1.6323531651895047,0.494728056858057,6399320346058104380,0.1,8,8,30.51016285822497,31.02196692336826,32.56797468073129,0.08521094822221233
4146,1.5392999392380937,1.00049953505866,1.9307276429351656,2.621881937726279,13633718940608678,0.25,8,0,26.40455750536549,30.997348819593483,26.650338679683017,0.03786795313282955
4147,1.1860384277238507,0.600752126462192,1.9759250070870482,3.898115515053537,7998188362131376260,0.25,8,0,22.34058199722257,27.513287463704074,20.891347287790627,0.046383506624767465
4148,0.6866288007957104,1.702166803628296,0.7079758528376852,4.016089838073204,961225664678952720,0.25,8,0,17.95710768842318,23.535159702057822,17.219921070816735,0.0471045443310922
4149,1.6672632921367239,1.0659984198571735,0.8925138570183635,2.0983914230449323,4307529002555874142,0.25,8,0,28.47323570256281,30.76095190001262,28.302828408022606,0.04246048048305939
4150,1.2062487389911236,1.429720859914505,1.9879176155205518,3.643281452058094,7201999200105195946,0.25,8,0,22.18851786390607,27.37892942810251,21.911501146114603,0.03852620613444048
4151,0.8496859935426364,1.0303929850099454,0.6572513892667257,1.4974492025487778,5265463403649003677,0.1,8,0,25.757511677818457,27.743372048983712,24.15806199151959,0.1279500282435694
4152,1.821437694936926,1.4779077192521293,1.8819968726489538,0.9479648960336756,8978784329877459781,0.1,8,8,30.48592349450827,31.32243403610655,32.19663178128594,0.10093623889681548
4153,1.0645985015199297,1.291748267905243,0.6688170738761736,4.603120656383624,5170882572820790661,0.25,8,0,20.095000631233432,26.47762277490216,17.50995754395806,0.04101870621208888
4154,0.9389353871364291,0.5989893302566263,0.8859091720608137,0.6125441449965202,1368947810607276936,0.4,6,0,29.56160838277995,31.08130286579977,25.516143981294785,0.2610889477800871
4155,0.726181375146476,0.7170563806669425,1.051543605434275,0.33891571702220846,8598887841769807130,0.25,6,0,29.505744224214116,30.864474182552705,25.69729824322675,0.31665650261336903
4156,0.5071206600383384,0.9392833408253988,1.3744768533935714,2.862428389779943,6201277140364425852,0.25,8,0,17.9860813028658,23.39578336068678,19.856291116848208,0.03967389652780094
4157,1.9887149909623083,1.6114023362596186,1.4772509001251053,3.9822739795682915,4085995511948740293,0.25,8,0,24.335563691453096,27.673210453225604,25.01603460505375,0.0437224384953998
4158,0.8924350505329919,1.001545850119995,0.5380019511642297,0.5364982408338742,603946087254492875,0.1,6,0,29.505744224214116,31.30696881706855,24.918286367149296,0.25753436168351435
4159,0.6937255756171065,0.7829053484080464,1.5642784510949153,3.178402393726036,7505137951973599297,0.25,8,0,18.07101376088878,26.31968817068552,20.050276419294903,0.03826023067607262
4160,0.8909935553941932,1.613783251500243,0.7384544241174089,0.40011204512909015,265586102824227754,0.1,8,6,30.242772377225098,31.006186087615202,27.87298892899647,0.20546529903934693
4161,0.890737837533545,0.6787485336432308,1.8436107157782164,2.5224248364525255,2209952868189360807,0.25,8,0,22.271493498295673,27.740247443504607,23.212245397062436,0.0420819025146505
4162,0.8810281336300512,1.489018463760977,1.8970473077031953,0.13690566726551945,1288052827233891379,0.25,8,0,46.68526701174094,31.26246686024492,30.329911646976086,0.053505629829363334
4163,1.555981653042632,1.25321537705348,1.1623876301244092,3.929686083759303,8458047732485338464,0.25,8,0,24.263224340361063,27.743372048983712,22.499295753317657,0.026920931485245686
4164,1.2691133606687657,1.7139973056789861,1.4719116841341313,1.2841862741375505,7923792366477825201,0.25,8,0,30.45164751925262,30.75243024870597,28.953595631987938,0.03682214497614277
4165,0.6136575293411786,0.6163183656749647,1.7698873574702796,4.932437056670176,8722764024396469187,0.25,8,0,15.688170685519506,20.73200984724151,14.539919824406569,0.05685981223184988
4166,0.7889591147445081,1.8697741807998651,1.4066048970762375,2.3017806154258684,5072468939847271106,0.25,8,0,20.081744729200857,27.764108067163235,23.27676132029087,0.037176246201842254
4167,1.769686238977922,0.9055169424118619,1.3798659656776266,1.1615285685651877,4781744183204095771,0.1,8,8,30.48440853427598,31.258048226234063,30.77068399039504,0.07677386041190246
4168,1.9442811530594166,1.8867356615700985,0.9081735680407867,3.7226405973022576,8797037569248844843,0.25,8,0,24.317762908723644,27.643952783739426,25.23983940734333,0.04778461806290797
4169,1.7777942896308327,1.1969526314010313,1.314494349446842,3.615053790878598,8230937408487990344,0.25,8,0,24.346925893195305,30.975886882969323,24.741974325584458,0.031317221769449
4170,1.2065977283476128,0.9097917155338451,1.311470444296718,0.5124392264079225,9084237185599560175,0.4,10,8,31.146635525817445,31.102449185708878,29.71758746225008,0.12013419965652579
4171,1.9107400974509927,1.801327691562679,0.9414526727667718,4.317416300473099,4934236904173126938,0.25,8,0,22.253787400580734,27.707865168539325,23.305220972186902,0.04713341981745256
4172,1.2984674049772034,1.19178650097198,1.3817154694251244,0.6436596536731654,917035042988249804,0.1,8,8,30.515465219038003,31.203130917813407,30.383757823079353,0.07890201591597841
4173,1.345587374859923,1.4755758473134941,1.1141570400182514,0.8383293061432229,6611497413898695994,0.1,8,8,30.506754197702314,31.014707738921853,30.09241216274293,0.07599363839253115
4174,1.1384588888707143,1.4822186241336772,1.475063923354441,1.300159517137195,8696915810164250288,0.25,8,0,28.378235071329378,30.79914152253503,28.135651817938218,0.03363836680028867
4175,1.4447934984781234,1.4330056319963953,1.3102160033693655,2.950296971402933,2173108690610788062,0.25,8,0,24.250725918444644,27.633442747127887,24.881248962215206,0.021822572290837974
4176,1.6442791970493138,1.2383283462144679,1.4146477046997292,4.6944903778668285,925552764957272858,0.25,8,0,22.280867314732987,27.56470142658755,20.888276352845864,0.03599190377880158
4177,0.8869160489828758,1.84114391858196,1.2884164754467438,4.075276772394056,2113334849960763357,0.25,8,0,18.067605100366116,23.68716071203131,18.525895234401343,0.040674158554828276
4178,1.9791761296641293,1.3371602516948957,1.1112145862040497,4.263086258838672,6037516176366245251,0.25,8,0,24.29314480494887,27.51300340866052,23.86179720736966,0.04107719589949337
4179,1.1685621121732515,0.6401682250408597,1.1162393396886634,4.759722529433223,1680544353102442191,0.25,8,0,20.15623027395531,26.47762277490216,17.761077045967117,0.042107179782862825
4180,0.8063756078226099,0.6778187668108995,1.004044862767036,0.9281654286058277,5581958050680844767,0.1,8,0,27.794091655094054,30.74674914783487,25.226197234604978,0.14058471317726287
4181,1.6095302869687242,0.8253797819073703,1.8001776062423518,1.1391747410800757,5371902330997017636,0.1,8,8,30.477212473172578,31.055422295164753,30.819882709901293,0.09004473159356276
4182,1.927099467516087,0.9765453647152278,1.0633260327897045,3.1321338199818745,6175693448376236358,0.25,8,0,26.381990910238606,31.01123595505618,26.80625468316993,0.041447054046393726
4183,1.2351646920808368,1.4064959872500036,1.5298670628111082,4.384733712833072,5262993586746893387,0.25,8,0,20.16475192526196,27.545101628582252,19.62219662846881,0.031992020214790556
4184,1.3404653970383633,0.5293295619920273,1.6781157097571024,0.4829330755549177,4789709621999868886,0.4,10,8,30.85469006438581,31.24542355763161,30.347190961638788,0.15270459320887939
4185,1.4683126130868298,1.2760347666374,0.6376077754877545,1.6716686192411434,2289377795812965910,0.25,8,0,28.41093296300972,30.755586415856584,28.34335947056032,0.04757669594605326
4186,0.9380072088219614,1.0638008339444123,1.493735928108336,1.7068147715184345,9128294394465254571,0.25,8,0,26.359424315111724,27.951868450953164,25.75749606093543,0.033074867766121896
4187,1.3906650288948117,0.9683756342367617,1.8630894754779002,4.588346047808138,4500531373560556312,0.25,8,0,20.193788663047595,27.70871733366999,20.010380609861397,0.04183843442271611
4188,1.75933701569228,0.9073194130754052,1.9925534759058923,0.012602156339937554,1616635230871113106,0.1,8,8,38.10267011740942,31.308546900643858,33.10223231981349,0.12451033842354339
4189,1.447888080873395,1.2742494393158736,1.6414699294082038,0.16324387702628895,3107966029065178806,0.1,8,8,33.034623153642215,31.077831081934097,31.880080345270763,0.08484418729976878
4190,0.5021127617875861,1.820142683457867,1.8247338901563213,3.1287311597115557,8860627978027539037,0.25,8,0,17.99943188991289,23.687665698775408,19.48140520639953,0.05061437680456794
4191,1.8605365269911256,0.6740320676582967,0.5952598801101976,4.713870411259889,2638636824365414427,0.25,8,0,22.28781088246434,27.74990531498548,21.453859195482604,0.05626426593988753
4192,1.9865565637283416,1.1586038950667132,1.3786043669528656,1.2698101622520108,8126216020380847498,0.1,8,8,30.537053402348185,30.83733114505744,31.395814729357156,0.07970955193924832
4193,0.62690545885717,0.9394334762385211,1.5935440318689666,0.4752257931093318,283108343675731722,0.1,8,0,29.84092917560914,30.94716576189875,27.346108031161773,0.21434435573557648
4194,0.8984077956028458,0.7162162377764951,0.8308371606513413,0.13545134066218711,4202843631225053349,0.1,10,8,30.875205150864787,31.270357278121452,25.461276464515176,0.3155265269132884
4195,0.6530473334385535,1.696021793034052,1.5466515252465294,3.9201615822578257,1933967722266257225,0.25,8,0,17.956823633379624,23.68665572528721,17.803586596641498,0.04330379627281865
4196,0.59950781954101,0.6391291695502622,0.6892457340410569,3.6289962192074743,7488810665675473464,0.1,8,0,17.58130286579977,23.68665572528721,16.147016636442583,0.15075684715802504
4197,1.419685637578905,1.4798993948514432,1.9346050447516574,2.052561668878864,147531905476494854,0.25,8,0,26.320035349072086,27.691389976013127,27.760719130296643,0.03675773803456457
4198,1.7794811704191014,0.9886870621574886,0.8198323962067957,1.5622707013938042,725304929674047903,0.1,8,8,30.57341244792324,31.008079787905565,29.600321505942674,0.09989562634464343
4199,1.6157714625908723,1.8705530361450144,0.9381732100242482,2.6157217931665215,1112534144886732510,0.25,8,0,26.323317762908722,27.706444893321553,26.6749604871673,0.03902110669038123
4200,1.5499159455628881,1.467864666126007,1.9503465899345682,1.1058535508988427,3208403017896743490,0.1,8,8,30.50220931700543,31.04658502714304,31.310294644166845,0.10448924405144731
4201,1.163469967214876,0.6847123023097992,0.7584153765056126,0.1123506699746396,1817234507463244902,0.1,10,0,29.18318394142154,31.091402600681732,26.390254674237436,0.24320383154335848
4202,1.328628754848719,1.8723860928859613,0.591456598545147,4.363539553017477,767702841411010790,0.25,8,0,20.178007827294536,27.285475318772882,19.73056603359138,0.047687505307579856
4203,1.8222041299478644,1.692770604965126,1.4233206915289094,1.0486137204190582,4439306652955667315,0.1,8,8,30.48516601439212,31.039010225981567,31.623244146524332,0.07881354942160297
4204,1.6291301640309994,1.0176525472925193,1.228401715239797,3.992204301387727,6762637930300885959,0.25,8,0,22.2201110970837,27.387451079409168,22.72442160939948,0.03054101576276903
4205,0.53292499654588,0.8315435479004302,1.022956727569679,2.52141031168653,5419228061395833979,0.1,8,0,17.67078020451963,26.64748769094811,19.73059873538077,0.11848545537011716
4206,0.970007965855162,1.453765103036289,0.9324630288226508,1.9996532391838662,7409818504158022963,0.25,8,0,24.290872364600432,27.88227496528216,24.8105509607234,0.0333905300547314
4207,1.932641654464409,1.9482581421425058,1.9583671989531475,1.5640056384249763,5763255507230737775,0.1,8,8,30.521146319909104,31.024491857088748,31.98125321070873,0.16059559217900862
4208,0.9491015091669921,0.9332372676110131,1.7334322468153582,4.526105181852453,6903866909986417584,0.25,8,0,18.076978916803434,26.47705466481505,17.648644397157508,0.040635939588513435
4209,0.6083092766084631,1.6765634067681618,1.0134497784693521,3.091729385146959,7386911405313331164,0.25,8,0,18.04914152253503,23.53566468880192,19.670998927309764,0.039153227217201055
4210,0.9916026087742311,1.9266663351888849,1.9643040648376013,1.9922887736086086,1241195421504243313,0.25,8,0,24.203383411185456,27.73541850776417,25.645124144258414,0.045877114495911996
4211,1.0656186010210256,1.420454500127486,0.6331184735265083,2.8650889213478905,7915269974810825343,0.25,8,0,22.207265496780707,27.668949627572278,22.614238357492017,0.03698097693423499
4212,1.4539876890661543,0.8935618713234509,1.857008425445041,2.46272125726695,4614757480053890211,0.25,8,0,26.372964272187854,31.00871102133569,26.595229127787952,0.03694760776651717
4213,1.1232171689877934,0.6638269512606481,1.4489653360627173,0.11060283813663585,6025644883372307603,0.4,10,8,30.802613306400705,31.06583764676177,29.367010393169732,0.1584218398080755
4214,0.660148020597062,0.8646515755952255,1.6401799606051533,1.8559363378173621,174405817931650103,0.25,8,0,22.19372553970458,27.642248453478096,23.819396203595243,0.0416903779727351
4215,0.5264580625440951,1.5804476578612294,1.2258923777690993,2.7181029808102863,7853348879899793336,0.25,8,0,18.025280898876403,23.535159702057822,20.417064394803003,0.037809239636480176
4216,1.403634246670903,0.6838399979800841,1.594795018075335,2.181909768175162,3901597575079255642,0.25,8,0,26.388966039641456,30.836384294912257,26.94705275434561,0.039972021982701174
4217,1.0249184286865973,1.1779903455370684,0.6493985347387345,3.1995230238970764,2706744068845474753,0.25,8,0,20.171695492993308,27.350523923747,21.369151577149655,0.037018425214135904
4218,1.9089941003030806,1.224237606440893,0.5974438320459428,2.27828929107504,7443156040960513182,0.1,8,8,30.57076126751673,30.75432394899634,28.8094376521334,0.1211187010395942
4219,1.2726261097018465,1.3196194373606152,0.6229221165965184,2.3754107393063846,8667821360059680576,0.25,8,0,24.34654715313723,27.898750157808358,25.180711848091605,0.03963092005547341
4220,0.7883881776897574,1.7641954905878707,0.9717184309018285,2.932736146217469,5100681054901757369,0.25,8,0,20.093106930943062,27.672358288094937,21.124537632963595,0.03638300036934015
4221,1.3311004087914224,1.2776514663916125,1.8569300137916525,3.877754434120608,1431132875950383470,0.25,8,0,22.235386946092664,27.75757480116147,21.817025968980122,0.03412861959319459
4222,1.669683427518652,1.823062286495265,1.2725104879336506,2.870407085939245,4248594035715936933,0.25,8,0,26.351218280520136,31.011867188486303,26.41409158401377,0.035075495393213134
4223,1.800524555026275,0.9900324992747691,0.9082176067804909,0.42852758137923275,4290248570903934729,0.4,10,8,31.001136220174217,31.03459159197071,30.740854083201683,0.11029390572209019
4224,1.00932936795504,1.048089255564429,1.2419376297356375,1.4347915366671922,8170551964129745579,0.25,8,0,28.347304633253376,30.751483398560786,26.794377911852838,0.03700483252275894
4225,1.6362854024478306,0.8896444687903787,1.4686778218459515,1.3289811163743426,8262840510410447039,0.1,8,8,30.49614947607625,30.971152632243403,30.296096349196876,0.07171241135031753
4226,1.266036787075126,1.1710550996439462,0.8951501266380825,0.23430326271562996,3041348098734288998,0.4,10,0,29.15604090392627,31.25015780835753,29.563493732488944,0.3285154969920577
4227,0.87425809706735,0.865379419995293,1.4012446452450027,4.455722156822424,3197479026529071907,0.25,8,0,18.04232420148971,23.53566468880192,17.22666375895981,0.03746882939751709
4228,1.345643788994935,1.0402964194623638,0.7574107113207943,0.08351457858642997,4350501387552610072,0.4,10,0,29.17055927281909,31.030488574674916,28.873334869001614,0.3872042944840319
4229,1.8787620977231048,1.5882857829783184,0.508264107287844,0.9341136354798601,4193759158383389451,0.1,8,8,30.49804317636662,31.02764802423936,30.784036796267113,0.12035976374673624
4230,1.953550373632122,0.9010188985578478,0.8205302819318365,2.5441691016987806,3514395579858641377,0.25,8,0,26.426303497033203,31.030488574674916,28.528783541997214,0.0509984036073991
4231,0.9578476439907622,1.3559613940702733,1.1532616864867427,1.2736733124190258,861149740636366617,0.25,8,0,26.312239616210075,27.689969700795356,26.981598358771592,0.03677526507109212
4232,1.5750418899079355,1.2789483779014268,1.920899993527763,3.082059975272,2552284991294046481,0.25,8,0,24.265496780709505,27.890228506501703,25.555227488143856,0.03551874302117392
4233,1.2903115388143849,1.7649949458307315,0.5864557678916738,1.7524939686057106,1663701541862271768,0.25,8,0,26.318804443883348,27.68087993940159,27.161289025157625,0.04738971470588238
4234,1.2997334170826382,0.5308973628614795,1.2586447398047116,0.0554056167070216,3007208177588948042,0.4,10,0,32.087615200101,31.03175104153516,29.293222247338452,0.47852948717011634
4235,1.2916557107627586,0.8506566266120839,1.4733322538504663,3.1894215666857075,178031184983768324,0.25,8,0,22.22566595126878,27.70701300340866,23.31659263392317,0.027787595677279432
4236,1.5765291384420337,1.5247857575048822,1.277749731752963,0.46781823438218906,106912992055067124,0.1,8,8,30.453730589572025,31.015338972351977,31.49517979877585,0.06678579985844972
4237,1.673903676018454,1.7041383692011474,1.6941185318668892,3.339812940672318,800943504076175328,0.25,8,0,24.256785759373816,27.702752177755336,25.28634520163161,0.03745531866747255
4238,1.9540457340636956,1.263353244268671,1.5117381114123611,1.313678284182143,4144345058565441298,0.1,8,8,30.526448680722133,30.960737280646384,31.45264032666806,0.07718279093658795
4239,1.1251254381890925,1.77210384520255,0.7487243818983809,1.1519888948010042,6609347327153210876,0.25,8,0,28.35658376467618,27.751609645246813,28.100838151243412,0.0479877401605949
4240,0.5838317767210879,0.9803800531026063,1.9125704975952913,4.4220308668009825,4537355640877152908,0.25,8,0,15.733871985860372,23.68665572528721,16.032583115429162,0.05111061062305213
4241,1.3136155051644405,1.029579981057966,1.9041253992233154,0.5246979415313147,9643797170529775,0.1,8,8,30.50486049741194,30.878992551445524,31.153649940797393,0.10059136224104483
4242,1.7741160139339496,0.841430029090817,1.3612425040569875,3.1873073043931246,598982391295978750,0.25,8,0,24.36169675546017,27.983114505744222,25.94310482541352,0.036905166470138
4243,0.5548389114408181,0.8694840561444923,1.030301411449092,4.12154770562746,6301650318892956289,0.25,8,0,15.737154399697008,23.534654715313724,16.208166631117344,0.04465126192521629
4244,1.0065971915145355,1.4874834701444581,1.8950098708762377,4.553372458701,1963384175225296969,0.25,8,0,20.080797879055673,26.47705466481505,18.080859975557008,0.04583833706353005
4245,1.735021018341498,1.4812595780671245,1.4905722323783865,2.3120485615249065,8194575083211291302,0.25,8,0,28.448933215503093,30.754955182426464,28.48427412356839,0.03341965189321494
4246,0.5201370642938702,1.0504992013794294,0.6089375622064808,2.1344644192472337,2224703100573608998,0.1,8,0,19.716891806590077,23.579093548794344,19.62925925074877,0.13766632887013933
4247,1.8487531432024285,1.4367923503097377,1.9487882993686823,0.4237012812351665,1502682689586812007,0.1,8,8,32.99605479106174,30.99324580229769,33.04688635028693,0.10634344022449838
4248,1.7891113864268942,1.7505614095733835,0.7929541414294048,1.8545389120352822,3913389550866621402,0.1,8,8,30.511299078399194,30.843327862643605,29.631887477014136,0.0998328996198868
4249,0.5678793264851355,0.9215520213873958,1.5327938198222903,0.2137234250951786,2548069831979754308,0.1,8,0,39.790430501199346,31.02102007322308,27.197285428365678,0.20446336689084868
4250,0.5141517456035769,1.1325957643958353,0.8359045044984339,0.9023808410457884,4916756872366684853,0.1,8,0,25.779257669486174,27.760131296553464,23.576817250380238,0.1590461701070184
4251,0.634226067758997,1.9748287460070753,0.6730154161924885,4.764030395698795,2507788310596966932,0.25,8,0,15.787148087362707,20.470868577199848,14.745983007758165,0.06002838333953979
4252,1.1957254982373133,1.8596767078004282,0.8677596689796574,3.2077587220676262,1332187609503499931,0.25,8,0,22.197197323570258,27.55731599545512,22.543996751993166,0.0356468219662699
4253,1.27225912902089,1.1482108652389702,0.7979812481282701,2.0558071851259445,5413529114077024222,0.25,8,0,24.327988890291632,27.674914783486933,26.183939248624096,0.03784337428418569
4254,1.2809761467701954,0.6379211029925875,0.8139104981171412,1.1136700698499609,5977645136904573749,0.25,10,8,30.750536548415607,30.76000504986744,27.26322392288333,0.42422548312672537
4255,1.7023707965831805,1.5665221156068978,1.5398941446783945,3.7756036260168244,7507234480706407717,0.25,8,0,24.2855700037874,27.707865168539325,24.048947550147155,0.03415004347468679
4256,1.4385021087899188,1.099154375385797,1.0710436304179016,2.9007021146644973,176238684287818902,0.25,8,0,24.32761015023356,27.87659386441106,24.782132196578296,0.02655761821333404
4257,1.4661996784848774,1.8667903700464552,1.9919342617430247,4.867214094456696,4003742221804832570,0.25,8,0,20.19000126246686,27.670938012877162,19.854161381951588,0.058508601325777995
4258,1.5976151489349029,0.7589390173047494,0.5597889705618955,3.0659572854630697,7686745641957753815,0.25,8,0,24.264360560535287,30.983461684130795,24.814340872435434,0.05050097250645124
4259,1.870614490381005,0.5185954351818522,1.4862195413588952,0.843891551629356,7859365011410096076,0.4,10,8,30.961052897361444,30.991983335437446,31.48985690738366,0.1700196218764344
4260,1.0906132487761204,1.0557016013908225,1.173904242671138,0.07941423925858393,5189583727620098627,0.4,10,8,30.79851028910491,31.092665067541976,29.3834498554107,0.14472990999923574
4261,0.9481548438188313,1.9825491951029874,0.6464613892288309,4.1353323178680315,6870301477369981190,0.25,8,0,18.054822623406135,23.68716071203131,18.329583896227625,0.050027421722091056
4262,1.3653823657902309,1.182520545794855,1.9410992945069228,4.145863900979478,181386793387326217,0.25,8,0,22.225318772882215,27.72490847115263,21.257480103141024,0.03878904531178313
4263,1.9117423437876524,1.5734790247286723,1.3617619326277866,3.644232829664183,2664499735271981846,0.25,8,0,24.271935361696755,27.64963388461053,25.496390277973774,0.03775866423822182
4264,1.2833936036137392,1.086726061784598,1.953948772623895,4.969622901068862,1651263424363883942,0.25,8,0,20.144868072213104,26.659986112864537,18.373891812719076,0.04737701740233567
4265,1.4132381035869117,1.7511729274915608,1.6395767708114042,4.448329174265588,2776830693859514433,0.25,8,0,22.196155788410557,27.666393132180282,20.559965371395858,0.0419596275749359
4266,0.8494919613755545,1.5010634784823993,1.563301890050697,3.783561038892445,7861797798099648324,0.25,8,0,20.081429112485797,23.693725539704584,19.28110277311771,0.0328688460917749
4267,1.1578272750950311,0.9427969307439921,1.7708700025927329,1.1467652235917098,7848212144540858825,0.25,8,0,28.481631107183436,30.74106804696377,28.758411232353712,0.042904384069723
4268,0.7749831719997542,0.8656593648698261,1.18529161667615,0.6004324096908042,489699190052927936,0.25,8,8,30.840802928923118,30.899823254639568,26.857600939352764,0.2788573641451118
4269,1.4831672912424017,1.3963334501912112,1.287604234513315,4.7471036062271965,1058108444463009077,0.25,8,0,20.15181163994445,27.677187223835375,19.798289111030805,0.03410280510243116
4270,1.8044214968272558,1.1380225827669257,1.2425161657537376,2.2494467263883555,1027818044373836017,0.25,8,0,26.439433152379753,30.774207802045197,28.839357204491144,0.037346948795614815
4271,1.2330674376050657,1.8575247114310987,0.7906198815031501,1.230677241503439,5792963528975197821,0.25,8,0,30.392942810251235,31.012498421916423,28.50041217011697,0.04721756966949795
4272,1.3668806062361938,0.6688816457639601,1.5160672052874593,2.5494180249896004,1120515164480721197,0.25,8,0,24.35147077389219,30.589256407019313,25.600647637511994,0.03691562484406
4273,1.3467138275130237,1.7831157953816905,1.0419115230035112,4.128236571982943,692345428575767804,0.25,8,0,20.17201110970837,27.75757480116147,20.77698617971764,0.03528386431381119
4274,1.2076301878349667,1.3877724000549299,0.9660172156710469,0.8528891740997341,7685810825086521378,0.1,8,6,30.377982577957333,30.96263098093675,29.45181967206718,0.14373500778056822
4275,0.9816059959788227,1.6961538084722054,0.8086766645388941,0.9840549457885372,2122399684983168872,0.25,8,0,30.390102259815677,30.74106804696377,27.80890496593438,0.04774772005248704
4276,1.276496932426457,1.3110946133600136,1.3743977265883567,2.549042848945984,9072750274569199625,0.25,8,0,24.302234566342634,27.83881454361823,25.132458053898123,0.020436334780073083
4277,0.9494445967032324,1.4574173482124695,1.017700180769154,1.7666525263941502,5749710312010218538,0.25,8,0,24.305643226865296,27.735134452720615,25.420103390717045,0.03338642290539935
4278,1.9024645727703056,1.9604483150594636,1.4802104272924088,2.1660158774712808,2221733846234754124,0.25,8,0,30.472004797374066,30.774523418760257,29.925162832466512,0.047290870546537515
4279,1.6843211594922585,1.7822840898310062,1.8788399630527626,1.65769475717976,6115028747645178009,0.25,8,0,30.46916424693852,30.843327862643605,30.410824456058997,0.04623814956278763
4280,1.2547676679450848,1.8262146212847257,1.9785694205367612,0.4920120966910718,5029355215958643152,0.1,8,8,30.46509279131423,31.263729327105164,31.557056511025237,0.1375717759486222
4281,0.8321623002284273,1.376064120153629,1.260815577104108,1.0693657193820743,4494406473549848329,0.25,8,0,28.337141775028407,27.66696124226739,26.943710538674026,0.039163754966955275
4282,1.7225245546236023,1.1411304738955255,0.6576581683542537,2.978262038213372,345990997621801180,0.25,8,0,24.387829819467242,27.907555864158564,25.89108946735699,0.04255760289630932
4283,1.9180410033422581,1.7397127552198453,1.0054332514581175,4.69996142068208,5623730822185302066,0.25,8,0,22.268368892816564,27.738827168286832,22.24725905921547,0.04757681856975898
4284,0.7201541243465832,1.7223824570959878,1.5425799252416217,4.08113138826809,9189212738548363702,0.25,8,0,17.980684257038252,23.53566468880192,17.719483534782587,0.04301523914992498
4285,1.663848500761875,1.8941988831939245,0.754403732664894,3.711100355206958,4434705485288205648,0.25,8,0,24.29882590581997,27.74820098472415,23.611996300122154,0.04362150146223559
4286,0.9008567611221912,1.8686104001806862,1.0534636144528169,3.464600797652428,7033876468750947409,0.25,8,0,20.098472415099103,27.50504986744098,20.26677258339024,0.03695434142178834
4287,1.9509307617177598,0.9727761624846547,1.7820469598105526,3.0591527067199875,333808829580374199,0.25,8,0,26.386504229263984,30.856583764676174,27.57115156784656,0.043891761373935745
4288,1.504088637915443,1.7365599832885614,1.9977426115684072,4.250383599426511,4562315994973949231,0.25,8,0,22.18365736649413,27.663836636788282,21.862974773646915,0.04944234754095314
4289,0.5485655454034165,1.7562457535905927,1.6524758642452158,0.19770981608878246,2904841961041601844,0.25,8,0,36.431763666203764,28.10469006438581,28.234334059171076,0.05572400794345854
4290,1.4132613504775724,0.9548210891081423,0.7932000341816563,4.137922317565986,6448178516821778222,0.25,8,0,22.286422168918065,27.46925893195304,20.803750659027905,0.03616813629320573
4291,0.5926162718625767,0.9335317652183975,1.0440299561393913,4.205419766661685,6503685131172805873,0.25,8,0,15.721247317257921,23.68665572528721,16.19615339313047,0.04267737797216812
4292,1.470790096870205,1.113718922143389,1.0649563452149469,1.1883876129821247,9160071330431943275,0.1,8,8,30.49046837520515,30.812397424567607,29.685237624039843,0.07196161727392113
4293,1.8128776467551602,0.9195565872091289,1.6230702928444154,3.9466785394934707,835259930164118017,0.25,8,0,22.26767453604343,27.748769094811262,24.084083647094747,0.03885955149341543
4294,1.3030305924329724,1.6050299750982324,0.5416403832873498,2.6486854976120866,715858259667525166,0.25,8,0,24.290872364600432,27.645941169044313,24.544324817973827,0.041204511478383526
4295,1.2182182354841655,1.9577157148706117,1.103629117681488,1.5139758664054848,8862660602622441546,0.25,8,0,28.353048857467492,30.637545764423685,27.81753340215408,0.040583111153820385
4296,1.7949548638365214,1.5446920617103235,1.8884110850285496,2.296947413964508,5894429541067076666,0.25,8,0,26.372143668728697,30.774207802045197,29.114340171120492,0.04232671083837708
4297,1.0052314506240845,1.5240158884756305,0.5918389783945905,1.0538650967167185,3146689094472360594,0.1,8,6,27.797531877288222,30.74106804696377,27.151643868881855,0.1720549207007466
4298,0.8337413131933106,0.9734949316334778,1.8135188610117652,0.5090805379731855,313112927204156822,0.25,8,0,34.640102259815684,31.064890796616588,28.87138748269053,0.05137530248424883
4299,1.5337312953031441,1.3591998382924764,0.8144797575857361,4.54670501223274,6657075498366040450,0.25,8,0,22.286074990531496,27.997601312965532,20.357943544685057,0.036472437621969736
4300,0.9443457499326797,0.5528484504626237,1.2087588750407683,1.212938755473019,2428545451953988146,0.4,6,0,29.314480494887007,31.02480747380381,26.588400527955653,0.26269749682153987
4301,0.945708862984411,1.8259912076024378,1.6637679102573202,4.347235103630908,8646284233789163079,0.25,8,0,18.05737911879813,23.53566468880192,18.286485272796376,0.04581701468564019
4302,1.442632629332558,1.5902316053742611,0.8428456790223985,2.273365887518584,2152757939016027735,0.25,8,0,26.290083322812773,30.80545385683626,26.60413543568249,0.034548262575593076
4303,0.6538051595152949,0.7409664304904136,1.358120955230088,3.23865266597649,6808090565841656208,0.25,8,0,18.052834238101248,26.470805453856837,19.536437187823896,0.039124422753141125
4304,1.9724688198510536,1.7214998003369688,0.5700319542507233,0.764552452214321,5748655533088897024,0.1,8,8,30.413205403358162,30.902348188360055,31.44191165733003,0.12291028589919914
4305,1.5971889522182057,1.3689593902842578,1.907188185619308,0.5254179883396304,2384708073433711286,0.1,8,8,32.95994823885873,31.281719479863654,32.109218327721145,0.08931295195606938
4306,1.8170757218802656,1.2636981598405055,1.1125156078138643,4.3182850505678,699756612893863875,0.25,8,0,22.222194167403106,27.751041535159704,22.766835605868476,0.03579140619477999
4307,1.942862473173255,0.823686476516325,1.7177977699071858,1.8032542434934806,1941096876744664496,0.1,8,8,30.56015654589067,30.60850902663805,30.71982893847219,0.10609697296293474
4308,1.4991256994782116,0.9745507256065411,1.139198831947021,1.4961362769788566,7975915513700055138,0.25,8,0,30.51129907839919,30.74106804696377,29.265124675239733,0.041660208791021926
4309,1.960369886903878,1.5060985867994634,1.80440864325536,0.7224474049458901,4172498743377209659,0.1,8,8,30.463956571140006,31.01912637293271,32.78837687858881,0.10074534728908516
4310,1.0806345299350302,1.1562904495300743,1.5057015430269858,3.832467317401243,1972932763868314818,0.25,8,0,20.17232672642343,27.512719353616966,20.324993010150784,0.025287035982582372
4311,1.2686820526709766,1.2908890726499802,0.8156218282006775,1.3980409006009875,4406355618227202713,0.25,8,0,28.44053781088246,31.028279257669485,28.1416536756952,0.04226749286743479
4312,0.6269325716154666,1.70016865619895,0.7186829456288176,0.42128523540334417,6012593560204168740,0.1,6,8,23.030551698017927,27.927439717207424,26.889076475803705,0.4583497000092129
4313,1.962997202935572,1.3126416583630194,1.3907575627183408,3.0677571030758726,3428328132922085998,0.25,8,0,26.352859487438455,30.808610023986873,27.433960038902324,0.03702150882508778
4314,0.8326576088178264,0.7502367743630176,1.1749847029693021,0.20992726561562092,315090094928895004,0.4,8,8,32.01035222825401,31.02638555737912,27.268855388185294,0.49620611961007666
4315,0.8950008350585683,1.075914625958681,0.9434440734988068,4.348637764417914,5344462342975310386,0.25,8,0,18.043460421663934,23.541219542986997,17.420913582405053,0.035588015623989784
4316,1.0968370481171288,1.5228667992199159,0.8266793817236335,4.5839916397567,4305704665400727408,0.25,8,0,20.096263098093672,26.488132811513697,17.863872042065523,0.03786994263803998
4317,1.7340611949200593,1.3609503132517273,0.5343415192069119,0.905787460591575,7843099802720986202,0.4,10,8,30.853111980810507,31.262151243529857,30.243219246400688,0.17518407157735932
4318,1.0713341214305592,1.0166720559204032,0.9457743434872652,2.0923687783183578,6269914029352768550,0.25,8,0,24.30337078651685,27.644520893826538,25.030119078625734,0.035241409198506976
4319,1.0649401879464289,1.7169200313555164,1.9526766038684213,4.52057485479946,193260380424870675,0.25,8,0,18.119019063249592,23.546269410427975,18.59164942159004,0.050356373360043956
4320,1.4543201643532866,1.1847635906991458,1.1866477100344412,1.649868632400862,7097238785357533456,0.25,8,0,26.415225350334556,31.020073223077894,28.633586300485952,0.03443391293683495
4321,0.7778680516601724,0.7624696944613871,1.9742045432536675,4.488072279683928,6579331976933283625,0.25,8,0,17.82246559777806,23.68665572528721,16.92451721547791,0.05051469810242128
4322,1.9207379679322887,0.7047976777496504,1.5294852334792173,1.2294897247480847,8255092521016917281,0.1,8,8,30.477969953288724,31.007132937760385,31.18495003912233,0.10233735752965605
4323,0.7166194904072487,0.605585524932039,1.9050277514501506,3.6318003974307356,4484928077282619939,0.25,8,0,18.01448680722131,23.681100871102135,19.03310304658793,0.04791891962104488
4324,1.1305513643090834,0.9839807821793801,1.1076142563071825,1.461628966936825,4707963771366082640,0.25,8,0,28.45158439590961,30.91623532382275,27.30160279232773,0.03907696013590778
4325,0.6517141342193735,1.2094502504691682,1.218755173920622,3.551472263596728,460144204655713182,0.25,8,0,18.003408660522663,23.541219542986997,18.61040096242844,0.032793234170547136
4326,1.4641292684734077,1.1931521334089188,0.5315258874151836,0.4265461666390086,1251180682961640551,0.1,10,0,29.123847998990023,31.288031814164874,28.66054083887142,0.2411338418611173
4327,0.60831318291912,0.8183634564316971,0.8450919721306402,1.7856749077778244,196643113085104667,0.1,8,0,21.775375583890924,27.497664436308547,21.537167851194535,0.09487826027472421
4328,1.9050613690109568,1.1180002337660644,1.2722821120596295,1.6148670719519482,8478845163043036509,0.1,8,8,30.508647897992677,31.02196692336826,30.506938214227024,0.07294135673978802
4329,0.586802746076096,1.0962926064922889,1.5147620045208416,0.08360166990292017,4086867919876443661,0.4,8,6,31.552834238101248,31.001136220174217,28.28866853026834,0.41413652868463696
4330,0.9417270366184264,1.3164416562293073,0.9636959724490417,3.477613627094629,3310377783161237966,0.25,8,0,20.144868072213104,27.70701300340866,20.303142496976907,0.02769347223036832
4331,0.5305369989626625,1.1632673769300812,0.8892860417567618,4.804475793317255,7691698505050835797,0.25,8,0,15.733114505744224,20.72582375962631,14.044588947355276,0.04919245561626366
4332,1.0924099309428386,0.750692982568657,1.029066562010562,2.8852991727601855,2285864627478224197,0.25,8,0,22.249968438328494,28.003850523923745,22.813065590760335,0.03527115875096694
4333,0.6000813388262837,1.0649075471946163,1.8946916504603806,1.6258657676503607,3660071861948318327,0.25,8,0,22.12463704077768,27.55504355510668,24.36620505908886,0.04428513432934475
4334,1.6753954440582484,1.1063858449678865,1.5250627695646808,0.049070461809931354,247953353146247307,0.4,10,8,30.959159197071074,31.074043681353363,32.28420225525771,0.14498815098514511
4335,0.8883485841846734,1.2856610347831188,0.8364613154359158,2.749068513714907,2323129398963922629,0.25,8,0,20.14139628834743,27.720931700542863,22.06771859620587,0.03239663972993417
4336,1.694623915955821,1.4087368571926295,1.4696266390502404,1.1628334704476289,8123296790866684814,0.1,8,8,30.535917182173968,30.97020578209822,30.964413450969417,0.05592921440118924
4337,1.2117332890103523,0.9893065912647717,1.360815538546074,1.1443426890160957,7578301882754031383,0.25,8,0,28.503724277237723,30.843327862643605,28.835392160158918,0.04022314613279202
4338,0.5932190069384984,1.3951803175871675,1.307572369500689,0.3574059799559859,6267993654928013313,0.1,8,6,27.852386062365863,27.921474561292765,27.966638131847883,0.27225710983847934
4339,0.7928671450819802,0.5544971377268648,0.8367680006029404,1.4970959256136651,6482859058497302111,0.1,8,0,25.79525943693978,31.00397677060977,23.087323440802532,0.13578100340160154
4340,1.8287269009295457,1.219400873510143,1.463208899860039,0.9593734192695436,7118622957132433677,0.1,8,8,30.53932584269663,31.217649286706223,31.512078998484522,0.06252788123245381
4341,0.7201841705755254,1.7073583395084846,1.9848459657736313,2.205785746805779,7281699489937352547,0.25,8,0,22.062839287968693,27.76211968185835,23.50168859936394,0.04425408127403793
4342,1.0691619182594232,1.9826679734853487,1.6658324829713171,0.08796708079101656,3965248353363074491,0.1,8,8,33.029699532887264,31.01092033834112,31.329622553395286,0.14436909463455014
4343,0.5849217089506915,0.7434879331166404,1.6926895515020124,1.4188515153512227,3436451391578977465,0.25,8,0,24.285948743845474,27.772345663426336,24.699913536157755,0.04920464720763477
4344,1.0131932993484267,0.8924706896736554,1.6152409219704924,1.6884872316730708,3318124438349098915,0.25,8,0,26.37665698775407,31.023860623658628,26.26617627347273,0.03644461968706401
4345,1.7386679449729563,1.7032568984735006,1.5828929727216063,0.17530103870545544,7536588641488053562,0.1,8,8,33.024365610402725,31.01849513950259,32.797784147451225,0.09083728760136538
4346,0.6850170443154813,1.7163266723857626,1.967496551651939,2.917706521993419,3365296715127862258,0.25,8,0,20.083322812776167,23.56722636030804,21.202109711369985,0.045420968659253734
4347,1.6225822944651243,0.5190864281339789,1.9332286127624663,3.0961626227336065,8827943539330878681,0.25,8,0,24.348440853427597,30.728127761646256,25.629821840787216,0.048767848821226686
4348,0.7536426427069907,0.9203215999114894,0.8160116157966484,0.523255079537715,896843975917324977,0.1,6,8,31.56798384042419,30.8783613180154,25.285024633189614,0.3018719172599022
4349,1.1506219190336628,1.3699440087498125,1.9022682607218502,1.3738658456065838,3713954648503897134,0.25,8,0,28.38265370534024,30.76316121701805,28.216259798446192,0.03796437075974282
4350,0.9187613915206916,1.5754187949145524,1.9474460620371872,3.179834751062539,5460989675929797021,0.25,8,0,20.153074106804695,27.411311703067796,21.687717533561337,0.03848808135354513
4351,1.1219216144053807,1.5248407701213513,1.9056807068320445,3.099990246521,9005058936623144351,0.25,8,0,22.206571140007576,27.642248453478096,23.013501430190033,0.03367823975956761
4352,1.3367346127013515,1.2579552076453122,1.2271959456952715,1.7896050974103872,2779079940246915008,0.25,8,0,26.41071203130918,30.796616588814544,27.603070038275273,0.02956585046389145
4353,0.923414155932123,1.838445643638551,1.8743893363675137,3.2172725548253602,5711706261764563755,0.25,8,0,20.175798510289106,27.82773639691958,21.6077193534297,0.04253514320516381
4354,1.6406780289011527,1.9200592797309752,0.8394857962257631,3.6178419804501916,2265753642024630309,0.25,8,0,24.2984471657619,27.74933720489837,23.81246242418291,0.04174990427038174
4355,1.0281641387824416,0.5691994601533676,0.8807346292401674,3.569900986567196,1066318744584812019,0.25,8,0,20.24144678702184,27.49652821613433,20.31802961454368,0.04353191111075206
4356,0.9179508124193216,1.9320756591580268,0.6438504617663099,4.2804780332300325,6191282286754371197,0.25,8,0,18.071581870975887,23.687665698775408,17.738500700105572,0.04956875759281555
4357,0.7233813090341447,1.6701397151384596,0.8629303958876011,2.866133644822578,675489370241363700,0.25,8,0,20.080797879055673,24.486049741194293,20.89568610668626,0.03761305503886428
4358,1.220829827284613,0.7303588204610323,1.1719422051189188,1.8168539116805156,7139852514875227965,0.25,8,0,26.393479358666834,30.749274081555356,26.744233118452904,0.04110282987270847
4359,1.726849468148405,1.1284116960991248,1.8603400656101194,0.4044109518083,3256265147671517437,0.1,8,8,30.47304633253377,31.334743087993942,32.44183991531866,0.0895230267466246
4360,1.4465677286176668,0.8182756243127286,0.6599329845425761,1.641316352465965,1489847990195591620,0.1,8,6,27.72670748642848,30.849008963514706,27.509008156474206,0.16282295471278263
4361,0.8324730685679219,1.1110495051945368,1.6130847119921767,4.4001265749359675,4367736704180830699,0.25,8,0,17.996591339477337,23.529604847872744,17.328656600121953,0.037174274059256184
4362,1.176058507347773,1.1120969539787962,1.5757470177834594,3.4840753670144124,2222148392418519439,0.25,8,0,22.22670748642848,27.74763287463704,21.90788601798136,0.02353081375958157
4363,0.5893873238030398,1.6481063779607705,1.2951209250194422,3.581163324493634,6281828427959293168,0.25,8,0,17.953983082944074,23.52304002019947,18.301481409270178,0.03877523255329208
4364,1.277002133313564,1.2971297036812364,0.6650733902219245,2.6225110230698006,8129912461340063240,0.25,8,0,24.249968438328494,27.881706855195052,24.495725032394866,0.035897058980247636
4365,1.011433627342428,1.0993834998817562,1.5970780045864654,1.2620177635129703,2860721787486824462,0.25,8,0,26.335216513066534,30.779257669486174,27.534779546904577,0.03664905443697272
4366,0.7303423481854956,1.1226652386527212,1.2159559839453458,1.801347260184517,5741992231781912263,0.25,8,0,22.1510225981568,27.56072465597778,24.165509850974193,0.03533719570156863
4367,0.532645468063722,0.8972842351131576,1.8580847269648904,2.7562759983469554,1270083632343675928,0.25,8,0,18.036359045575054,23.68665572528721,20.597272303563727,0.04363862205437219
4368,0.6323351260460541,0.9494766494898407,1.556186414915312,2.080020044571808,452731274770630662,0.25,8,0,20.136662037621512,27.71297815932332,22.96470556210188,0.037779008557374955
4369,1.1355260692385518,1.3298884279834025,0.7457837813618461,3.267693321745905,329685652816841773,0.25,8,0,22.174977906829948,27.50107309683121,21.86608985929377,0.031069083858942408
4370,1.8472834551525377,1.3311827582982607,1.966977163927077,4.880800703075803,7281127238515037035,0.25,8,0,22.240594621891173,27.710137608887766,21.80848876012571,0.05241068690344157
4371,1.1337184500093986,1.839712691110889,0.5200249217370688,2.2164924401504154,3119612414176267463,0.25,8,0,24.311324327736397,27.923178891554098,24.91081327945003,0.04649582504102828
4372,1.8043084457823766,1.6547213320362038,0.9897523271203112,3.508485238133181,3183567729443269564,0.25,8,0,24.265496780709505,27.89448933215503,25.08635644735732,0.03659268556469192
4373,1.8930386430472022,0.8459170945093453,1.3130113504600978,0.07450461655342522,7385717274890297892,0.4,10,8,30.991036485292263,31.03459159197071,31.834154022404146,0.1461048058765433
4374,0.5697672395457006,0.7609041889832115,1.8351899309241193,4.040872461049828,6326324135468398502,0.25,8,0,17.70287842444136,23.53566468880192,16.982448023836945,0.0484116777971713
4375,0.8071914627302292,0.5894223351948547,1.544939002063153,2.118071728967948,5259482465664195012,0.25,8,0,22.240941800277742,27.74763287463704,23.74503317760655,0.043593853941398426
4376,0.5190614408255408,0.908617226689374,0.6243997197452891,3.860493311794305,8148845733891332019,0.1,8,0,15.622269915414721,23.68665572528721,15.304412325171821,0.17355903917522775
4377,0.5666504966757798,1.248681068440721,0.6965860653324889,1.261920355151986,6722709392508329259,0.1,8,0,21.817036990279007,27.634578967302108,23.10178645684128,0.16354003358228994
4378,0.6741859071818281,1.9776204224013127,1.842937961903255,1.5339505440604717,1217128788850735980,0.25,8,0,22.103111980810507,27.78029920464588,25.170043780274035,0.04942066779902862
4379,0.796554660837872,0.5161514226704691,0.5696516841366731,4.906429746188196,309252096009829930,0.5,8,0,19.2376278247696,23.68665572528721,13.496788392674382,0.32309712571234
4380,1.1594128680389757,0.5786672289475401,1.1053862953571743,4.477980615582984,1345283467576613672,0.25,8,0,20.17390480999874,26.32025628077263,18.51112448333554,0.0413396403388351
4381,1.4775063986315549,0.9749614652849343,0.6410424375992774,0.037065120136892116,6705592576209373524,0.4,6,8,31.9097967428355,34.163741951773765,28.75845731017721,0.4806325328241852
4382,1.2976948668109451,0.7536277535030758,0.7195400688555078,0.5513898129833134,3905488780161364339,0.1,10,0,29.123847998990023,31.06583764676177,27.249303428634832,0.18411273141947773
4383,1.6143114550664288,0.9156367129529128,1.02481294945621,4.858313321986606,4165811139040223950,0.25,8,0,22.2690632495897,27.696502966797123,19.945453390344024,0.03918066742588179
4384,0.6467685513008787,0.5020958282085521,1.764438583546868,4.711032717331673,4607251939654609,0.25,8,0,15.648024239363716,23.535159702057822,15.354153018984286,0.05497898557018021
4385,1.2225470707528843,1.5076038362486033,0.7308675963390763,3.9273095722808424,1819779588893418835,0.25,8,0,22.194419896477715,27.681163994445143,20.441063786641234,0.033776575162669485
4386,0.8988130516562653,0.5390450883372797,1.6255005481603286,1.2101977077680803,82284338496601357,0.25,8,0,26.40045448806969,30.848693346799646,26.954847826800947,0.0518265583520231
4387,0.5079747469084109,1.763700960452197,1.195243171600413,1.7576169797002694,3465086987023628045,0.25,8,0,20.022093170054287,24.704204014644617,23.155138377834536,0.043339643480439165
4388,1.628527354023736,1.7773567613136996,0.7730497325795488,1.5628842320326446,2228221396506520877,0.1,8,8,30.50599671758616,31.01123595505618,29.612811349525728,0.09419466771929887
4389,0.65774728222263,0.7561957088909207,1.0892162652320092,3.1094221046273547,5312236404121325840,0.1,8,0,17.68129024113117,23.547279383916173,19.65133378382355,0.13495391515495866
4390,1.968450997555789,1.3523862724956408,0.7909911144338707,2.450415614819958,1954268003410928791,0.25,8,0,28.465282161343264,30.842696629213485,28.93302584558467,0.04619412806073982
4391,0.8439184323950181,1.5958892802386158,0.9297480409551617,2.19484531430078,4950574706653017314,0.25,8,0,22.135399570761265,27.500504986744097,23.548999545094098,0.034160062905534014
4392,0.6212712189805252,0.6461133393121119,0.6247583261512873,2.0053159896682287,2889450406381056260,0.1,8,0,19.801161469511428,27.287179649034215,19.83274408978983,0.13539007023990635
4393,1.2204687989979677,0.8792185844896887,1.8511144436497378,2.1375151566406236,573111123894785890,0.25,8,0,26.362296427218787,30.725287211210706,26.220237272905898,0.03606771758445179
4394,1.7121991394691762,0.8764766213301032,1.0307097478157243,0.7077634581822284,9056396815812847367,0.4,10,8,30.83922484534781,31.086668349955815,30.523457857448392,0.10921118496700254
4395,1.5364182615441262,1.1558426043099679,0.5711894046041586,1.5714996353253874,7454713516715445418,0.1,8,6,27.776701174094182,30.74106804696377,28.52730659731479,0.16570079910300714
4396,1.3708266666493836,1.003549699909044,1.20044922850096,2.28154733190404,6554902424583682387,0.25,8,0,26.416866557252874,30.805138240121195,26.274694787279397,0.02932187616290838
4397,0.9015396438421408,1.4687053576827116,1.8146882064086522,3.877525724950925,3611066693349351354,0.25,8,0,18.080671632369647,26.648055801035223,19.431373219349393,0.037253970242348666
4398,0.569301439936488,0.7219295374763322,1.3545998228895058,4.649867454029632,4922876561519130933,0.25,8,0,15.68211084459033,23.53566468880192,14.902096918356612,0.04813436187207241
4399,1.2506086454385352,1.902179064711921,1.8450195706388122,3.396965453542826,5658878595717155615,0.25,8,0,22.164562555232923,27.86892437823507,22.882645575430175,0.041955742766793515
4400,0.7461127176143025,1.9207136641597464,0.7600484211572578,1.8606765523071989,5353102407769795566,0.25,8,0,22.061450574422423,27.55788410554223,23.9438511218687,0.046967921395913034
4401,1.6343495502716525,1.9373522634973195,0.9010319539047535,3.0573457837734814,1044992963013879197,0.25,8,0,24.321171569246307,27.900454488069688,25.463726962882383,0.04000782003635564
4402,1.5430236813497558,1.9992848340839262,1.8906152000746463,2.0943487673897794,865661343751603551,0.25,8,0,28.343327862643605,31.028279257669485,28.37354944151836,0.046642323906945164
4403,0.5456636147978451,1.6962729493938589,1.2605009128572071,4.947291025559499,2423571384274724067,0.25,8,0,15.764423683878299,20.582660017674538,14.024613801368883,0.052891622756826726
4404,1.5257264224473523,0.8480693585718908,0.8574655363608512,1.6347110220380667,6120310724367329504,0.1,8,6,27.751357151874764,31.030804191389976,28.691151260472022,0.1444517309187402
4405,0.7276509568550464,1.5101487544763763,1.6530543266253581,0.6974900820399293,2352478892480011117,0.25,8,0,30.390102259815677,31.028279257669485,27.698983255821684,0.04460671227488971
4406,0.6307468209059619,1.3093334360667046,1.0296571578462956,0.7631477746093313,2268328615269554367,0.1,8,0,27.78216134326474,27.755586415856584,26.250147976577626,0.1822733913181705
4407,1.2114914359555495,1.2126432504283775,1.9777923052956816,1.6854133191405047,2702809677134645823,0.25,8,0,26.343422547658122,30.79346042166393,27.636015001116743,0.037505622815743184
4408,0.597894173827771,0.7431633802168081,0.9482102160618755,0.5871852034289538,7003771491564370797,0.25,6,0,29.30690569372554,30.74106804696377,24.537232155768862,0.28933681649445064
4409,1.0969394618728971,1.3266035443771043,0.9424229401861149,3.8566947898718036,1251178095912728393,0.25,8,0,20.16191137482641,27.64310061860876,20.038848798259327,0.027285884572322422
4410,0.7764095697159722,1.7767086706252062,1.3691555739445866,0.7126517688764589,7609703406454343421,0.25,8,0,28.36276985229138,27.920622396162102,27.811541273279992,0.04533127670911709
4411,1.5703150189534958,1.4034232395997521,0.63666096187513,2.5420991623769074,1163864247525094179,0.25,8,0,24.322307789420528,27.57748390354753,26.36208668973466,0.03991075183758258
4412,1.3955993074741462,0.890643474971383,0.8039901131919058,1.4105990070503172,5904853375693594224,0.1,8,6,30.29428102512309,30.74106804696377,28.13834299039062,0.13090059894035685
4413,0.9121129390390534,0.8828728294318817,0.7474484103363104,2.385649463627437,6723959583657742774,0.1,8,0,21.814259563186468,27.70701300340866,22.76029468680309,0.09202308092583722
4414,1.4310077278366249,1.7873189027836764,1.8161908210882962,3.590548060146885,2184015729979645428,0.25,8,0,22.212125994192654,27.500504986744097,23.280984505648235,0.03945894931960624
4415,1.1806141335810905,1.3430890048940407,1.6779371585504173,4.584970817832695,1225694499316072995,0.25,8,0,20.137293271051636,26.530457013003407,18.805977942781038,0.03600900132148241
4416,1.3065289214229026,0.8297464404225507,1.9338513008277314,0.9585218846397903,4111902028396611886,0.25,8,0,30.932173967933345,30.943693978033075,30.19732061962938,0.04957046374448191
4417,1.076079961012932,1.4793023446167026,0.7473041422985482,1.2429321685952543,684563453677112408,0.25,8,0,30.403831586920845,30.82944072718091,27.499033609383524,0.0442571274284498
4418,1.4727542541329655,1.2872263919599622,0.532525750394164,3.4864446972030954,8577654815910577875,0.25,8,0,24.249968438328494,27.75217775533392,22.9664497658131,0.0395698518718096
4419,0.6866189037231911,0.9592383217519441,1.0084268841169224,2.8611637832744785,8995296995050836117,0.25,8,0,20.096263098093672,26.48614442620881,20.64945857559114,0.03629812282325255
4420,0.9892144682695275,1.8201322739701236,0.9762583842464239,0.9230050663616729,1397871631569304087,0.25,8,0,28.33758363842949,30.76000504986744,28.15900196156604,0.04535202425290881
4421,1.09783616218027,1.2027094421123226,1.217820076844941,2.1692735024594247,5547264309276976631,0.25,8,0,24.30867314732988,27.722920085847743,25.134784981662637,0.025014489291196727
4422,1.7517022492827108,1.6476648940754626,1.29787860734065,3.8209574165713973,4311975301747459427,0.25,8,0,24.274965282161343,27.5700984724151,24.05597278794865,0.034266895079740525
4423,1.6317199469745205,0.7517273304910945,1.966482456412959,1.6010502574440437,4496134925831945841,0.25,8,0,30.845537179649035,30.75179901527585,30.128390675962457,0.050139244118510735
4424,1.3257522057735904,1.250871846109793,0.6186866116159924,4.11922062036129,1311783483456912608,0.25,8,0,20.153074106804695,27.42068551950511,20.337366821637904,0.03707090995369148
4425,1.1010497258571479,0.8314567063876652,1.9391991068644254,4.627073014819154,2322389986236968136,0.25,8,0,20.15149602322939,26.470805453856837,18.298014237033602,0.0449474586943889
4426,1.6293885625945517,1.139284177045934,1.1337350111574869,0.43762080656172986,1294912910677381989,0.4,10,8,30.909291756091402,30.973677565963893,31.109097374466263,0.07765448086411264
4427,1.7235558558895923,0.5656187717415189,1.0153418467073956,0.8221837083099925,5059767161224998747,0.4,10,8,30.935803560156543,30.938328493877037,29.866148999032507,0.15825714246306954
4428,1.087411525430619,1.5854481291157323,1.2137781470916311,2.6441741883183267,6503388554057721187,0.25,8,0,24.162100744855444,27.518684509531624,23.751570902951585,0.023244006786402566
4429,0.6053673227932083,1.9247102387789454,0.6628044335751211,2.7986471566085203,961887327215136703,0.25,8,0,18.057095063754577,23.53566468880192,20.353379991531718,0.04946263365778586
4430,1.7159264245192898,1.3249069185219566,0.8191321543319608,4.392399171230508,5073716925979433324,0.25,8,0,22.240941800277742,27.57464335311198,21.837899283485726,0.03769083485620755
4431,0.669139299011611,1.8172532914114645,1.5223781382791224,0.0519582766088611,2087734196965067969,0.25,8,0,52.79270294154779,27.905567478853683,29.25059093141921,0.05452200642044042
4432,0.5100068420172643,1.1644015929095641,1.2901553346113184,1.6375660040003093,5774813972433165024,0.25,8,0,20.081113495770737,27.746212599419266,23.495820200245046,0.04073767452214429
4433,0.9066027218020287,0.5225649960405415,1.7605754925271269,3.840304147047586,1077216975577592242,0.25,8,0,20.14644615578841,26.47705466481505,19.354962591340314,0.04430727620027894
4434,0.6633316980687696,1.6183483735357098,0.9622811313610635,4.252090422790852,3306658489535269729,0.25,8,0,17.89603585405883,23.541724529731095,16.532095465750807,0.042242819432456835
4435,1.7161788967580736,1.9066898638248149,0.6217480049284326,4.419280924839372,4349314073944831961,0.25,8,0,22.278437066027017,27.74990531498548,21.739351702220397,0.0498164150284281
4436,0.8200035778050543,0.8282982298327259,1.8205517480222992,2.2521989696085316,4982481142049159896,0.25,8,0,22.272187855068804,27.75388208559525,23.650755447806457,0.03841743532652207
4437,1.0203406404123143,1.8436519961534763,1.255269991369759,3.1480566366762592,5056371238200082880,0.25,8,0,20.140449438202246,27.813249589698273,21.98909564336491,0.03122642083187763
4438,1.7509045130768528,1.5571456735846072,1.6655402987790064,3.794278132698601,6877403581240422481,0.25,8,0,24.32761015023356,27.498800656482768,24.32750835420143,0.03687135327179221
4439,1.97366287858889,0.5462771021922839,1.6717912920058662,4.480110777074354,974316734764366354,0.25,8,0,22.260383789925513,27.751041535159704,23.34643903158422,0.05293618148349716
4440,1.57036558847531,1.1119558094489796,1.0965816037504343,1.649298803656909,3981062213479386555,0.25,8,0,28.46572402474435,31.025754323949,29.215204713171214,0.03851648524804173
4441,0.8050205590101427,0.8969807886153468,0.5477172590639487,4.164040965402705,8476393428044530611,0.1,8,0,17.62334301224593,23.535159702057822,16.863874577237862,0.16119310038246334
4442,1.1065514157516823,1.4019638988866776,1.5608807455677574,2.8703265895964876,4861644112359143984,0.25,8,0,22.255176114127003,27.585437444767074,23.37811366914741,0.021595659367460822
4443,1.6142746956432354,0.9727450276188339,1.8498408845476055,4.700789563457072,3790534467980824882,0.25,8,0,22.26246686024492,27.380349703320288,20.8896458404209,0.04329644665567336
4444,1.0440914946361797,1.951978473831139,0.7446656249642531,4.30509267194902,816580309146703144,0.25,8,0,20.0871102133569,26.64748769094811,18.428560659707315,0.04611642243849867
4445,1.6753604025609246,0.9967745391185305,1.8861421046610514,2.909398066284874,7989455949070512153,0.25,8,0,24.33026133064007,27.6871291503598,26.532433859240516,0.03766441483560933
4446,0.6076944943150431,1.4649731264141237,0.984330227190289,0.9456495924684555,4202171583592940805,0.1,8,0,23.812144931195554,27.760983461684134,25.935489498420832,0.20899972012122725
4447,1.173524032410379,1.6216297063835217,1.952442197806557,3.869434650776266,3268166407570194352,0.25,8,0,22.195461431637423,27.676619113748263,21.084595695139953,0.040817438365891315
4448,1.6589706843789729,0.6729694657640399,1.505420172434867,0.5888674277780542,6809513619217215199,0.4,10,8,31.156104027269286,31.061734629465974,31.20716319499607,0.11880516592087681
4449,1.2900649584991315,1.5917665291413174,0.8926757738560871,3.343615867430008,3485155723557005819,0.25,8,0,22.255176114127003,27.74990531498548,22.644285332792272,0.028098572712609876
4450,1.7891932369416588,1.4461603331680142,0.6648091429425227,2.2539798528180293,488308633036257487,0.25,8,0,26.395530867314733,30.842696629213485,28.45589269678507,0.045203884460883616
4451,1.682994960509721,0.9943227743056359,1.5531796979875225,0.5705089362665811,5582458569168009155,0.1,8,8,30.477212473172578,31.29055674788537,31.638319419955863,0.0764528260079698
4452,1.0818837105711925,1.926511992874778,1.8438771377380974,1.2411826360188871,4100416355243048411,0.25,8,0,26.355321297815934,27.910112359550563,28.313356133101927,0.044860574067500956
4453,1.0426983591327288,1.315471151484946,1.711411108974475,3.9880684393920642,7373880285219318369,0.25,8,0,20.169170559272818,26.508584774649666,19.805775864891753,0.031254066407399604
4454,1.9072889908488686,1.7961474682585783,1.918296847730486,1.2569611181364038,8119248963265354974,0.1,8,8,30.566973866935996,31.00902663805075,32.13743154342957,0.1294672331232157
4455,1.363509122530868,1.704037670501508,0.6193157612631646,2.340508397379884,1093420050711471892,0.25,8,0,24.299962125994192,27.92261078146699,25.860800689524144,0.040530209901096285
4456,1.4560072100071801,0.8213488956400428,1.1753591589289547,3.5359406664557556,7635282710107287135,0.25,8,0,24.27761646256786,27.50504986744098,23.008758072902573,0.030398298839292986
4457,1.4966651850946113,0.7014335786620918,0.6197526232144784,1.396962665694352,8444120510488380226,0.1,10,0,28.962567857593736,30.75179901527585,27.54988611154808,0.27775802563198815
4458,0.9903645798555849,1.7263864102121398,1.9786328649298057,0.9221837883007716,1774950137277254604,0.25,8,0,28.35128140386315,30.724024744350462,28.779986548120824,0.046534330628996146
4459,1.225724742136592,1.3210099429724322,0.8980128071154434,3.394802085649351,8086359219872378504,0.25,8,0,22.25066279510163,27.501357151874764,22.082306905402202,0.02562553333007859
4460,0.6131809494612754,1.174216191428141,1.4437441430851217,1.8425113706499874,7650548353536231309,0.25,8,0,22.137135462694104,27.489994950132562,23.549122135959003,0.03567580176814814
4461,1.0737620202902067,1.6932500519162137,1.3897569302585002,3.3611425988324872,8473490113125758997,0.25,8,0,20.15086478979927,27.719795480368642,21.706600191806423,0.027132408898661593
4462,1.0242847531316954,1.1359726796911875,1.6163954746456453,3.420412797489949,7743837863873814100,0.25,8,0,20.160333291251106,27.36046585027143,21.28089738725294,0.025016953041565947
4463,1.2402387966260617,1.3510720247142451,0.792567250048169,2.817545100012323,2710026367555129001,0.25,8,0,24.266633000883726,27.751609645246813,23.80357376309909,0.029725449987885576
4464,0.505669896538403,1.0424688734745005,1.8257675698445206,1.1157641539287255,2968609186363827903,0.25,8,0,24.16247948491352,27.709853553844212,25.2897868758884,0.04833165300921157
4465,1.5937431462181577,1.3322787954476814,1.8651179092294687,1.8512982101665014,3216994575316921100,0.25,8,0,28.447165761898752,30.83890922863275,29.243331382603575,0.03755957258396191
4466,1.3864454675642144,1.9387257462607597,0.5261898722494092,1.0272470004738843,3245841384982398796,0.1,8,8,30.56470142658755,30.955687413205403,29.547006358132077,0.12611790484574556
4467,1.8885538821737713,1.5103768781851947,0.7395576773760265,1.5061115365425053,639091810301333939,0.1,8,8,30.512814038631486,30.975571266254263,30.21963835758292,0.0907774145977724
4468,1.9923473373870488,0.5343312836048998,1.3200906607383511,1.513579100280242,5284411553364586755,0.1,8,8,27.96278878929428,30.776101502335564,30.588276891931578,0.12258111421212943
4469,0.9649490158449093,0.9404894262831717,0.5155973262977537,1.5179208763094483,916740207625322851,0.1,8,0,25.771872238353744,30.80797879055675,24.567430438442845,0.1486147787851564
4470,1.121820185441149,0.8279781836963133,1.1442260225654017,0.5897119246382238,1985298219609688850,0.1,8,6,30.35601565458907,30.93390985986618,28.68565273876079,0.1983639126969916
4471,1.8330836482051316,0.7855164577778068,1.6465592863217142,3.802189167113157,1342250725693581488,0.25,8,0,24.309809367504105,30.831965660901403,24.592098048171152,0.041146702484887734
4472,1.7557123750594448,1.718512648213419,0.8197937631567087,2.8252939355302935,2991129982193347427,0.25,8,0,26.359014013382147,27.92261078146699,26.731289905266305,0.039429325457765736
4473,1.4659681486566771,1.0345627924077165,1.9935137893762573,2.2855210968129906,8725398992298813230,0.25,8,0,26.331934099229898,27.767800782729456,27.27234678706217,0.03788778318077807
4474,1.0551101465077257,1.5553263730568312,1.4127992495490378,2.001735029036258,4543115425064497586,0.25,8,0,24.314354248200985,27.55078272945335,25.585839056065115,0.026008245960963718
4475,1.0344651506813987,1.9269823592134843,1.2544534725053824,4.113867213045735,2633471995403782189,0.25,8,0,20.120565585153393,23.572276227749022,19.238564721033146,0.03979818287347382
4476,0.800847720867782,1.232951136221842,0.926853176875469,3.152709262115172,6126448083253967611,0.25,8,0,20.10541598283045,23.57530614821361,20.43627710907109,0.03096527092810502
4477,1.3726735327285973,1.3103450944706527,0.8257667885911368,0.2883482714462049,8596798431529905228,0.4,10,8,30.9654715313723,30.981567983840424,29.87290936776428,0.11621558832925556
4478,0.6246682640091248,1.3524389147526634,0.9354904675770267,0.8858110019527454,5404527122930827736,0.1,8,0,25.788284307536927,27.56896225224088,25.656576559762662,0.17755260403489836
4479,0.7789722529072302,0.6986324487162352,0.6913841156675389,0.14816443533972268,2125569837279297192,0.7,6,8,42.16828683247065,31.029857341244792,23.80815551256248,0.6691829103563248
4480,1.7191795881481742,0.5037041712366024,1.0987347345605585,3.247708022277322,8977637425808716869,0.25,8,0,24.354121954298698,31.131170306779445,25.20687509960618,0.04656536957367772
4481,0.643379582058106,0.979402217365507,1.3818213098594343,4.246429706115666,6717021308709011971,0.25,8,0,15.767706097714935,23.535159702057822,16.56499705022791,0.038694546438202714
4482,1.241847649489051,0.8517670922943051,1.244504053892923,3.790560550624548,8538912662126431515,0.25,8,0,22.26663300088373,27.83995076379245,21.11739088750593,0.027892495207187118
4483,1.326220091056151,1.0950055934700063,1.5365479187706108,1.4235540128038244,8945363610534747575,0.25,8,0,30.45732862012372,31.030804191389976,28.77030249771823,0.034619556880865064
4484,1.0756185536248373,0.8197475335931474,1.5425541307935167,4.339205875764566,8094794420099764738,0.25,8,0,18.138334806211336,26.470805453856837,18.753251318830582,0.034395729367403545
4485,1.8517302558336093,1.9808943958292125,1.1475357103512058,1.8741248269331934,6933557310220963653,0.1,8,8,30.524554980431766,30.76000504986744,30.32857615731314,0.11502606237606926
4486,1.3385629851659924,0.7789195056370533,1.2594075659359776,2.500253783485498,7954954684863607728,0.25,8,0,24.36283297563439,31.05794722888524,25.44490738095823,0.032837409608675344
4487,1.0095742135742696,1.8003432772672547,0.6308004446783138,3.8502481573052894,7978390233783660825,0.25,8,0,20.114253250852165,27.50504986744098,19.480475428499854,0.042196482150151544
4488,1.4833173042686547,1.8008469759733274,0.7829078012229302,3.90466898985025,8287606019213557350,0.25,8,0,22.255176114127003,27.743372048983712,22.040489478421684,0.03810939050368076
4489,0.5683389954291853,1.8663781527381018,0.7637822529794042,2.298950215280524,7775406183512866400,0.25,8,0,20.085847746496654,24.62845600302992,21.689112998023344,0.04718211717120597
4490,1.1012683761564164,0.842908801627821,1.2050687100877813,2.574881458237056,2111545235004746161,0.25,8,0,24.256785759373816,27.582596894331527,23.887808131991324,0.030250282021014107
4491,1.3221999762118186,1.499256090036368,0.6402021205500437,4.107424564636044,6010367917307707525,0.25,8,0,22.173242014897106,27.462725665951268,20.402912923194815,0.036734212752407416
4492,0.7172309571494463,1.5402674486613954,0.6242085238660731,0.03656132487618147,3682078835197064959,0.25,10,0,29.18129024113117,31.03175104153516,26.171298104909287,0.42812544508315115
4493,1.4695195142588624,1.5629236899978465,1.901630093934212,1.1774702830771056,5752674530379646373,0.25,8,0,32.57972478222447,30.878676934730464,30.60112497118302,0.04265425417332709
4494,1.9615182069134276,0.6498550841962762,0.9507980904934734,3.9187787392602846,1729505138267614949,0.25,8,0,24.32609519000126,27.800751167781847,24.520707409175436,0.04903674946249347
4495,1.0517713132520956,1.124277202630732,1.039050818572572,2.1528119010330906,8976446564990515307,0.25,8,0,24.25375583890923,27.63514707738922,24.813857887489135,0.02969363354577355
4496,1.1158189092925792,1.081412912869846,1.6589302366646075,0.7908419996575383,5719755159781692476,0.25,8,0,30.53118293144805,30.824390859739932,29.53572932550102,0.04226864817604148
4497,1.0434836458888173,1.2024353871596947,1.623774617325023,3.4135001974753285,6731336929566948428,0.25,8,0,20.162542608256537,27.29002019946976,21.423459193772754,0.02442097808407521
4498,0.8353390526316544,1.9347906552295107,0.6964018372885548,2.1290004834843352,8324165716421105547,0.25,8,0,22.08783613180154,27.394836510541598,23.643118006824505,0.04535679113507527
4499,0.951823500311483,1.1150099758116006,0.6428291125598158,4.526351284181812,5057121159075788988,0.25,8,0,18.06902537558389,23.53566468880192,17.03662066284115,0.04164831893280688
4500,1.6174722516794011,0.7225062152252666,0.5275617890382862,2.0045086965706083,7131890693316814733,0.1,8,6,30.247317257921978,30.836384294912257,27.349069442266078,0.20893046553988107
4501,1.4725919008341832,1.2768659942797147,1.5462331007403438,2.060894887715825,1000984546594447408,0.25,8,0,26.40127509152885,31.030488574674916,27.75326394341782,0.02785445184002442
4502,1.0558782031499288,0.9213268753273948,1.983974127209542,1.5324315020339152,4788236515437246477,0.25,8,0,26.31757353869461,30.848693346799646,27.182211054876003,0.041896293190519976
4503,1.231472434515847,1.4073401138185104,1.8257862276906762,2.4402353010125695,2135631836440121497,0.25,8,0,24.30185582628456,27.897329882590583,25.489825541444816,0.028645130581461214
4504,1.7282333397165779,1.270989453106535,1.3877579259352868,0.8089825772117687,4264924482643787340,0.1,8,8,30.48592349450827,31.241951773765937,31.370302279078718,0.055379206025461654
4505,1.383682224113955,1.7541351274416583,0.9401075061567543,4.401621931540663,6883465251449314665,0.25,8,0,22.195808610023988,27.340297942179017,20.109778160116782,0.03703133043749285
4506,1.997090967686338,0.7392592112269731,1.8288804646765184,3.4896997459528474,3238347547465875871,0.25,8,0,26.363937634137102,30.794091655094054,26.51945458335841,0.04883441229658047
4507,0.795251241548081,1.9875150810792817,1.9905819030212377,0.06773303033059952,7956779859600931480,0.25,8,0,52.79188233808863,31.085721499810628,30.258694788411603,0.059652582797830554
4508,1.503926323824956,0.8821928122227662,1.526349506289082,2.851994256258502,8115135958261610751,0.25,8,0,24.339351092033834,27.88994445145815,25.50659735784765,0.02979761762152409
4509,1.8288340125501839,0.8167951222283043,1.1337291918407308,2.998672185743466,721145955387568676,0.25,8,0,24.35715187476329,31.015023355636913,26.615921300852186,0.040013519997978524
4510,1.6281955107735289,1.3184030452524893,1.4509454741384413,0.32365813188492853,2520397118933194211,0.1,8,8,30.461305390733493,31.16809746244161,31.89421163300894,0.0688808818743425
4511,1.7431238875207513,0.9015053558169612,0.9409162811104661,4.22281074530531,533441857293585391,0.25,8,0,22.254481757353872,27.748769094811262,22.425104137886304,0.03850431974405579
4512,0.5113766091922842,1.6193392342116306,1.2835084564505344,0.4845579972262054,2896389296244722379,0.25,8,0,30.3541219542987,27.785696250473425,27.017480677208468,0.05053703449155007
4513,0.6704375192872671,1.7860908174812165,1.081435366142465,1.7157290229043598,1815881037234972904,0.25,8,0,22.066311071834367,27.56612170180533,24.18409848759022,0.04012759304624639
4514,1.1706865686211967,1.7842896654672515,0.7203580585405773,4.412770721383322,5688942271201952272,0.25,8,0,20.162542608256537,27.497664436308547,18.761885315786138,0.0416921617834894
4515,0.6070137354788128,1.0036278608560405,1.5079025928634684,3.30116765746196,9219258709301529911,0.25,8,0,18.0360749905315,23.53566468880192,19.229597889080697,0.034832564072321076
4516,1.2451160240019663,1.3390947592159463,1.860184278134653,0.8813387466733025,7782589901430770182,0.25,8,0,30.53497033202878,30.961368514076504,30.200569359175283,0.041655745482457464
4517,1.5862963521896494,1.543087216055342,1.4829184966204165,4.35088827878539,7155454205985607067,0.25,8,0,22.272187855068804,27.751893700290367,21.65998203469884,0.03411377589402685
4518,1.1306959012318871,1.321244957887215,1.4088316213951528,3.143090304736833,1258378716328605533,0.25,8,0,22.21073728064638,27.51698017927029,22.607412713455975,0.018748676981843015
4519,1.6382740571008751,1.968384859569308,0.5453654833651937,0.15823458416499792,3277385756827843498,0.4,10,8,31.009657871480876,31.040588309556874,31.34391995891919,0.20315425911981763
4520,0.9143786583050064,0.99158853731768,1.178476738782027,4.04686796046404,99441827234924066,0.25,8,0,20.083322812776167,26.47762277490216,18.522440201079373,0.0301686621603357
4521,0.8831906078707231,0.6154110353676987,1.0575472534471881,0.3686428521151791,8390359195382281899,0.1,6,0,29.50637545764424,31.009973488195936,26.38787784862728,0.3162418377113853
4522,0.5087629457519096,1.8744303331937247,0.5875445294738363,1.360319031956645,2427563801979911508,0.1,8,0,17.416361570508773,27.548226234061357,23.663225541796358,0.2967907436192081
4523,0.620964116019354,0.6331167828591575,1.0786697130839344,2.7558564213930996,6049806851536005412,0.1,8,0,19.678702184067667,23.53566468880192,19.763095410908686,0.11905105200483083
4524,0.934644176973984,1.8681559846592626,1.6348686966137036,4.0314544376183035,8667245880904876553,0.25,8,0,20.073854311324325,23.398055801035223,19.16582321338101,0.042544981422943655
4525,1.037226906500465,1.9661758991937992,0.7673944012561054,0.2996169407284133,7451041122536679663,0.1,8,6,30.364726675924757,30.982199217270544,29.771714758745226,0.24755128262136658
4526,1.2848378924208677,1.1853764281223609,1.1106263486033021,0.002184310041466464,7649995941119707079,0.4,10,8,31.01660143921222,31.109708370155285,30.11511011607109,0.1271555891275012
4527,0.861984019972819,1.3992603562852817,1.0678964117897611,1.5461769636895366,5390161561255937906,0.25,8,0,26.335216513066534,27.920906451205656,25.643792170190725,0.03460802711671872
4528,0.8848587880781794,1.942117938639718,1.3957135578230795,3.328911425999392,6621310572388836352,0.25,8,0,18.091181668981193,24.455245549804317,20.836276645765953,0.03757930299982328
4529,0.9736313524586195,1.6420955179603656,1.3211709295433516,0.6291301153725293,439121980419249758,0.25,8,0,34.54942557757859,30.847430879939402,29.181196655651906,0.04225510132488303
4530,1.0129988281340687,1.7003220738673355,1.2540429701649354,4.330501878201468,7115096567646819350,0.25,8,0,20.106362832975634,23.68665572528721,18.44074338242133,0.035262200675669174
4531,1.4270614839401374,0.5307913384150775,1.1548738966516203,2.6699677853212513,5523437361883761610,0.25,8,0,24.364347935866686,31.166834995581368,25.30753530334784,0.042353049107943325
4532,0.5885557811528104,1.0686817912817967,1.8775219662193574,2.0114584674008027,8020649974115986315,0.25,8,0,20.147393005933594,27.828304507006692,23.181303338159637,0.04094775758125797
4533,1.9810497412783152,1.3338816111288483,1.4069151000387605,2.3138092182676155,262870167373820907,0.25,8,0,26.416456255523293,31.00839540462063,29.768058900637772,0.03999113789118626
4534,1.9019557048495344,1.0143750729977863,1.3544602786425868,3.6250174318578603,3211651729356329192,0.25,8,0,24.317762908723644,27.893637167024366,25.344793419284144,0.036130615977686346
4535,1.2451714940299405,1.0367171860174682,1.2336399002224383,3.5270894002606257,6122744041031160131,0.25,8,0,22.263161217018055,27.51073096831208,21.9316609241936,0.022222090756261553
4536,1.6684120585800346,1.7369841185128734,0.6084456829447371,3.913333159803244,6565293092900043778,0.25,8,0,22.252745865421033,27.515843959096074,22.915891014068478,0.04309521154152019
4537,1.5913566881299381,1.978368037421299,0.7817007212367713,2.7819605423769467,4027751381728531502,0.25,8,0,24.318520388839794,27.8927850018937,25.99324004602643,0.04222978180437772
4538,1.096239287092353,1.7850593315884014,1.507000686601136,4.5742647633852105,1901474243676766409,0.25,8,0,20.109203383411188,23.406135588940792,18.358088983394186,0.041405946953765246
4539,1.7715497145699093,0.9773527547812326,0.5452287515087775,0.6788021309427006,6118942774929507421,0.1,6,0,29.51552834238101,31.2226991541472,29.72411042880248,0.3584318525829679
4540,1.68605168552269,0.605996391064817,0.6381157433932958,2.4155483785712253,5704855148547433604,0.25,8,0,28.418886504229263,30.943062744602955,27.18389116030477,0.055536564142736534
4541,1.0398354089730173,1.9127822887250119,0.5750088085892511,1.9671048618678584,674076575428896433,0.25,8,0,24.267011740941797,27.891364726675924,25.20651052546002,0.04666387037972328
4542,1.5892863892138958,1.3298301274383264,1.0022542528919878,1.2126542943202623,3594343930346466912,0.1,8,8,30.499558136598914,30.920338341118544,30.02146156980337,0.06199165613136063
4543,0.5379367072272025,1.835240068700343,1.3204481407669748,4.208048198263896,3004316782553799346,0.25,8,0,15.783108193409923,23.547279383916173,16.250637753005385,0.04824004410117929
4544,1.7138974753622485,0.6679017686239825,1.8588497792209686,3.7240826529616697,6946252256425225435,0.25,8,0,24.28632748390355,27.743656104027266,24.240506616454113,0.044041272569861976
4545,1.1379797389193271,1.7486637783150942,0.8101560888599075,1.9901811180449847,8862644226856573073,0.25,8,0,24.30905188738795,27.676619113748263,25.78471096928453,0.036757745037027334
4546,1.3767029975196765,0.622764684073134,0.9727603655578145,0.8622951512800825,1773317330556696598,0.1,10,0,29.117535664688802,30.926966292134832,28.613671381375966,0.22883784539684077
4547,1.0793271363312271,1.2715985951247597,0.8590608802971696,1.2733994227300327,4239183326940301011,0.25,8,0,28.38088625173589,30.849008963514706,27.494066014169587,0.04110616649008533
4548,0.969464701602418,1.2507379033690862,1.86375781275657,3.62976900410254,7932699769126168294,0.25,8,0,20.165067541977024,27.70814922358288,20.54092892420822,0.03315715478721062
4549,1.6846108456071214,1.2828077310160904,1.325375750268294,4.737401858921719,2883964107468990208,0.25,8,0,20.245234187602573,27.7453604342886,20.901931243047912,0.03523715337760821
4550,1.9619270007510168,1.876347992691196,1.4946448164366737,4.051715149245136,2305052636728842451,0.25,8,0,24.250725918444644,27.881706855195052,24.701397999363643,0.04731409321470015
4551,1.8416847513001764,0.5627069914631875,1.7018763156327548,0.1875851011630858,3777243330564738567,0.4,10,8,31.02638555737912,31.03175104153516,32.087863989832904,0.16946282879769958
4552,1.2862316681374262,0.6440436842905883,1.3106487664833382,0.8039879998177368,6285817370252632137,0.4,10,8,30.914657240247443,31.242583007196064,29.472930660196585,0.1478295557469141
4553,0.7386525381890832,1.472054208459444,0.7443381067356425,0.1062636462024108,5031807262330758440,0.1,6,8,31.651937886630478,31.30191894962757,26.95110368940132,0.35707099021050204
4554,0.513617324387426,1.1793629946213768,1.1635652652717405,1.6423376605037443,651091406501113928,0.1,8,0,19.751609645246813,27.394552455498044,23.010553679980028,0.15567147623078795
4555,1.5962353393095727,0.9680187308499806,1.269389390214091,0.021633748064432412,2804886127342280481,0.4,10,8,31.23027395530867,31.33979295543492,31.03725445804042,0.11468045350578968
4556,1.0847338472202965,0.5223993886929559,1.3386816706249607,1.159699243392141,4829150057118166037,0.1,8,6,27.731220805453855,30.74106804696377,27.907940595309277,0.24525417924077292
4557,0.7032737580402197,1.5237382678031421,0.859439698090966,3.0145598436936014,5298393487680088999,0.25,8,0,20.052076757985105,26.64748769094811,20.33261852505734,0.03531573951328325
4558,1.8475875937195094,1.4552473918421642,0.7005449815280386,1.5962445517673918,4138564476189948636,0.1,8,8,30.577199848503977,30.76000504986744,29.898191355642297,0.09132607941314345
4559,1.8009246018962972,1.9198765804563866,1.985033212692965,0.9600026473507778,8115944121752505511,0.1,8,8,30.45562428986239,31.039010225981567,32.401171970929845,0.13519902997066194
4560,1.5989227197232037,1.1418706154791671,1.3015942493957375,2.021626211019752,8222639520087169226,0.25,8,0,28.47323570256281,31.030488574674916,28.40096495273618,0.031876152211698316
4561,1.611269325311254,1.3002352845402916,1.9568093337674801,2.544102245547522,7812716318163451960,0.25,8,0,26.315111728317135,31.001136220174217,27.364515317224736,0.036528137675515514
4562,1.6139664153557778,1.5562090040219774,0.9775675105468798,4.5267626381276616,5993663891651307466,0.25,8,0,22.27496528216134,27.860118671884862,20.981853471141616,0.035665228444504475
4563,0.7784925247029058,1.770247869453414,0.6764423453743009,3.2458203958607763,5726891530529465036,0.25,8,0,20.059020325716446,23.546774397172076,20.011523539542985,0.041693341486834734
4564,1.7759289731849723,1.6332931886529387,1.7168846699036056,3.4125176418829413,6202934390893856874,0.25,8,0,24.310188107562176,31.12138618861255,25.639742623232312,0.03784033938362411
4565,0.7655441449086269,1.8008870332826932,1.7655006739113581,3.05163718240708,4990904407871248396,0.25,8,0,20.080797879055673,24.484029794217903,21.185790051640122,0.039897130043659045
4566,1.2276245758493678,0.6883090211824072,0.5657676478577086,3.990266434788033,929423589153156818,0.25,8,0,20.24334048731221,27.3726802171443,19.980080458396642,0.04669595260942859
4567,0.665706135127367,0.6861310252445465,1.1318973517356052,3.6931918378427397,5388326431484705125,0.25,8,0,17.87416361570509,23.53566468880192,18.095149829057913,0.041309505615320444
4568,0.7829385498754396,1.3122646414535928,0.5680500825792911,0.9674664352590745,8661266600575471349,0.1,8,0,25.797721247317256,27.68627698522914,25.181790928076737,0.17465688821691894
4569,0.7319611331165963,1.159249640305625,1.708969757189514,3.4038757764877308,962157437410089682,0.25,8,0,18.07555864158566,23.68665572528721,19.77590701899571,0.032888049995210035
4570,0.9356923733567833,1.6798104470539206,1.3938053480821448,1.8297697021789483,5954875354016747100,0.25,8,0,26.27818457265497,27.65247443504608,25.478576613086027,0.030342738873617447
4571,0.9756664333552658,1.6424254329347248,1.936081637391735,0.2809288618306277,6244774140251566621,0.25,8,0,40.61166519378866,30.932331776290873,30.596730974428365,0.05033023444063929
4572,1.469899404020631,0.5117374929632243,0.524170223266307,2.7134845087758954,5920308744239263037,0.25,6,0,26.392406261835625,30.976518116399447,25.198674990075894,0.5131489163179137
4573,1.6906741703463184,1.2810113038101494,1.0837821701224457,3.8622075245549348,491996740958382851,0.25,8,0,22.269410427976265,27.576631738416868,23.366846598857776,0.029306962078318535
4574,0.5625046019273912,1.3797906959940436,1.2278921511493406,3.643061374929456,3910464663792864279,0.25,8,0,15.850523923747001,23.389723519757606,17.889567531142927,0.035609673697560934
4575,0.8972733166729293,0.6351887633332012,0.5312734256766551,1.9673048020956503,5973799738808885764,0.1,8,0,21.804191389976015,27.755018305769475,22.199383385433958,0.14210000438275294
4576,1.324819549695501,1.8883079698386194,0.8526063919609943,0.6633685051762084,8285292177300704805,0.1,8,8,30.48289357404368,31.262151243529857,30.271629853528285,0.10686214001643496
4577,0.6728590112967707,1.3693541171080699,1.7197141532649542,3.5085379360886777,6566714129385221797,0.25,8,0,18.00766948617599,23.53566468880192,19.19660290276905,0.03575598596097159
4578,1.4480120487562995,1.6923884734470913,1.7571023746036016,2.065137837446504,3820752663878655851,0.25,8,0,26.29377603837899,31.007764171190505,27.854645268110325,0.034199480523644174
4579,0.9177570821164416,1.1109053431693834,0.6790924778428686,2.081747448543587,7912423123333709009,0.1,8,0,21.793428859992424,27.771777553339227,23.760103119016286,0.11817611964004193
4580,0.8389834950680255,1.1325592613716058,0.6497847757504576,1.0957963170580198,7825660821798437581,0.1,8,0,25.767358919328366,27.66696124226739,25.270397261276983,0.14061490271729543
4581,1.528166505628016,0.5824076957470286,1.31818766937029,4.832751937446332,8710750079046917413,0.25,8,0,20.22030046711274,27.563281151369775,19.57583711178266,0.0428269554794272
4582,1.965585828307692,1.467557735502612,1.1118733183338778,4.873688911322728,8914814631117518903,0.25,8,0,22.23365105415983,27.57066658250221,21.95407539028067,0.044046750226571216
4583,1.5442418588568794,1.855650583672655,1.3207354734285734,2.1601499105013917,7048459382020312421,0.25,8,0,28.330513824012122,30.747064764549933,27.87336487736864,0.034229947077361635
4584,0.9024387100076787,1.0853525595209161,1.259423037093851,4.7323136555187055,444272498380453543,0.25,8,0,18.007101376088876,26.47762277490216,16.493547647013187,0.03544548748042547
4585,1.1022982047422551,0.9608755068452992,1.7358800040609013,4.348218582529143,1360401370868316302,0.25,8,0,20.13255902032572,26.47762277490216,19.001617685605897,0.035108922858028996
4586,1.3324620472936355,1.1205814978255946,1.710128983138013,1.6787989584072738,9141500632979110690,0.25,8,0,28.425956318646637,30.756533266001767,28.195226264889723,0.03271623024653332
4587,1.6348315239631408,1.0128742078504507,1.5185802268383246,0.20850804141357648,7649261973813360712,0.4,10,8,30.905188738795605,31.07341244792324,31.88153062623308,0.11583683782564363
4588,0.5489624755535529,0.7894629753008353,0.7914659692216542,4.106091693177258,1156784070852061178,0.1,8,0,15.60989774018432,23.541219542986997,15.182848799073959,0.17485966049316098
4589,1.1602942671225764,0.8963418507391567,1.0202592059867281,4.330150205163723,630893224316416205,0.25,8,0,20.146130539073347,26.521367251609647,18.92143011094547,0.03232383432631673
4590,1.6811468761456345,1.4284715061315225,1.8298612539361465,3.3534459873201095,8412612853451304285,0.25,8,0,26.28515970205782,30.707928291882336,25.314189268565684,0.03510400147686646
4591,1.359519051858291,1.0951347519389807,1.2041300686983074,0.007635182722424139,9081417941579580886,0.4,10,8,31.237848756470143,31.006817321045325,30.40476368472846,0.11651523153998601
4592,1.3803668682784076,1.9894571893357782,1.2634621093067107,0.804493889595308,1917768397334222573,0.1,8,8,30.41661406388082,31.191768716071202,30.727503941654277,0.10122317432050369
4593,1.9537640417367492,1.1091987952192175,1.2831186462326745,4.0828003066094185,5019104427080939996,0.25,8,0,24.31738416866557,27.748769094811262,24.25473243824083,0.03770468471799046
4594,1.0989865978404538,1.6953860538263938,1.635864432762013,2.832583526858035,5420974359901201777,0.25,8,0,22.15067541977023,27.757858856205026,23.57828907219161,0.02852429747988986
4595,1.7120755929052356,1.1898553169518564,0.6746164489608109,0.6249969789489929,6801867741628828402,0.4,10,8,31.163678828430754,31.020704456508014,30.28348248093889,0.12596560369220405
4596,1.7125719964317185,1.602401310067929,0.5811510151272103,1.547407831082122,1653575193492685759,0.1,8,8,30.488195934856712,31.01060472162606,29.575113695648305,0.09867735869447451
4597,1.7124552541024192,1.0808744086085906,1.3092457692898236,4.451574234156829,3084959824306779835,0.25,8,0,22.24163615705088,27.872333038757734,21.838478268491382,0.03337647623289372
4598,1.8780908388545696,0.9991951467861069,1.4451398080696207,4.003866689850087,6074017633173265473,0.25,8,0,24.316626688549427,27.751041535159704,24.144577707085876,0.036663155115190256
4599,1.103900137826487,1.0504096021780742,1.3946352900311676,4.266102817201392,4615698060673878824,0.25,8,0,20.136977654336576,26.48103143542482,19.066659629720046,0.027893632410356903
4600,1.394610762416595,1.218663683026885,0.9807979860500156,0.32541388237946833,4475126181267771695,0.4,10,8,30.979358666834997,31.07278121449312,30.189559684400706,0.09236124057638957
4601,0.8944509407625437,1.2330923839727248,1.8582671009831777,0.06042422941793246,2709753773151682365,0.1,8,8,32.98784875647014,31.095190001262466,30.711273556158396,0.14076055874454066
4602,0.6219797458434884,0.5879524926804653,0.515691555002983,3.0047669690214858,8057293589624452493,0.1,8,0,17.671348314606742,26.32025628077263,17.006097924069902,0.14620119427049566
4603,1.4445735099375423,1.552729830696234,1.7492758967706208,1.7091147173393422,7832898969437543030,0.25,8,0,28.379560661532636,30.752745865421033,28.849517448045585,0.034074581679554655
4604,0.9880774025472929,1.8882544472757197,1.7963381665615834,0.28334328051111024,93027637371658930,0.25,8,0,42.62899255144552,30.95474056306022,30.647025100594,0.05111835527126075
4605,0.5694235357220052,1.2152987923679468,0.9000904472938868,2.8929019980216655,5533052367668242630,0.1,8,0,17.6633947733872,23.389723519757606,19.625601951217654,0.1609157213004041
4606,0.7762462424179872,0.6648885074487155,0.5242583513827836,0.42660055969559907,4799946209036176129,0.7,8,6,31.75814291124858,30.95694988006565,23.107829315615778,0.47232986457331716
4607,1.1769677049713958,0.8800160464298001,1.7160108084714987,2.1481111809450164,5107579878173510730,0.25,8,0,26.345884358035605,30.730337078651683,25.903496672049684,0.03252125804742551
4608,0.8175793975924921,1.0343026427732431,1.4281370955253094,4.6463164375351305,6435237412092194554,0.25,8,0,17.845758111349575,23.68665572528721,16.368707418659323,0.037274072754248225
4609,1.521948771941506,1.3513099910944906,1.077977456120313,4.589476858253695,1053979723964691131,0.25,8,0,22.225318772882215,27.720931700542863,20.290503408773755,0.0315335720155549
4610,1.9201332929947144,1.7980855833736555,1.1719923966267545,1.7041075776193149,2356070866234745434,0.1,8,8,30.476454993056432,30.76000504986744,30.653134148528967,0.09457577496521236
4611,1.9509012699731756,1.946093024216015,1.8452878604604661,1.6259147641583427,1756758624943193277,0.1,8,8,30.51622269915415,30.76000504986744,31.666894340409055,0.14415268929588054
4612,1.3829359193197086,0.5417247305505285,1.3176361383042214,1.034397737870791,8288553421025203695,0.1,8,6,30.318520388839794,31.155788410554223,29.62140570002701,0.23538077818968955
4613,1.619829545652283,0.747651472918324,0.9571492789237649,3.3404207181122096,6791477866878834019,0.25,8,0,24.247317257921978,27.744224214114382,24.31491336517427,0.038252896081666814
4614,1.609352799967667,0.9111979877644094,0.8483152008303521,4.955979516862424,784013186001036097,0.25,8,0,22.271493498295673,27.681163994445143,19.441144931172698,0.04142305594388475
4615,1.2678169798197327,1.4236630385758353,1.3133218357501075,2.2688101416967292,561674085330871664,0.25,8,0,26.35326978916803,27.90272692841813,25.92772217164007,0.021908575035296366
4616,1.0789726266850141,0.8097162570046333,1.923498995712888,1.8580553696093283,5368651207451560473,0.25,8,0,26.35983461684131,27.66468880191895,26.333477647182228,0.04001811030711094
4617,1.3962636991880708,0.8659914032697644,1.73914077238264,0.972764468038193,7652313819454199989,0.1,8,8,30.48440853427598,31.19934351723267,30.418601000302257,0.08600927653143954
4618,0.5639971974721649,1.5710436751121482,1.5503563924711992,1.705745329102466,2424094212335269991,0.25,8,0,22.07499053149855,27.690537810882464,23.88563714066269,0.038126237325154876
4619,1.2087720258299741,1.6548224713702337,0.7621145947707653,4.760730287321774,2804674759278028111,0.25,8,0,20.15623027395531,26.361728317131675,17.932169842893924,0.04068252168031523
4620,1.074037125779681,1.3144834861658177,0.5958496549301248,2.1783590142401126,3401168980305335135,0.25,8,0,24.2984471657619,27.8231915162227,24.65280853082263,0.04013249156388114
4621,1.1707995020783122,0.6904271267431639,1.8430492268799274,3.8470253289412746,5466905502799795246,0.25,8,0,20.26732735765686,27.70701300340866,20.870717069397866,0.03844347776033341
4622,1.3096200983479185,1.8733169541526995,1.4765392379841555,4.931601240635247,5046811982027074337,0.25,8,0,20.162542608256537,27.548226234061357,18.4823455359764,0.0460995438341849
4623,0.675857977860169,0.5270442585525346,1.7676302471086864,3.564110595733654,7430652262982801356,0.25,8,0,17.907966165888144,23.52304002019947,18.88340189151092,0.04656005236180421
4624,0.6161176513656585,0.8309133056221867,0.6151511939597264,2.8940553452953584,2439776711649537128,0.1,8,0,17.695777048352483,26.47705466481505,18.12806716896805,0.10650132791694845
4625,1.6360944171487721,1.991665141682063,1.305283795143986,4.040732700943127,3435281261691374225,0.25,8,0,22.258995076379247,27.792229516475196,22.85228070626442,0.04197651849866204
4626,1.5877953594052179,1.1394143772547114,1.082862097068958,0.6133914446518873,4576526129954119646,0.4,10,8,30.956634263350587,31.102764802423938,30.86255572890933,0.08330208847616316
4627,1.9885832824905947,0.5345370624921555,1.6649781136926276,3.2562945535885186,4286091560494765747,0.25,8,0,26.384863022345666,30.84648402979422,26.994210643647502,0.05070322530955814
4628,1.2105158290497862,1.2956032899955936,1.66695663260078,4.440909719747775,3495433177069706264,0.25,8,0,20.1180406514329,27.498232546395656,19.367439761500638,0.032798897588290625
4629,0.52675240945782,0.9852253774172202,1.1844742166488027,4.774039494008763,8224676086932425191,0.25,8,0,15.715439969700796,20.593264739300594,14.225393458097011,0.04608826615990497
4630,1.7961713856848713,1.8621386054100746,1.0251328944878604,0.8339993513520233,7812797246299100071,0.1,8,8,30.402221941674032,31.27004166140639,31.443145579377493,0.08401486113959011
4631,1.5194099764636746,1.3169077536966523,1.5460104505209178,2.986148465827734,7707423873858046141,0.25,8,0,24.265496780709505,27.70417245297311,25.31320507225392,0.023623821686516947
4632,1.6318254697620844,0.884381314312467,1.7176187327993582,4.178852839248174,741238787821723551,0.25,8,0,24.26360308041914,27.742803938896603,22.405913225044646,0.036811732917519276
4633,1.66500888196285,1.102681710752669,0.6572301251554387,2.2173089819637375,5280496503637540765,0.25,8,0,28.43479358666835,30.76505491730842,27.790990024122845,0.044765919431880075
4634,1.5217794153470643,1.1881360140291894,0.699083632121686,1.3813009690915417,3159437490960940244,0.1,8,8,30.518116399444516,30.74674914783487,29.210552533217573,0.09443144285495837
4635,0.6528689598511882,1.2641334585351498,1.245745721301804,4.04362740094588,9170742942996356248,0.25,8,0,17.788947102638556,23.535159702057822,17.19313345828475,0.03465807510437299
4636,1.3864942786594012,0.8895360716423759,1.3979538063038974,2.9983303270162374,585296770084670544,0.25,8,0,24.2927660648908,30.442810251230906,24.34826381267896,0.026275180872814358
4637,1.6278464410957931,1.037652644939381,1.7847434960873643,2.4279820767005864,827626111625332784,0.25,8,0,26.393479358666834,30.84427471278879,27.645975119831427,0.03447195831893264
4638,1.439416599813576,1.6385656169951524,0.546117608172265,2.771918694642148,6888329429820818688,0.25,8,0,24.31473298825906,27.539988637798256,24.963678374371703,0.040234465364638074
4639,1.4381078593375556,0.9019891346544293,1.075981298676483,4.20860927213597,7368243454300674548,0.25,8,0,22.286422168918065,27.70474056306022,20.855186620400985,0.030839084247581194
4640,1.206132582285104,1.8980126572058629,0.8196548260912241,0.26521460380524053,6016901199356197352,0.1,8,8,30.525312460547912,31.037747759121324,30.52476285286365,0.12368745063577068
4641,0.944452324532024,1.2319114538349294,0.7193781435387987,4.912985077158908,2461160015301990166,0.25,8,0,18.014202752177756,23.68665572528721,15.901495134254926,0.04200342367265163
4642,1.5036817506705913,1.8305868155672838,0.6252744386227996,0.2924360418802996,3343056947143804005,0.4,10,8,30.956634263350587,31.01660143921222,30.871316157081147,0.16857357317716462
4643,1.7444910670417553,1.537577350342726,1.7326488966284526,3.9105436676765795,1957165852435836428,0.25,8,0,24.276858982451706,27.707865168539325,23.991488391503722,0.03781684518228659
4644,1.5583308490319259,1.6574723990233335,0.799849570394499,2.9586147511219223,7783989440408783211,0.25,8,0,26.36763034970332,27.900170433026133,25.23116694493385,0.0338993475247427
4645,1.37287108517673,1.328198921953511,1.587346234362491,4.637289421883543,8511949947876596804,0.25,8,0,20.16664562555233,27.588846105289733,19.648087454084127,0.03352868049388091
4646,0.6179791587245491,1.3559979300706957,1.1261482685207103,0.8471524916028578,6670359560403913899,0.1,8,0,27.784812523671253,27.680027774270926,26.01321524682551,0.17747390965419693
4647,1.993376932536855,1.0471044344914786,0.7627393113944737,1.8540039241926705,4053500984647312354,0.1,8,8,30.556369145309933,30.843327862643605,29.757198918417437,0.10736914324092126
4648,0.6820054674382918,0.9488426591063569,1.0043831974220563,4.3169866478841445,3740318606539423574,0.25,8,0,17.76139376341371,23.68665572528721,16.325234293059665,0.03968920738413649
4649,1.4048079215262783,1.905426076214872,0.9119352422587768,1.6829826628172195,7894480166755744635,0.25,8,0,28.42551445524555,31.025754323949,28.284747811836343,0.04057711241434594
4650,1.0179869877140408,1.3638695007198258,1.8849024260629035,2.634697408235379,4324902925979032774,0.25,8,0,22.142343138492613,27.75217775533392,23.801454109380053,0.03027746879287088
4651,1.961318263186467,0.7847077842710534,1.6873935250831646,2.7544499733596006,8345004092275896105,0.25,8,0,26.38978664310062,30.848693346799646,28.40027271032311,0.04522379291035781
4652,1.403454048695627,1.6103616314642502,0.8685427320694419,0.3355547533764075,8026690486342451224,0.4,10,8,30.881517485166015,31.257732609519003,30.73762794464911,0.12981879864740611
4653,1.5245299236295433,1.5932292697950479,1.4351091692192746,2.869601803950742,7799963091903957688,0.25,8,0,24.34730463325338,27.712694104279763,25.68317527006638,0.02550915822038873
4654,0.6811649334726645,1.7511309910063468,1.780863681728679,2.5870612381982827,2403651883519625901,0.25,8,0,20.073854311324325,27.529194546143163,22.10847544219293,0.039477510575253456
4655,1.666418026429647,1.6497206054650013,1.078393222231171,1.6150207926347038,33302871202576219,0.1,8,8,30.52758490089635,31.030804191389976,29.924259391123986,0.07182877029846016
4656,0.9255073394032852,0.5313142025453961,0.8142820406620682,1.6550511707205118,5276502688809456982,0.1,8,0,25.793618230021462,31.003345537179648,23.99680229155145,0.1365734359027233
4657,0.9541379378612365,1.642178082908913,1.5693789398104359,3.576077933971709,2825407960512358063,0.25,8,0,20.124668602449187,27.512719353616966,20.534132348306148,0.030712085851548023
4658,1.914118040894356,1.3023739902522542,0.7953119106172836,3.5931347284155004,2001531249520298374,0.25,8,0,24.31321802802676,30.979043050119937,25.234571375397607,0.03979926393214175
4659,1.0692503550330361,0.6130912535048963,0.7051743343352302,1.8472636079316866,8671083081737008444,0.4,10,6,27.900170433026133,27.882843075369273,24.920678055717765,0.3639402812159919
4660,1.798830526426856,1.246623571098902,1.6823188717744697,0.582729935530858,5108709078018943645,0.1,8,8,33.02805832596894,31.242267390480997,32.175131241654256,0.07424309059848674
4661,1.080411482670542,0.5640532387712915,1.781757256862722,0.35672522136688756,2545156625791635950,0.4,10,8,30.96294659765181,31.104974119429368,29.946770094326638,0.17532668275228266
4662,1.1761129654023914,1.3658603118807535,0.907455949323257,3.5383620531362974,246442833458783257,0.25,8,0,20.171695492993308,27.394552455498044,21.400921545997836,0.025354660302050518
4663,1.8967933464538655,0.9133029252001535,1.0786359522140947,0.267099539111329,4482580312265836216,0.4,10,8,30.950006312334303,31.287716197449814,31.340623668575308,0.11877273643103464
4664,0.6785439739489343,1.2287975995918958,1.6350390634067102,1.5809716261158335,2043608288141230843,0.25,8,0,22.141995960106048,27.51300340866052,24.851786175960964,0.03592091803390729
4665,1.1507840605178532,1.7532990581674,0.9500092196659942,3.6410782694098383,2104406149686036703,0.25,8,0,20.18179522787527,27.733714177502844,21.075247152988336,0.031150588819905345
4666,1.3080743313902126,1.3284176798675271,0.9787726312721522,1.6780024483731486,5224429753441240490,0.25,8,0,28.383979295543494,30.73980558010352,27.66365898831595,0.03340320305903158
4667,0.9081842133068441,1.7405126091375052,0.9048737678735175,2.153364735421629,5916995757377494876,0.25,8,0,24.167024365610402,27.517548289357407,24.101462763151886,0.03487240918414705
4668,0.8089553292955488,1.7108806263835663,1.585579042923062,3.6938438046266464,754944512432643252,0.25,8,0,18.055958843580356,23.68665572528721,19.407451201847024,0.0363416703279011
4669,1.3338719508368346,1.4629862279926928,1.0382048115078963,4.601560528442365,2058830296507774961,0.25,8,0,20.176429743719225,27.513287463704074,19.23069497246876,0.031580732621107235
4670,1.6964069201631047,1.0995462589089282,1.17423837676251,4.0642717431262865,3330077056650867722,0.25,8,0,22.24267769221058,27.576631738416868,22.821395449440445,0.030270218179409527
4671,1.356259232690577,0.9367282162040238,1.4374114219903884,2.904080120617984,2520782628868215401,0.25,8,0,24.29314480494887,27.748769094811262,24.492579561934456,0.024914986352896306
4672,0.6779057105588853,1.1509621153838951,1.9573837435568138,4.025068573313101,3619637782797668431,0.25,8,0,17.800593359424315,23.535159702057822,17.795867504452563,0.04380384501199219
4673,1.0580257202474925,1.8551101307175317,1.826776351328707,4.3184921095282185,1513820862405960167,0.25,8,0,20.098156798384043,23.53566468880192,19.118096719344948,0.046702495832676084
4674,1.1402360970831917,0.5513833629243128,0.5237084672935963,3.9019696852714114,1974666959701761923,0.1,8,0,21.77086226486555,27.513287463704074,19.663864537276705,0.173564966910053
4675,0.697143835977523,1.7753499435008688,0.8975493858922292,1.8444298873858007,783641965749669885,0.25,8,0,20.04955182426461,27.737690948112615,23.851849642189038,0.04096543771144358
4676,1.0790160419348933,0.8528582756037579,0.6089531850809395,2.3270306351819317,8340245667222674056,0.1,8,0,23.792450448175735,27.767800782729456,23.87118604323901,0.12652562442669613
4677,0.9849213881771228,0.7652119925424472,0.9247419087134872,2.997888067234724,6280972986979133583,0.25,8,0,22.26767453604343,27.721215755586417,21.805406905269837,0.03635426703745842
4678,1.4788249060134762,0.8701825324600454,0.9255176844599672,4.999284492411648,7625827866092031087,0.25,8,0,22.280867314732987,27.70871733366999,18.648161581737355,0.039605411267617796
4679,0.5208380883054722,0.6681457154468036,1.1538317373334497,1.214849663879451,1551266716356198831,0.1,8,0,23.78222446660775,27.728317131675293,22.81680301104892,0.1316527942390523
4680,1.4045564530440184,1.1318871953788783,1.681285950981121,1.5891665193615472,3282101992520548425,0.25,8,0,28.447165761898752,30.774207802045197,28.8415585758422,0.033716349887425445
4681,1.6045621277084692,0.8730174228021329,0.8018918597833697,4.801248422534585,1210045627995160656,0.25,8,0,22.26767453604343,27.401937886630478,19.859603339607446,0.04143577131927186
4682,0.8132826088032696,1.0382412604855653,1.1054873828609428,3.3065846101811314,3392460274964641205,0.25,8,0,20.111412700416615,26.486712536295926,20.123259080485735,0.028943258094372232
4683,1.2842310501876821,0.6011770333333262,1.9898841546263988,1.4179828909390917,2692724849099693397,0.25,8,0,30.518873879560665,31.009342254765812,28.74520726647705,0.05002064646022518
4684,1.958417853728883,1.3084462517793767,0.6460304421985779,3.3649263318005955,7875752887589874144,0.25,8,0,24.380255018305768,30.718659260194418,26.070073068031824,0.04466952792058973
4685,0.9185273904036331,0.7705329201259494,0.5921306103561533,3.6663000630206466,3721298972242850074,0.1,8,0,19.73551319277869,26.48387198586037,18.926236886905834,0.124052088856954
4686,1.627563277424584,0.61145893748432,0.9725711324880247,0.31990879368503256,2686389914707927594,0.4,10,8,30.78209821992173,31.26278247695998,29.641741635746367,0.13766496312565876
4687,1.3591870030384445,0.6245447041601737,1.4273621228153275,0.3259427745880189,6932874796074950481,0.4,10,8,30.9036106552203,30.974308799394016,30.04066801890878,0.11558409521734492
4688,1.2323291030243362,1.4682484691108755,1.2248879121643674,4.61845599318626,2773397652538063654,0.25,8,0,20.154652190380006,27.539704582754702,18.73880293878235,0.031072929525165292
4689,0.8306909986903462,1.4886819241790334,0.9479029742165567,2.809361594473789,7164629635129666067,0.25,8,0,20.154967807095066,27.828304507006692,21.696453104214196,0.02961484648219262
4690,1.0284750252165633,1.5754793023181135,1.9939259934729971,4.343409385415564,8866649561291899320,0.25,8,0,20.084269662921347,26.331902537558392,18.921489858124975,0.045398698077221834
4691,1.6445648861198467,1.9299007782286854,1.5820321871182823,2.9081689027747046,4223888430187385035,0.25,8,0,24.331776290872362,27.891932836763036,26.399075588933137,0.038400605256213666
4692,1.8634655781715581,1.6124443804400588,1.598398905295598,0.6404075326031861,3225288523867435165,0.1,8,8,30.42153768463578,31.108130286579975,32.37526382707162,0.08072727966532411
4693,1.7079857697511698,1.445442373186694,0.9271564264990071,4.642601744890448,6975255758441705516,0.25,8,0,22.272187855068804,27.68570887514203,21.110943160064323,0.03701388191624629
4694,1.7062682051988252,1.2997732763627088,1.883105130466763,4.401676791899721,1142149530575691532,0.25,8,0,22.240941800277742,27.39824517106426,22.368292820486886,0.041625805780228356
4695,0.6332169428515746,1.0928578957433417,1.2141224652104485,1.0934713595916308,1362160896754860287,0.1,8,0,23.771998485039767,27.671222067920716,25.32862187554887,0.1364992630913388
4696,1.2499329459502215,1.861079706144072,0.7585150988608067,2.9378641000463785,5553032711605932579,0.25,8,0,22.148939527837392,27.393984345410935,23.604300803742348,0.03612766299330421
4697,1.740425662769776,0.9236448732720478,1.3576939311438878,1.7267155655522166,1444189701594988194,0.1,8,8,30.56015654589067,30.83133442747128,29.86092534005404,0.0733026688916036
4698,1.5172515420329926,1.614359014335884,0.8097215169396342,1.3132764841839883,7213174911108824510,0.1,8,8,30.515843959096074,31.012498421916423,29.665669424920765,0.08028985770952625
4699,1.5525367997027466,1.1469707720451208,1.313924216548433,2.86225776110608,8472466347640400115,0.25,8,0,24.309809367504105,27.90130665320035,25.67820515171198,0.02412928988301158
4700,0.7374066740093805,1.3722788327980084,0.7837949325950586,0.16545732065179897,5501167361549199260,0.4,10,0,29.144047468753946,31.059209695745487,26.848268362440212,0.272208398536335
4701,1.5423363760673752,1.7702302323505696,1.6474512267230939,0.5614243548724779,3787625478255629427,0.1,8,8,33.01164625678576,31.015970205782097,31.78129499357163,0.08672955418098859
4702,0.8660631310702058,1.237831739342739,0.6762624049178092,3.3800247918223105,748582712736162637,0.25,8,0,20.15654589067037,26.50886882969322,19.980115501771873,0.035964832170219244
4703,0.9923713133249035,1.510098183307859,1.27429637879172,0.6500352846191504,9052769759017108199,0.25,8,0,32.48377730084585,30.882148718596135,29.169910496903682,0.04093868501327521
4704,1.2740818593672105,0.9318088552190409,1.1738546410444046,0.04495195615897729,5237155852879328426,0.4,10,8,30.913079156672136,31.05226612801414,29.784740007684587,0.12055816435015969
4705,1.6772094293023407,0.5768462678918377,1.4801485493382427,2.2710050965013395,1873893519883279548,0.25,8,0,28.43479358666835,30.830071960611033,28.086215771045477,0.04462283221802964
4706,1.1050392503377324,1.143389478806517,0.9785485026529719,2.1575985679455134,568357807141725757,0.25,8,0,24.302234566342634,27.899602322939025,25.079064695294043,0.029912553527816608
4707,1.5444550111292672,1.093608646953338,1.518484067329562,0.8123506266215003,699223510980556327,0.1,8,8,30.535538442115893,30.882464335311198,30.93037901771521,0.06043747317649902
4708,1.7160353792127068,1.8938325817846278,1.3722658301913937,1.530754266953529,7075332849468823864,0.1,8,8,27.97667592475698,30.83701552834238,30.626604835335254,0.09552564005374202
4709,1.4002629225673178,1.9452186722559655,1.2570520880518705,2.1907547843414914,4008989945246008754,0.25,8,0,26.290083322812773,27.705876783234437,26.968163370760834,0.034266767769961376
4710,1.089212507425502,1.2770457835962332,1.9286200740333537,4.720272931230615,4375582889960960143,0.25,8,0,20.093106930943062,26.48387198586037,18.035003535026632,0.04304972544173559
4711,1.2084855466343698,1.110436780700815,0.803113182806737,4.541346441556628,8504859738154174321,0.25,8,0,20.147077389218534,26.54352354500694,18.493484711250197,0.0343837129262329
4712,0.9902075498448515,1.8392389491521262,1.3281650963817064,1.2930813280975317,3123028256954474822,0.25,8,0,28.37470016412069,27.678891554096708,27.370009522359794,0.037039206655417
4713,1.2682252147584159,0.9595537734733801,1.159456258029406,3.1758191175387296,4584551027827724760,0.25,8,0,22.23226234061356,27.50504986744098,23.042949091952195,0.02433974489626836
4714,1.0875054962209467,1.5083161726685597,1.7384649486163273,1.7575887282311053,5708781872807842322,0.25,8,0,24.289357404368133,27.90272692841813,26.714487984894987,0.030564498185618516
4715,0.9251899262417578,1.5093880758730558,1.5277947039801396,2.3696085596001684,7938059171978497375,0.25,8,0,22.150328241383665,27.389723519757606,23.87844849475878,0.025244934348499243
4716,1.3949093899459708,1.7228071444412563,0.9005525113581729,4.4231723634419575,5767136619839782579,0.25,8,0,22.196155788410557,27.638839792955434,20.07538434284537,0.0362163405667481
4717,1.5253563663397518,1.7266952005716552,1.763871401400132,2.2827704621960248,7279184754396650282,0.25,8,0,26.288852417624035,27.919770231031436,27.647826436654892,0.034966033572713454
4718,1.5199570504308526,1.601811883567236,1.7754324864275537,3.192669902459026,8302893589332206236,0.25,8,0,24.26360308041914,27.69252619618735,24.909155905109394,0.03221096565351093
4719,1.1556268794140654,1.754047005109372,0.9672272182229876,0.7846726425515488,1716453732542207517,0.25,8,0,32.48377730084585,30.99387703572781,29.541880548889008,0.04446684937285167
4720,1.6558547381641016,1.6210368826984185,0.7043087765074738,1.011510668916904,1613488993187077019,0.1,8,8,30.522661280141396,31.264676177250344,30.349582243644416,0.08706729727241279
4721,1.3050810825648487,1.9526023957246497,1.3201174443602968,2.2105210001640128,5040833297206320582,0.25,8,0,24.322307789420528,27.907839919202118,26.424154508255853,0.033494234667631476
4722,1.6822666977419822,1.7088183580304013,1.4864282499488644,1.2943704600338073,5052933110234670463,0.1,8,8,30.536295922232043,30.88341118545638,30.87935327091958,0.07647484303444171
4723,1.0366122393703732,1.3405364778617903,1.9676014404936526,3.484030065119319,2849276957770677118,0.25,8,0,20.180848377730083,27.513287463704074,21.432034878882988,0.03467113940194119
4724,1.7224763130129672,1.196570796761589,0.9519481039310718,2.6786541974152787,1255722571237278951,0.25,8,0,26.336447418255272,30.794407271809114,26.95100648251397,0.03375735879045607
4725,1.8548230384442976,1.1658287041886528,0.7798426031336384,2.9845573168822845,3113106025247839214,0.25,8,0,24.355636914530997,30.76063628329756,26.66699102635795,0.04017623800975567
4726,1.6093938188279433,1.9565585676837993,1.9249246955410269,0.5730907802685892,6192461907897418578,0.1,8,8,30.477212473172578,31.235323822749656,32.3165636968879,0.12209335584679776
4727,1.4093982316834701,1.6038557630675798,1.051029505672682,1.5526208294273725,3731462763859972149,0.25,8,0,28.405630602196695,31.031435424820096,28.69552031075812,0.03452770615924851
4728,0.7413558995930776,1.5816601003070552,1.1161771965696716,4.628255140571873,1429379007802547275,0.25,8,0,17.838372680217145,23.53566468880192,15.957366642947884,0.04069248256078576
4729,0.8787803398343905,1.5523751187732484,1.4718203913923567,2.996433834391788,8299838738822585588,0.25,8,0,20.147393005933594,27.513287463704074,21.746723352654328,0.025806332461116726
4730,1.2891535938301564,1.0751381237635602,1.6322464785356119,1.8280578910600047,5490295139758214557,0.25,8,0,28.437444767074865,31.037116525691204,27.450379998382346,0.030103841401862706
4731,1.8984835629782388,1.886106241544392,0.9769633097574615,0.48768787419500137,6314165479718602827,0.1,8,8,33.02723772250978,31.2773008458528,32.14870256863471,0.09816670460609406
4732,1.2980335462511752,1.8100971048105556,0.7065156805654826,4.818498042663461,2812448283773650784,0.25,8,0,20.144868072213104,27.339445777048354,18.27525293088023,0.04455043451617503
4733,1.9091180810282182,1.5754826291101178,1.4739742169617158,0.03293833825374737,3361347575921998647,0.1,8,8,35.589445777048354,31.109708370155285,33.19480689405014,0.09639357165106843
4734,0.7212578276310124,0.8682347616307753,1.8245678750494367,4.452948835057439,2169833105028768089,0.25,8,0,17.759405378108823,23.541219542986997,16.634655440779635,0.044507271532358804
4735,0.9002028665380232,1.8680169268530795,0.7951683572262592,4.325932467695029,1207453309074073125,0.25,8,0,18.074138366367883,23.68665572528721,17.60222937817849,0.04371785080868747
4736,0.9811324593206786,1.4223347905130512,1.4505694683967012,0.5434095359790037,8075959288809297953,0.25,8,0,32.59133947733872,31.233114505744226,29.50842372714409,0.04140731613725207
4737,0.6909792807323943,1.0713617395402737,1.052611218629863,0.6304249883296392,2660027810502367549,0.1,8,0,29.821992172705468,30.843327862643605,26.318335235622186,0.13262645411317867
4738,1.2171841144141669,1.5742035853442438,1.6732751845259963,1.2825529831860512,7109560524445330586,0.25,8,0,28.414909733619496,30.84648402979422,28.80594257286382,0.03431977514600615
4739,1.7135796739042268,1.3002422749439333,1.7654323182488614,1.2163061466157772,3285454683694549615,0.1,8,8,30.527963640954425,30.95505617977528,31.146242897257267,0.07275339680692702
4740,0.8359082228188924,0.5132488774445425,1.6812560600818895,1.0984237732556401,3313496830092053742,0.25,8,0,26.40004418634011,30.74674914783487,27.00384116041171,0.0525202442961318
4741,1.9652319956747029,0.5498963033794988,1.7218761532149465,3.915533933847273,779529653657022499,0.25,8,0,24.325716449943187,27.63117030677945,24.957112532323958,0.049853351467775094
4742,1.5239564476729681,1.044447133623438,1.7231289939559766,4.913564498197861,2967697129044544855,0.25,8,0,22.25587047090014,27.513287463704074,19.687663754499475,0.039680288654129
4743,1.3382219116618361,1.900454031135985,1.5199775523281072,4.306279417574764,7038424683543357211,0.25,8,0,20.181163994445143,27.65843959096074,20.531826970083838,0.04039052280820849
4744,1.9310970122379654,1.4583746047515143,1.039508934672139,1.5827604879744457,4888283434536358912,0.1,8,8,27.953067794470396,30.76000504986744,30.51415285613379,0.07333516050369036
4745,1.4944161430012475,0.5443168100950508,1.5253015166989825,1.1686401056662072,775846684686156272,0.1,8,8,30.524554980431766,30.73885872995834,30.011033710921,0.10301462087007099
4746,0.7025668182206412,0.8983337621141069,1.075529624153655,0.2884298543380692,6122591536401524596,0.4,6,0,29.65408408029289,31.11381138745108,26.460934418297633,0.27045327528988017
4747,1.944363756867215,0.97573216156546,1.864433918958824,3.741937752857713,8463574521625903292,0.25,8,0,26.311419012750918,27.88994445145815,25.54165531179653,0.043724988384980464
4748,1.9465821568019261,0.5825587069414655,0.995880296951589,2.588720550675005,2939268263732807744,0.25,8,0,28.46970079535412,31.028279257669485,28.336766919206024,0.052150117006769366
4749,0.9597453512943482,0.6943899810724292,1.3148938197489914,1.9848689243205075,580535636677475007,0.25,8,0,24.328746370407778,27.696502966797123,24.887859235996974,0.038300500739423225
4750,1.6941676345789876,0.5421063950442752,1.3475889298224257,3.691121170731898,1143787054655674443,0.25,8,0,24.295038505239233,30.786516853932582,23.89452031836063,0.04118582941074865
4751,1.2486422362283407,1.148176280521605,0.5160787824840176,3.6834373342363795,6668690503666823280,0.25,8,0,22.286074990531496,27.74195177376594,21.087462195474465,0.038723924324577545
4752,1.3506082372415678,0.7362241372404823,1.5198853731166977,2.9321969571799666,785819420245372386,0.25,8,0,24.28140386314859,27.497664436308547,24.3868698040563,0.03098573299672713
4753,0.9232454825306021,1.0777641103069149,1.8236098232620075,1.64414898842432,366114131661875119,0.25,8,0,26.354090392627192,30.794407271809114,26.090188928798057,0.03519740460289362
4754,1.7922438959898295,0.8516671060336343,1.0605684300066542,3.9538648360979027,8836719024171040802,0.25,8,0,22.26767453604343,27.50107309683121,23.55855931533216,0.037121007619413254
4755,1.3391810204435026,1.312629217382803,1.8348343491294021,3.2432907859378983,8390014292805013176,0.25,8,0,22.26489710895089,27.74706476454993,23.73033199662444,0.02825282513052697
4756,1.3630647837373406,0.7447999388637879,0.6256685944378908,0.12880744590110238,5826208119613904827,0.1,10,6,30.60850902663805,31.08982451710643,27.59524017996159,0.6584630901965135
4757,1.2103677857559823,0.5230079045565188,0.8061789274167914,0.8374332106184534,6692438834189551774,0.25,6,6,31.66014392122207,31.02638555737912,26.526111790083117,0.42308694175337475
4758,0.8300939963662781,1.2758065195631239,0.5040109119074454,0.7461703781151646,3786652320494806764,0.4,10,0,29.19233682615831,31.011867188486303,25.514869541692573,0.27431256761354317
4759,0.7492336419024921,1.5832774907566636,1.588320197818181,4.54579979321655,7752692284970433550,0.25,8,0,17.929554349198334,23.529604847872744,16.538856580109154,0.0424099431779333
4760,1.712055526971651,1.2468225294859685,0.9344599146957995,1.8413891114327618,6602021959787101903,0.1,8,8,28.05999873753314,30.843327862643605,29.34146312134373,0.07347403406267058
4761,1.761562558933493,1.7227633718966235,1.9818078488317057,0.9616561439856458,7892814618256133125,0.1,8,8,30.516601439212224,31.038378992551444,32.07093690779377,0.11214027112550053
4762,1.993282752759845,1.1739321855591898,0.6326301959823677,2.5716617128699837,8266182831638321977,0.25,8,0,26.42999621259942,30.755270799141524,28.558081820258955,0.04938669985031609
4763,1.4544233654416159,0.8712504474289476,0.6052846405021299,4.0986081712489,3147911621646315591,0.25,8,0,22.245455119303116,27.69905946218912,20.986978951879383,0.04136340259047397
4764,1.4053276093166023,1.1085570463103473,0.816854133792406,1.8595857258394377,3233179900864493059,0.25,8,0,26.361475823759626,27.686561040272693,27.50726861789756,0.03855277253686644
4765,1.993681990213862,1.1613943152137662,1.9881223746424115,0.9080646565519418,6640966816072721698,0.1,8,8,30.523040020199467,31.094243151117283,32.463412422253626,0.10580510791928993
4766,1.850759668732588,1.0214961511671543,1.4124647891576827,4.006999673560827,2859425928566980443,0.25,8,0,24.28140386314859,30.44628203509658,23.975095194470775,0.034741600421120095
4767,0.8592300575303651,0.8362401418531,0.7798981151153277,0.33622659221801354,2662610571792229223,0.25,10,0,29.123847998990023,31.102764802423938,25.667008326191638,0.2334617219710312
4768,0.8545405053495552,1.6766224202205953,1.650967245458343,0.44657514773047247,379914166908901943,0.25,8,0,34.47752808988764,31.08824643353112,29.27606279011165,0.04519131306515056
4769,1.6218544148655607,1.9049222518508069,0.6565905599312337,4.482066417381635,18889216129638061,0.25,8,0,22.197197323570258,27.799046837520518,21.050367881879815,0.04655134259629482
4770,1.8190280626886386,1.7126791103248964,1.91757560750903,3.9500455348082166,9107926821441338102,0.25,8,0,24.290114884484282,27.74479232420149,24.439377249505878,0.04680378245942377
4771,1.9132849935997114,1.2775889512702985,0.6328954783897041,2.1763288576200814,5708917148482089679,0.1,8,8,28.067983840424187,31.038378992551444,29.07791324981062,0.1068484342349855
4772,0.7102518298202208,0.6546076055840271,0.6130499951121389,3.804328536622709,2270745624787059733,0.1,8,0,17.604595379371293,23.53566468880192,16.453604394325374,0.13350730312200695
4773,0.9428669218567527,0.7286300266295618,0.8017287733165208,4.521441267065872,5267152848234306850,0.25,8,0,18.06220805453857,23.693725539704584,17.001323838981428,0.042852140595714336
4774,1.8963585657163144,0.8540626884339408,1.8964653320670775,3.1552145585237974,5185850142695322552,0.25,8,0,26.38117030677945,30.832596894331523,26.996182012701716,0.04395444760604866
4775,1.2097725947797,0.7993761148700448,1.907141098929649,3.656154127440248,1975328492152253973,0.25,8,0,22.274618103774774,27.6618482514834,21.72251308389036,0.036108632337020254
4776,1.643897524801691,0.6307000163570979,1.3629239882731035,0.738042701327376,1369646319746460303,0.4,10,8,31.15799772755965,30.940853427597528,30.72743375059838,0.12043405087175629
4777,1.51824998752839,1.8526847799760646,1.7844377654584873,0.18115729517758916,4918870381361160774,0.1,8,8,33.07278121449312,31.30696881706855,32.42120248866807,0.1038806468820705
4778,1.2665674556476123,0.8822464963915293,0.8729230918541673,3.516416759453509,4316340201385822304,0.25,8,0,22.276353995707613,27.49510794091655,21.83516576344271,0.03189554922354447
4779,1.837324724084511,0.6008261525592221,1.6781220172757245,1.3822144909538092,837854888346744466,0.1,8,8,30.480999873753312,30.961368514076504,30.757799416190977,0.1029579665588653
4780,1.7238669778659603,0.5422276477107459,1.0178010715869665,4.808921058353672,5817390333814140895,0.25,8,0,22.253787400580734,27.494539830829442,20.55269401302541,0.046823042778339236
4781,0.6447921027119855,0.9273603013058159,1.4590894480887926,1.3079342209485274,3115127732771626280,0.25,8,0,24.285948743845474,27.671222067920716,25.292460946973126,0.04201398443605123
4782,1.0986149245729906,0.7315545384437991,1.4430414619774683,3.198664763663786,5545422514965209723,0.25,8,0,22.280172957959856,27.75587047090014,22.161097412281453,0.029968720571321616
4783,1.8918926137002554,1.6779976641207845,1.6228464057557872,4.297235226522702,4741490911729405052,0.25,8,0,24.274965282161343,27.400517611412702,23.62832864922672,0.043517292826989025
4784,0.8481761139392334,1.1381154833327871,0.6440988152275433,3.0766717078304056,6693760134099124151,0.1,8,0,19.76139376341371,27.598788031814163,20.685058186118145,0.13028295181348346
4785,1.7222141911615674,1.2483900037996116,0.6520686606159589,4.8906070106384885,311420829493139298,0.25,8,0,22.275659638934478,27.885683625804823,20.248208055954393,0.04303841129375777
4786,1.665517639634927,1.3299549008681955,1.5631646192291375,4.90627621754837,6009770304701993137,0.25,8,0,22.286074990531496,27.744224214114382,20.467267007653838,0.03854829432554248
4787,0.8467094564640233,1.5901871289938951,0.7030270664710374,4.79094543642537,3479538718085779845,0.25,8,0,17.98778563312713,23.535159702057822,15.824292285290506,0.04466172588202477
4788,1.7878838900553709,1.782608239323502,0.7937435994770305,1.4615226118769016,2621608735858973564,0.1,8,8,30.49349829566974,30.890039136472666,30.20347586216867,0.08671896480998086
4789,1.1699304667046235,1.3048862570659654,1.477593597941104,1.9245930328466514,5738949164918669257,0.25,8,0,24.299583385936117,27.566973866935992,26.467602916210502,0.024509405362935652
4790,1.083534077802814,0.685052489952246,0.7007865711258701,0.8531882342754221,5290510698912472060,0.1,10,0,29.073033707865168,30.832281277616463,25.896670393932016,0.2001868398539262
4791,1.4799629818697329,0.8030193883646752,0.7259254069640448,0.06664559110581614,9074688190755106508,0.1,6,0,29.650612296427216,31.058894079030424,28.62312042955753,0.31718950472929713
4792,1.890621657348968,1.7727228252567921,1.674827538700255,4.284261638797616,8347889296176811401,0.25,8,0,24.274586542103272,27.56896225224088,23.719602592142582,0.04618783452522177
4793,1.4658205441646859,0.6773079756165814,1.6474319778967548,1.905007202256273,8453753865699562471,0.25,8,0,26.426303497033203,30.768526701174093,28.112741753744643,0.040808940588785585
4794,0.7867119191784389,0.7262830571708163,1.6127244950554103,0.26455390423353986,562699649611261079,0.4,6,0,29.666077515465222,30.98756470142659,28.60948877367066,0.31238206288948156
4795,1.7571866063025938,1.9110531729209845,0.7366439636495785,1.8227282610513684,3769628013126238528,0.1,8,8,30.509405378108823,31.030804191389976,29.604088971275754,0.10387117731109881
4796,1.6364475226194082,1.7383528183557173,1.9447132101302522,1.2670084402764732,8598512729520630912,0.1,8,8,30.536295922232043,30.90834490594622,31.24914670175821,0.11328837995436797
4797,0.8420176773497499,1.34037268464583,1.2718024704978106,2.5939952443285246,8181019446137924310,0.25,8,0,22.178796869082188,27.792797626562304,22.565744461961096,0.024097064385262414
4798,1.1035691883876715,1.2938264379400515,0.5197769614416023,2.9688976506517033,5641648657103412093,0.25,8,0,22.243372048983716,27.6092980684257,22.435641228989656,0.03830663510090543
4799,1.8038918993068815,1.11020738280995,1.4868259342641543,1.473402878240761,2508063059622758718,0.1,8,8,30.510920338341123,30.817762908723644,30.594437770478923,0.06277337784255618
4800,0.5790686044904132,1.2710799075270025,1.1610437624412688,1.9133482035549065,7925162615048242030,0.1,8,0,19.752240878676936,27.751609645246813,23.070761181140238,0.16503549833319678
4801,1.491708477403718,1.117306601700219,0.8042297262239638,1.108399337528807,5986514059843906012,0.1,8,6,30.360939275344023,30.864789799267772,29.626803024439585,0.1410070172561065
4802,1.7931887008635239,1.476275000225949,1.4130343329515314,1.2301880588939333,2303403402997942598,0.1,8,8,30.56508016664562,31.22364600429239,31.032073643093668,0.056880288677127716
4803,1.7052350182682168,1.519299037585585,0.7905659463728372,0.644286996329429,7272129379096794605,0.1,8,8,30.402221941674032,31.102764802423938,31.06198888559442,0.08667775081061052
4804,1.2352071457324052,0.5288925910044621,1.7760154512573223,0.209497107280886,8762567201833123577,0.4,10,8,31.238479989900263,31.029226107814672,30.401606644807835,0.15944052048725682
4805,0.9628351881179396,0.7207169733528922,1.438037556303207,1.1370805236153758,7488486632788078918,0.25,8,0,28.446723898497666,30.75243024870597,27.479130368108212,0.044633238564365824
4806,0.6906599557856723,0.7874798326681441,1.0581066484511619,1.3939304845604576,8079728015872975643,0.1,8,0,23.793207928291885,27.63514707738922,23.920605646084354,0.09424953076375428
4807,1.7996987368235582,0.7750646916471124,0.6790110597653448,1.1716242686279488,6990838431921472922,0.4,10,8,31.14568867567226,31.289925514455245,29.71135769242061,0.20602008592659202
4808,1.5239170713255046,1.1360860740930134,1.244002403059602,1.4663904392051967,8331940662931741823,0.25,8,0,30.539704582754702,30.84648402979422,29.58785796789995,0.03602993917372552
4809,0.7404463983331848,1.7040903871069462,1.7877016627863405,4.863405537105599,3974210415107992356,0.25,8,0,15.777805832596894,23.529604847872744,15.716087234243426,0.051701920289451295
4810,1.1827399301779906,0.8251058914489207,1.08660001600445,2.4718318365088354,8315850254292483237,0.25,8,0,24.284812523671253,30.805138240121195,24.572574356598494,0.03209116467822273
4811,1.0131969750381216,1.4657202202934312,1.0302697562377388,2.7354006818024996,4282450136609581485,0.25,8,0,22.15588309556874,27.86892437823507,22.976964633413097,0.024095774999709527
4812,1.0713956818694745,1.1473761035675762,0.8485146833455162,0.04022049741316036,7626464445668306202,0.1,10,0,29.18381517485166,31.05731599545512,28.26372231777659,0.22966988743899344
4813,1.62665341753332,0.7303223248976156,1.720211531521762,3.276604902844971,6371104077159566364,0.25,8,0,24.255649539199595,27.67150612296427,25.01409559801466,0.036711798311693064
4814,1.2655176186841646,1.3754979880526108,1.4620931935795705,0.08725065002573529,5309318274555551064,0.4,10,8,31.00366115389471,31.03964145941169,31.371227221989034,0.1483764924162745
4815,1.0870969337121714,1.1291661487084759,1.5807263223844092,1.558948205290021,5659745516654118336,0.25,8,0,26.320855952531247,27.671222067920716,27.107279300776074,0.03070991906570725
4816,0.806079630462077,0.831568818154181,1.8241288518232281,3.3283363301922106,8891234890565362310,0.25,8,0,20.116146951142532,26.322812776164625,20.41784509320521,0.03654052251817238
4817,0.8172485199573273,1.0918835371228728,0.9361705260643327,3.6327997861797314,4062430782913271668,0.25,8,0,20.083322812776167,26.48387198586037,19.103568429137724,0.03158658056248592
4818,1.255369473648103,1.6704157946072886,1.6315086902685143,2.9209950507513383,4860203658840237851,0.25,8,0,22.271146319909104,27.515843959096074,24.18063586180697,0.026952741267237332
4819,1.7391436803084006,0.8730647373560497,1.9215490825539756,3.0580103731769572,1265355567448501423,0.25,8,0,26.375015780835756,30.597146824895844,26.43310625904998,0.04016241982480225
4820,0.8988827899547154,0.9049741989913134,1.6041741912659764,3.226352630122689,5677618673039110669,0.25,8,0,20.131927786895595,27.234345410932963,21.114149754874436,0.02908520620101383
4821,0.7291484619488333,1.4122593800824064,1.1388750202362614,0.33748856456139786,7998224233691277420,0.1,8,6,30.30867314732988,30.981567983840424,28.186144644026957,0.20813403576432443
4822,1.2953638602338002,1.657131799980605,1.3032014402307872,2.3970995164276943,6592718704005924583,0.25,8,0,24.302234566342634,27.546805958843578,25.741751481036992,0.02424968894618392
4823,1.6322065416902527,1.706497668306905,1.8200366078222476,0.32037657616351023,1916073392092984272,0.1,8,8,30.50902663805075,31.086983966670875,32.4729465506474,0.09259653316333259
4824,0.7073882488709577,0.7938660840304694,1.3242793802230057,0.18555161033343315,7137445294793690230,0.25,8,6,30.95366746622901,30.856583764676174,27.48922037493857,0.4086490925987028
4825,1.1792079972633167,1.6008203701035615,1.632007092102214,3.3638965922237043,276545400581745989,0.25,8,0,22.18886504229264,27.803875773260952,22.43652435537201,0.02676110765610095
4826,1.4897832719492985,1.2482196289754461,1.1335664244052481,2.8206110795964,6085490886504640854,0.25,8,0,24.313596768084835,30.794091655094054,25.36647883842888,0.023141059900530635
4827,1.0385894554226418,1.4831121466518016,1.829719595158414,4.455894767957462,2187141877335582596,0.25,8,0,20.096578714808736,26.47762277490216,18.534095896752547,0.039695721607307964
4828,0.5208589155601275,1.2311783826426497,1.8349244332551746,0.3830191607618416,5668136601438648037,0.25,8,0,30.38536800908976,27.982546395657113,27.62307531131554,0.05142451514495687
4829,0.9917630650100966,1.6663248863481412,1.3826118654009307,0.5102315664852691,4300337181491058604,0.25,8,0,36.51698017927029,31.220805453856837,29.67997096382645,0.042485619235864115
4830,1.406751175833811,0.5837156109783237,1.1124719160513807,2.549894175103711,1661008382059373676,0.25,8,0,26.42712410049236,30.997664436308547,25.53800259395243,0.040177858142258466
4831,1.5665870108521336,1.7958799484274826,0.5609445738104899,1.8257225845135054,5652934413563789744,0.25,8,0,28.372490847115266,31.01092033834112,28.51093445401457,0.04746365008229896
4832,1.0155813564553646,0.8654083475981209,0.9743204076918208,1.8881996052557741,992952836441493635,0.25,8,0,26.376246686024494,27.698491352102007,25.31793410408218,0.03824862770746851
4833,1.901129256166374,1.802150287618916,0.953784197141434,3.7646855952078346,845162658270211817,0.25,8,0,24.264360560535287,27.72689685645752,24.872970598972778,0.041298958517420443
4834,1.659938487503767,0.7098876732544579,1.2984423020006814,1.0264481018881528,3173874818213264166,0.1,8,8,30.48516601439212,31.00650170433026,30.4912584317048,0.09011558297042331
4835,1.5250753894842626,1.212833245006063,1.3587072199532158,3.4353728899432303,3826384213062294690,0.25,8,0,24.29428102512309,27.589982325463957,23.87753080985899,0.02191941021745535
4836,0.721104697437529,1.787894575663621,1.2199492350402368,3.350821184481437,6278834086261158081,0.25,8,0,18.06220805453857,23.53566468880192,19.745337750134123,0.035089639712063386
4837,1.1476641110238168,1.7168415896509486,0.5425517211227384,4.7242620136196365,5078212733838988441,0.25,8,0,20.09436939780331,26.648055801035223,17.61287666122598,0.045480308477943224
4838,1.101358619996635,1.039041292122682,1.3788812107424988,3.94013176705776,6155004359746513237,0.25,8,0,20.13224340361066,27.50504986744098,20.022934345725744,0.024463985501743665
4839,1.041422919410885,0.6887402994406854,1.4716063043671455,4.8152680443622256,9067037202677352061,0.25,8,0,20.098156798384043,26.47648655472794,17.083026294841687,0.03986037357506136
4840,0.7126119753083884,0.7072868391350089,0.6297887363385153,2.2432226501615555,8375652510786986744,0.1,8,0,19.788536800908975,27.87432142406262,20.41486046227912,0.10136862530064407
4841,1.1996448988535469,0.5713227633692886,1.8296107533607835,2.475561398426157,5894754458029564754,0.25,8,0,24.242393637167027,30.786516853932582,25.05239430203936,0.040470234790405915
4842,1.879171766101952,0.5497183975777987,1.824814165914184,1.3064336111575137,7177461500889054446,0.1,8,8,30.53478096199975,30.885936119176872,31.088044563385584,0.11298760954706993
4843,1.3560963585146202,0.8958376617343629,1.930239895155985,2.2343815883235356,2610778126425124038,0.25,8,0,24.352606994066406,27.90954424946345,26.762323348842447,0.03599240413490885
4844,1.7697535100580828,0.7273704544711213,0.922606038098009,0.09748245188646587,9067990876283465760,0.4,10,8,31.243214240626184,31.320540335816183,30.242953727410672,0.14967147557923752
4845,0.7722743310332896,1.5968231535505149,1.4576361250218501,2.2972231328069403,2925834233377708433,0.25,8,0,22.118735008206034,27.70814922358288,23.235726855409638,0.02916922177759647
4846,0.5661528718948866,1.491951182015108,1.6900103606210517,4.2586707439826545,9099833206911451755,0.25,8,0,15.789925514455245,23.68716071203131,16.42847657057742,0.044214345302054724
4847,0.9412561377679307,0.6850144386621019,1.0023783465895075,2.730148779508677,1950036221904603153,0.25,8,0,20.255018305769475,27.756438580987247,22.39977136671912,0.0379412101166588
4848,0.7144476325436728,1.9965614028067933,1.4764401783824614,1.4297717220860162,6778985925538729227,0.25,8,0,24.11172831713167,27.891932836763036,25.579979060530647,0.04300169191110059
4849,1.3380323495750392,1.336155129669402,1.3809232413343269,1.5830133407015046,7890274562023571434,0.25,8,0,26.4103017295796,31.01092033834112,28.35142930333027,0.02890469258168443
4850,0.5946309075069676,1.6852026650410803,1.0183814041312815,3.4361155227425733,3872798881513054497,0.25,8,0,17.980968312081806,23.547279383916173,18.649123004723418,0.03800711706753497
4851,0.6344987366846092,0.992799004414954,1.0450057423622177,1.0421768628813444,6062967198138478775,0.1,8,0,25.76448680722131,27.73030551698018,24.614662323102248,0.10826504945701165
4852,1.263467837539998,1.51441654005443,0.8537749207798047,1.3841188487092086,7302375710709895364,0.25,8,0,28.405630602196695,27.918065900770102,28.248325496660364,0.0383000413523997
4853,1.4812939653917359,1.571490771363681,1.3255837587827852,2.7443607205017124,4388365770163151805,0.25,8,0,26.37829819467239,27.669517737659387,25.738109682711166,0.023500250737572826
4854,0.777877786184062,1.6629132515057745,0.7037468994939065,2.689564947717864,5820903057990569854,0.25,8,0,20.137293271051636,27.71297815932332,21.665085141722052,0.03837400768396268
4855,0.7327263688986999,0.5670047362573707,0.6656732921147892,3.3000403308495474,289698057556241064,0.1,8,0,19.658187097588687,26.47762277490216,17.88913063810536,0.11749605440206638
4856,1.3700001581286871,1.8477310687229274,1.8175520744906435,0.6063251960611399,2061164335920801246,0.1,8,8,30.48592349450827,30.985355384421158,31.434929541251655,0.1080788772347546
4857,1.71277500300366,1.222281738826106,1.2145416317739024,3.579861461727838,2324945667449144418,0.25,8,0,24.284812523671253,27.522093170054287,24.40225548059851,0.027240046249430463
4858,1.99308131525903,1.801195344357303,0.8901950932213887,0.5961604952858451,9220832264538908508,0.1,8,8,33.0510352228254,30.947796995328872,32.101169242631045,0.10109514054595255
4859,0.743918147675029,1.819531329536005,1.6561292366226592,2.2214958134088354,1613886805526358732,0.25,8,0,22.089572023734377,27.799046837520518,23.469742399720992,0.03679185460729937
4860,1.1552265136240558,0.540923784395327,0.8611155849216083,2.415899387099433,4812627158703012814,0.25,8,0,24.315869208433277,27.743656104027266,24.383525073249572,0.04586579873507573
4861,1.017924551999779,0.83690278844746,1.490282208713136,4.2727330908238885,545483612833825654,0.25,8,0,20.111412700416615,26.48387198586037,18.6012259722347,0.03245590025083478
4862,1.6646782222112662,1.7098069190992549,0.5939016462332023,0.4178155553736518,6839651069849456941,0.4,10,8,30.94148466102765,31.023229390228508,31.012278097723772,0.14997523293508727
4863,1.5110231593736159,1.0428863716116181,1.7982506306547619,4.841796051753422,6172414325122598738,0.25,8,0,22.255176114127003,27.513287463704074,19.88099088904378,0.04001028052506206
4864,0.979065318720815,0.5675497005771933,0.5877218487930042,0.4005509809816332,2711118130302084916,0.25,10,0,29.123847998990023,30.989774018432016,24.51183710877247,0.29232913537275185
4865,0.5154652905461169,1.6777653515609898,0.8266660998083226,3.764229066736355,2977420819621354125,0.25,8,0,15.838909228632748,23.68716071203131,17.1231437146714,0.04422696820322337
4866,0.7895859348046941,0.652076512742183,1.0584302010813258,1.760459593315068,2145489056014624566,0.1,8,0,23.78639060724656,27.56612170180533,23.700826284917213,0.09731155273868507
4867,1.2269755520634666,0.671710803305489,1.4257677843743615,0.3344207096439328,7127546848543566675,0.4,10,8,30.873627067289483,31.28424441358414,29.78264301633194,0.12092840965737178
4868,0.815967689223998,0.933584692261888,1.715416690389769,0.158763401543493,349304152908605480,0.1,8,6,30.403358161848253,31.267516727685898,29.934272356336905,0.3302429675139768
4869,1.2941747916417816,1.511321005027342,1.8718023315897125,1.0445837081986353,7046728411861817349,0.25,8,0,28.494445145814925,30.748958464840296,30.033273878737152,0.039560672806183625
4870,1.5979231307428274,0.9210233176083714,1.6905762623478413,0.7232440743007257,4962446502321584162,0.1,8,8,30.523040020199467,31.07341244792324,31.262064644013698,0.07542984071703723
4871,1.1473165501945746,0.7520492792571728,0.7038142319594815,0.8255929596750539,373616763042905058,0.1,6,0,29.505744224214116,31.176934730463323,26.607874817201136,0.23062901518441256
4872,1.7549032063322363,1.7747695419948997,1.4978699174308252,2.5461311542001637,1465399836252239802,0.25,8,0,26.320035349072086,30.830071960611033,27.983396260256107,0.03566742002238054
4873,1.3558904693361884,1.3484628253628967,0.8017975409004571,3.688188400198243,8896174982030253391,0.25,8,0,22.272187855068804,27.76382401211968,21.89296558433524,0.028282835262164567
4874,1.8728204260102117,1.2631412028888398,0.8441237127808563,3.101512810166799,1253776532539566740,0.25,8,0,26.402916298447163,30.74674914783487,26.480802336407184,0.037514982954533586
4875,0.9323880859299531,0.593093775309778,0.7128108820560444,1.2328473597078116,5830753513558805657,0.25,8,8,28.30753692715566,30.62050246181038,24.661723132590947,0.31113476059677303
4876,1.2861492372367844,1.5143865409170751,1.4936343721699836,2.306483245064708,5608283532307082569,0.25,8,0,26.354090392627192,27.899034212851912,26.03784965979968,0.02278812386227697
4877,0.800733640980922,0.6907007918845132,0.7837364410864907,1.9452329837192188,6209094306465768935,0.1,8,0,21.820855952531247,27.576631738416868,22.477809083090378,0.0886116023166957
4878,0.9600937284719027,1.4901544187151496,1.046494099671234,3.2108241591060445,2719901316498111503,0.25,8,0,20.140133821487186,27.41017548289357,21.296790150238312,0.02452821250168736
4879,1.5169690875738817,0.5212353550359385,1.2751256736106402,1.7580403083573903,6633237251771615038,0.25,8,0,28.791819214745612,30.842696629213485,28.566084322013204,0.04751271405487145
4880,1.51659747395355,1.6684524630288808,1.3466099052570955,0.6327765167913463,2993285392904860490,0.1,8,8,30.442747127887895,30.999558136598914,31.213063152851042,0.06453015160147804
4881,0.8569736673013354,1.985425130686787,0.7297376001385738,0.5316799632014613,3216908833270609409,0.1,8,6,27.843359424315114,27.933404873122083,28.543335738395204,0.2322198938641839
4882,1.7268528615051064,0.7183285847878291,0.7756277609216402,4.564003843861421,7258585322709758733,0.25,8,0,22.24371922737028,27.508742583007194,21.198481764867452,0.04474600257117998
4883,0.5732878938167804,0.9296719996082494,1.3116225127123506,1.4085279849074406,1120038765129730408,0.1,8,0,23.795480368640323,27.561576821108446,23.97398321543161,0.13034315175908778
4884,1.9104857086250866,1.352215313871287,0.7680183591176022,0.6351284575970889,1137254190204987369,0.4,10,8,31.14726675924757,30.87804570130034,31.471587338114848,0.1279757370080089
4885,0.714236789316999,1.4930843051723688,0.6637798104832993,4.781209043416158,8834700450301880111,0.25,8,0,15.76644363085469,23.68665572528721,15.080355113911207,0.046573550285697596
4886,1.8029777303227212,1.2419712727189087,1.1949455517872405,2.7944842304430044,1834142371491638759,0.25,8,0,26.336447418255272,30.84490594621891,27.20894965542915,0.0310378775719262
4887,1.33765015209717,1.7788674519024044,0.6864673662534946,0.19448392140467896,3645482488016422651,0.4,10,8,30.94274712788789,31.13495770736018,30.408044198567854,0.16289176837776465
4888,1.8315186261184104,1.2276205805368565,1.6569850612542478,1.1971163392706996,2153949034615590743,0.1,8,8,30.565458906703697,31.078146698649157,31.282650322627454,0.06681017109768539
4889,0.6329089820687808,1.6386919971571627,1.7480460028705185,3.600948147756701,1097723680723236783,0.25,8,0,17.989205908344907,23.53566468880192,18.80124644927649,0.04059857697315085
4890,1.380406138766704,0.6154218351324574,1.9514370330891782,3.570891787157789,1118308117568026391,0.25,8,0,22.245455119303116,27.558168160585783,22.903132456651484,0.0412284002043319
4891,0.9588027034547699,1.0720398841173238,0.6833493078481859,1.0151191953633916,8488197214892006850,0.1,8,6,27.776353995707613,31.028279257669485,26.366440270709496,0.1464203356753653
4892,1.022400995501197,1.6737727480585674,0.7573587616325899,2.425496021005553,1720134459402119392,0.25,8,0,22.138176997853808,27.498800656482768,23.82172229135235,0.03419775475424451
4893,1.6321653617038359,1.8664266412377886,0.535080525822923,3.8232019626251255,1901785088997736291,0.25,8,0,24.28897866431006,27.50334553717965,22.976929988735616,0.04508941095774912
4894,1.0848923352021407,1.5083302103790714,1.6904034714904461,4.035992268847006,1391085147870318529,0.25,8,0,20.161595758111346,24.217144299962126,19.947978607412736,0.03177108293417045
4895,1.8344861384843647,0.9248843010496157,0.6079830465824023,0.7882756088876847,5167632722290877204,0.4,10,8,30.899192021209444,31.228064638303245,30.014480714561525,0.1588886515740279
4896,0.9559005740612336,1.518603416306534,1.5157317574104197,3.384926776213053,7607949532348578712,0.25,8,0,20.147077389218534,27.513287463704074,21.050779292309628,0.025302106941445416
4897,1.0468777591192928,0.614204725440008,0.8137516299165972,2.9405489192121164,4135023115985394399,0.25,8,0,22.245455119303116,27.996465092791315,22.229325174782822,0.042366856571915155
4898,1.1229365238537308,1.723441289658204,1.329751573493768,0.7186217746306373,5897885644053055339,0.25,8,0,32.48579724782225,31.027963640954425,29.762241950925475,0.04022845122832527
4899,0.6447169851797672,0.9666175258141049,1.480606409734171,0.48562248710011136,8763301031467496226,0.1,8,0,29.84092917560914,30.952531246054793,27.528027709304588,0.16902327765575656
4900,0.582095784930335,0.8003295248599888,1.2645156694033197,1.9109085656550135,4584199568131873350,0.1,8,0,19.785380633758365,27.3726802171443,22.45049287251485,0.117958482731165
4901,1.4037230335788058,1.4740439824007487,1.4933807344475194,2.9193754607142317,7481949715880516431,0.25,8,0,24.25375583890923,27.476360308041915,24.87160176813083,0.02139875635724883
4902,1.3223631991376608,1.9995863186380007,1.211457272147412,2.8148835997284083,1043806608170222346,0.25,8,0,24.287084964019698,27.63117030677945,24.681109848667845,0.0335774869190962
4903,1.8534754302716991,1.9910783083532158,1.0972378147972188,4.8766718649009,2089813406465459323,0.25,8,0,22.278437066027017,27.561576821108446,21.46491641482058,0.05021978510024005
4904,1.429890614524548,1.5864440694648134,1.4731288487128622,4.388074385521713,6440708683532550132,0.25,8,0,22.18747632874637,27.628329756343895,20.70150467544979,0.03208602031066051
4905,1.1194028558124591,1.669528858018643,0.5614661319819667,0.297529635552814,5764078732809507048,0.1,10,0,29.123847998990023,31.01092033834112,28.791640390521753,0.3231946771872695
4906,1.6639268721812306,1.8067244608318218,1.3994203671757992,1.3640768254657103,6751346165621195976,0.1,8,8,30.518116399444516,30.888776669612422,30.637517795956878,0.07970421089602607
4907,0.9347168302974991,1.358133479109862,1.2574186365413473,1.3286791102173705,7564168090341409267,0.25,8,0,26.282697891680343,27.74706476454993,26.80001106302758,0.03243086527104466
4908,0.5050711283809053,1.6480465382246026,1.324658930241723,1.2151134597452373,1325121934381644409,0.25,8,0,22.088183310188107,27.63571518747633,24.869637044239862,0.04234331103853648
4909,0.5208150123202155,1.9315898876651845,0.8471765896996046,0.04138765746610151,8347433279538478518,0.1,8,0,42.23781719479864,27.981410175482896,27.236630173197202,0.28775651624711834
4910,1.8124929637121603,0.5331779854214529,1.622785326663412,4.900621928476731,5315585158948190149,0.25,8,0,22.26281403863149,27.860686781971975,21.1550065182629,0.04892888366738397
4911,1.936643387481586,1.5650601848095285,1.1043633352605131,4.618856278953892,562022330047680097,0.25,8,0,24.2484534780962,27.56612170180533,22.59685552385727,0.041100129207901015
4912,1.8593823242065448,0.9565317548072156,0.6407394536363602,2.633614481613451,1706879629930807973,0.25,8,0,28.414909733619496,30.764108067163235,27.597058665193185,0.04758302892433004
4913,0.8144623171014957,1.3119779973650059,1.0451386234608866,1.7549746007592377,5423653203914598636,0.25,8,0,22.164909733619492,27.87943441484661,24.735879982653618,0.03289310075552561
4914,1.1136793774534641,1.7867833949385785,1.6184832357459462,2.473461863596718,7019174365283324866,0.25,8,0,22.15692463072844,27.755586415856584,24.729651027386502,0.029829600038165646
4915,0.5079769022100253,1.9366155942184018,1.2264089731640848,0.9265319552219253,5091280507835113446,0.25,8,0,24.204140891301606,27.54851028910491,25.728877424930037,0.048857144823369704
4916,1.3338254895131576,1.3510563766773045,0.7783594641660945,0.43531799870675125,2947289921283603116,0.4,10,8,30.853427597525567,31.102449185708878,29.808728779537024,0.11583306681800475
4917,1.0581067888723803,1.0217903472886047,1.5788184813219404,2.889417086263731,2495481059881814534,0.25,8,0,22.272187855068804,27.378077262971846,22.996183607343408,0.02360983769482123
4918,0.9167760762344871,1.9812313451626213,1.5181447099262737,2.6287133631150406,674185463058967010,0.25,8,0,22.09061355889408,27.79478601186719,23.163015517122872,0.036156526551451455
4919,1.882310716136911,0.7077297042088075,1.9968041181396081,0.2346907632366435,2241975869512007665,0.1,8,8,33.03298194672389,31.031435424820096,32.893494484058294,0.12517322988752994
4920,1.262311830352008,1.7276330444815466,0.8754698251089578,0.9109758009686181,6349061523550703910,0.1,8,8,30.50448175735387,31.131485923494505,29.71819594936411,0.09646363646516887
4921,1.8749997226032367,0.6859249779280592,1.2301920386939924,0.7273269722170322,6846676855306179639,0.4,10,8,30.968627698522916,31.241951773765937,31.241102172077188,0.12528592183772702
4922,0.7005394110019385,1.680702170962236,1.2939876233824217,2.8105828605724907,4461961922945731421,0.25,8,0,20.07985102891049,27.649349829566972,21.226319019578426,0.03128578368498175
4923,0.6495506377185162,0.7381087369735644,1.1929768790741375,2.3288207242551495,6011597667965682227,0.1,8,0,19.787589950763792,27.81268147961116,21.636411763294724,0.10956964239016623
4924,1.5981500773538417,1.2613414743573654,1.9501969304734366,3.5378487055865913,3986440758144106394,0.25,8,0,24.29428102512309,27.748769094811262,24.353750317874784,0.03553649189700285
4925,0.5039533482818641,1.1098714374212855,1.7324669636118801,0.6232408133250605,3901154540730246855,0.25,8,0,26.3680406514329,27.681163994445143,26.712148509612188,0.04893378273049413
4926,1.8789967273208539,0.5662549627499607,1.439256654788753,4.237768167856711,4481953215373852714,0.25,8,0,24.284055043555107,27.707865168539325,23.381929816550947,0.04475463088974811
4927,1.48830427876956,0.896957963793801,1.5569709767577038,3.7821567060470374,5131838357158282801,0.25,8,0,22.24163615705088,27.577199848503977,22.707772022406814,0.028558063732201145
4928,1.897734061243281,1.1282705878147525,1.9569125982050297,2.5773252341518136,58116266299385653,0.25,8,0,26.402916298447163,30.821234692589318,28.813492059433994,0.042729727092547916
4929,0.9451632289744096,0.7484367612280418,1.6457606942081613,3.4323497617734464,2501764731579093333,0.25,8,0,20.143921222067924,27.569814417371546,20.750163478114565,0.03279969861257008
4930,0.8856346038050031,0.9233132770019983,1.8542612014415396,3.175837322299247,7701068283640586085,0.25,8,0,20.13319025375584,27.47778058325969,21.340160424191293,0.0334658773595269
4931,1.5121180914578254,0.9453106807622578,1.1588835037827188,4.896668000318828,1766416823348872560,0.25,8,0,22.26350839540462,27.257921979548037,19.32759353441176,0.034569808801685566
4932,1.3197540934427465,1.5211859388021605,0.8518434686392216,3.3400447203009747,6068100299329587169,0.25,8,0,22.279825779573287,27.739111223330386,22.791953711900067,0.02693164677641806
4933,0.5672847378839634,0.9298426911977407,1.9087392820975522,2.7694643872329783,4538623345330438051,0.25,8,0,18.02329251357152,26.47762277490216,20.807997589185888,0.04100956880327717
4934,0.7526405995056324,1.8018162066311851,0.8361199231878418,4.570919149169831,7375246956430635408,0.25,8,0,17.9221689180659,23.541724529731095,16.085355178851145,0.04553455711856236
4935,1.9079801881672893,0.747953878746197,0.5713920828134873,4.315695903454318,6649784768752483413,0.25,8,0,24.285948743845474,30.826284560030295,22.835601386957098,0.05104830363840584
4936,0.7432028047376333,0.655307505688371,1.8067973610508063,4.868733750179145,8019511457568838615,0.25,8,0,17.716513066532002,23.535159702057822,15.478593278773555,0.049518707698971424
4937,0.6083074998572744,0.5320051009788335,1.9411371022754573,4.660225989349332,4229976394197947425,0.25,8,0,15.670748642848125,23.53566468880192,15.403076898808568,0.05505072906622391
4938,0.7189463549676629,0.6377501945313705,1.8034900584865678,4.828341978894637,6794946840427442089,0.25,8,0,17.694356773134704,23.535159702057822,15.463386359405835,0.04974191576076853
4939,1.6235976753465984,1.8181550406694793,1.9239177219695467,2.7185025236535587,4728063794673838592,0.25,8,0,24.309430627446034,27.729453351849514,27.01061222167364,0.04128885306231588
4940,1.959292286690033,1.9790289738877322,1.565025374096959,1.449641180213706,7296448726403498856,0.1,8,8,30.52758490089635,30.912447923242013,31.515868385167664,0.11480308354542286
4941,1.365645005732887,1.6670254014782,0.8444772191818571,4.2528198652828255,7727565441897106347,0.25,8,0,22.173589193283675,27.96039010225982,20.392199979845884,0.0336942730814058
4942,1.5374821244768297,1.2798794145618082,1.616780031222064,4.274154692220587,6277223559216548947,0.25,8,0,22.27496528216134,27.391427850018935,21.655907064458933,0.03048649481247511
4943,0.5999095062855517,1.2132950121472625,1.587733763287218,2.687915634459922,800910550391999259,0.25,8,0,18.053118293144802,23.53566468880192,21.100768410735782,0.032016534368044934
4944,0.5732158427016996,0.5403147305946241,1.6164894200675604,4.292825986614079,4016951927433015574,0.25,8,0,15.672516096452467,23.39628834743088,16.10106364812294,0.04854609306183191
4945,0.5739706629074649,0.9593929121455487,0.7198002567082554,3.7869065812325147,6572482865357925615,0.1,8,0,15.60989774018432,23.693725539704584,16.276938186737155,0.15083090742663774
4946,0.9814112596705886,1.8774181563453456,1.503193859090768,0.9431357469360324,3293850937386881208,0.25,8,0,30.376372932710517,30.754955182426464,28.43371316019683,0.0404548249513773
4947,1.4554215832067576,1.2537483256362314,0.9868153859895616,0.8781249995347412,6088439812819818209,0.1,8,8,30.50902663805075,31.027963640954425,30.146973202052923,0.07218113049404916
4948,0.766035738819997,0.6906064756285808,1.7291030523932598,1.568931159447588,1764573258446426185,0.25,8,0,24.325337709885115,27.88227496528216,25.273772020378793,0.0435611495080515
4949,1.952160182362344,1.2983893763469223,0.6427233166993765,2.7385403140730045,8706423858176549971,0.25,8,0,28.41623532382275,30.830071960611033,27.889314677777172,0.04539438788970265
4950,0.7124343842702492,1.6369246607840369,1.5585966500198691,2.8414289496137664,4489178064032832621,0.25,8,0,20.080482262340613,27.32382274965282,21.346615715011946,0.03170975059850237
4951,1.9439093904350855,1.8461869777270725,1.0948568691099037,2.7257399890229665,820607786228570797,0.25,8,0,28.344211589445774,30.824390859739932,28.274422845948827,0.04145936569371272
4952,1.006964455890052,1.453567538833969,1.6469715808675431,3.9414374134419194,2456010955447698193,0.25,8,0,20.15654589067037,26.34979800530236,19.753685030139113,0.029782622660754685
4953,1.3748113466754495,1.7297345954946752,1.0372058142004335,3.893811974790438,2535535886775380364,0.25,8,0,22.185393258426966,27.399949501325587,21.630355005306637,0.02982115799250553
4954,1.6416380370226022,1.761485433402964,1.5492607163975856,0.07632448953410698,199210671315539039,0.1,8,8,35.61772503471784,31.285191263729327,32.58439509875081,0.08647927206362412
4955,1.650991673087156,0.5290203622238623,1.4236994332057635,3.360749415067776,6663910167207001786,0.25,8,0,24.321171569246307,30.559272819088502,24.685693342843347,0.039969510326766856
4956,1.4040142769686519,1.3098903139240412,1.1117934179739193,0.8071354699999955,6938566960729821787,0.1,8,8,30.523797500315617,31.08319656609014,30.27445212158737,0.06687983320187833
4957,0.6295013881553702,1.482743785617414,0.6963259008145192,2.223921003684073,8949988035538936581,0.1,8,0,19.737091276353993,24.55169801792703,22.124278855787985,0.1716234837176436
4958,1.6857585218346427,0.6183102913960314,0.7795637165529014,1.6290503078570802,6169701524348573404,0.4,8,6,31.39262719353617,30.645120565585152,28.852409524079206,0.273684119136495
4959,0.6954801900566785,1.5482521279005395,1.230743520865941,0.8978251366768664,5802352793472353305,0.25,8,0,26.34752556495392,27.933404873122083,26.750274425233933,0.04070981560437372
4960,0.9096178392066276,1.8722710167924812,1.7058700387909138,1.6517630603147766,6328391577113220659,0.25,8,0,24.276101502335564,27.67434667339982,26.074311303804457,0.037750243468344026
4961,1.433376538394425,1.6607724787284104,1.8620691476144597,2.3368007637135637,3649451911273453908,0.25,8,0,26.323317762908722,27.761551571771243,27.003680378487154,0.033856888199078346
4962,1.386020770702109,0.8948059679600082,1.951309987201098,2.3130633422972915,5461753977767181758,0.25,8,0,26.37993940159071,27.960674157303373,26.692173081087024,0.03604273583985255
4963,1.3200484550340925,1.763261707275484,1.9659108037909694,1.420288714136907,5653651420417037801,0.25,8,0,28.383537432142408,30.758111349577074,29.152913335942912,0.0414506875689193
4964,0.8272870430503461,1.2024964020092397,0.6262628550543778,2.557022526801096,6791510689131465435,0.1,8,0,21.7649602322939,27.489426840045446,22.043786483684688,0.12003650172107047
4965,0.6032442049694036,1.593769299618779,0.7481345564254768,3.624950906076803,2568212649538813045,0.25,8,0,17.956823633379624,23.535159702057822,17.947677899904775,0.04114724429643621
4966,0.6490170349735118,1.2648733862209642,0.8092991746479963,0.9652925698650272,2502646524735833217,0.1,8,0,25.78254008332281,27.718659260194418,25.16480667826649,0.13284664202508104
4967,0.9124894766900125,1.1075424218221641,0.7381557388495388,2.213378626093646,4049079220605048252,0.25,8,0,24.28632748390355,27.743656104027266,23.69308331784176,0.037471945507715106
4968,0.6339991421771864,1.713576094564536,0.632390318781328,1.4564351953458092,3009050844749685594,0.1,8,0,18.913678828430754,27.789388966039642,24.457323809307468,0.21179936746815953
4969,1.025731722830904,1.9016757356677199,1.7633618510708795,0.8380484945339334,2601815154132332036,0.25,8,0,30.356015654589065,27.934257038252746,29.14437313033945,0.043979699515621584
4970,1.8784460554777667,1.1380295060874799,0.8017952002446206,1.5264139346797834,1820961805743857656,0.1,8,8,30.510920338341123,31.01344527206161,30.04344880235347,0.0875613176114628
4971,0.8423458709863867,0.6286408906637433,1.6227525762567439,3.1524537297460213,780771791911503312,0.25,8,0,20.14360560535286,26.515402095694988,20.96148322204237,0.03683348276302383
4972,0.8257698112878131,0.7272795558265801,1.0433895043045407,0.8603999346797969,3829265152118899923,0.4,10,0,28.96004292387325,31.022598156798384,26.31519020548914,0.25517714826850424
4973,1.3874932653753702,1.349401457804178,1.4879899092492872,4.3787753831224805,847833914192843974,0.25,8,0,20.154967807095066,27.451931574296175,20.456484402006836,0.028169941763396458
4974,1.0811041049406225,1.021914483191567,1.3395297996325546,3.6376950902268748,8704521220277790202,0.25,8,0,20.17201110970837,27.254513319025374,20.776950380573247,0.022602579620608933
4975,1.1717227124478846,0.826110595426345,1.3910735452923038,0.31609572894128524,7470806941227514942,0.4,10,8,30.900770104784748,31.229642721878548,29.85244356281951,0.11648994085562105
4976,0.9632694492038685,1.524305233383593,0.8737968598579521,2.0073806012445674,282389241684300617,0.25,8,0,24.290872364600432,27.6396919580861,24.753969564149912,0.03234326192298899
4977,0.7061827507818944,1.2025284859975116,1.516395470534726,1.1681399493804445,5940518623286245010,0.25,8,0,26.331113495770737,27.674914783486933,26.104208641187856,0.03738925927888229
4978,1.1161402260406077,0.9609975028232908,1.8572215795345186,0.6178765828413735,1815585252967082547,0.25,8,0,34.9834932458023,31.086983966670875,30.13858172648987,0.045991402913728475
4979,0.5716672172813586,1.0800620392830034,0.8122648045934461,0.2843998927290059,7539282600451183989,0.4,6,6,32.02752177755334,31.22396162100745,25.12638469897304,0.3671915242088658
4980,0.8202049597549704,1.9817287625293147,1.030227962680554,2.1239766281119166,118001787097538405,0.25,8,0,22.050340866052267,27.56072465597778,23.814579660883698,0.038488770382186274
4981,1.926335851832536,1.6157598953100192,1.635900851111957,2.835246676181542,6696046111899131387,0.25,8,0,26.405788410554223,27.740247443504607,28.124879059755678,0.038512696905703615
4982,1.0117275776840648,1.35007775319877,1.937870908547679,0.18233093507235398,633233046363152737,0.1,8,8,33.091244792324204,31.0216513066532,31.010417589466755,0.124661398007886
4983,0.5829546841587537,1.3167138763253035,0.5267496168237862,2.985193738014353,7925711146537052038,0.1,8,0,17.659986112864537,23.529604847872744,18.5161073596845,0.15691547045526621
4984,1.7089410196084984,1.4454174748076163,1.3178170242172735,3.2734972256359844,5138215953581981244,0.25,8,0,24.267011740941797,28.009815679838404,25.403887505499704,0.026702625379946384
4985,0.8465979019336856,1.9078477390286166,0.7277643313114888,4.832031047248967,2181076806332788532,0.25,8,0,17.969038000252493,23.68716071203131,15.796735354491965,0.04960361483489576
4986,1.8806841452607213,0.705978546159991,1.4932296138034855,0.000308892013079487,8530873605789454788,0.4,10,8,30.99861128645373,30.953793712915036,31.979087355515578,0.15921773904458078
4987,0.7751776673232514,1.134536312529596,1.037589456294914,0.7298978366481157,5027286964704751149,0.1,8,6,27.81211336952405,30.74674914783487,27.129301737159302,0.1626816719817969
4988,1.3152621958833002,1.42185110595692,1.4929166076552394,1.0567855040387304,8364530119476395502,0.25,8,0,30.54349198333544,30.879308168160584,29.841834174392023,0.03456506971271166
4989,1.7467950252897078,1.877425078312482,0.646471055850981,4.591675292407852,3662444419257020287,0.25,8,0,22.278437066027017,27.726328746370406,21.434472622956793,0.047446803967412424
4990,0.9991265625315809,1.7102485691714704,1.6250671759362159,4.856406514881439,6374415733550988812,0.25,8,0,18.026701174094182,23.529099861128646,17.06225282797501,0.04370117909397349
4991,0.6104273927560364,0.7257075078986676,0.907058000855534,3.3249248550026826,5423146634831782902,0.1,8,0,17.603743214240627,23.53566468880192,17.715557120440348,0.11718618387060328
4992,1.6228746058876835,1.5561129274913204,1.1250855622082965,2.6744360192417065,2133692802390340549,0.25,8,0,24.348819593485672,27.5561797752809,26.600160274848214,0.02755320408486809
4993,1.65272754140917,0.6480609944792983,1.5493829176271432,1.5088401930325757,7179523616543046263,0.1,8,8,30.600681732104533,31.030804191389976,29.97890207574638,0.0888233397782522
4994,1.9870525983339284,1.0861732218827596,0.7022730062526632,2.475568232019078,3233203640163184008,0.1,8,8,30.62226991541472,30.609771493498297,28.788000034372974,0.11557141290189625
4995,0.9580660587342038,1.0017089718071215,0.9714864185618377,1.7183649751389667,5932846692470732460,0.25,8,0,26.362296427218787,27.728317131675293,25.517741085257498,0.036686622031694295
4996,1.9658478601589382,1.2651707827746947,1.08918695115414,0.12729566236732937,8968283774986878889,0.4,10,8,31.22396162100745,30.999873753313977,32.28041124575416,0.13845185246247343
4997,1.3549753728257745,1.5261725894797051,1.6932242264326083,4.8987288987541024,6043825404518179860,0.25,8,0,20.119618735008203,27.50504986744098,18.907071381789457,0.0399027757891441
4998,1.485014482558994,0.8085259205725019,1.989602331972576,2.085842090576114,3063663873527118776,0.25,8,0,26.385273324075246,30.76505491730842,27.913485495317538,0.04081626872793753
4999,0.6276916253687368,0.9265021351222249,1.662810555052061,1.5095209685098903,6142716527065892230,0.25,8,0,22.153452846862773,27.734282287589952,24.696267691244397,0.04034430117208444
5000,0.7015239530193853,0.6992928859825179,1.5386983192890018,4.625214052928796,8158016267188227242,0.25,8,0,17.715660901401336,23.534654715313724,15.821066269560312,0.04366579262351149
