i,wu,time_ms,s1,s2,s3,c_diag
0,23.693725539704584,6.695542,0.5060091646347322,0.8421800651717898,0.5400775149806676,3.3226127534008993
1,23.68665572528721,7.84325,0.776261076441333,1.921296115112434,1.5930422827325992,4.29730323821992
2,27.707865168539325,8.280458,1.7494434857833903,0.6499753881857991,0.5909231620457627,4.044713198208486
3,23.68716071203131,7.180666,0.5709646776402874,0.5605845075621392,1.2069179527609228,3.0340691370346096
4,30.741699280393888,8.45875,0.5267177493740276,0.5555425076659914,1.8961904263944047,0.6615406296020337
5,27.793649791692967,8.019917,1.501613339043082,1.2622585366472352,1.175131939857821,4.457532258392095
6,31.181668981189247,8.780792,1.4165166435828274,1.102796802036133,1.3164628621817676,0.7872417322312991
7,27.881706855195052,8.084,1.6599002305315695,0.8903313834288131,0.6773601715666207,3.3412753849534953
8,31.02606994066406,8.5515,1.4488650713838376,1.1138349650574586,0.9290322355138316,2.152280352598863
9,31.232798889029162,9.056625,1.7254495918616108,0.6111265357416558,1.3024989046392712,0.5324032280953972
10,27.677187223835375,7.899417,1.639398527796664,1.661589416573845,1.3852411630319543,2.5001276241189645
11,31.038694609266507,8.582166,1.464453955697702,1.8821035138915938,1.986965740467803,2.282901832316067
12,23.68665572528721,6.555125,0.6868506021728629,1.3503804047221415,1.6750833924660316,4.7820997173416915
13,31.0273324075243,8.561292,1.9875105801384827,1.7151003138840248,1.722420285435501,2.84511409118108
14,30.82186592601944,8.663833,1.5005862864296968,0.6339123658164167,1.7580536519361807,2.179592384428635
15,31.257732609519003,9.106208,1.8060732740438799,1.5851482152626988,0.5931044031395477,0.41151706736491045
16,27.75416614063881,7.897625,1.9167388584138316,1.9532168415020699,1.640274090276981,4.828175266513867
17,27.627193536169678,8.144416,1.2264153390415256,1.964036916822817,1.4329167951628639,2.5930476139233387
18,27.514139628834744,8.204875,1.1057159670340602,1.120622817364173,0.9450723632441861,2.9133212444028356
19,27.4587488953415,8.9145,1.0631624331444516,0.8820954412688949,1.8985193859367173,3.228450946204897
20,23.543239489963387,7.407459,0.5231398809042128,1.3523997765090745,0.6175997479794049,2.3397127512613958
21,27.394552455498044,8.591375,1.0595156840946323,1.8057632954130363,0.8487389375722645,3.1490759301601563
22,31.022598156798384,8.727958,1.958617835917644,1.6490186252934111,1.1410760841505356,2.191240110239781
23,27.59509531624795,8.547416,1.1855923558233292,0.76119867249247,0.7035832667624327,3.92805442111144
24,27.926871607120315,7.820625,0.8102827289168897,1.2969484888320435,0.5744298770391421,1.3484314723556878
25,27.92857593738164,8.422416,1.000975642184116,1.8531410299950506,1.3910928100011515,0.6787782247261542
26,30.75179901527585,8.401709,1.0465504147787383,0.846813284709729,1.2452856054859003,1.2487724922848114
27,27.52436561040273,8.10925,1.4230664118671699,1.5399408224781994,1.5056062454778785,3.4175834767514623
28,30.84427471278879,8.331958,1.294140753615709,1.1089341014570218,0.6890673773383171,2.2153348186384143
29,27.70701300340866,8.051375,1.672839899352748,1.1329714961355488,1.8413721531201945,4.090175548746197
30,27.75700669107436,7.853625,1.7715759114920178,1.642094061471187,0.8624986688960481,4.9007102668522275
31,30.991352102007323,8.612166,1.7180758565744534,1.1676050092763726,1.2155231800764474,3.3169476382022376
32,23.68716071203131,6.583375,0.7190253924762515,1.7924073755180219,0.8914221548463577,3.161757286983629
33,31.057000378740057,9.44525,1.892198529067466,0.5758066599187918,0.5141025215629662,0.4279345186806449
34,31.01092033834112,8.672167,1.8953723729062382,0.8844571144208961,0.8868013217193569,2.3081502734484545
35,23.68716071203131,7.069833,0.5598225666652483,1.4845867889395443,1.5606117468516696,4.618283077035937
36,24.21790178007827,7.254458,0.5758151043896622,1.9889338916463255,1.4453143827794408,2.411843002698551
37,31.1901906324959,10.020625,1.8274190821238636,1.3786629123778515,1.1654664325536064,1.4343219635428643
38,31.105605352859488,9.1995,1.185510894730673,0.6274722778696473,1.437261703127958,0.3295824195155256
39,26.488700921600806,8.775542,0.774807321827152,1.069485243741242,1.9530946056727534,3.1622451256019346
40,31.02102007322308,8.784416,0.9129388389230866,1.5720335203862144,1.5669184580895195,0.3946110928884583
41,31.054159828304506,16.34525,1.148830005066327,1.1712636762944597,0.5184018603790961,0.8139602560993286
42,23.541219542986997,9.233125,0.7705209545382165,0.8553689699609661,1.120932266551486,4.8657130346120345
43,27.514139628834744,7.907667,1.2422170818144966,0.5775399348424486,1.962900435039709,3.0062561892381985
44,27.745928544375708,8.433833,1.7747459299056725,1.6082546896610082,1.7045602267459499,2.1527135111342997
45,27.526638050751167,7.881417,1.5108290882531077,0.9900379217600415,1.9813026543557575,4.240257169400503
46,31.261520010099737,8.924292,1.064591251831338,1.2601390285472716,1.7257601149435788,0.6694177621242015
47,30.744855447544502,8.271333,0.6519238436374359,0.9185621102670167,0.5383626446528471,0.6188153799712964
48,31.000820603459157,9.168959,0.9268346035364169,0.8404706381881317,0.9483631989270194,0.3100012430210608
49,27.551350839540465,9.697417,1.6876244278777668,1.5384570427629323,0.5579398460079239,4.427193569677638
50,31.287400580734754,13.445708,1.1151708766648698,0.9077713715123221,0.8259640161906981,0.33062439812091504
51,30.91844464082818,9.824417,1.6862523220382037,1.4090674493536604,1.8011595168448944,2.4488555737747975
52,30.746117914404746,8.631,1.8167450606550037,1.7050374006957978,0.8170581540567139,1.8046506742332369
53,27.75530236081303,9.558166,0.6127237814283185,1.5823078299608748,1.4808593174238842,1.5102415041023376
54,30.631233430122457,8.887,1.328668931762372,0.5314611118459531,1.754647632704811,2.703624440747492
55,30.76000504986744,8.625125,1.9526643738373064,1.598615071570117,1.9626811904439407,1.8167457239600764
56,27.566973866935992,9.192167,1.2729619397136884,1.3179603681827134,1.0695298067890886,2.011097227246416
57,26.490689306905693,6.942583,1.0367250105526171,0.9332990969217572,1.6403698175359251,4.928645038790881
58,30.752745865421033,8.53075,1.7655452785448758,0.6181746894784077,1.7261924963776916,1.9126528458723524
59,31.107814669864915,8.763875,1.6840484910769096,1.6889147569332117,1.5913341970416377,0.029709993952484748
60,30.744855447544502,8.670292,1.763796065512889,1.598616743452099,1.3721267249512488,2.1132783059117006
61,31.028279257669485,8.36,1.6107141960501052,0.8163082355800289,1.4405291068027473,1.5952565267500118
62,24.568110087110213,7.548125,0.5505883003568468,1.2101479779942552,1.0216066178277194,2.0748016787186647
63,30.7757858856205,8.518334,1.7780631043809718,0.5567418377410563,0.7804380651717895,3.515493227709654
64,27.74820098472415,8.321958,1.494143915411008,1.6571066864607156,1.2851505666342797,3.3309657281880938
65,27.74138366367883,7.954667,1.7158870197695917,1.828442398525467,1.6892558875223203,4.883537117636749
66,30.73759626309809,8.607708,1.3432447273250556,0.7533483244717107,1.1510173896014888,2.5382681341974997
67,27.7175230400202,7.7595,1.6745158776775655,1.7878970515689925,1.105045497406563,3.5974022324003845
68,27.548226234061357,8.0885,1.3157395507918674,0.5230675871284196,0.6562631450417256,2.6887774467565513
69,27.85046080040399,8.391291,1.0761909236257383,0.5531223374906556,1.1262819259464958,3.1101336261175385
70,23.535159702057822,10.609333,1.023405607233634,1.4360399043468872,1.9920506500520079,4.475982999348037
71,27.706444893321553,10.834084,1.5078924689757947,0.5651548506088074,1.1811467952836603,3.9158611083792443
72,23.541219542986997,8.235792,0.6499463525168466,1.9782823804931104,0.7870572004398002,3.4716321406949135
73,27.499368766569876,8.080542,1.3762672088862393,1.2476429584156248,1.2753476023284884,3.038986710816837
74,31.093611917687163,9.844,1.1884175835652195,0.5348250251178519,1.2403690443540953,0.31184394058020537
75,27.74706476454993,8.049209,1.7820741775597446,1.7509107760525846,1.5449593241359876,4.781428326735593
76,31.197449816942306,9.276417,1.2688947449262633,1.774391342647244,0.9526209826398254,0.7585133393034443
77,23.68665572528721,6.56525,0.8193683011235621,1.2080324994147351,0.9517517218698223,3.7120263350476215
78,30.94937507890418,9.301542,1.3596575087797413,1.0932073718202657,0.700202358974251,0.34844601373353934
79,31.01660143921222,8.815167,1.9247785213901012,1.0615190342557446,0.9444759720231717,0.34247611774521625
80,30.923810124984218,9.258583,1.2044912338916027,1.7770169322783145,1.0776248647104654,0.22616428273842915
81,31.040903926271938,9.228084,1.3695466350169814,1.1511579213996959,1.529811781137352,0.03422962817941744
82,27.50277742709254,7.753875,1.8533473905818632,0.5320056957758065,1.637808123057074,4.113313982399185
83,27.707865168539325,13.881917,0.8956442101574622,1.5482045249541887,1.1331178034169707,2.2716935117033366
84,27.94988006564828,8.25475,0.5485767852603602,1.2465013002096248,1.3404782178938959,0.4262971152933914
85,23.53566468880192,8.012542,0.6166597141057912,0.6980224661126427,1.2541024154148632,4.239475854184202
86,30.904557505365485,8.793666,1.6291816173645826,1.8523878929543018,1.6465875532983332,0.517052537869811
87,30.74106804696377,9.252875,1.1685171958816851,1.6211239106624464,1.883189094619992,1.1752700978776849
88,27.701900012624666,7.751708,1.7265293640778765,0.8277291365809488,1.112261997089382,4.823386036407186
89,30.79030425451332,8.7055,1.277477189522152,1.1354958944907976,1.0517335764865101,2.204261402990053
90,26.48699659133948,7.293458,0.7364436481802283,1.1766380795717768,1.271926751192657,3.0697767539655016
91,27.5201047847494,8.12725,0.830496049738723,1.652887522086979,0.6261755836550418,1.7883176233573832
92,24.45221562933973,7.314375,0.709190720343221,1.6803903897076822,1.5889893208801806,2.866951064727627
93,30.84490594621891,9.221708,1.599013428541975,1.1036341568315708,1.9689011895107937,2.6086591796927867
94,30.84679964650928,9.236958,1.7081176770355528,1.0151722440715347,1.886560045090294,1.0508152137932114
95,30.864474182552705,9.840417,1.6292000450423332,0.9974708779612718,0.6158144158120922,0.7212146696447369
96,23.541219542986997,6.672833,0.5356387289297899,0.8141499169668192,1.2412724724470947,3.7187285880930294
97,27.753313975508142,8.675041,1.7942595622778268,1.085803114560425,1.0023621593470087,3.722966273137665
98,27.620376215124356,7.71775,1.1630860940846743,0.8242787085828626,1.2508444696251804,3.676220170191265
99,27.545101628582252,8.30125,1.248661312576955,1.5950783104340238,0.5883998343256891,4.2576416662617484
100,27.561576821108446,7.723125,1.4962332921098203,1.760386831520083,1.7094636394194518,3.346397284463732
101,30.89035475318773,9.088125,0.9984768703267801,1.6915486154794384,1.1889405274265572,0.7437067182861828
102,27.51300340866052,7.732708,1.953677164355426,1.1040943841089401,1.7785325699507273,4.485783015549025
103,31.006817321045325,9.234875,1.4973362380726127,0.6028339139848553,1.613267725323324,1.4858628835432253
104,30.843327862643605,9.301917,0.9571617112330942,0.599756335953469,1.4833537223298379,0.8794372336648604
105,30.94685014518369,9.209875,1.3224842881859056,0.5515789214502216,1.488491894026807,0.5801010699910042
106,27.562713041282667,8.674708,1.2701700612945028,1.703846274775301,0.8464236591331389,4.614327124343872
107,30.889723519757606,11.683667,1.6110748737107117,0.6056902031319592,1.3748991964242439,1.2588918565994662
108,31.07562176492867,12.784083,1.1854275395763996,0.8514227355194028,1.414680375309148,0.12675639033238817
109,31.265623027395534,35.640791,1.8937295425366356,1.612748153062411,1.1800030612696728,0.16563609083889874
110,27.518684509531624,33.215583,1.1373641123398872,1.3198118248579633,1.264504611592143,2.8286905678196455
111,31.05163489458402,60.101,0.9720504344259859,1.7805486521520486,1.7792298923617407,0.14582523029252836
112,27.70701300340866,43.950708,0.7206412000477851,0.7753110012805698,1.7037716043832294,1.8025635884204845
113,31.31675293523545,10.436916,0.6441261286279785,1.3379289195988409,1.2515414315294142,0.033082187160971
114,31.102133568993814,9.711875,0.7652924414854505,1.6447139101935428,1.0803521143455428,0.20626291404087782
115,26.490689306905693,9.638541,1.2347672000506789,0.6102374784994076,1.697190676831923,4.7741515626333975
116,27.7092854437571,10.399375,1.5041507605434796,1.9162105114493384,1.5834334260478735,2.8976513815592213
117,27.702468122711778,12.092208,1.077763996942969,1.0773545011982686,1.8864838567605138,3.0851843962787617
118,27.707865168539325,17.131125,0.5734986000830012,1.9897856673570116,1.201937224853183,1.611894093786027
119,30.84490594621891,22.236667,1.477851313660339,0.9146266344635317,0.904713624284194,2.23417864204825
120,27.72973740689307,20.844125,1.1682434587519284,1.5017283548115952,1.550062828480061,2.0566697470773403
121,27.89392122206792,12.363292,1.612320225953957,1.5608341335459588,0.9486372454678287,2.9379886921070737
122,27.75132559020326,11.53825,1.4434455196157447,1.2912480858896007,0.6361551965416579,2.2090619917979253
123,27.614411059209697,12.240625,1.63116158186448,0.9617162392649563,0.9885812493858765,4.806489158386801
124,27.35109203383411,18.06975,0.816917274973142,1.482368654605698,0.5497691840413561,2.851657100063907
125,27.620376215124356,9.494208,1.1901816452735248,0.5514343558438022,1.716363651891655,3.7410515283306145
126,30.883095568741318,10.515042,0.6472169399589887,1.8062542430103798,1.6215922651531196,0.23336854885440128
127,27.546521903800024,9.859458,1.3624600236954714,1.8323884402187773,1.153452187878036,4.108343364902277
128,23.535159702057822,7.248292,0.6963776363369722,0.5300176394388293,1.6124016704703017,4.136835055611726
129,23.53566468880192,7.581084,0.5601469708725761,0.9277435951288451,1.3651146870585984,2.8910313736825852
130,31.263729327105164,10.232667,0.7780758788529014,0.9623940484224499,1.8491775914615003,0.05700287890731126
131,23.541219542986997,6.639625,0.5980974447082725,1.6741474320982386,0.680436591276388,4.455408867685731
132,27.562713041282667,8.456416,1.0057600152383268,0.6659946333223092,0.6779764484395322,3.337230718576913
133,27.771777553339227,8.99025,0.8030388481942363,0.6185173952222707,1.4004321253159637,1.855409852871004
134,27.70701300340866,11.591,0.7490227107232905,0.8312437697482382,0.6982656560657146,2.7223729868579962
135,27.67150612296427,9.54225,1.5293986979048073,1.9694190765548494,1.6805294801392188,2.653526525777014
136,31.102764802423938,9.326209,1.0711213159426975,1.2997110920037016,1.4915111171311455,0.45624137946758736
137,23.541219542986997,7.220792,0.5214584133805102,0.5321850913121299,0.6126838554800903,2.74293371677293
138,30.637545764423685,8.533458,0.8799087202442202,0.5452788790571067,1.5347379710327762,1.316845420357462
139,30.74674914783487,9.34225,1.3261755334869163,0.5495897486373691,0.9802931106799879,1.2765166478679657
140,30.930753692715566,8.544584,1.7053018524318992,0.6949539484448846,0.618872756555411,3.4181984154849765
141,30.6407019315743,18.224,0.8667605087669972,1.2971961845873905,1.9151525474437552,0.8962597062914529
142,27.90130665320035,10.761833,1.829006901838959,1.239696799794929,1.2979720465617843,3.3658737578503843
143,27.87943441484661,9.174084,1.0475148766686202,1.914700397139388,0.6144168812546373,2.198589022342905
144,27.89789799267769,8.662875,1.5409409920410486,1.573452420461828,1.192786286423916,2.6737003731241775
145,27.71297815932332,8.843792,1.671900583508495,0.7856018773027438,1.1900078945349546,3.2561474413681513
146,27.641680343390988,8.625541,1.3382032411595395,0.9587460426506171,1.9214048490876687,2.5758737951122024
147,31.028279257669485,9.5125,1.770853805353415,1.659839101012769,1.7105548780143636,2.177633877429349
148,30.843327862643605,8.974375,1.8328983393526037,0.7207598394221959,1.8664614450237176,1.6271827480272938
149,30.825022093170055,9.930125,1.620619593375743,1.7077441868016723,1.9909684624587967,2.3621005645950373
150,23.68665572528721,7.125083,0.5895476357581242,1.1328255569719108,0.8906497924829121,3.7183385752556246
151,26.519094811261205,8.206959,0.8956624576987786,1.0526569539677313,1.9620591828373142,3.4724619869338125
152,30.94685014518369,12.771625,0.9625611594807042,0.7714913547391458,1.898326614180366,0.09333135371148771
153,27.579188233808864,10.075,0.7097759937552883,0.9254331520050323,1.7718297438001251,2.6973301787507435
154,27.925451331902536,10.071416,1.0561363774058914,1.9885688535253183,1.6267405989264112,1.1726504624444967
155,26.47762277490216,8.053667,0.9224546111099007,0.8544943341022663,1.1170450611311473,4.635762616569536
156,27.689969700795356,9.473459,0.5850178658271092,1.6377695042664526,1.0236141605948965,0.8533643429574356
157,27.86665193788663,8.538959,1.3115412363692203,1.6297365726221213,1.5188019520437017,3.690616623438652
158,30.74106804696377,10.087375,1.8916727147043053,1.788830185137032,1.0876249823329325,1.7536398404908093
159,31.017232672642344,9.644667,1.8735750238978688,1.375240877511693,1.933040626248539,0.5803216530255206
160,31.00839540462063,10.049417,1.0988090831344182,1.0440988860769074,1.5476410674952314,1.477210194282207
161,27.760983461684134,9.678166,1.342969505589728,0.5659374829168675,1.2037718341694434,3.949265455948374
162,30.842696629213485,9.287458,1.7547009453631792,1.0376166405269767,1.2233046356321715,2.317227945219077
163,27.790809241257417,12.226333,1.1767204255875736,1.220693308452951,1.2513419867157993,3.026583631165005
164,27.237754071455623,11.369625,1.4666327049009742,0.5571577471865858,1.7494810545950288,4.731047805771892
165,31.03680090897614,10.939958,0.6218457300194418,1.046996980274059,1.6811369610796416,0.05359361212177671
166,30.812397424567607,9.947625,0.7920743538613031,0.8818621181741966,1.2788488117199355,1.2519108299726627
167,27.76041535159702,9.404458,1.5828900880145205,1.9240491984686838,0.7740448330072955,2.637473355531351
168,23.68716071203131,7.274625,1.043411152601838,1.2282894184777087,0.5601532127503879,4.7207061308727285
169,23.389723519757606,7.139708,0.5977509060787426,0.9006306493050871,1.6907009797619967,3.1390035679479187
170,27.583165004418635,9.225792,1.432313928387156,1.7329616256913556,1.0937887982783874,3.1967255928447784
171,27.743940159070824,8.644333,1.8084385024650635,1.2569088256622518,0.7986742066346688,2.7927746806607456
172,27.57748390354753,8.619042,1.0617727639470356,1.5025835067327495,1.5107013968709664,2.7171335461298907
173,31.028279257669485,9.181,1.8725845978328253,1.686435724962887,1.417714451392656,2.323269910041299
174,27.400517611412702,8.944083,1.3663324921316162,1.386728388459427,1.0048957916951557,3.004131308288808
175,27.526638050751167,7.999334,1.748062869234784,1.64673528577899,1.0588415767192028,4.227215339400922
176,31.267516727685898,9.521416,1.515753240147092,1.6343677439046216,1.2487598736526304,0.37980160973716093
177,31.027963640954425,8.659875,1.8810193526797692,1.8557274580391234,1.3910897032773417,1.1643901012895852
178,30.954424946345156,9.42325,1.3329451585726118,1.116572408588484,1.5626462063268054,0.7012640385514513
179,30.94495644489332,8.9715,1.2698740638028183,0.9945352078136696,1.053604340792095,0.7352057306507592
180,31.025754323949,9.067875,1.9007974705363786,1.5656683339532367,1.3456572996093712,2.269692128933141
181,27.91437318520389,9.887167,1.863328688784829,1.7153317582895553,1.8684253573621952,3.1841590396465316
182,27.885683625804823,11.288916,1.3967108861444488,1.7265270997793198,0.6210366599190562,4.005297772172059
183,27.75700669107436,11.173833,1.6100578269287225,1.781991588602099,1.3711977378433355,4.766550098967178
184,31.01344527206161,29.715,1.8798828459423624,1.827821906079374,1.499251781569858,1.1868227386325643
185,27.668949627572278,11.943875,0.5434134230797816,1.0126431460310354,1.2672652628997527,1.534803405887906
186,27.58288094937508,8.5255,1.2769431556982889,1.9560192197920663,1.9758059611620247,3.1061175798706504
187,27.576631738416868,9.302833,1.9311190766747126,1.0085665560023438,0.7036242687925096,4.504594939073397
188,30.82944072718091,9.546,1.8866959680306183,1.3395223060922397,0.9267264271911162,1.960221605691936
189,23.38921853301351,7.377375,0.7504576522872191,0.9354470936068029,0.9315838745086089,4.598924230555144
190,30.88025501830577,9.898583,1.806363778898337,1.4726830528392743,1.1418114245792208,0.7567601208317942
191,30.9964019694483,11.161167,1.8828871646528187,1.659619569309629,0.7953597115024242,0.8558525517117488
192,24.21108445903295,9.65075,0.8372600746952887,1.7874525371048866,1.4340790419003944,3.318793376889631
193,30.84238101249842,10.196958,1.7731272057643053,1.7945014096014185,1.253209697997372,1.0024743863648395
194,27.913521020073222,9.161792,1.4774654618716148,1.0681197111977416,0.5275971973667815,2.428175707388297
195,27.754450195682367,9.050542,1.903363865348325,1.7480985672981157,0.5532167092378144,4.283661679329995
196,31.028279257669485,8.960083,1.6095409720164733,1.0466312985235025,1.5073227723974747,1.7537619080031663
197,27.643952783739426,8.64525,1.5278109341643988,1.9664165659701944,1.0039221368992888,3.074000551676174
198,27.675482893574046,7.963333,1.4479802020358712,1.586884105959271,0.9499195287847375,4.773198537528923
199,27.443978033076633,8.644375,1.2969601844986172,0.9200271402318427,0.7782369943917993,3.8751375089508704
200,26.47023734376973,7.103,0.641237266071399,0.6439506479884871,1.9915368168322714,2.5403926909137216
201,23.541219542986997,6.842125,0.8438066439224008,1.7065643736319216,0.9349680932075409,4.762705534092013
202,27.771777553339227,8.082792,1.131598523153051,0.59490651601681,1.1459134710421817,2.6563930636516986
203,23.39628834743088,6.84275,0.812063601295137,1.5749564161390741,0.8050270465102155,4.381348232299708
204,31.015970205782097,9.240834,1.6595924831278304,1.4867069075551216,1.544182385998224,1.0100554476109158
205,27.45846484029794,7.841042,1.5667253532447019,0.7140927088828122,1.7078589960858783,4.6746022525198025
206,27.60020830703194,8.775042,1.8606593381123466,0.5480775240503336,1.6092333874398441,4.359703712487783
207,27.760131296553464,13.122167,1.5562192507191757,1.8654657581319998,0.8318305417522613,2.7645123876364233
208,27.538284307536927,10.07775,1.0235182554571016,1.889525136896185,1.6585943324153956,1.5285492241378535
209,27.928007827294532,10.997125,1.849103135146727,1.8463799742334284,1.3507260629858004,2.6874388734697963
210,27.992488322181543,9.443833,0.6688389345903971,1.8788917769543558,1.4354648385143856,0.3107098227315852
211,27.88994445145815,8.456042,0.6544459453520249,1.6999650153419696,0.7475231366783839,1.3905026898357025
212,23.53566468880192,7.663792,0.5578069109183981,1.4826235399659382,1.1841216475086898,4.22334109335663
213,30.806400706981442,8.944,1.3232532105358623,1.481359040121094,0.7283780553847934,2.168817848437698
214,27.575495518242647,8.399791,1.1829604539661542,0.8843585170003712,1.6049149260884221,3.173360011415664
215,27.828588562050246,8.00725,0.6445133906256901,1.1566317019521075,1.4335201725802236,1.422327633987961
216,30.86226486554728,9.279458,1.3476073402987678,1.6974332674200339,1.7298783735603624,1.080080420185641
217,30.76000504986744,8.820709,1.2506544286300592,1.8726273252729821,0.7403692119917883,1.1170120006751945
218,23.52304002019947,7.2505,0.5048558704777121,0.6994563787947015,1.84188597858814,3.063379477938179
219,26.48444009594748,7.017542,1.0175882924645645,1.0641584407196674,1.7793730360108233,4.10776787805947
220,27.759563186466355,8.59525,0.6269322080039601,0.7713715622187711,1.0208497383605357,1.0521236449081734
221,27.751041535159704,8.010667,1.7045181973905439,1.663288532762193,1.2828293464482512,3.7064849073278694
222,31.025754323949,9.532542,1.8872798913361222,1.1486694523794072,0.950430940401642,2.497205405009585
223,27.70161595758111,8.104833,1.010540175717449,0.5243338329101879,1.6926614656887016,2.064568162677336
224,27.546521903800024,8.722625,0.9488014384080186,1.3694905413105058,1.9888341548431812,1.2585496428639287
225,27.51300340866052,8.647792,1.3265003307450878,1.671560549975964,0.6945943225669532,3.221730821404576
226,27.511299078399194,8.713958,1.9986319417247058,1.3419012722751862,1.1635971025927554,4.825274434890136
227,26.47705466481505,7.229583,0.5639549388835974,0.5575868584503132,1.3995321522353854,2.813608596102617
228,30.87552076757985,9.709375,1.6407579403603942,0.9176524602649136,0.8804089126967057,0.4838368734564896
229,26.320824390859737,7.377875,0.7926389517069934,1.3247425580617136,0.8904380686322155,3.624252159934657
230,27.5144236838783,8.638625,1.1738221600338958,0.6905513865878246,0.8440024051675228,2.875396189266276
231,27.406766822370912,8.623584,1.9878965096161463,1.9642707801821577,1.5436609178632619,4.316650723667565
232,27.519252619618733,8.935917,0.6570911297787885,1.176053181260675,0.6132265621154996,1.6035365754966469
233,23.68665572528721,6.793417,0.9068056973507868,1.0099702350263673,1.6452049929866002,4.9414178919802385
234,30.843327862643605,10.01525,1.4623669627931215,1.9131093884112156,0.952527933321935,1.8994535377779047
235,27.899034212851912,8.572708,1.5622292454696929,1.9033964731338087,0.6135305085351503,3.1380399545743676
236,31.02764802423936,10.132167,1.160008451425354,0.9645384435523336,0.6395431360138578,1.2837219017891206
237,31.103711652569118,9.330167,0.7074696090925385,0.882878298560734,1.6005328961293084,0.26862798455879633
238,27.517548289357407,8.273458,0.7632679965264654,1.0939549121978625,1.860997966165157,1.692945594973263
239,27.56015654589067,8.518208,1.2826590176124846,1.3701375834724858,0.6871270984323198,3.0612994648728376
240,26.540398939527837,7.866292,1.1342441014786122,0.5334677184347251,1.4156429355723361,4.167190341485835
241,27.705876783234437,8.707917,1.076128229821395,1.0556535643114047,0.9092130960960649,2.024326502042876
242,30.76000504986744,8.983875,1.808303199687095,1.2441988879661268,1.5746719770687503,1.5999767964640266
243,26.48387198586037,7.145042,0.5787608686866633,0.5974686043441998,1.9741483911582631,2.4686185896412454
244,31.082565332660018,9.839125,1.3853330651726854,1.0562791976064632,1.0765191792032742,0.9504433693121772
245,30.832596894331523,8.544083,1.3527965586573505,0.6405909787596827,0.5786938210655812,3.089714081193427
246,27.73655472793839,8.812708,1.552103742209408,0.7067928456602024,1.9796957293140676,4.29882128123923
247,31.005870470900142,8.7525,1.8176011200025193,1.0031651434956972,0.539968149755061,1.1385620396633782
248,30.8783613180154,9.917,1.2281714113950621,1.2310578171035202,0.6300630997737271,0.7883211120120509
249,30.923178891554098,8.841792,1.998994918724677,1.76773352514856,0.8137832532032669,1.4281598362622554
250,27.510162858224973,8.60925,0.8098901714232865,1.131108090879852,1.8772152691535755,2.8017407093822055
251,27.756438580987247,7.853667,0.8038521861160893,0.568214582878409,1.8051111261918076,2.0780252856293595
252,30.74106804696377,9.495,1.6901129485480788,1.1410474882748263,1.532642711714146,1.5122781004859114
253,31.094874384547406,10.073417,1.104460154153109,1.227725078079481,1.1722238203338076,0.06032400346425659
254,27.46329377603838,8.164,0.8238146302540088,0.8681590791297247,1.4675601896325499,2.662793201834393
255,27.5757795732862,8.926917,1.548478628470282,0.6724279170023357,1.419096234591851,3.1615410277319733
256,27.67633505870471,8.077125,1.0571101812402266,1.7727865980779067,0.7773674327730062,1.402702743933374
257,31.03459159197071,8.807125,1.5055755084213251,1.2784632133749705,1.225637286058867,2.3436647456406567
258,30.827547026890546,8.623334,1.5699235030581846,0.5487193340662183,1.9452913492322945,2.2714304431412877
259,31.107499053149855,9.446583,1.2118645118671412,0.5703933021447565,0.9029440040358451,0.20226621586693194
260,26.47023734376973,7.576584,1.0203056390404788,0.9594745879853899,0.7668547588682504,4.977603016281039
261,30.95505617977528,8.871541,1.9878358673499634,0.5807137147648636,1.441671126669239,0.1474539846135131
262,30.961368514076504,9.091625,1.7403587140732317,1.020409344215963,0.5130062803895427,1.3395762574768943
263,27.497664436308547,8.11325,0.6180178247030501,0.7513308084587016,1.3667013091236122,1.7745664747092016
264,26.503187728822116,7.938792,1.1372567065862829,1.2547263686856056,0.7096461150911237,4.49423174946605
265,30.849008963514706,8.5405,1.7631581961680185,0.8996849189360077,0.5067899970422833,1.9995935310643946
266,30.997033202878423,9.3445,0.9890016803047545,1.820171886528158,1.442613646714712,0.18866052255160692
267,30.754955182426464,8.397291,1.0490242564620118,0.9890668993816774,1.952179536391237,1.4371537682237334
268,30.83133442747128,8.752291,1.6903711195507554,0.7551695791436852,1.129676170333803,1.8852528567225417
269,27.51073096831208,8.004,1.017041080081824,1.7461239526411432,0.9463101694649007,2.7240855384879517
270,27.4479548036864,8.118209,1.4588912560013676,0.7145318523390104,0.8331220229472132,4.374716479761098
271,31.2773008458528,9.046667,1.1462121783739228,1.3657911484778753,1.1049906889510923,0.4964071479217347
272,31.282035096578717,9.743833,1.837560264794385,0.8170982376007598,0.8935159680279583,0.04602105238554144
273,27.5201047847494,7.934125,1.1686010429954814,0.5531355412787384,0.5563729206620598,3.007539200712813
274,31.05005681100871,9.3695,1.426001853193171,1.8007320172394021,1.4929563242545831,0.0952440934265747
275,27.565269536674663,8.395541,0.7759309228387042,0.9425070407661487,0.8308966786683215,1.8484407142323467
276,27.88057063502083,7.93025,1.7974949407971414,1.9450219921762972,1.0918968308001016,3.7637675901628764
277,30.762529983587932,8.716958,1.301731706795139,1.3967009035323126,0.8840753912737066,1.1134185844538358
278,31.078146698649157,9.454625,1.8372337110296044,1.609658129533451,1.8182689782822397,0.43068847585597925
279,27.35109203383411,8.243208,0.6202161654516947,1.1829830467490159,0.9718647732418608,2.2804044398506287
280,30.836384294912257,8.510209,1.8625075000118352,1.7897117659493638,0.9927545661618054,2.957235596695822
281,31.011867188486303,8.799084,1.267772884457021,0.9663354772306829,1.9426285053818753,0.522837648365907
282,23.52304002019947,6.823708,0.6099607944785929,1.115545145597987,1.1533078301828914,4.386172850616178
283,27.394552455498044,7.944333,1.2539677378210774,1.2625710674912285,1.098794784220774,3.7050239494868005
284,30.830071960611033,8.871792,1.5744375565850417,0.5535653050333521,1.032651565653485,2.124155488380149
285,27.74933720489837,7.991833,1.738198223291289,1.135674401774609,0.7814451856808737,4.3754073507141396
286,30.997664436308547,8.755334,1.5931799221432206,1.0055490207248141,0.9337051351853505,2.752570412627644
287,31.011551571771243,8.773583,1.9858648954394007,1.8438058401860733,1.5922475559002645,2.8360246924924115
288,27.645089003913647,8.309958,0.5823367329613314,1.2444082934302951,0.8332043321492042,2.022577385852649
289,27.792229516475196,8.402875,0.7450516181043101,0.6905711897532569,0.926978711944341,2.214000770048669
290,23.536169675546017,6.670292,0.6261093103243602,1.4660867889312086,1.127842551549617,3.0730068672167206
291,27.70814922358288,15.507792,0.6844350919779562,0.6895198434767804,1.9710907562098188,2.419021847685792
292,31.317384168665573,24.464041,1.635056962381766,0.7804667870357234,0.6875349838255913,0.055069905324584556
293,31.031435424820096,28.496583,1.5821130698487298,0.8099525191270744,1.306442374302255,1.7446624522507237
294,27.927439717207424,17.456416,1.710443435266421,1.431850832117883,1.057220513892354,2.311313332850593
295,27.2866115389471,14.946709,1.2810247236929078,1.5674887574610863,1.8448070953612397,4.229557522246995
296,31.102764802423938,24.847167,1.9066156193400174,0.7638419074254965,1.3931210041020547,0.634277897054269
297,31.103080419138998,19.053167,1.8917687799001286,0.69149244997901,1.237082221507443,0.5959102914041442
298,23.53566468880192,8.590458,0.8669635927785262,1.7135619793420278,0.5383611677089359,4.232191523957825
299,30.623027395530865,16.9395,0.8136178516932522,0.7368336559854621,1.4521091507553672,0.9285079687491132
300,27.79592223204141,12.508125,0.6861884078811105,1.296364939269146,1.0723671362829321,2.0619079429427165
301,30.838593611917688,15.08225,1.1264777975265603,0.8044331641972957,1.37282819403005,1.4864270037689882
302,27.49993687665699,54.964667,1.479447000634353,1.3496280938877354,0.8087335811031819,3.714163430444369
303,23.52304002019947,95.659875,0.8257313827236439,0.7933993105245882,1.4977402493279974,4.935697418805914
304,23.39578336068678,17.395833,0.5018710569417255,0.9109461057826986,1.5063215319767447,4.082291688521915
305,27.564417371543996,15.215292,1.1162020257286973,1.5751274273293614,0.6443287794968637,2.872962449098356
306,30.63438959727307,15.726458,0.5271388694865022,0.521623372315446,0.5528530510911898,0.5632854926548803
307,27.498232546395656,17.025125,1.8269345266247985,1.1491248986304088,1.2329675148481671,4.645028383353644
308,23.68665572528721,13.447,0.7213755738615506,1.73695731556897,1.3997495110426357,4.285122107865381
309,30.991036485292263,23.856667,1.7156028442271196,1.3315785870523784,1.2210452211131217,0.22328447141590602
310,27.757858856205026,56.148709,0.624538275125902,1.9081519511177976,1.3870914873600417,0.3993750174136712
311,26.54068299457139,45.085125,1.0294914206862467,0.7717712225631176,1.016973236436118,3.847322044204317
312,23.53566468880192,13.035042,0.6798867958098294,0.6228547880908266,1.984006458786757,3.5787649790025218
313,30.79346042166393,16.205625,1.8609963755427743,1.8813671886142664,0.590555045631803,2.3456216930441216
314,27.577199848503977,16.242834,1.0011577351183552,1.0308154044941833,1.9598551825230004,2.527589203873703
315,23.535159702057822,21.769125,0.8167953560314893,0.6540819439816481,0.8982423229448058,4.983497762947558
316,26.648055801035223,35.58925,1.003843154388359,0.9373905012988852,1.7584513492690568,4.614814233703294
317,30.954424946345156,15.975708,1.5283248878015552,0.8367655601979743,1.4325856347207346,0.6902392261196133
318,27.35506880444388,17.25025,1.4044718417542563,1.5880233391602723,1.1977903382153379,4.3942813384422905
319,27.5675419770231,15.844667,1.080666705588425,0.9679950489606364,1.4425280413484263,2.5932567320404205
320,30.843327862643605,18.776708,1.3609731193939116,1.1881210944559868,1.3567505871340069,1.1864874356096111
321,26.64748769094811,12.41175,0.8502982945006213,1.277608386020916,0.5819103003472887,3.7037780832899223
322,30.84648402979422,11.350083,1.998275715225549,0.7323723374427819,1.7477125057922316,2.448976723312583
323,27.904999368766568,55.821334,1.4992851521310293,1.3524565962085566,0.9481611357654702,2.715950633940418
324,27.50277742709254,11.513208,1.0898493308992263,1.2078423345180447,1.133220746797874,2.605473388908584
325,27.51300340866052,13.021792,1.3299396248386826,0.6819638222955844,0.8767226714473173,2.789924744651736
326,27.496244161090768,15.2565,0.6618581547806779,1.9462837226917564,1.4759814072410729,2.20930242910705
327,31.00429238732483,15.792792,1.8498443883668598,1.8166382760904511,0.9217747697826133,0.2895090758121116
328,27.927439717207424,14.150458,0.6468400988438769,1.5782218854765877,1.3540292222680268,0.7987631400168765
329,27.52777427092539,23.88825,1.3552471294105253,1.500368756912728,0.5279059567507276,3.43139614771468
330,27.90840802928923,15.968416,1.0425218896302133,0.6782716179085928,1.1381512608108575,1.7356427470794693
331,27.753598030551696,15.665125,0.6883901146907929,1.7040390818865188,1.6459474323659555,1.6536921399012443
332,26.659133947733874,13.644458,1.0655260230118846,0.8627732291628907,0.9849345565418992,4.055258777096507
333,30.745486680974622,16.454541,1.9743565802995433,1.7240755821102853,0.9035147980103251,2.0426917977192414
334,23.535159702057822,13.642875,1.1000657253546227,1.8213122546975173,1.6936400391082045,4.837396711309755
335,27.739679333417495,28.463667,0.8160565643892399,1.0827159723613242,1.2838072034267374,1.837424808377639
336,30.765370534023482,27.915542,1.0297683137723532,1.052604944222414,1.6982152536988955,1.4159418153367582
337,23.53566468880192,13.78125,0.6068026561058765,1.9701892152783305,0.7491889752545393,3.1355053284579606
338,31.000820603459157,18.338916,1.885856714603897,1.1393570042372796,0.7429554413949262,2.8331271945344705
339,23.53566468880192,12.592042,0.5876800158745421,0.5501865020356573,1.6759876429777512,3.734037353211434
340,27.751609645246813,15.054041,1.7112239889136172,1.0977432959103328,0.8035174738397215,3.7809559453521624
341,27.6396919580861,15.686625,1.0836534630232613,1.6784978166522198,1.5459202586018976,2.331281606135999
342,27.50107309683121,17.082292,1.152456960656845,0.5887090062927928,1.5696776756495663,2.730760966626491
343,27.860686781971975,14.13825,1.4128768853047424,0.6939415080318826,0.5951474929510692,3.8628785453424506
344,27.322970584522157,14.492,1.2739989214327436,1.5378575197239064,1.9983048422755052,4.725542837424307
345,27.34768337331145,13.813291,1.275449798073034,1.6794463108455884,0.9429643047286994,4.805805205403316
346,31.011551571771243,15.718125,0.8380749472005615,1.17797614642557,0.8704996045902912,1.1560409618681944
347,30.98283045070067,16.09125,1.7086700299921782,1.484425760205395,1.1484732805300122,1.100037897589778
348,26.47705466481505,13.038167,1.0527999382627327,0.7065871460883325,1.606536698424717,4.319605614569464
349,27.418129024113117,14.98525,0.6103390735048245,0.675651589937026,0.9181907564092415,1.9655187918639538
350,27.498800656482768,14.969667,1.000205934391977,1.7776483923511883,1.3552605622255314,2.232725472183115
351,27.801319277868956,14.864667,1.8748010131504314,1.1537606734773151,0.7880400566427447,3.850053801967808
352,30.99829566973867,18.340792,1.7797618662580572,0.5282613909703777,0.9113921415711115,3.3198864837245194
353,27.34825148339856,14.258042,1.1453977163550126,0.5568986331175456,1.6247758005783912,3.9329593153129077
354,31.34768337331145,18.383708,1.4806804754612206,1.1477563582485977,0.7860987364307639,0.33599825947495
355,31.014392122206793,17.40425,1.5271914014013954,1.3888837486883425,0.6288292583946895,1.2599131951295062
356,30.969258931953036,16.637917,1.4601934225599607,0.6782325015858413,0.6460469157937121,1.1796943654052616
357,30.938328493877037,15.683042,0.984855502121011,1.1278684564671693,0.6850125027163445,0.28101056112826817
358,27.69479863653579,14.425791,1.2142942864208366,0.7213669020382678,0.5346741581985974,2.4519086748962557
359,28.050435551066784,13.82675,1.7495283924822547,1.4059057414011684,1.4849646410694235,3.242316119208915
360,27.564417371543996,13.572041,1.3919585722291243,0.9710874311310533,0.6591975155439679,3.444739054990018
361,27.532035096578717,13.949542,1.5140369628467976,1.4755192367573429,0.8467108790969242,2.9279909686883085
362,23.535159702057822,11.597167,1.0405828262478225,1.2666311470268254,1.1791968748210953,4.962467173420221
363,23.541219542986997,11.415833,0.6201172136648792,1.2614084654379383,1.900650444562238,2.901802306067059
364,27.682016159575813,13.249292,1.2011439166518163,1.4994370158198813,1.4718577641714212,3.110342435553898
365,23.535159702057822,9.213417,0.5862752416402022,1.8142673880813671,0.5770865647305279,3.6750738070748383
366,31.015970205782097,12.511083,0.5423763533405896,0.6296725211308227,1.8027089361730262,0.003982213833301773
367,23.68665572528721,9.408375,0.6079903357789429,1.289078840192611,0.8023095773587134,4.670810516551613
368,31.082565332660018,12.490125,0.5050497502085229,1.0889023039091543,1.2801448894092855,0.00804246443952883
369,30.623027395530865,11.830375,1.4788383724220826,1.2943475525205796,1.6463452582550957,1.7089963680292197
370,30.749274081555356,12.052208,1.6340869312445854,1.6043172581413954,1.6557638836058888,1.934875717687354
371,30.835753061482137,11.418792,1.1197665190377855,0.6402092683359923,1.7861127520811582,1.4394172944318546
372,23.68665572528721,8.693792,0.5681996810090019,1.455537847119048,0.6153678749992892,2.626309238626883
373,31.26846357783108,10.142083,1.0419029324353954,0.5937409485835541,1.9740134206086566,0.4291064704833092
374,30.81681605857846,9.762291,1.8453083934900696,1.2902378687216012,1.830452349511917,1.5851253156788219
375,31.024491857088748,9.838875,1.9674626119487797,1.6713067070635135,1.83570148308773,3.0447632629543926
376,27.669233682615832,9.018208,0.6769657549568755,1.7406003884582248,0.6225773279635072,1.1607611699617482
377,23.534654715313724,8.038084,0.5414600180333042,0.7554908007417731,1.099769124999709,4.43201453782002
378,27.384894584017168,9.007583,0.746985670523219,1.4240879424489172,0.9415980588430398,2.851651593597451
379,27.73257795732862,9.555458,1.3622256447389818,1.7372844907569363,1.5868231762922567,3.7385303576152844
380,23.54778437066027,7.626584,0.5968951711619875,1.564237619485193,1.2978170285215405,2.6422444393164395
381,26.320824390859737,8.369667,1.093790501728061,0.7170001675320526,0.5181288941555144,4.350191630598951
382,27.702752177755336,9.207,1.4155983413916913,1.865861295880686,1.6927819086977314,2.9370346005221393
383,27.74706476454993,9.470291,0.8024311544497303,1.3649002796788166,0.649695298185059,1.8230797443394304
384,31.0216513066532,10.397958,1.3141035944746653,0.9233959338543392,1.1320826180882255,0.22857319420612643
385,30.809872490847113,9.793458,1.324077170550478,1.7293953348609399,1.554260496969497,2.070734847370821
386,23.535159702057822,7.859417,0.6418263804512416,0.9591410618377817,0.9270139556465016,4.199752872490107
387,31.189243782350715,10.032459,1.4974981106090977,1.1873209196909995,1.3804049110931556,1.049715225804212
388,30.840802928923114,11.113958,1.6036923815125228,1.0151805038306094,1.5998398431241334,1.8903978725416244
389,31.069309430627445,11.777709,1.5003360105783186,0.6895203644962915,0.9589027409448889,2.4757124165341295
390,30.8376467617725,11.405458,1.8213343721388466,1.9689758874963847,0.6609209571676029,1.747683671359378
391,23.529604847872744,9.006208,0.7171835748098356,1.0253758888846556,1.4129457626376802,3.761374738918698
392,27.55731599545512,11.081208,1.3029478335599838,1.6547138684938731,1.580013685898221,3.648148486902785
393,23.541219542986997,9.050416,0.9998356644049,1.8584970772630696,1.1916014214182078,4.59485562429342
394,27.92261078146699,11.074,0.8565675569903202,0.8418652989787239,1.0798927713513495,1.409188403577533
395,28.022030046711276,11.137,1.8410696339173482,1.5106290694881994,1.1562404417508574,3.5872671905717164
396,23.53566468880192,9.195792,1.041908666347727,1.146624159231988,1.9237609998377865,4.83989425912111
397,23.53566468880192,9.396083,0.6752751061880102,0.7764430748241641,0.8925764332384956,4.708366653132904
398,30.988827168286832,11.808625,1.8537520274059425,0.9626881343396461,0.5741380739969141,3.5466669185433974
399,30.779888902916298,11.980333,1.9996612529194209,1.1578074023724345,1.5353824859331788,2.9001144042707527
400,27.771777553339227,11.50125,0.5835772407092621,1.9531793988018018,1.3849326089425813,1.5330037789533546
401,24.334553717964905,10.082959,0.545999924455886,1.4478263088826768,1.0635170688217115,2.072883985059963
402,27.547090013887136,10.880541,0.8536654804792483,1.3696924418609875,1.6960716533519302,1.1884157909040816
403,23.541724529731095,9.334625,0.5513313082367151,0.5703272623588477,0.6695275967281276,3.3257389881619677
404,31.068993813912385,12.004166,1.654455333030716,0.5209777372763824,1.6911680510813822,0.35004999694253247
405,27.707865168539325,11.391833,0.8704496830999617,1.8921230167692158,1.3438825101728118,2.018303143815907
406,30.747695997980053,11.963791,0.9641248358829388,0.6121160700905695,1.6178834413559757,0.8150488876892242
407,31.03459159197071,12.036125,1.5253137012594415,1.7720597710018846,1.4626469057380687,0.16774376830996973
408,27.69479863653579,11.05875,1.5435282143135343,1.336619908163891,0.679015596681394,3.0876076662601677
409,27.463577831081935,11.066042,1.5930952904275486,1.196706312886462,1.4729188766910342,4.879216083440349
410,26.68668728695872,9.941625,0.971569007932493,0.7964516821939388,0.9439523809990711,3.624955175084246
411,31.068678197197322,11.956833,1.974654197308067,1.986031596126953,0.7606030710474806,1.1849433774122713
412,26.47648655472794,9.766292,1.0144513254013103,0.6319977991676841,1.790090243517172,4.285670902117728
413,26.655441232167657,9.667667,0.7108526232330725,1.0355461638771128,0.904088018898706,2.9323575220597737
414,31.10402726928418,11.91325,1.7454402984693826,1.1863669809261124,1.9565655770937358,0.504509551892729
415,27.770641333165003,10.710417,1.174245923011493,1.6773717927987084,0.8248759216442486,2.9881380596820546
416,27.897045827547025,10.832292,1.5719031449669578,1.8742312344678462,1.4486672145857562,2.5039215595928526
417,23.68665572528721,9.297583,0.6429509962814323,0.9229156837871515,1.7156379295557462,4.469203066856323
418,30.63723014770862,12.004666,1.4196476023455975,1.4001758639760695,1.849428662099014,2.38733771014831
419,26.67390480999874,10.296083,1.2162320325866476,0.909653394952606,0.7848069252687806,4.592945570764312
420,27.703320287842445,11.971833,1.9684354929270576,1.4979614221442943,1.3704122210530023,3.912324269062572
421,27.772345663426336,13.641458,1.2080848748428108,1.091702254443469,0.9043210337595918,2.736033387323303
422,30.86037116525691,14.81375,1.6191835459343342,1.9067032313022274,0.9934075866771384,1.249789570293622
423,23.53566468880192,10.985875,0.6748811815138467,1.5544482262581867,1.9971031338289547,3.32460788184925
424,27.744224214114382,13.891042,1.4628608178222946,1.4127229342881193,0.9463024070265585,4.343062970879271
425,27.731157682110844,17.40075,1.0332191604896919,1.6993889020888142,1.3988270520884225,1.6668105061391696
426,31.01881075621765,28.238666,1.7556674878797804,0.7001081906575479,1.6449345419863026,0.5653278588730781
427,27.545101628582252,16.18975,0.5522215741682597,1.1467926720036634,1.5989740628635396,2.06777588931327
428,27.50448175735387,14.133375,1.1667597599666375,1.9229298366721466,0.8472045934823356,3.187559878295207
429,27.756154525943693,10.866375,1.9144455256142847,1.1842229628076861,1.3433767696707082,4.302404260933862
430,31.01123595505618,13.932041,0.7817079597117753,1.9458241962963667,0.576124064562324,0.01794926839741029
431,31.05163489458402,13.092125,1.8753958348472144,1.2188230693285174,0.7945115386119286,1.2829148450471206
432,27.50561797752809,13.5875,1.1466658474335956,0.9755538292179797,1.1009225386420671,2.7309684497201605
433,23.53566468880192,9.029333,0.6609462926773806,0.9549124610710249,0.7530982253957264,4.23623498555482
434,30.74106804696377,12.63075,1.742020351957378,0.7246234018751063,0.6710147132376065,2.8652231381029365
435,31.02133568993814,13.338958,1.606909545497009,0.660308435213175,0.7670378848199002,2.5141283699614654
436,30.75243024870597,13.783084,1.7290908556001403,1.943334121815898,1.874351122831441,2.280786602068831
437,31.028279257669485,13.363458,1.7879038145049406,1.4705767222171116,1.3438455176423627,2.37563363341984
438,27.66696124226739,10.759583,1.1408203209294947,1.9461528285961038,1.1562917292024726,1.2771634594583796
439,27.38887135462694,15.495542,0.9845621524761066,1.936033444744455,0.6163132653136079,2.8059766792430945
440,23.53995707612675,13.601917,0.749643552107336,1.5544311238016355,1.9914105600316687,3.111339503036747
441,30.979674283550057,18.379959,0.9364083061897914,1.5405246906470895,1.0899019567097417,0.22999742763047337
442,30.577578588562048,31.295708,1.600390691352407,1.1334681456793212,1.6446845498657534,3.0868701922019435
443,27.744224214114382,16.03425,1.678541921450854,1.0516821602531994,1.9398221656732655,3.906862415824712
444,27.696787021840677,16.643625,0.8999840724533167,1.848800397631144,1.127837214487744,1.7016841004302101
445,27.904999368766568,16.451208,1.0653257832517489,0.6812354281734021,0.6410928613527731,1.888892602460574
446,30.825022093170055,17.2095,1.1472078059199253,0.793101157360061,0.8106484811879775,0.9444628518843706
447,30.830071960611033,17.685292,1.4645996348103367,0.829635602786581,0.7122174290915566,3.334386367995327
448,27.65843959096074,16.463916,1.4866163683913802,0.8036005187902795,1.9502530331429289,2.751485781843725
449,23.534654715313724,13.717,0.7386109758773518,1.2801650002329872,0.516446082966665,3.807942345479919
450,27.73939527837394,16.707625,1.6925146825858954,1.466347038219936,0.7107160762316906,4.4032837109442236
451,30.776101502335564,18.391417,1.734811778400481,0.5926563549287356,1.3761802211317395,2.4991911855500577
452,27.799046837520518,16.258917,1.8356716035034035,0.5050667306436754,0.8798575914593023,4.883612776731443
453,27.559588435803562,16.03675,0.7147363674117228,0.811645555626247,0.5047793000414187,2.0089529582316086
454,27.558168160585783,14.387625,0.6810291057623084,1.8931415946939385,1.2015721164758097,1.8077426369925653
455,31.015023355636913,16.396375,1.9565995707000094,1.0906729159424755,1.2073540590026641,3.2508670252615235
456,31.258995076379247,15.91125,1.701749301339527,0.8818590889030766,0.9821588683992591,0.7113616823718144
457,27.88341118545638,13.837583,1.1623949970667602,0.665594671187311,1.4438027051830973,2.3383098848530266
458,31.084459032950384,15.227709,1.4082414640801801,1.1830316488469568,1.5103932366349884,0.9535330183872115
459,30.876152001009977,16.492708,1.8487707533264162,1.9102198876218655,1.7219165452470746,1.5181109260648873
460,30.795038505239237,17.817916,1.463366503747643,0.6351109714836137,1.0588949924503102,1.0881334697941314
461,27.757290746117913,18.140166,1.8259352021070594,1.042280762105103,0.9034881946435768,3.6834652521006013
462,30.956318646635527,16.315708,1.1511726912481448,0.9353566885439287,1.51945824277947,0.28951619867352896
463,23.53566468880192,13.539042,0.8408630751537647,0.77572649668,1.653408508335188,4.442977571887113
464,26.48387198586037,12.669208,0.8542657842830248,1.0754673964686279,0.733610576566204,4.119363932417083
465,27.580892564070194,15.061167,1.1915686569110278,1.2006530143502985,0.5354615235131917,3.004848463991289
466,27.907839919202118,15.886583,1.1285870409642187,1.276358328142211,1.228485733223482,2.06450994063994
467,30.74422421411438,18.25325,0.9989827617559306,0.8891253882520658,1.6929993369826986,1.0672662448069077
468,31.250789041787655,19.82675,1.1901228269973272,0.6571594016120441,1.3497722019783462,0.2768355548427842
469,30.731599545511934,17.193375,1.9580020367664184,0.7000981365388668,0.8039986572694229,3.2891947234599246
470,27.750189370029034,16.529084,1.322777698480725,1.0158118921580015,1.6671904311851462,3.2704163325258473
471,27.772345663426336,15.746167,1.563563180751431,1.2033976450544017,1.4579990299851362,3.699286408497357
472,27.640544123216763,16.557041,1.3854331155674102,1.8162759347216924,1.0521952411483655,2.6579596118115196
473,27.79478601186719,15.525542,0.6134436247947246,0.9665003647181647,1.5417842453857677,1.8815691258944516
474,30.82880949375079,17.382125,1.4947935416080105,1.5034433355105024,0.9817453467004813,1.5466536839900857
475,23.53566468880192,12.898792,0.7525902669282734,1.1653626319105266,1.4386687358377868,4.417094983982125
476,23.68665572528721,12.652917,0.6221314862162406,1.989031753107842,1.5678787932510512,3.7518953440566865
477,31.062365862896097,16.187375,1.777553949313253,1.1384448413842962,0.6186767738455481,1.0004436188785042
478,27.644520893826538,14.390042,0.9007384993809681,0.9307922609954193,1.5876470539010303,2.7446786706344217
479,26.323096831208183,11.894916,0.5039066486660333,0.8986190176389259,0.8797351063382463,2.13869706655342
480,30.99829566973867,13.62675,1.3479151715998696,1.3527262132868394,0.7006698979912296,0.922199981826417
481,27.672358288094937,23.615083,1.030437246597827,1.9924425378431976,1.5780164255858191,3.751366556372907
482,23.68716071203131,10.651208,0.9385552395636323,1.7625110786796327,0.5509537431730658,4.753100206210468
483,27.707865168539325,12.682334,1.2730240597314648,1.1690281827883704,0.9489794343030095,3.093042097039161
484,23.687665698775408,9.359458,0.6778094875850084,0.5183982724590577,1.2950263111407523,4.488643046515175
485,26.47762277490216,12.765709,0.8366936316999531,0.946265321515922,0.7408605340642194,3.572951544062619
486,27.576347683373314,16.459542,0.7805333909620202,1.1086194977188786,1.8481954394269111,2.6450802570568968
487,31.11381138745108,17.218958,1.0872823738295163,0.5373962864076214,0.8881973444418035,0.1439066898373953
488,27.982546395657113,15.339833,0.8348491607944835,0.5625760052712219,0.5065116165432992,1.4931282329538638
489,30.82880949375079,14.517375,1.89108607427185,1.9781986944449494,0.8465714695305225,2.3672259289461333
490,27.515275849008965,13.683125,0.9759511911225682,1.8312119120117218,1.3353127855998825,2.716713276916348
491,23.39578336068678,10.988542,0.8596855117025289,1.102046210843888,0.7844377411824617,3.829607301133887
492,27.72689685645752,13.653584,0.7713585706932319,0.8750125861883054,1.0816183212492496,1.0560361942487317
493,23.53566468880192,11.22325,0.6619522659125457,0.6549181915656823,1.6998105801231163,3.6186890817564294
494,31.29055674788537,14.436667,1.974212421641203,1.5099381780962757,1.2810045884189147,0.7614310949749875
495,30.76000504986744,13.739,0.8057450839362787,1.1972485717858454,0.6443921363591526,0.7786055877225934
496,30.98788031814165,14.471917,1.7487425530941159,1.1778990647833112,1.3492710972629343,0.5301375519816953
497,31.031119808105036,12.136,1.5051571051315726,1.244556363089833,0.8619010186109813,0.07941056746077091
498,26.530172957959852,10.061125,1.1234845236922324,1.976566221212699,0.8432755493266142,4.48174146490716
499,31.089508900391362,12.065541,0.632703851179908,0.6473014357987281,1.400083487671668,0.1002957999475973
500,30.62365862896099,9.949917,0.7716830185676911,0.5960157542338618,1.2718824233273154,0.9943202906927684
501,30.967049614947605,10.299792,1.471220782677859,1.3104508294222796,1.1302656036585559,0.4852884097167537
502,27.546805958843578,9.185791,1.8369891602745634,1.9909320032772209,1.655305086416357,4.46640354046072
503,30.89319530362328,9.922875,1.2060532460427225,1.8206645431034696,1.6547819930687753,0.8903955990793633
504,31.017548289357407,9.649416,1.9470290677813882,0.8844572663524051,1.9382331281957559,1.9292243253858392
505,27.547658123974244,9.43875,0.681129604043907,1.0804028702691908,1.8590633247352821,0.943077814030035
506,27.828304507006692,8.926708,1.1139896273946415,0.5732437290763789,1.4579243736770107,3.437276543884564
507,30.642595631864662,9.480792,1.1525438215286585,0.5516187860030379,1.5645122106604206,1.2309318790133295
508,30.84648402979422,9.971708,1.9825113233347387,1.622123657183897,1.3976161869537536,2.188681756658173
509,27.69905946218912,9.267167,1.710596139566264,0.8562428346443596,1.6313759256753364,4.859339763807976
510,27.923462946597652,10.062458,1.0353614161570033,0.8395659517004291,1.3848955798905178,1.7228496673932947
511,27.50504986744098,10.203875,0.9263459379910438,1.9565669916817234,1.2131239438320214,2.6871325019339687
512,27.70814922358288,10.411167,1.0718727266941483,1.473813594799056,1.4313866534885502,3.9316062525091864
513,26.522503471783864,9.439958,1.3171810613921207,0.5477603721662119,1.4839785180486045,4.838966800798156
514,27.730589572023735,9.683708,0.7212363593553264,0.6368264550665583,1.1008765638862612,1.1996605179113518
515,27.685992930185584,9.901458,1.0063824082835442,1.689624449797889,1.6793269443026566,2.928132459491129
516,27.683436434793588,9.479084,0.875806101534721,1.7538544794842594,1.7824603394715106,1.9208204531391337
517,23.529099861128646,8.229208,0.5686094799492258,1.4622027908180388,0.6500181944048682,3.0692467922204902
518,23.542229516475192,7.7475,0.622639516565907,1.628389809557225,1.6569286003609607,3.126611831796703
519,23.68665572528721,7.978083,0.7789997965298368,1.123362388055509,1.8017405946009952,4.8922995782310625
520,31.232483272314102,10.292083,1.253263610933788,1.737763138634997,0.9355863625804304,0.7704904602439733
521,30.857530614821364,10.081875,1.571170988534401,0.9178322860472119,0.6781913214113691,3.302220127017505
522,27.911532634768335,9.465375,1.151215839639779,1.5504966501533857,0.7074895998297559,1.3808464108414253
523,27.68911753566469,9.470125,0.8245457522161362,1.30712564595236,1.927821668337519,1.1817009573679238
524,27.577199848503977,9.45975,1.7291976798135125,0.9049193589741626,1.392182708372426,4.500306066039769
525,27.96039010225982,9.208458,1.0551506901986711,1.7976562979985138,0.8997457994088753,3.3919963004100007
526,27.75388208559525,9.555,0.9822177972495836,1.7822702721628971,1.0042201521145526,2.8925395309973134
527,31.179459664183817,10.414625,0.8017696559957161,1.2782248188930516,0.972296048472004,0.5070261954366906
528,31.33758363842949,10.365833,1.9186453388852533,1.5484988705583067,1.243668437957436,0.45387798695804116
529,31.33411185456382,10.845375,1.5690242342500706,1.9363707632607277,0.7396287501538141,0.36554989180646924
530,27.352228254008335,9.330917,0.7973988466086515,0.9285727257451717,1.6763841080600543,2.9102341544990984
531,27.74479232420149,9.590417,0.6356600093914364,1.56472880473602,1.734913913779399,2.0704294275879196
532,20.59370660270168,7.45675,0.5061586570728487,1.0664381865163495,1.2315340260590493,4.930961595798164
533,27.676051003661154,9.62625,1.0353053862049326,1.5778683734868832,0.7915984227132029,1.0945707478444544
534,27.696787021840677,11.196375,0.5636372327051116,1.7660633982342728,0.74081384657929,0.7379700810246287
535,23.68665572528721,9.598125,0.5812069123172845,1.9734456404790726,1.8823150948797216,4.563165024577612
536,31.199659133947733,12.155208,0.7981864380526973,1.159228232265101,1.0446819096920934,0.4885447931761011
537,30.627130412826663,11.587,1.1825743047806032,0.9081951225716085,1.5280300531958255,1.768396534726036
538,23.541219542986997,8.9875,0.6706094120059722,1.7158756907880313,1.0936541831714512,4.881999598150194
539,30.912763539957076,11.921583,1.3065995853887409,1.7555156313624678,1.5788133698512494,0.8085404547350955
540,31.122648655472794,11.495084,1.6490633490673223,0.8789799933692517,1.6234723594843177,2.6824125763917532
541,30.774207802045197,11.545583,1.8074684354255162,1.796810883986783,0.545417153818028,2.1777347026002785
542,27.512719353616966,11.00175,1.390869104905463,1.8028148232614285,0.7263355751271394,3.8820339227351184
543,31.085721499810628,11.8715,0.7944898477130407,1.4874562313363233,1.3682611136995941,0.5383183772328226
544,30.88751420275218,14.736833,1.4945784327649136,1.5442890356217616,0.9947921645631058,1.068920884853502
545,30.747695997980053,14.675792,1.4329352974412988,1.5303654540347384,1.7196442301176327,1.2363492408872996
546,30.742014897108948,15.312459,1.3068809749229928,1.3939839502541966,1.4106246961196522,2.259473337976871
547,27.620376215124356,13.781917,0.9736419910239801,1.5780214160155726,0.5373986369586358,3.256424707291805
548,27.73598661785128,14.543583,1.699672968129215,0.651180189057097,1.1299611738448192,4.108929057440714
549,27.744224214114382,14.518625,0.8694341382747917,0.6157679517451322,0.6862662879806064,1.8061912606218784
550,27.57890417876531,15.080458,1.1534262735794296,1.1757688945742981,0.5989137129407149,2.459516969271656
551,31.00145183688928,16.575625,1.896558761756637,1.9954599393847314,1.2566573931640985,0.6344389760503627
552,30.82344400959475,17.984083,1.8701094820685251,0.9634181149147232,1.3796396304519079,3.2718002290868595
553,23.687665698775408,22.458292,0.5277971705511086,1.7919820911890838,1.0793463349140495,3.5702336734441027
554,30.934541093296303,16.113542,1.0884118723053897,1.1974148041696877,1.2264908340312346,0.1332934619195758
555,31.281088246433534,18.707083,1.2098841383155563,0.9071139589836652,1.0721958224646437,0.5008456601928957
556,27.799046837520518,16.001875,0.6695267439597559,1.0956779218429393,0.8437210832685494,1.8974751696237364
557,26.501199343517232,14.590125,1.1885229392866887,0.7714374494066074,1.8737681642830077,4.488397199534141
558,30.74106804696377,14.183625,1.910730224979977,1.6233723527431247,1.9944172467907115,1.777608154380757
559,23.68665572528721,14.027375,0.7153861818966833,0.5402130370025757,1.5085647568238092,4.641951544127575
560,27.728317131675293,15.299834,1.8842951412773927,1.6621025359228905,0.8757942463414823,4.551689059244475
561,27.51243529857341,13.417917,0.8689836171801762,1.6227521697569482,0.5375338659211557,2.3508309344518876
562,30.746117914404746,14.402166,1.7930034536523216,1.2862538319663106,1.599994608871349,1.8262591047711452
563,27.79478601186719,13.18175,1.5929602018767872,0.7765534470697646,1.6004684558553808,4.506217448490869
564,27.641396288347433,13.780417,0.6031626674639299,1.2249485975852608,0.8801058783802986,2.1161530052631106
565,27.71354626941043,13.364292,1.46653295095097,1.992715475107675,0.9342821714791898,4.7423515522846005
566,26.47705466481505,11.88175,0.9103569584410158,0.8092221506513169,0.5848438698963783,4.032948886304884
567,27.639123847998988,11.10975,1.2775680959177929,1.6467695090320584,0.7826200343539077,2.625620244995825
568,31.086983966670875,11.792667,1.3925516035419319,0.8949245857760855,1.2745429142080122,0.4643467262215567
569,27.535443757101376,10.804708,1.3161544886101946,1.4396241608839289,1.9063566403000363,2.559459740620487
570,31.038063375836384,10.249542,1.6403146469261927,0.5771763126502522,1.4386718424047649,2.709956681690202
571,31.15768211084459,10.446667,1.0245844694742074,1.727072049234098,1.4660187880549378,0.25944264488109436
572,23.53566468880192,8.0195,0.6537301563788822,1.6348902351745203,1.6835441759129652,3.1043424646127926
573,30.797563438959727,9.877584,1.7571987727392482,1.2982807789355464,1.8833455701467305,2.9658490807173523
574,31.02480747380381,10.413791,1.8755108425808986,0.5213316088750144,1.7881405198206652,0.4555868268880836
575,30.741699280393888,9.880708,1.9969168277898677,0.811002641868745,1.8007974967778322,2.2908523195000523
576,31.00902663805075,10.392666,1.6949040706309857,0.9054855893268363,1.07658278533514,1.0831940761371146
577,27.74251988385305,9.065958,1.5801571460481658,1.4564910034919696,1.7358067176303944,4.491548527041807
578,30.746117914404746,9.710666,1.8129754086034406,0.9589402377743995,0.9746947838716733,1.7571164526209815
579,27.8288726170938,9.189042,1.5567018469123997,1.32518773937091,1.4392832198122134,4.604019295636855
580,23.535159702057822,7.634334,0.5764695941169569,1.729113271955985,0.7280252258620419,4.141156923252068
581,23.547279383916173,7.511333,0.735740042970364,1.822187400222203,1.714365802988595,4.609007624113368
582,31.291503598030552,10.206291,1.2385551339666239,1.6461511682086245,1.308485269345285,0.4848406746268591
583,26.648623911122336,8.352833,1.063681482531226,0.9512118971979913,0.9612027116735127,4.350251901995802
584,23.535159702057822,7.728667,0.6326299273474811,1.8430185619486101,1.6236140111756845,3.9342906247584635
585,23.535159702057822,7.666625,0.8680065428709174,0.6757164268917517,0.9624480433051155,4.502551017110836
586,30.83954046206287,9.701958,1.9156116449224971,1.822034370545878,0.5289039793558353,2.3299793962734707
587,30.997980053023607,10.414458,1.4225336306513119,1.7445887882276343,1.2944234541770294,0.9199500998758464
588,31.028279257669485,10.136709,1.9057894337917052,0.56164361846798,1.6040316985678071,1.8864048357183882
589,27.549930564322686,9.439417,0.6585005918568076,1.2546065689751345,1.9083950150546583,1.6768110734337465
590,30.830071960611033,10.001542,1.744892623870185,1.5182122414075303,1.798183529576467,2.3662358722988923
591,27.70871733366999,9.273042,1.5130848341646856,0.8437983738164996,0.5614032360493074,4.961204249939734
592,27.558168160585783,9.502458,0.9492738846221767,1.8322756226024266,0.5797192480088,2.4113906135338805
593,27.83995076379245,9.240833,1.0478664637264206,1.4261227451513807,0.6864730043862807,3.345155519359791
594,23.53566468880192,7.963625,0.8884877486554097,0.9997116900384758,1.2857658792760243,3.9380641462329957
595,30.74359298068426,9.909917,1.2561337628654718,0.7539238900667725,1.770127030108685,1.2371201493027906
596,31.028279257669485,10.190334,1.6136589855696437,0.7909487668671973,0.5377966805382253,1.6653054379506034
597,31.10402726928418,10.378083,1.2394848321817657,0.6228175978600825,1.1551958050452271,0.46666895744624404
598,31.16809746244161,9.86475,1.3826478861556741,0.9110882328528737,1.733526555944013,0.2884486417905874
599,27.455908344905946,7.917334,1.3039438708930242,0.5669838570586513,1.4947646659701266,4.052230291678659
600,27.554475445019566,8.084333,1.8100164657820144,0.8752257699403305,1.7628904417122189,4.205134288372861
601,27.900170433026133,8.290834,1.6600900686545943,1.351394920277336,0.8117416641219328,3.1373868570204873
602,27.934257038252746,8.06175,1.0371646651249231,1.6496235275528601,1.379000365253848,1.5605963272935548
603,27.707865168539325,8.283917,1.7078627076662034,0.9829278056096145,0.9401887506837027,3.8789121522568175
604,27.910964524681226,8.017666,1.009224838066569,0.8684585251420385,1.6631276189358584,2.9275167392978867
605,31.01628582249716,8.644542,0.7457027445411648,0.7994269795534499,1.3883447425432989,0.6577306628551816
606,27.667813407398054,7.9435,1.2365489261040725,0.9180209090255093,1.5299346805606042,1.9246631114423267
607,30.83890922863275,8.366792,1.4981567223274619,1.2160717436916715,1.6370731493036526,1.3176776395621892
608,27.55902032571645,7.993167,1.678524336589957,0.7936371579370958,1.9163473276145302,4.287772650025572
609,30.74106804696377,8.72125,1.7767407407921965,1.2927138303161883,1.7406047977914256,1.6498871232784866
610,23.541219542986997,6.706542,0.6095415209136329,0.9981705753628418,1.0719552294357642,3.4422597972194033
611,30.799772755965158,8.668334,1.3998336803882643,1.4949375036498898,1.2491917534480999,1.1040621903768488
612,27.743372048983712,7.9255,0.8700419760690039,0.7813289876127776,1.690173964586363,2.183493078585512
613,23.68665572528721,6.795125,0.6107597798424778,1.466379657940434,1.8998335617570543,4.084300553159765
614,27.634010857215,7.866208,1.9703612638948267,1.7821579333096547,1.6614589791256777,4.021984645551278
615,30.774207802045197,8.662917,1.2821184322944545,1.4323924008647864,1.6405550506693336,1.574619891546598
616,27.131517485166015,7.732667,1.2269192390764234,1.0507275113895893,1.304735951444485,4.508094901202741
617,30.977149349829567,8.790209,1.0022604731693185,1.0661565023412791,1.2788922964173608,0.388841533915148
618,27.91550940537811,7.867584,0.7994422178793843,1.7132948307024176,1.571721533236762,1.142734997718366
619,27.736270672894836,7.975167,1.0965856051071112,1.7131800359760538,0.9934734285106744,4.241729045851871
620,27.73797500315617,8.619209,0.8336285236484238,1.5780869188226303,0.9377165265492264,1.2925676870376612
621,31.27098851155157,9.196292,1.259215021675199,0.742489017024057,0.7637293090274859,0.12837451970205083
622,27.519252619618733,8.103,0.5310973023879179,0.744964327886674,1.1388257204506984,1.2903106482823627
623,31.007764171190505,8.680209,1.86663136954501,1.3799507279239285,1.3122775818499117,2.445803048860549
624,27.526638050751167,8.166167,1.1945135244102676,1.8742608462770114,0.6800392811041766,2.2702024212801097
625,27.52436561040273,8.194042,1.3879357837404247,1.2567327023658599,1.9664451307360178,3.035049848734326
626,31.25457644236839,8.850375,1.703257536667277,1.7484999006238113,1.9784974511510398,0.33704787505244027
627,27.656735260699406,7.753167,0.8789209050761148,1.1995663663776661,0.8177357013441596,2.836782964989515
628,30.786201237217522,8.593833,1.5309500705517576,0.5074768628181924,1.6533218290004865,2.8017825907701006
629,31.054159828304506,8.911667,0.7107911511046929,1.4611815622442619,0.996081307740943,0.5427631053307258
630,27.70701300340866,8.009417,0.7828450013312396,1.5285633750128138,1.274652367779613,2.0552941417620874
631,27.800751167781847,7.951166,1.8870498767995016,0.9412705134987838,0.5025056730316799,3.8494394400667002
632,30.950321929049363,9.012333,1.0595873513533807,0.9207153380942694,1.1940063905717264,0.2336407022159459
633,27.65531498548163,7.94325,1.6097252628852126,1.2079608977236962,1.6486083433671097,3.0410313412278773
634,27.754450195682367,7.813792,1.3206723841643582,1.8711228847867238,1.0934056476461014,3.794580917534134
635,31.300025249337207,9.327584,1.6742792629594139,1.3542219088495717,1.7794131404300932,0.20658842881845885
636,27.400801666456257,7.78275,1.2089727683859128,0.6737155299631299,0.7962588098214665,3.0261710815473943
637,30.94148466102765,9.332792,1.2240249040303708,1.8207458685108595,0.6252697071874183,0.3801931277391474
638,27.627761646256786,7.892959,0.9656185880486219,0.8239836187349935,1.3323340623044782,3.1388550446051813
639,27.90215881833102,8.3945,1.8815505434603796,1.8960963358696643,1.1450067739829173,3.70336232418396
640,23.68716071203131,6.783708,0.5659912566047133,1.0456522653398386,1.8036065683050406,3.125348846174262
641,27.387451079409168,8.561,0.6929276534439425,1.5418013884997372,1.6550593417613961,1.9193594133992475
642,31.18324706476455,8.787292,1.3485025995652853,1.0029408981039514,1.6803016099603532,1.0493873349815224
643,30.61040272692842,8.669333,1.6142183534722652,1.255352114008645,1.5803656874655825,1.6108013406798527
644,31.102764802423938,8.934625,1.9036461005794818,1.980985398450301,1.256446874377033,0.729437885137279
645,23.535159702057822,6.676958,0.5819916673436337,0.8266145282916333,1.5127190343473882,3.752520211468357
646,27.688549425577577,8.181875,0.7502157922715079,1.8487551900309935,1.5992536918856823,1.1098276825194313
647,23.53566468880192,6.836375,0.9060280596654747,0.581638289553178,0.8116625713358553,4.840383477781199
648,27.513287463704074,8.0005,0.8353505676287865,1.3747789897805078,0.7899696861056243,2.9164929224783305
649,23.53566468880192,6.826792,0.7081322872277402,0.9832658103404412,1.0828160548170298,4.5751822510177576
650,27.5144236838783,8.127291,1.0227301792232348,1.5707220277704195,1.970225384459632,3.5718228837825854
651,30.943378361318015,8.558666,0.6990660283742706,0.7084854002396017,0.7063022975379811,0.5967120299767609
652,28.003850523923745,8.348042,0.8800782199524217,1.7982547177164114,1.6423815287904264,2.5873222012995716
653,30.60535285948744,8.596959,1.280740417726975,1.1873570639983675,1.7423038007613565,2.130441296182089
654,27.897613937634137,8.76325,1.4806613950340213,1.1146236377581895,1.3607436890264626,2.6506386883408295
655,26.485860371165256,7.410417,1.1312911958511114,0.7985966300939307,1.3687616562585507,4.558167163540313
656,30.81460674157303,8.884958,1.1185543018036164,0.821196241582574,0.6440505745363473,1.8031370507378508
657,30.744855447544502,8.555333,1.0809160658064756,1.2014984790204508,0.9516799317703217,1.2561486810424127
658,27.51073096831208,8.506083,1.2220933292120004,1.0562828788273673,1.243757372860135,3.223558679668016
659,27.393984345410935,7.725042,0.5105562853338721,1.005784549832883,1.9507218829036708,1.2315514475052698
660,27.516412069183183,8.676916,1.773951012241289,1.736098298815524,0.5546847937668191,4.367076416431422
661,23.541724529731095,6.539292,0.875782659995891,1.681509776877035,1.917812588817003,4.692987163887704
662,27.70474056306022,8.530667,1.6928104179633463,1.3545712159044916,1.5453747647828138,3.249301219526365
663,30.927597525564956,8.741417,1.2359151093122833,1.883920711111831,0.9844010906857253,0.8100644034990911
664,30.57820982199217,8.716542,1.616857927935959,0.5111057957255407,1.450321832913266,3.1034587275227787
665,27.580892564070194,8.1655,1.4172535999328173,1.8764424778483464,1.4706739698630718,3.327612161250234
666,31.025123090518875,8.773709,0.833051989458786,0.9854850071247625,1.1430330588601487,0.710488031909301
667,27.55163489458402,8.023875,1.7722959390088695,1.625264166754247,0.6726058866555643,4.560803784848196
668,31.01691705592728,9.343209,0.9352726745409958,1.12843913210118,1.8486954724620763,0.6169988558570211
669,27.751041535159704,7.916625,1.8767590300957164,1.3967154740226277,1.3176694921304306,4.1768565836508085
670,27.8953414972857,8.36625,1.356117374941604,1.2494550598969316,1.2856578051968977,2.357940601929106
671,23.591718217396792,7.219417,0.6843386393847692,1.8690998937064736,1.1672346690865207,2.9020498731039086
672,30.75432394899634,8.920541,1.6909687804519131,0.6175529988088875,1.1780895340363857,1.991061331443384
673,23.541219542986997,6.878625,0.5450295890743531,0.7117218665347507,1.4214353974149332,3.9855624742577933
674,27.395404620628707,8.067167,1.74684094813766,1.9688568335058751,1.2241596158657801,4.755210588607266
675,27.562428986239112,8.353958,1.7818955770479303,1.6498885379427874,1.8458425183240101,4.391928581725282
676,30.832596894331523,8.788666,0.9235398015398729,0.5403016619390608,1.8773094729430118,0.9336481888597903
677,27.799046837520518,7.887209,1.3520188116571066,1.3988153021519982,1.2322137242716513,3.782285533546434
678,27.488574674914783,7.834458,0.8913946290304571,1.9239458724369052,0.553986262966581,3.0058256401104027
679,27.897613937634137,8.047417,1.6629792608142164,1.318207169499082,1.7419301071035747,2.6165981419131477
680,27.712694104279763,7.950666,0.8520450523670531,1.2910276992779808,0.724855294591223,2.3394954457709183
681,20.593264739300594,6.355417,0.6178430439038627,1.4647358704689597,1.9021826181396364,4.9079966828661625
682,31.02764802423936,9.082292,0.9288484411811051,0.5594698096749604,1.2294284887512905,0.19714214485748893
683,27.740247443504607,7.808041,1.2407032192356753,1.961207094585347,1.2322400413918526,3.7511238510062075
684,23.39578336068678,6.751667,0.6561971187710889,0.6294619563513302,1.7487609953630556,4.268910176153264
685,27.512719353616966,7.632042,0.8066402099683196,0.7722383838918863,0.967588975848268,2.8913585184108417
686,24.61381138745108,7.21225,0.5883721070161765,1.9905003433666357,0.7893985428141126,1.773907651808066
687,26.48273576568615,7.373834,1.2830543159758179,0.9126577657449781,0.6660371612469896,4.74515164344331
688,27.355352859487436,7.700625,0.9855105499348094,1.9649741940869871,1.7279958051347506,3.2085557922971795
689,27.930280267642974,8.136583,0.6785077217587714,1.876173335032358,1.128463369058439,1.3304653599533718
690,26.64748769094811,6.960584,1.114212700631988,0.5089146612078492,0.9077908368862939,4.681449534797847
691,27.748769094811262,8.7615,1.661546960680841,1.0413049434552841,1.5990652193170551,3.5940307702769076
692,26.48046332533771,7.352375,0.894379861611803,1.67342905121869,0.7987824491073234,3.6934579584104337
693,30.76000504986744,8.705167,1.4833062999355011,1.7134048187582716,1.2492319432437344,1.5825827834856292
694,31.02102007322308,9.109584,1.4332019306566828,1.4654814271929608,0.8570176795138169,0.43712704788908097
695,30.75432394899634,8.954791,1.7707572707501544,0.905877717178984,1.8144090946063947,1.8118911285074013
696,27.560440600934225,8.083791,1.970079245280173,1.9467924949687636,1.7935062532429284,4.843359593103837
697,27.563281151369775,8.364792,1.300750569955653,1.246149951581897,1.083691767954703,4.37343966925568
698,24.52619618735008,7.483875,0.8369747703869208,1.4826533457767606,0.873946122567948,3.0623599766417726
699,27.738259058199723,8.022875,1.2638083703703367,1.696653359260599,0.5029269547736648,3.399653500657081
700,23.53566468880192,6.744292,0.5021686794760765,1.3787812946781686,1.8060413395902262,2.6799886944562297
701,23.534654715313724,6.6205,0.7997389639661354,0.9252569003934579,0.5520631374130913,4.2287427084178475
702,27.90727180911501,8.007334,0.6075544137696429,1.9516537501958695,1.8920628171072975,0.705837647610083
703,27.69905946218912,8.158334,0.7271661876998745,0.8971442438123277,1.3324287537946276,2.1964598424388777
704,26.64748769094811,7.134917,0.8046750804152192,0.6622549804282263,0.6757487822210138,3.4160272401069514
705,30.811766191137483,8.565958,0.9621589997523381,0.5721101567620692,1.9808453998751419,1.5663843080030593
706,31.087299583385935,8.962375,0.8838528042939627,0.7110353315182208,1.0735976072118685,0.224494223800627
707,27.674914783486933,8.384958,1.4088043923463875,1.8411588880892102,0.7515560062930455,2.2580651649377907
708,30.840802928923114,8.67125,1.8308062406005636,1.0492963899611925,1.7998599307546024,2.0599846815907408
709,30.63438959727307,9.048792,1.5910905845129497,1.5098464683514163,1.2412638425295501,1.4676619063446972
710,27.79478601186719,8.201542,1.2179654508098552,1.6841264918499816,0.7214963709421862,3.63285387365634
711,27.576631738416868,8.444,1.4882380398837771,1.0537469053604327,1.47427717080095,3.446047978126753
712,27.51385557379119,7.914333,1.1309937472064007,1.310822567289712,1.5392720329830427,3.8609526288862956
713,31.02102007322308,9.044208,1.8081757795534983,1.8751084927731307,0.5571300262733294,0.7095279589674264
714,31.01123595505618,8.569916,1.7970888860923906,1.6115783604674563,1.4293305226567201,1.7085869649352936
715,27.707865168539325,8.210167,1.6044513095810229,1.771445957256485,0.5559995546107354,3.793197751096132
716,31.012498421916423,8.672291,1.7896571358248865,0.8471907640224554,1.3269857624504544,1.4128649061820697
717,27.90130665320035,8.651417,1.7193363593510365,1.7756889191342666,0.6942488664729223,3.17204989008615
718,27.71610276480242,8.057417,1.4627413501642805,1.5196290759836817,1.9938473496199642,2.5399718963318287
719,30.75432394899634,8.988916,1.8465672634751111,1.9479541292667812,1.8223762243598831,1.818065394552486
720,27.730021461936627,8.093084,0.8136405126134343,0.5038187834564074,1.3806391134597054,1.330139885680316
721,23.68665572528721,7.208917,0.6225216981423654,1.445811786749637,0.9025390027998135,2.8142077268925405
722,30.96294659765181,8.808708,0.7830928277488794,0.6168972127570385,0.8191457247316314,0.30576398927967097
723,30.830071960611033,8.497333,1.3234501922017632,1.6834596916223146,1.5566973138805458,1.2095624122698463
724,27.763255902032572,8.122125,1.052839248124827,1.3848809214028945,0.6040190305088851,1.6675281908951167
725,28.021177881580606,7.975833,0.5336690867053,0.928797784185703,1.4583051000303413,1.5872058132239881
726,27.51243529857341,7.955667,1.0548652653418173,0.7515659684879328,0.791953659556369,2.664417263424598
727,30.93990657745234,8.515792,1.5204814132942661,1.4007806623123276,1.1498593451381622,2.214596856055229
728,31.238164373185203,8.686042,1.4353251274467826,1.170031795532717,0.7082073576163382,0.39247534361491754
729,26.478190884989267,7.465709,1.2775126141835165,1.3016262382532109,1.9232269185581283,4.963290905238897
730,27.51300340866052,7.867917,1.272264719869057,0.7030673302105209,1.1578408557410755,2.619268902128648
731,30.840487312208055,8.466916,1.2671685798547236,1.224886045227647,1.552179744825675,1.9017267025805724
732,31.19303118293145,8.90875,1.9714179197644484,1.86263102883312,0.6149234184255783,1.0690658779180295
733,27.751609645246813,7.972792,1.1544088695222747,1.8333984619646924,0.8020985078081256,1.2865190289983575
734,27.660996086352732,8.003792,1.93960181089611,1.7626825969038902,1.522928191642041,3.6662820526715874
735,27.70701300340866,7.904583,1.878643702615812,1.7359252587732583,1.4185470975031957,4.846638764646833
736,27.46329377603838,7.886791,1.4605569165964973,1.7838057465201915,0.6789920764574748,4.723803845070702
737,27.565837646761775,7.904334,1.3179700239172074,1.313607393921246,1.0646192522427556,2.860177018262089
738,26.648055801035223,7.019291,1.0063457183839937,0.9401737799202925,1.8440975643788937,3.9926036983160076
739,27.50504986744098,7.888291,1.2596824873690373,1.5285069328889214,1.5655912786093586,3.3113846274476666
740,23.529099861128646,6.565542,0.8371444219869608,1.2366797389483606,1.6298563134676716,4.311839235407438
741,27.561292766064888,8.555417,1.031213789122619,0.5526136318878478,0.517570205718737,1.7709643747407289
742,30.849008963514706,9.812875,0.8118053235482123,0.636991977445075,1.7899247422205031,1.084224666747751
743,27.359613685140765,9.105125,1.4155852558790953,0.8066812566733821,1.9384191538843756,4.6145762577837015
744,27.774902158818332,9.213833,1.4069121151076094,1.6607132020974524,0.7281117850095347,2.214311687320254
745,27.855857846231537,9.526875,0.5721219430395565,1.9079703312179928,1.8711495754376797,0.4606959741074812
746,30.99513950258806,10.032125,1.2295150489197135,1.9499210508841742,1.0742930939007573,0.877188781399289
747,27.495960106047214,9.120042,0.6651259547425501,0.5343475125191106,1.1334123933053628,1.5136384607189162
748,27.679459664183817,9.147375,0.8523315421278534,1.713483096037065,1.326482447845632,1.2221629709126636
749,27.96947986365358,9.214167,1.9235055981767397,1.8624095184030474,1.5872770050334868,3.489024665288192
750,27.46670243656104,9.02525,0.9822662465715732,1.679810610231092,0.8079042687738442,3.267912095849735
751,31.153894710263856,10.465833,0.8576743754913903,1.2904457333723314,1.0233084527435925,0.09552951607153193
752,27.460737280646384,9.32975,1.024808531362026,1.1045829823844961,1.290541282108329,3.2015820026754893
753,31.00871102133569,9.848917,1.6005809190828542,1.9715788619338452,0.6769182304620741,1.7773248972817863
754,26.521935361696755,8.81325,1.2550161784054445,0.7868878550896425,0.9924516010058004,4.681505129784379
755,27.360749905314986,9.011458,1.150740509639001,1.0779385216235768,0.518107586382298,4.030543793657301
756,27.502209317005427,9.602667,1.2425382171455641,0.5637527622991471,1.8787617625809698,2.9745171940548514
757,27.60191263729327,8.945833,1.6187893381452396,1.0877165084833307,0.9174357235067352,4.9843689061458285
758,27.510446913268527,9.541625,1.726880317739698,0.7063510630745651,1.1530983461807396,4.512641792806963
759,31.31643731852039,10.584708,1.6713055839424447,1.7720558795903392,1.0859167657945934,0.07703763835197441
760,30.645120565585152,9.645875,1.6085146007342688,1.0243009463079957,0.5498973462892713,1.8799858429718297
761,31.02764802423936,10.109833,1.7481055116180562,1.8397936101732841,1.2594912083085,1.9671213675571635
762,27.5757795732862,9.135334,0.9217856030393003,1.3674099512828852,1.012571283777102,2.1538200511381076
763,30.630917813407397,9.969834,1.7126853401815503,1.0920995252037193,1.9617213356430678,2.6468965373933404
764,27.74138366367883,9.342041,0.7477448229232844,1.5562613631376192,0.6991530510048308,1.5614871148334015
765,31.030804191389976,9.819542,1.1777393896425625,0.6856757132441904,1.9853286560236834,1.1031765312515391
766,27.519820729705845,9.45625,1.4065171490811617,0.9401124471436446,1.8365949828654804,3.351852975237663
767,23.53566468880192,7.673625,0.576258366837676,1.8578523801704496,0.7000805832305894,3.620599752592187
768,26.47762277490216,8.506625,1.19128592967778,1.6087551999318563,0.6844056187740482,4.774228619552791
769,27.706728948365107,9.381667,1.4529334681752786,0.8755193221201136,0.7608273076382349,3.1206210846951388
770,27.792229516475196,9.295041,1.555013032716404,0.8485484296490959,0.9339343840193475,4.358422717279837
771,30.947796995328872,12.386583,1.1357836338268497,1.3736790370940484,0.8682220286885447,0.8158925203155692
772,27.70701300340866,11.000333,1.8636998397139093,0.8829994354940188,0.8715724676025627,4.807942963701749
773,26.64748769094811,11.667166,0.8081520252131835,0.5187737358736235,1.245920307165451,3.413914632420086
774,31.146635525817445,14.865,1.725257197713097,1.3559136137718193,0.9426434859431352,0.2623882448164483
775,27.37978159323318,13.231958,1.2318362515540737,1.7701394020646986,0.5331766914922481,2.985524304584981
776,31.009973488195936,14.17925,1.3685894745814982,0.5558359588456814,0.6278667615935916,2.12854925691855
777,27.498800656482768,13.19725,1.034278284187334,1.3835688804626014,0.8772874501217887,2.5087296262230603
778,31.01123595505618,14.3405,1.9864685989317095,1.6581966612552066,1.0521986963796415,2.241562018668615
779,31.085405883095568,14.325708,1.804869505152585,0.804420154768013,0.5709993822864399,3.2075654571848955
780,27.751609645246813,13.373542,1.1922067596129589,1.270182227762735,1.8113902024159845,2.8558388468239757
781,23.541219542986997,11.311083,0.777391385614131,1.9346680461396577,0.8869074469985125,3.436439352118427
782,31.024176240373688,14.838042,1.1678336710241957,1.5039426057530296,1.2927003084745252,0.9174677967719441
783,30.74106804696377,14.741834,1.3370394507935768,1.3664409315744812,1.7508976522518638,1.3294324544695075
784,30.774207802045197,14.890833,1.5383740662883783,1.2381432468077673,1.0927910967037375,1.9541495658404924
785,27.74763287463704,13.673041,1.354681890216435,1.8364556751263026,1.5231262011195803,3.6999849373916325
786,31.009342254765812,14.991042,1.357453476940623,0.7239627529877125,0.6789270691844023,0.07532114297958803
787,27.705592728190883,13.718041,1.176480637868409,0.5319322076354109,1.6123546527355728,3.5276318023781803
788,24.455750536548415,12.577334,0.5712098444344654,1.283058848648484,1.9551477653810485,2.202712557417797
789,30.968627698522916,15.142417,1.7339732416337137,0.7532696066943412,1.6308536235039528,1.3818768037699125
790,31.05163489458402,15.578,1.485628751228685,0.7888428944332805,0.899192858999153,1.01618094902812
791,27.459885115515718,13.926542,1.148555220212057,1.9981433922777756,0.6231661908072306,4.389601916235446
792,23.693725539704584,12.408,0.629164923232351,1.8169777004430865,1.6008443680398885,4.610552645546052
793,30.749274081555356,15.477208,1.9929524196950241,1.3425728264177157,0.5596519184709523,2.8585788345523033
794,30.83954046206287,15.106958,1.96812253317694,0.501413191728941,0.8640672401660776,1.7869506226963146
795,27.668665572528724,14.634041,1.2691248250339946,0.7619155415670351,0.575058183287418,3.395387371457945
796,27.649349829566972,14.762792,1.6278192170288002,0.8905754320078619,0.5685122543466636,3.3378206123023846
797,31.086983966670875,15.866083,1.7360470405251727,1.8202359147654144,1.2991400029561617,0.9925399129089785
798,27.747348819593487,14.17525,1.1514536931774746,1.770741893366468,1.0389288142249642,2.996555897317395
799,30.63438959727307,15.61575,1.3392343147135564,1.3724854117682423,1.0442686927415705,1.405436981895244
800,27.568394142153767,14.46675,1.2749763766260063,1.180667878959718,0.8074279082300089,2.8142302361264404
801,23.68665572528721,11.958916,0.8655029568545185,1.6693798684825811,1.4558125967002769,4.154746901434177
802,27.925451331902536,14.062458,0.786610112097674,1.4358041559873986,1.9066181056323734,0.9814336363724646
803,30.61071834364348,14.941375,1.884455975850631,1.7670297239917676,1.9777942578763688,2.973597517735973
804,31.11128645373059,16.039,1.532197987895757,1.7294111181955527,1.2463600833442872,0.1645451629914324
805,31.076252998358793,15.613208,0.674739431964035,0.526227320962229,0.9218956945982597,0.14199070632408217
806,27.628329756343895,13.599209,1.5925704489948662,0.6659231741407284,1.1963392290079637,4.929103587981796
807,27.74820098472415,13.728459,1.865977638351834,1.3246716388278572,1.9016704768249455,4.085615661406839
808,30.836384294912257,14.393125,0.9518965493924135,0.960771763367156,1.3551704907924473,1.5124131943933512
809,27.894205277111475,13.148125,1.6368539443921626,0.6329980055068717,1.2555863410035786,4.392717582339552
810,27.489994950132562,13.019791,1.5724109213327029,1.253649345954167,0.7093246540692495,4.449426527413206
811,26.490689306905693,11.435958,1.1093998678604478,1.239952915179219,0.8675053983425847,4.585656011154698
812,23.52304002019947,10.108166,0.5948001758485133,1.0678957566414404,0.511194619138692,3.9660545009890495
813,31.102449185708878,11.76975,1.3872549326912575,1.6567515196034752,0.7698791212764892,0.41001675501289525
814,23.535159702057822,8.932333,0.656395924873752,0.7541389885386118,0.6468752612074495,3.754929661106086
815,27.810693094306274,10.725959,0.5807750571795389,1.686831411873872,1.6919481315256355,1.7416369674699754
816,28.017201110970838,9.222709,0.872196784049992,1.8909278908917886,1.1656868064676216,1.7232418754017675
817,26.692936497916932,8.498625,1.3584721767800139,0.620590939839222,0.8530505320848545,4.895911958605927
818,27.728317131675293,9.191041,1.6480587078556947,1.3540359819340257,0.6422819493307343,3.8136599657093044
819,30.849008963514706,9.788084,1.6667971290735024,1.4261724143213064,0.6804434786877291,2.213281272712238
820,27.519252619618733,9.142625,1.9945432046985938,1.5357041863444345,1.8739115295822337,4.415877652500545
821,31.32180280267643,10.088792,1.7115733001129314,1.4975976642341309,1.492790710644506,0.927331701741414
822,27.79762656230274,9.04275,1.0153202656219007,1.82808322954125,1.5783751041127854,3.9839250874959835
823,27.64026006817321,9.015833,1.5570038410537343,0.7494952159377657,1.659846814850862,4.65910585454203
824,27.662700416614065,9.112166,0.7121111525192916,0.6119818308983793,1.0248415576522931,2.4459605628343044
825,27.626625426082562,8.970334,1.1728152771956657,0.9143091373507521,1.343610521032633,4.31450030972547
826,23.693725539704584,7.873834,0.7514859482535547,1.7600841409475816,1.6158238919057224,3.8188769622758056
827,23.693220552960486,7.543875,0.6837949343493851,1.4838691055261606,1.4475993678154717,3.6748307723916973
828,27.746780709506375,9.920166,0.6458820127528928,1.2416698428090711,0.6172147508078227,0.9901695441917852
829,31.074359298068423,10.532416,0.7579318899882328,1.7542573119388316,1.3435715599009943,0.016181254572696924
830,27.752461810377476,9.724875,0.9232732784816344,1.1713753918469274,1.5490536952653473,2.152183155416825
831,27.504765812397423,9.948375,1.6390709616511812,0.7023078900359541,1.9330349218593046,4.262491775313202
832,27.552203004671128,9.339334,0.8935963453032065,0.9780153897783874,0.5492667200237875,3.3337310638367694
833,27.88227496528216,9.895708,1.4846837958337167,1.552315968398708,0.851114073258726,3.059587457016515
834,31.02764802423936,10.6085,1.8130463527371055,1.6582611175083397,1.7941148894157075,0.724575047542102
835,30.847430879939402,10.308125,1.8766837215693424,1.742605557562135,0.7942923264739034,1.0304310022261727
836,23.535159702057822,8.033041,0.5764062296260994,0.539310149909541,1.5187314939628438,2.9242904468194757
837,31.025754323949,9.845583,1.9406636489170521,0.7171254125772082,1.6089700237434448,2.9167550929626795
838,31.084143416235325,10.834958,1.1216937578576247,1.0503378985610552,0.7776926204754722,0.14075383679343967
839,31.237848756470143,10.601667,0.9277720570084239,0.5612082297215741,1.7594962584547655,0.6137908040506773
840,27.98567100113622,9.655208,1.858604775954075,1.6203594678278201,1.5719791821466205,3.6305380084449643
841,31.033329125110466,10.34775,1.7210584246820786,1.2629437872460034,1.3002566967206146,1.4742662370369664
842,27.74479232420149,9.912959,1.909405501487124,1.9820261028063677,1.2303138415111539,4.161169831732841
843,27.74706476454993,9.769,1.8843110343793288,0.9036275196437618,1.7502826476459217,4.317608333268186
844,30.762529983587932,10.203416,1.5248602058657128,0.5516560210498784,1.0144855741611354,1.7575924055308585
845,27.699343517232673,9.112375,1.4463080209504993,0.7918199585216783,0.8273962705753365,4.48371500765044
846,27.91266885494256,9.228292,1.7499840399721585,1.6955934288859908,1.9793381354218251,2.3139867051943934
847,27.39710895089004,9.091708,1.2322439388238804,1.157785455191941,0.6631269162272068,4.122378630157889
848,27.50249337204898,9.0515,0.5273306232142976,0.5903908227674763,0.5591642007939177,1.3130994097386373
849,26.47762277490216,8.093375,1.0990840405563749,1.4575113797868164,1.8807052938478848,4.34583948432391
850,27.794217901780076,9.046875,0.8332909519818829,1.4249886769720663,1.3075002005876286,2.3378000431323804
851,26.486428481252364,8.432125,0.8710107558626439,1.8275490897538524,1.8550533279282746,3.8350996378052655
852,27.650486049741193,9.021083,1.4637549947827084,1.337101598437765,0.7535081980800415,4.352951936558048
853,23.535159702057822,7.562458,0.6475504737383576,1.1709947629091035,1.8204586198250443,3.5838792646148745
854,30.842696629213485,9.767375,1.437681046152326,0.8229751961495926,1.7937350937790755,1.719572503230491
855,27.472099482388586,9.168458,0.801922019480562,0.5540504437004884,1.0414608718931577,2.385876871373165
856,27.975445019568237,9.046834,0.9523123717389763,0.7516972145860105,1.5601236555881013,1.8413058325197285
857,27.830861002398688,9.025792,1.944612024054745,1.0510505837937565,0.5750016425384332,3.8731700485665232
858,27.6871291503598,9.174042,0.6050333220444413,1.0510082272772168,1.8809359503248437,0.8259741808987586
859,31.238795606615327,10.126125,1.6602377993170838,1.142987516384541,1.1169122994514664,0.790554274704583
860,30.774207802045197,9.670208,1.0579548388162374,0.9115995214320352,0.8643497645752758,1.1500221063231442
861,23.529099861128646,7.743542,0.6538219921957072,0.5855820094701257,1.0309218000166762,4.656068551688227
862,27.881138745107943,9.08525,1.393324540905462,1.4664499404663314,0.5096379958882463,2.906866213469905
863,27.51612801413963,9.011459,1.3348751076163887,1.5282760973539902,1.579266491567462,3.2551512049631492
864,23.68716071203131,7.509125,0.919724701148118,1.3411723961628295,1.9592706200880017,4.492127830707504
865,31.22901148844843,10.041792,1.0601193647344598,1.8506135767647822,1.031838246551316,0.5193774849046501
866,30.97241509910365,9.799167,0.8472101077788015,1.0540130577725324,1.909904181813463,0.4928530927288155
867,24.51230905188739,8.334375,0.8657228483124983,1.3253249348768334,1.6169003233029984,3.090904336435745
868,27.693378361318015,9.31125,0.6264358559151249,1.3365578020350404,1.151427462274004,0.5768812395997719
869,31.00871102133569,9.5215,1.803916674389947,1.389638450508387,1.5492174745034961,1.614805432257973
870,23.535159702057822,7.536875,0.7456933985825809,0.922759042289757,1.918402505706795,3.956002358429424
871,23.389723519757606,7.46225,0.5961568212407955,1.5563963801496823,0.6811272201657484,3.33998199279237
872,27.505333922484535,9.019,0.635371458070245,1.458595501069051,1.7200513762854241,2.3881673600617437
873,27.512719353616966,8.939083,0.5614563956906542,0.5468618146398803,1.7673633881583692,1.83008635459748
874,27.744508269157937,9.173167,1.81251280718166,0.9936179807742507,0.864017106420497,2.271973257955651
875,27.573223077894205,9.169666,1.0216494903586146,1.8691811196340633,0.7960429179060144,1.6413123673272083
876,30.61103396035854,10.174833,1.5089602793187074,1.4263088604484497,1.0502286296683905,1.8009204002837103
877,31.037116525691204,10.466958,1.7746199263986437,1.1984681654331286,1.1269694503526662,0.8374395778610805
878,27.69025375583891,9.597333,1.210659530573905,1.2954767311207873,1.5266998205874946,3.307071328929813
879,27.65787148087363,11.162625,0.9257409949394262,1.4538411900536008,1.2410461375558686,1.6706849632091076
880,27.69905946218912,10.672208,0.7021388191382671,0.6477416378722141,0.7734387152438283,2.1962315376034964
881,23.68665572528721,9.531792,0.5552966488787552,1.1996977725246678,1.7624817844941507,4.530836098452334
882,23.529604847872744,9.219042,0.6256147585658827,0.8369410266826924,1.4119984067632587,3.050034055946576
883,27.702752177755336,10.917042,1.6527063932187962,0.6335097047746635,1.3850367840929472,3.2290637296111155
884,30.994823885872997,11.895542,1.9623305125060575,0.919503008050859,1.443684479752357,3.365553652184188
885,23.53566468880192,9.039667,0.5501937990241133,0.6670818543301282,1.3448137395264927,2.978720014960954
886,27.748769094811262,10.978625,1.455992971020411,1.6150317877461025,1.5556405410837564,3.1225174367514437
887,30.842696629213485,11.990333,1.248506867403009,1.4674746949864672,0.6980122266367935,1.4207477187773936
888,30.71076884231789,11.212,1.6238530692200726,1.1258695138280936,1.5881982166506226,3.237260214651556
889,31.258363842949123,12.434292,1.7959755502987673,1.7976700391715341,1.9753582958207399,0.8283026900862966
890,26.472793839161724,12.486375,1.2709777759010468,0.8278152057977854,1.5232307025815195,4.93390616802507
891,30.768211084459033,14.117292,1.4141693733820224,0.9177332933097966,1.7100832996493485,1.3387908222997318
892,30.741699280393888,13.881833,1.4892710285841928,0.8878858466502191,0.6206377503591063,1.4812417837657192
893,27.701900012624666,12.982042,1.0128995942254602,1.9472520028415268,1.9566256409420208,3.2294794426950837
894,27.46925893195304,13.015708,1.2604148767412933,0.697958929455093,0.7455335029667001,3.7098054686080872
895,31.002398687034468,13.866,0.8674999843480764,0.5306176169899652,1.8831592987980956,1.287061095294748
896,23.541219542986997,10.981125,0.7349925961610425,1.2630022386060002,1.6093162405402508,4.289857827103026
897,27.42665067541977,13.184334,0.9751905144295715,0.5857698531437023,1.8174299118385695,3.077936909844742
898,30.774207802045197,11.968,0.9430199966629573,1.3709817114412077,1.0248330468297757,1.132421531505901
899,27.46329377603838,10.795875,0.9172500370898672,1.9961974515006722,1.0472239779815085,3.177232843825063
900,31.05195051129908,11.693292,1.8645493645487674,1.5974693761831857,0.6400115438999792,1.453234260681392
901,27.711273829061987,10.776542,1.8888428123973804,0.9614889102188944,0.5243255091610612,4.468759874510682
902,27.881706855195052,10.923334,1.960573962018545,1.8191117269401909,1.5019580446230718,3.9053143942088027
903,23.541219542986997,9.0995,0.6535334856450343,1.6101096606150345,1.2954446949717524,2.9809947353253134
904,27.724624416109076,10.468166,1.0953883742128858,1.8474401952949489,1.97111933165262,2.5225701191993366
905,26.49892690316879,8.370792,1.1063233579322267,0.8982478629438133,0.7057080594074439,4.245558308738396
906,31.287400580734754,9.921166,1.72173461292821,1.4960135053159314,1.0562597751078708,1.1542936509651152
907,27.396824895846486,9.212125,1.7236717497406202,1.8291386061891626,1.1742822923882357,4.654351179356655
908,31.265938644110594,9.853416,1.9870055897968848,1.3914600526614609,1.1470992986690822,1.1176069591826447
909,23.541219542986997,7.739333,0.788876892924245,1.8969935732037457,1.6835300191623896,3.6312058188323393
910,30.748642848125236,9.887083,0.8698545260662183,1.6015422899156184,1.0992021966719734,0.8144593603474831
911,31.025754323949,9.728833,1.7793585951307243,1.8033899816444987,1.0389773239335698,2.0614301383637823
912,31.00902663805075,10.277209,1.973730326977594,0.819620493179184,1.4159321907247329,0.5013788112661194
913,31.028279257669485,9.731916,1.1142967740390115,1.2014378931759027,1.3627594955863156,1.5267057102632031
914,31.305075116778184,10.126875,1.4001917828095496,1.9097405437205752,1.5631813452518089,0.8204333383458218
915,27.541408913016035,9.26175,1.888599964491645,1.6166946038283272,1.6488322832051365,3.2874169849615305
916,27.500504986744097,8.986208,1.837921669159602,1.1261058004497106,0.9357455229662696,4.79029303627115
917,27.881706855195052,9.267792,1.5168035444830301,1.0642453648304016,1.3563698203731454,3.0228952751480174
918,27.511867188486303,8.992042,0.7290400743493273,1.753182579081848,1.2193831371331743,1.8339941399668935
919,30.607877793207926,9.755,1.901228332244675,1.4459785560477483,1.2130399001779761,1.8182083622911216
920,27.92261078146699,9.159167,1.8353549196507333,1.127650624207258,1.461300684875842,3.25241360531681
921,31.038063375836384,10.006083,1.16678343169104,1.8839368986761331,1.999008692454193,0.6286289475522089
922,27.742803938896603,9.076959,1.2238839687259875,1.8541420601995824,1.0545357611487036,3.233918425059649
923,27.740531498548165,9.300875,1.0730293588586335,0.8924667151152506,0.540286116637914,2.4999030980767745
924,30.635652064133318,9.6795,1.4425844235982006,1.825268739752661,1.7049275627042257,1.7546885868892437
925,31.027016790809242,9.584958,1.1929337900967194,0.5256763257165264,0.8989770747333115,1.0396759228623964
926,31.030804191389976,9.931417,1.8668557531097743,0.5902988569180414,1.406450724387692,1.7847933515641057
927,30.75748011614695,9.871583,1.1695117586350203,1.5008974030568414,0.6359844418685374,1.6265695791598018
928,23.541219542986997,7.755625,0.617750822385071,0.7801583274962509,1.9398754567894936,2.6630029015717964
929,31.073728064638303,10.158166,1.3545114618605576,1.1082925681719418,1.9556644896243165,0.7133303404618352
930,27.559872490847116,9.086792,1.1124173856903963,1.2212226676923048,1.2352832255620478,4.106528253639992
931,27.516412069183183,9.265625,1.2057995570745335,1.528795050809942,1.1870102892634031,3.101166322057405
932,30.885936119176872,9.957834,1.396006767169645,1.3405187087794048,0.5466985169751282,0.7697188556632018
933,30.445019568236336,9.54725,1.2527250785412054,0.5962569672731239,0.5297998458576993,2.745817737810844
934,27.531466986491605,9.108708,1.1446143249104752,1.8560266706064694,1.7515180634527567,2.0714501666976304
935,31.086983966670875,9.921583,1.3741463428366216,0.8579676676310097,1.7133208539864364,0.7423075288778974
936,27.598788031814163,9.0005,0.5483137864353163,0.7276531263399255,0.5245440586685506,2.0033639805972743
937,27.96891175356647,9.550708,0.5668072567374314,1.4876761063193873,1.9521452567654114,0.9605838673174216
938,27.756154525943693,9.162709,0.7058410772070955,1.9462919445137052,1.0745838627845703,2.077489494502136
939,26.502619618735007,8.569959,1.213809770574868,1.1027217450537954,1.9064860422262802,4.746022681708325
940,27.737690948112615,9.571208,0.5521538516870033,0.636442869067948,0.7964498851782489,1.105232665118715
941,27.72206792071708,9.166709,1.9489038470447246,1.270825987770661,0.5977686958502871,3.4432012274168584
942,31.030488574674916,10.649041,1.4183649806279217,0.6526677943189415,1.430497108697231,0.8342495957540463
943,27.34825148339856,9.225083,0.7310293005189745,1.270999949731484,1.3095766832167828,2.5773131431194147
944,30.753377098851153,10.087083,1.8363081391951606,0.7353657798701999,1.528980163438616,1.520198042985138
945,27.88824012119682,9.459916,1.3550824558468568,1.4014641815063418,1.4024170842469996,3.611124372468443
946,27.660996086352732,9.254209,1.3552481191717698,1.757652479895218,1.805713770325168,2.5250623113742647
947,30.758111349577074,10.04975,0.8155940254147949,1.1468080953290152,1.593851289351256,0.7649956925141621
948,31.05731599545512,9.443792,1.6367451119977185,0.5847274952385282,1.9157066182574565,0.1962152840799397
949,30.985355384421158,8.799209,1.083936897473565,0.5116996514874489,1.994051467524128,0.565517775072934
950,27.749621259941925,8.01475,1.1010459159063377,1.8410633015808477,1.5444312055565859,1.7137327796726072
951,27.926871607120315,8.103208,0.6555902098786377,1.5030688456093553,1.479753981434167,0.45625532681319303
952,30.745171064259562,8.799541,1.7543784625648253,1.4629032213383542,1.7190166114525345,3.24407803020067
953,23.535159702057822,6.783792,0.7161248263881791,1.9485026437918638,0.6828084966358565,3.5675843330441124
954,30.97841181668981,8.709791,1.9988683807036207,1.4534367479662327,1.796890782979629,0.6588677203118204
955,27.771777553339227,7.980542,1.1014856346662765,1.8901964267887883,1.8498329209295907,2.567228144434246
956,23.547279383916173,6.491625,0.5002483552532981,1.6919814028603433,0.5793593396135437,3.3250652097937277
957,31.07562176492867,8.620167,1.3172874338661364,1.9841920515626845,0.6934697726109872,0.8572857219639091
958,31.025123090518875,8.275042,1.6918309454546363,1.7739199211284609,1.4947150851955189,2.7451895664358483
959,27.396540840802928,7.71725,1.7321603881480687,0.7505243484436757,0.5244795241382608,4.556923693861453
960,23.68665572528721,6.598375,0.9096995594079322,1.4419433758802762,1.144164740531096,4.429874394058977
961,26.47023734376973,6.929042,1.0031978784197546,0.9903870707946545,0.6373543283409665,4.564743973913411
962,31.281403863148594,8.889333,1.8429476997377896,0.8866182894774348,1.7067635510186594,0.1399908547337797
963,27.64963388461053,8.013334,1.0892004682599092,1.761490154323993,1.4467518007850857,2.0987777835672943
964,27.73541850776417,8.141375,0.9915751923634998,1.765924144009288,1.9381023945599098,1.9620415782397012
965,31.319277868955943,8.9335,1.847653959444214,1.7272373471059408,1.9900272170866176,0.9270231624772673
966,26.47762277490216,7.24325,0.8817388340613436,0.9309274830594514,1.8573692572127918,3.5217033496369767
967,27.70218406766822,8.203583,1.056080695721663,0.8951497679424962,0.5145260353321562,2.0672721179636206
968,31.030488574674916,8.3415,1.038525112881603,0.8954716278734086,0.6738310712569285,1.2932698841108419
969,31.020073223077894,8.312459,1.0435570404482943,0.9575204499839878,1.1671753780172742,1.179299713378859
970,31.100871102133567,8.544292,1.1724359275189091,1.0217520266005333,0.6901971660271137,0.4430716823826797
971,23.529604847872744,6.553125,0.6356154309988062,1.1032636949721335,1.8842619677934689,3.3349069398955566
972,30.990720868577203,8.536167,1.1027376576384453,1.143965560272814,1.3959391543939688,0.5328503213071184
973,27.739679333417495,7.741458,0.5081831525633156,1.3833385659385757,1.763789576140478,1.6601469352625409
974,31.31107183436435,8.714584,1.9325176007381932,1.661691127394198,1.2596771029606861,0.27954931662396154
975,24.294659765181166,7.124458,0.9992662054624433,1.9175768987489814,0.672377825142574,3.9309313270146795
976,31.027963640954425,8.573,1.9753824878161212,1.552702028973431,0.7001718387059026,1.175608638020213
977,27.551918949627574,7.823083,1.3595175488319575,1.607858530018015,1.896293926542573,3.582771339290564
978,26.486712536295926,7.308625,1.2056705790919422,0.5186577124050212,0.8475455888309911,4.579906581447709
979,31.05005681100871,8.775,1.708873048630995,1.3820772030261521,0.5521892360914981,0.026584581342330993
980,27.765528342381014,7.896208,1.0569913949561438,1.2855350498816511,1.9355072584589326,1.616589700332292
981,26.545795985355387,7.236959,0.9952915508035554,1.4109275621737785,1.4996029402882527,3.858352192512828
982,27.582596894331527,7.875292,1.3475254826048677,0.7455975323488755,0.6163311457244738,3.382837157373949
983,23.534654715313724,6.516709,0.7610706602260808,1.8045178703417195,1.722968036367929,4.993818278305357
984,27.400517611412702,7.7005,1.3034004522151423,1.1421128294157916,0.9286059821731991,3.349932053609244
985,27.71809115010731,7.727,1.3768684634275539,0.5181187551697248,1.0388978289059714,3.93376745830212
986,27.805011993435173,7.68625,0.8150373810474454,1.6734382715428686,0.8679350507691139,2.417412491999591
987,30.99419265244287,8.764291,0.9074806804628599,0.9798203004312569,0.8722126144746467,0.30137600129806486
988,31.38019189496276,9.065417,0.9344716137841145,1.2822318049644803,1.3734319811877982,0.16973471534790285
989,27.681732104532255,7.972167,1.1949194115222121,0.6597981911999057,1.951735293078662,3.62204183702438
990,30.76095190001262,8.688708,1.28540510738937,1.0488407426920472,1.3718579204482098,1.098286746734225
991,27.552203004671128,8.052875,1.6728152867602,1.4210949368758654,0.6352517645209339,4.151255092049352
992,31.05794722888524,8.4675,1.9291388277964727,1.4358896084364756,1.085403722692257,3.3411297239058446
993,31.004608004039895,8.873333,1.404411355958889,1.2167634974970294,1.3258971332522802,0.2125920907276163
994,23.534654715313724,6.595958,0.5166540891381244,1.9321658700289859,1.3794354269754532,3.2274711608889928
995,27.683152379750034,8.148708,1.3316877679104713,1.9875768270061531,1.097958103797646,1.971772447776089
996,31.020073223077894,8.353417,1.42194059719046,1.4944020799641557,1.7321368174866947,1.4550315864300294
997,31.266885494255774,9.015709,0.8498501443460416,1.5335857228528613,1.6286134913187666,0.3859455904985021
998,30.962315364221688,8.506792,0.7470023966127927,1.0373320879110206,1.9268390992270557,0.6579728873901275
999,27.515275849008965,8.088958,1.9329197186372782,1.4857200682899914,1.2182402769952678,4.9675030314584125
